<game_object tsid="GA5146P2JC42B1Q" ts="1337668839013" label="Empty Via 4" class_tsid="" lastUpdateTime="1337668828869" upd_gs="gs8" load_time="2012-05-21 23:14:24.112" upd_time="2012-05-21 23:36:19.255">
	<object id="dynamic">
		<int id="l">-3000</int>
		<int id="r">3000</int>
		<int id="t">-1000</int>
		<int id="b">0</int>
		<str id="label">Empty Via 4</str>
		<str id="swf_file">groddle1.swf</str>
		<object id="layers">
			<object id="middleground">
				<object id="decos">
					<object id="lens_grass_2_1307741552444">
						<int id="w">2108</int>
						<int id="z">8</int>
						<int id="x">-2527</int>
						<int id="y">19</int>
						<int id="h">161</int>
						<str id="name">lens_grass_2_1307741552444</str>
						<str id="sprite_class">lens_grass_2</str>
					</object>
					<object id="lens_grass_2_1307741552454">
						<int id="w">2108</int>
						<int id="z">2</int>
						<int id="x">1694</int>
						<int id="y">23</int>
						<int id="h">161</int>
						<str id="name">lens_grass_2_1307741552444</str>
						<str id="sprite_class">lens_grass_2</str>
					</object>
					<object id="lens_grass_2_1307741552452">
						<int id="w">2108</int>
						<int id="z">3</int>
						<int id="x">2875</int>
						<int id="y">18</int>
						<int id="h">151</int>
						<str id="name">lens_grass_2_1307741552444</str>
						<str id="sprite_class">lens_grass_2</str>
					</object>
					<object id="lens_grass_2_1307741552449">
						<int id="w">2108</int>
						<int id="z">12</int>
						<int id="x">1543</int>
						<int id="y">90</int>
						<int id="h">161</int>
						<str id="name">lens_grass_2_1307741552444</str>
						<str id="sprite_class">lens_grass_2</str>
					</object>
					<object id="lens_grass_1_1307987031029">
						<int id="w">278</int>
						<int id="z">20</int>
						<int id="x">789</int>
						<int id="y">-14</int>
						<int id="h">54</int>
						<str id="name">lens_grass_1_1307987031014</str>
						<str id="sprite_class">lens_grass_1</str>
					</object>
					<object id="lens_grass_2_1307741552447">
						<int id="w">2108</int>
						<int id="z">7</int>
						<int id="x">-73</int>
						<int id="y">25</int>
						<int id="h">161</int>
						<str id="name">lens_grass_2_1307741552444</str>
						<str id="sprite_class">lens_grass_2</str>
					</object>
					<object id="gravel_2_1307987031078">
						<int id="w">14</int>
						<int id="z">26</int>
						<int id="x">-2424</int>
						<int id="y">-99</int>
						<int id="h">8</int>
						<str id="name">gravel_2_1307741552484</str>
						<str id="sprite_class">gravel_2</str>
					</object>
					<object id="lens_grass_1_1307987031015">
						<int id="w">560</int>
						<int id="z">5</int>
						<int id="x">2871</int>
						<int id="y">-38</int>
						<int id="h">111</int>
						<str id="name">lens_grass_1_1307987031014</str>
						<str id="sprite_class">lens_grass_1</str>
					</object>
					<object id="lens_grass_1_1308896971923">
						<int id="w">465</int>
						<int id="z">30</int>
						<int id="x">2728</int>
						<int id="y">-11</int>
						<int id="h">78</int>
						<str id="name">lens_grass_1_1307987031014</str>
						<str id="sprite_class">lens_grass_1</str>
					</object>
					<object id="lens_grass_1_1307987031060">
						<int id="w">285</int>
						<int id="z">22</int>
						<int id="r">1</int>
						<int id="x">460</int>
						<int id="y">-89</int>
						<int id="h">55</int>
						<str id="name">lens_grass_1_1307987031014</str>
						<str id="sprite_class">lens_grass_1</str>
					</object>
					<object id="gravel_2_1307741552484">
						<int id="w">39</int>
						<int id="z">17</int>
						<int id="x">-1635</int>
						<int id="y">-92</int>
						<int id="h">22</int>
						<str id="name">gravel_2_1307741552484</str>
						<str id="sprite_class">gravel_2</str>
					</object>
					<object id="lens_grass_2_1307741552450">
						<int id="w">2108</int>
						<int id="z">6</int>
						<int id="r">2</int>
						<int id="x">1593</int>
						<int id="y">52</int>
						<int id="h">161</int>
						<str id="name">lens_grass_2_1307741552444</str>
						<str id="sprite_class">lens_grass_2</str>
					</object>
					<object id="lens_grass_1_1307987031030">
						<int id="w">285</int>
						<int id="z">21</int>
						<int id="r">1</int>
						<int id="x">685</int>
						<int id="y">5</int>
						<int id="h">60</int>
						<str id="name">lens_grass_1_1307987031014</str>
						<str id="sprite_class">lens_grass_1</str>
					</object>
					<object id="gravel_2_1307987031077">
						<int id="w">24</int>
						<int id="z">25</int>
						<int id="x">-2533</int>
						<bool id="h_flip">true</bool>
						<int id="y">-99</int>
						<int id="h">13</int>
						<str id="name">gravel_2_1307741552484</str>
						<str id="sprite_class">gravel_2</str>
					</object>
					<object id="lens_grass_1_1308896971927">
						<int id="w">338</int>
						<int id="z">31</int>
						<int id="r">1</int>
						<int id="x">2069</int>
						<int id="y">-11</int>
						<int id="h">71</int>
						<str id="name">lens_grass_1_1307987031014</str>
						<str id="sprite_class">lens_grass_1</str>
					</object>
					<object id="lens_grass_1_1308037220499">
						<int id="w">365</int>
						<int id="z">27</int>
						<int id="x">-2292</int>
						<int id="y">-31</int>
						<int id="h">100</int>
						<str id="name">lens_grass_1_1307987031014</str>
						<str id="sprite_class">lens_grass_1</str>
					</object>
					<object id="lens_grass_1_1307741552448">
						<int id="w">2026</int>
						<int id="z">11</int>
						<int id="x">556</int>
						<int id="y">77</int>
						<int id="h">202</int>
						<str id="name">lens_grass_1_1307741552445</str>
						<str id="sprite_class">lens_grass_1</str>
					</object>
					<object id="lens_grass_1_1308896971930">
						<int id="w">365</int>
						<int id="z">35</int>
						<int id="x">-387</int>
						<int id="y">-13</int>
						<int id="h">90</int>
						<str id="name">lens_grass_1_1307987031014</str>
						<str id="sprite_class">lens_grass_1</str>
					</object>
					<object id="lens_grass_1_1307987031028">
						<int id="w">285</int>
						<int id="z">19</int>
						<int id="x">885</int>
						<int id="y">-24</int>
						<int id="h">60</int>
						<str id="name">lens_grass_1_1307987031014</str>
						<str id="sprite_class">lens_grass_1</str>
					</object>
					<object id="lens_grass_2_1307741552456">
						<int id="w">2108</int>
						<int id="z">0</int>
						<int id="x">-1995</int>
						<int id="y">17</int>
						<int id="h">161</int>
						<str id="name">lens_grass_2_1307741552444</str>
						<str id="sprite_class">lens_grass_2</str>
					</object>
					<object id="lens_grass_1_1308896971926">
						<int id="w">285</int>
						<int id="z">32</int>
						<int id="x">1824</int>
						<int id="y">-15</int>
						<int id="h">60</int>
						<str id="name">lens_grass_1_1307987031014</str>
						<str id="sprite_class">lens_grass_1</str>
					</object>
					<object id="lens_grass_1_1307741552445">
						<int id="w">2026</int>
						<int id="z">9</int>
						<int id="x">-1389</int>
						<int id="y">68</int>
						<int id="h">202</int>
						<str id="name">lens_grass_1_1307741552445</str>
						<str id="sprite_class">lens_grass_1</str>
					</object>
					<object id="lens_grass_1_1308896971925">
						<int id="w">593</int>
						<int id="z">33</int>
						<int id="x">1576</int>
						<int id="y">27</int>
						<int id="h">79</int>
						<str id="name">lens_grass_1_1307987031014</str>
						<str id="sprite_class">lens_grass_1</str>
					</object>
					<object id="lens_grass_1_1308037220498">
						<int id="w">365</int>
						<int id="z">28</int>
						<int id="x">-2327</int>
						<int id="y">8</int>
						<int id="h">100</int>
						<str id="name">lens_grass_1_1307987031014</str>
						<str id="sprite_class">lens_grass_1</str>
					</object>
					<object id="lens_grass_1_1308896971929">
						<int id="w">365</int>
						<int id="z">36</int>
						<int id="x">-832</int>
						<int id="y">-12</int>
						<int id="h">75</int>
						<str id="name">lens_grass_1_1307987031014</str>
						<str id="sprite_class">lens_grass_1</str>
					</object>
					<object id="lens_grass_2_1307741552451">
						<int id="w">2108</int>
						<int id="z">4</int>
						<int id="x">2285</int>
						<int id="y">33</int>
						<int id="h">161</int>
						<str id="name">lens_grass_2_1307741552444</str>
						<str id="sprite_class">lens_grass_2</str>
					</object>
					<object id="lens_grass_2_1307741552453">
						<int id="w">2108</int>
						<int id="z">1</int>
						<int id="x">1004</int>
						<int id="y">21</int>
						<int id="h">161</int>
						<str id="name">lens_grass_2_1307741552444</str>
						<str id="sprite_class">lens_grass_2</str>
					</object>
					<object id="lens_grass_2_1307741552455">
						<int id="w">2108</int>
						<int id="z">14</int>
						<int id="x">-158</int>
						<int id="y">93</int>
						<int id="h">161</int>
						<str id="name">lens_grass_2_1307741552444</str>
						<str id="sprite_class">lens_grass_2</str>
					</object>
					<object id="stalagmite_base_2_1307987031072">
						<int id="w">65</int>
						<int id="z">24</int>
						<int id="x">-2455</int>
						<int id="y">-97</int>
						<int id="h">18</int>
						<str id="name">stalagmite_base_2_1307741552480</str>
						<str id="sprite_class">stalagmite_base_2</str>
					</object>
					<object id="lens_grass_1_1308896971928">
						<int id="w">365</int>
						<int id="z">37</int>
						<int id="x">-614</int>
						<int id="y">23</int>
						<int id="h">90</int>
						<str id="name">lens_grass_1_1307987031014</str>
						<str id="sprite_class">lens_grass_1</str>
					</object>
					<object id="lens_grass_1_1308896971924">
						<int id="w">285</int>
						<int id="z">34</int>
						<int id="x">2105</int>
						<int id="y">6</int>
						<int id="h">60</int>
						<str id="name">lens_grass_1_1307987031014</str>
						<str id="sprite_class">lens_grass_1</str>
					</object>
					<object id="pampas_1_1307749098734">
						<int id="w">55</int>
						<int id="z">13</int>
						<int id="x">-1656</int>
						<bool id="h_flip">true</bool>
						<int id="y">-99</int>
						<int id="h">80</int>
						<str id="name">pampas_1_1307749098498</str>
						<str id="sprite_class">pampas_1</str>
					</object>
					<object id="lens_grass_2_1307741552446">
						<int id="w">2108</int>
						<int id="z">10</int>
						<int id="x">-359</int>
						<int id="y">92</int>
						<int id="h">161</int>
						<str id="name">lens_grass_2_1307741552444</str>
						<str id="sprite_class">lens_grass_2</str>
					</object>
					<object id="stalagmite_base_2_1307741552480">
						<int id="w">238</int>
						<int id="z">16</int>
						<int id="x">-1283</int>
						<int id="y">14</int>
						<int id="h">66</int>
						<str id="name">stalagmite_base_2_1307741552480</str>
						<str id="sprite_class">stalagmite_base_2</str>
					</object>
					<object id="stalagmite_base_1_1308037220539">
						<int id="w">143</int>
						<int id="z">29</int>
						<int id="x">157</int>
						<int id="y">-86</int>
						<int id="h">38</int>
						<str id="name">stalagmite_base_1_1307741552479</str>
						<str id="sprite_class">stalagmite_base_1</str>
					</object>
					<object id="lens_grass_1_1307987031023">
						<int id="w">285</int>
						<int id="z">18</int>
						<int id="x">1040</int>
						<int id="y">-40</int>
						<int id="h">60</int>
						<str id="name">lens_grass_1_1307987031014</str>
						<str id="sprite_class">lens_grass_1</str>
					</object>
					<object id="stalagmite_base_3_1307749098436">
						<int id="w">127</int>
						<int id="z">15</int>
						<int id="x">-1768</int>
						<int id="y">-85</int>
						<int id="h">36</int>
						<str id="name">stalagmite_base_3_1307741552481</str>
						<str id="sprite_class">stalagmite_base_3</str>
					</object>
					<object id="lens_grass_1_1307987031061">
						<int id="w">285</int>
						<int id="z">23</int>
						<int id="r">3</int>
						<int id="x">361</int>
						<int id="y">-81</int>
						<int id="h">55</int>
						<str id="name">lens_grass_1_1307987031014</str>
						<str id="sprite_class">lens_grass_1</str>
					</object>
				</object>
				<object id="doors">
				</object>
				<object id="signposts">
					<object id="signpost_1">
						<int id="y">-90</int>
						<int id="h">200</int>
						<int id="w">100</int>
						<int id="x">-2799</int>
						<object id="connects">
							<object id="0">
								<str id="hub_id">86</str>
								<int id="y">-100</int>
								<str id="swf_file_versioned">http://c2.glitch.bz/locations/groddle1/1316726082.swf</str>
								<int id="x">2600</int>
								<str id="mote_id">9</str>
								<objref id="target" tsid="LA515KVOUC42I7T" label="Dust Path 1D"/>
							</object>
							<object id="1">
								<str id="hub_id">86</str>
								<int id="y">-122</int>
								<str id="swf_file_versioned">http://c2.glitch.bz/locations/groddle1/1316726082.swf</str>
								<int id="x">2535</int>
								<str id="mote_id">9</str>
								<objref id="target" tsid="LA52G8H9PJ420LQ" label="Empty Via 3"/>
							</object>
							<object id="2">
								<str id="hub_id">86</str>
								<int id="y">-125</int>
								<str id="swf_file_versioned">http://c2.glitch.bz/locations/groddle1/1316726082.swf</str>
								<int id="x">-2700</int>
								<str id="mote_id">9</str>
								<objref id="target" tsid="LA55S7P5RJ42VTG" label="Dust Path 1E"/>
							</object>
						</object>
					</object>
					<object id="signpost_2">
						<int id="y">-118</int>
						<int id="h">200</int>
						<str id="id">signpost_2</str>
						<int id="w">100</int>
						<int id="x">2736</int>
						<object id="connects">
							<object id="0">
								<str id="hub_id">86</str>
								<int id="y">-115</int>
								<str id="swf_file_versioned">http://c2.glitch.bz/locations/groddle1/1316726082.swf</str>
								<int id="x">2670</int>
								<str id="mote_id">9</str>
								<objref id="target" tsid="LA5157TDPC42IGK" label="Plains Rte C"/>
							</object>
							<object id="1">
								<str id="hub_id">86</str>
								<int id="y">-420</int>
								<str id="swf_file_versioned">http://c2.glitch.bz/locations/groddle1/1316726082.swf</str>
								<int id="x">-2600</int>
								<str id="mote_id">9</str>
								<objref id="target" tsid="LA5101HF7F429V5" label="Empty Via 5"/>
							</object>
							<object id="2">
								<str id="hub_id">86</str>
								<int id="y">-120</int>
								<str id="swf_file_versioned">http://c2.glitch.bz/locations/groddle1/1316726082.swf</str>
								<int id="x">-2700</int>
								<str id="mote_id">9</str>
								<objref id="target" tsid="LA5CTEP5UH42CQC" label="Plains Rte D"/>
							</object>
						</object>
					</object>
				</object>
				<object id="targets">
				</object>
				<int id="w">6000</int>
				<str id="name">middleground</str>
				<int id="h">1000</int>
				<object id="platform_lines">
					<object id="plat_1308037220504">
						<int id="platform_pc_perm">-1</int>
						<object id="start">
							<int id="y">-70</int>
							<int id="x">-2152</int>
						</object>
						<object id="end">
							<int id="y">-62</int>
							<int id="x">-2124</int>
						</object>
						<int id="platform_item_perm">-1</int>
					</object>
					<object id="plat_1308896971940">
						<int id="platform_pc_perm">-1</int>
						<object id="start">
							<int id="y">-66</int>
							<int id="x">-985</int>
						</object>
						<object id="end">
							<int id="y">-71</int>
							<int id="x">-944</int>
						</object>
						<int id="platform_item_perm">-1</int>
					</object>
					<object id="plat_1308037220515">
						<int id="platform_pc_perm">-1</int>
						<object id="start">
							<int id="y">-86</int>
							<int id="x">-235</int>
						</object>
						<object id="end">
							<int id="y">-86</int>
							<int id="x">-39</int>
						</object>
						<int id="platform_item_perm">-1</int>
					</object>
					<object id="plat_1308037220496">
						<int id="platform_pc_perm">-1</int>
						<object id="start">
							<int id="y">-77</int>
							<int id="x">-2720</int>
						</object>
						<object id="end">
							<int id="y">-70</int>
							<int id="x">-2479</int>
						</object>
						<int id="platform_item_perm">-1</int>
					</object>
					<object id="plat_1308037220524">
						<int id="platform_pc_perm">-1</int>
						<object id="start">
							<int id="y">-83</int>
							<int id="x">962</int>
						</object>
						<object id="end">
							<int id="y">-76</int>
							<int id="x">1099</int>
						</object>
						<int id="platform_item_perm">-1</int>
					</object>
					<object id="plat_1308037220530">
						<int id="platform_pc_perm">-1</int>
						<object id="start">
							<int id="y">-83</int>
							<int id="x">1643</int>
						</object>
						<object id="end">
							<int id="y">-85</int>
							<int id="x">1740</int>
						</object>
						<int id="platform_item_perm">-1</int>
					</object>
					<object id="plat_1308037220519">
						<int id="platform_pc_perm">-1</int>
						<object id="start">
							<int id="y">-75</int>
							<int id="x">304</int>
						</object>
						<object id="end">
							<int id="y">-70</int>
							<int id="x">387</int>
						</object>
						<int id="platform_item_perm">-1</int>
					</object>
					<object id="plat_1308037220517">
						<int id="platform_pc_perm">-1</int>
						<object id="start">
							<int id="y">-71</int>
							<int id="x">135</int>
						</object>
						<object id="end">
							<int id="y">-75</int>
							<int id="x">304</int>
						</object>
						<int id="platform_item_perm">-1</int>
					</object>
					<object id="plat_1308037220509">
						<int id="platform_pc_perm">-1</int>
						<object id="start">
							<int id="y">-76</int>
							<int id="x">-1393</int>
						</object>
						<object id="end">
							<int id="y">-84</int>
							<int id="x">-1265</int>
						</object>
						<int id="platform_item_perm">-1</int>
					</object>
					<object id="plat_1308037220502">
						<int id="platform_pc_perm">-1</int>
						<object id="start">
							<int id="y">-101</int>
							<int id="x">-2326</int>
						</object>
						<object id="end">
							<int id="y">-83</int>
							<int id="x">-2216</int>
						</object>
						<int id="platform_item_perm">-1</int>
					</object>
					<object id="plat_1308037220500">
						<int id="platform_pc_perm">-1</int>
						<object id="start">
							<int id="y">-70</int>
							<int id="x">-2479</int>
						</object>
						<object id="end">
							<int id="y">-85</int>
							<int id="x">-2429</int>
						</object>
						<int id="platform_item_perm">-1</int>
					</object>
					<object id="plat_1308896971936">
						<int id="platform_pc_perm">-1</int>
						<object id="start">
							<int id="y">-82</int>
							<int id="x">-819</int>
						</object>
						<object id="end">
							<int id="y">-79</int>
							<int id="x">-780</int>
						</object>
						<int id="platform_item_perm">-1</int>
					</object>
					<object id="plat_1308037220525">
						<int id="platform_pc_perm">-1</int>
						<object id="start">
							<int id="y">-76</int>
							<int id="x">1099</int>
						</object>
						<object id="end">
							<int id="y">-69</int>
							<int id="x">1153</int>
						</object>
						<int id="platform_item_perm">-1</int>
					</object>
					<object id="plat_1308037220531">
						<int id="platform_pc_perm">-1</int>
						<object id="start">
							<int id="y">-85</int>
							<int id="x">1740</int>
						</object>
						<object id="end">
							<int id="y">-82</int>
							<int id="x">1924</int>
						</object>
						<int id="platform_item_perm">-1</int>
					</object>
					<object id="plat_1308037220528">
						<int id="platform_pc_perm">-1</int>
						<object id="start">
							<int id="y">-60</int>
							<int id="x">1286</int>
						</object>
						<object id="end">
							<int id="y">-75</int>
							<int id="x">1471</int>
						</object>
						<int id="platform_item_perm">-1</int>
					</object>
					<object id="plat_1308037220503">
						<int id="platform_pc_perm">-1</int>
						<object id="start">
							<int id="y">-83</int>
							<int id="x">-2216</int>
						</object>
						<object id="end">
							<int id="y">-70</int>
							<int id="x">-2152</int>
						</object>
						<int id="platform_item_perm">-1</int>
					</object>
					<object id="plat_1308037220506">
						<int id="platform_pc_perm">-1</int>
						<object id="start">
							<int id="y">-58</int>
							<int id="x">-1990</int>
						</object>
						<object id="end">
							<int id="y">-67</int>
							<int id="x">-1811</int>
						</object>
						<int id="platform_item_perm">-1</int>
					</object>
					<object id="plat_1308037220510">
						<int id="platform_pc_perm">-1</int>
						<object id="start">
							<int id="y">-84</int>
							<int id="x">-1265</int>
						</object>
						<object id="end">
							<int id="y">-78</int>
							<int id="x">-1104</int>
						</object>
						<int id="platform_item_perm">-1</int>
					</object>
					<object id="plat_1308037220527">
						<int id="platform_pc_perm">-1</int>
						<object id="start">
							<int id="y">-62</int>
							<int id="x">1187</int>
						</object>
						<object id="end">
							<int id="y">-60</int>
							<int id="x">1286</int>
						</object>
						<int id="platform_item_perm">-1</int>
					</object>
					<object id="plat_1308896971933">
						<int id="platform_pc_perm">-1</int>
						<object id="start">
							<int id="y">-91</int>
							<int id="x">-428</int>
						</object>
						<object id="end">
							<int id="y">-90</int>
							<int id="x">-377</int>
						</object>
						<int id="platform_item_perm">-1</int>
					</object>
					<object id="plat_1308896971935">
						<int id="platform_pc_perm">-1</int>
						<object id="start">
							<int id="y">-79</int>
							<int id="x">-780</int>
						</object>
						<object id="end">
							<int id="y">-72</int>
							<int id="x">-741</int>
						</object>
						<int id="platform_item_perm">-1</int>
					</object>
					<object id="plat_1308896971934">
						<int id="platform_pc_perm">-1</int>
						<object id="start">
							<int id="y">-90</int>
							<int id="x">-377</int>
						</object>
						<object id="end">
							<int id="y">-86</int>
							<int id="x">-336</int>
						</object>
						<int id="platform_item_perm">-1</int>
					</object>
					<object id="plat_1308037220537">
						<int id="platform_pc_perm">-1</int>
						<object id="start">
							<int id="y">-102</int>
							<int id="x">2690</int>
						</object>
						<object id="end">
							<int id="y">-104</int>
							<int id="x">2879</int>
						</object>
						<int id="platform_item_perm">-1</int>
					</object>
					<object id="plat_1308037220526">
						<int id="platform_pc_perm">-1</int>
						<object id="start">
							<int id="y">-69</int>
							<int id="x">1153</int>
						</object>
						<object id="end">
							<int id="y">-62</int>
							<int id="x">1187</int>
						</object>
						<int id="platform_item_perm">-1</int>
					</object>
					<object id="plat_1308037220538">
						<int id="platform_pc_perm">-1</int>
						<object id="start">
							<int id="y">-104</int>
							<int id="x">2879</int>
						</object>
						<object id="end">
							<int id="y">-103</int>
							<int id="x">2998</int>
						</object>
						<int id="platform_item_perm">-1</int>
					</object>
					<object id="plat_1308896971931">
						<int id="platform_pc_perm">-1</int>
						<object id="start">
							<int id="y">-86</int>
							<int id="x">-336</int>
						</object>
						<object id="end">
							<int id="y">-80</int>
							<int id="x">-286</int>
						</object>
						<int id="platform_item_perm">-1</int>
					</object>
					<object id="plat_1308037220520">
						<int id="platform_pc_perm">-1</int>
						<object id="start">
							<int id="y">-70</int>
							<int id="x">387</int>
						</object>
						<object id="end">
							<int id="y">-76</int>
							<int id="x">515</int>
						</object>
						<int id="platform_item_perm">-1</int>
					</object>
					<object id="plat_1308037220532">
						<int id="platform_pc_perm">-1</int>
						<object id="start">
							<int id="y">-82</int>
							<int id="x">1924</int>
						</object>
						<object id="end">
							<int id="y">-95</int>
							<int id="x">2184</int>
						</object>
						<int id="platform_item_perm">-1</int>
					</object>
					<object id="plat_1308037220521">
						<int id="platform_pc_perm">-1</int>
						<object id="start">
							<int id="y">-76</int>
							<int id="x">515</int>
						</object>
						<object id="end">
							<int id="y">-84</int>
							<int id="x">729</int>
						</object>
						<int id="platform_item_perm">-1</int>
					</object>
					<object id="plat_1308037220512">
						<int id="platform_pc_perm">-1</int>
						<object id="start">
							<int id="y">-72</int>
							<int id="x">-741</int>
						</object>
						<object id="end">
							<int id="y">-74</int>
							<int id="x">-703</int>
						</object>
						<int id="platform_item_perm">-1</int>
					</object>
					<object id="plat_1308037220505">
						<int id="platform_pc_perm">-1</int>
						<object id="start">
							<int id="y">-62</int>
							<int id="x">-2124</int>
						</object>
						<object id="end">
							<int id="y">-58</int>
							<int id="x">-1990</int>
						</object>
						<int id="platform_item_perm">-1</int>
					</object>
					<object id="plat_1308037220536">
						<int id="platform_pc_perm">-1</int>
						<object id="start">
							<int id="y">-92</int>
							<int id="x">2627</int>
						</object>
						<object id="end">
							<int id="y">-102</int>
							<int id="x">2690</int>
						</object>
						<int id="platform_item_perm">-1</int>
					</object>
					<object id="plat_1308896971938">
						<int id="platform_pc_perm">-1</int>
						<object id="start">
							<int id="y">-71</int>
							<int id="x">-944</int>
						</object>
						<object id="end">
							<int id="y">-78</int>
							<int id="x">-876</int>
						</object>
						<int id="platform_item_perm">-1</int>
					</object>
					<object id="plat_1308037220507">
						<int id="platform_pc_perm">-1</int>
						<object id="start">
							<int id="y">-67</int>
							<int id="x">-1811</int>
						</object>
						<object id="end">
							<int id="y">-61</int>
							<int id="x">-1618</int>
						</object>
						<int id="platform_item_perm">-1</int>
					</object>
					<object id="plat_1308037220535">
						<int id="platform_pc_perm">-1</int>
						<object id="start">
							<int id="y">-88</int>
							<int id="x">2589</int>
						</object>
						<object id="end">
							<int id="y">-92</int>
							<int id="x">2627</int>
						</object>
						<int id="platform_item_perm">-1</int>
					</object>
					<object id="plat_1308037220513">
						<int id="platform_pc_perm">-1</int>
						<object id="start">
							<int id="y">-74</int>
							<int id="x">-703</int>
						</object>
						<object id="end">
							<int id="y">-70</int>
							<int id="x">-546</int>
						</object>
						<int id="platform_item_perm">-1</int>
					</object>
					<object id="plat_1308037220501">
						<int id="platform_pc_perm">-1</int>
						<object id="start">
							<int id="y">-85</int>
							<int id="x">-2429</int>
						</object>
						<object id="end">
							<int id="y">-101</int>
							<int id="x">-2326</int>
						</object>
						<int id="platform_item_perm">-1</int>
					</object>
					<object id="plat_1308896971937">
						<int id="platform_pc_perm">-1</int>
						<object id="start">
							<int id="y">-78</int>
							<int id="x">-876</int>
						</object>
						<object id="end">
							<int id="y">-82</int>
							<int id="x">-819</int>
						</object>
						<int id="platform_item_perm">-1</int>
					</object>
					<object id="plat_1308037220514">
						<int id="platform_pc_perm">-1</int>
						<object id="start">
							<int id="y">-70</int>
							<int id="x">-546</int>
						</object>
						<object id="end">
							<int id="y">-86</int>
							<int id="x">-469</int>
						</object>
						<int id="platform_item_perm">-1</int>
					</object>
					<object id="plat_1308037220533">
						<int id="platform_pc_perm">-1</int>
						<object id="start">
							<int id="y">-95</int>
							<int id="x">2184</int>
						</object>
						<object id="end">
							<int id="y">-89</int>
							<int id="x">2420</int>
						</object>
						<int id="platform_item_perm">-1</int>
					</object>
					<object id="plat_1308037220511">
						<int id="platform_pc_perm">-1</int>
						<object id="start">
							<int id="y">-78</int>
							<int id="x">-1104</int>
						</object>
						<object id="end">
							<int id="y">-75</int>
							<int id="x">-1053</int>
						</object>
						<int id="platform_item_perm">-1</int>
					</object>
					<object id="plat_1308037220523">
						<int id="platform_pc_perm">-1</int>
						<object id="start">
							<int id="y">-88</int>
							<int id="x">847</int>
						</object>
						<object id="end">
							<int id="y">-83</int>
							<int id="x">962</int>
						</object>
						<int id="platform_item_perm">-1</int>
					</object>
					<object id="plat_1308037220495">
						<int id="platform_pc_perm">-1</int>
						<object id="start">
							<int id="y">-71</int>
							<int id="x">-3000</int>
						</object>
						<object id="end">
							<int id="y">-77</int>
							<int id="x">-2720</int>
						</object>
						<int id="platform_item_perm">-1</int>
					</object>
					<object id="plat_1308778468029">
						<int id="platform_pc_perm">-1</int>
						<object id="start">
							<int id="y">-80</int>
							<int id="x">-286</int>
						</object>
						<object id="end">
							<int id="y">-86</int>
							<int id="x">-235</int>
						</object>
						<int id="platform_item_perm">-1</int>
					</object>
					<object id="plat_1308896971939">
						<int id="platform_pc_perm">-1</int>
						<object id="start">
							<int id="y">-75</int>
							<int id="x">-1053</int>
						</object>
						<object id="end">
							<int id="y">-66</int>
							<int id="x">-985</int>
						</object>
						<int id="platform_item_perm">-1</int>
					</object>
					<object id="plat_1308037220508">
						<int id="platform_pc_perm">-1</int>
						<object id="start">
							<int id="y">-61</int>
							<int id="x">-1618</int>
						</object>
						<object id="end">
							<int id="y">-76</int>
							<int id="x">-1393</int>
						</object>
						<int id="platform_item_perm">-1</int>
					</object>
					<object id="plat_1308037220516">
						<int id="platform_pc_perm">-1</int>
						<object id="start">
							<int id="y">-86</int>
							<int id="x">-39</int>
						</object>
						<object id="end">
							<int id="y">-71</int>
							<int id="x">135</int>
						</object>
						<int id="platform_item_perm">-1</int>
					</object>
					<object id="plat_1308896971932">
						<int id="platform_pc_perm">-1</int>
						<object id="start">
							<int id="y">-86</int>
							<int id="x">-469</int>
						</object>
						<object id="end">
							<int id="y">-91</int>
							<int id="x">-428</int>
						</object>
						<int id="platform_item_perm">-1</int>
					</object>
					<object id="plat_1308037220522">
						<int id="platform_pc_perm">-1</int>
						<object id="start">
							<int id="y">-84</int>
							<int id="x">729</int>
						</object>
						<object id="end">
							<int id="y">-88</int>
							<int id="x">847</int>
						</object>
						<int id="platform_item_perm">-1</int>
					</object>
					<object id="plat_1308037220534">
						<int id="platform_pc_perm">-1</int>
						<object id="start">
							<int id="y">-89</int>
							<int id="x">2420</int>
						</object>
						<object id="end">
							<int id="y">-88</int>
							<int id="x">2589</int>
						</object>
						<int id="platform_item_perm">-1</int>
					</object>
					<object id="plat_1308037220529">
						<int id="platform_pc_perm">-1</int>
						<object id="start">
							<int id="y">-75</int>
							<int id="x">1471</int>
						</object>
						<object id="end">
							<int id="y">-83</int>
							<int id="x">1643</int>
						</object>
						<int id="platform_item_perm">-1</int>
					</object>
				</object>
				<object id="boxes">
				</object>
				<object id="filtersNEW">
					<object id="saturation">
						<int id="value">18</int>
					</object>
					<object id="tintColor">
						<int id="value">0</int>
					</object>
					<object id="contrast">
						<int id="value">0</int>
					</object>
					<object id="brightness">
						<int id="value">9</int>
					</object>
				</object>
				<int id="z">0</int>
				<object id="walls">
				</object>
				<object id="ladders">
				</object>
			</object>
			<object id="T_1307741552440">
				<object id="decos">
					<object id="lens_grass_1_1307987031045">
						<int id="w">97</int>
						<int id="z">12</int>
						<int id="x">760</int>
						<int id="y">808</int>
						<int id="h">24</int>
						<str id="name">lens_grass_1_1307987031014</str>
						<str id="sprite_class">lens_grass_1</str>
					</object>
					<object id="lens_grass_1_1307987031065">
						<int id="w">125</int>
						<int id="z">34</int>
						<int id="x">4932</int>
						<int id="y">828</int>
						<int id="h">20</int>
						<str id="name">lens_grass_1_1307987031014</str>
						<str id="sprite_class">lens_grass_1</str>
					</object>
					<object id="lens_grass_1_1307749098466">
						<int id="w">1282</int>
						<int id="z">2</int>
						<int id="r">1</int>
						<int id="x">5326</int>
						<int id="y">875</int>
						<int id="h">80</int>
						<str id="name">lens_grass_1_1307741552445</str>
						<str id="sprite_class">lens_grass_1</str>
					</object>
					<object id="lens_grass_1_1307992844142">
						<int id="w">103</int>
						<int id="z">48</int>
						<int id="x">3582</int>
						<int id="y">827</int>
						<int id="h">16</int>
						<str id="name">lens_grass_1_1307987031014</str>
						<str id="sprite_class">lens_grass_1</str>
					</object>
					<object id="lens_grass_1_1307987031048">
						<int id="w">97</int>
						<int id="z">26</int>
						<int id="x">305</int>
						<int id="y">793</int>
						<int id="h">24</int>
						<str id="name">lens_grass_1_1307987031014</str>
						<str id="sprite_class">lens_grass_1</str>
					</object>
					<object id="pampas_2_1307749098714">
						<int id="w">12</int>
						<int id="z">30</int>
						<int id="x">1891</int>
						<int id="y">812</int>
						<int id="h">18</int>
						<str id="name">pampas_2_1307749098499</str>
						<str id="sprite_class">pampas_2</str>
					</object>
					<object id="alakol_water_rock_1_1307992844135">
						<int id="w">28</int>
						<int id="z">43</int>
						<int id="x">3781</int>
						<int id="y">806</int>
						<int id="h">33</int>
						<str id="name">alakol_water_rock_1_1307749098577</str>
						<str id="sprite_class">alakol_water_rock_1</str>
					</object>
					<object id="pampas_2_1307749098556">
						<int id="w">20</int>
						<int id="z">17</int>
						<int id="x">4544</int>
						<bool id="h_flip">true</bool>
						<int id="y">797</int>
						<int id="h">31</int>
						<str id="name">pampas_2_1307749098499</str>
						<str id="sprite_class">pampas_2</str>
					</object>
					<object id="alakol_water_rock_1_1307992844134">
						<int id="w">28</int>
						<int id="z">42</int>
						<int id="x">3868</int>
						<int id="y">806</int>
						<int id="h">23</int>
						<str id="name">alakol_water_rock_1_1307749098577</str>
						<str id="sprite_class">alakol_water_rock_1</str>
					</object>
					<object id="alakol_water_rock_2_1307749098598">
						<int id="w">47</int>
						<int id="z">21</int>
						<int id="x">1890</int>
						<int id="y">810</int>
						<int id="h">19</int>
						<str id="name">alakol_water_rock_2_1307749098574</str>
						<str id="sprite_class">alakol_water_rock_2</str>
					</object>
					<object id="lens_grass_2_1307741552470">
						<int id="w">1348</int>
						<int id="z">5</int>
						<int id="r">1</int>
						<int id="x">2667</int>
						<int id="y">863</int>
						<int id="h">73</int>
						<str id="name">lens_grass_2_1307741552444</str>
						<str id="sprite_class">lens_grass_2</str>
					</object>
					<object id="pampas_2_1307749098555">
						<int id="w">17</int>
						<int id="z">19</int>
						<int id="x">4566</int>
						<int id="y">803</int>
						<int id="h">26</int>
						<str id="name">pampas_2_1307749098499</str>
						<str id="sprite_class">pampas_2</str>
					</object>
					<object id="tree_acacia_2_1307992844131">
						<int id="w">237</int>
						<int id="z">38</int>
						<int id="x">4873</int>
						<int id="y">814</int>
						<int id="h">133</int>
						<str id="name">tree_acacia_2_1307749098540</str>
						<str id="sprite_class">tree_acacia_2</str>
					</object>
					<object id="tree_acacia_2_1307749098706">
						<int id="w">266</int>
						<int id="z">29</int>
						<int id="x">381</int>
						<int id="y">787</int>
						<int id="h">149</int>
						<str id="name">tree_acacia_2_1307749098540</str>
						<str id="sprite_class">tree_acacia_2</str>
					</object>
					<object id="lens_grass_1_1307987031064">
						<int id="w">125</int>
						<int id="z">32</int>
						<int id="x">4871</int>
						<int id="y">820</int>
						<int id="h">20</int>
						<str id="name">lens_grass_1_1307987031014</str>
						<str id="sprite_class">lens_grass_1</str>
					</object>
					<object id="lens_grass_1_1307992844138">
						<int id="w">103</int>
						<int id="z">44</int>
						<int id="x">3498</int>
						<int id="y">813</int>
						<int id="h">16</int>
						<str id="name">lens_grass_1_1307987031014</str>
						<str id="sprite_class">lens_grass_1</str>
					</object>
					<object id="lens_grass_2_1307741552468">
						<int id="w">1392</int>
						<int id="z">6</int>
						<int id="x">1421</int>
						<int id="y">855</int>
						<int id="h">75</int>
						<str id="name">lens_grass_2_1307741552444</str>
						<str id="sprite_class">lens_grass_2</str>
					</object>
					<object id="heights_bush_2_1307992844144">
						<int id="w">38</int>
						<int id="z">40</int>
						<int id="x">3799</int>
						<int id="y">802</int>
						<int id="h">18</int>
						<str id="name">heights_bush_2_1307741552493</str>
						<str id="sprite_class">heights_bush_2</str>
					</object>
					<object id="lens_grass_1_1307987031067">
						<int id="w">125</int>
						<int id="z">36</int>
						<int id="x">4763</int>
						<int id="y">835</int>
						<int id="h">20</int>
						<str id="name">lens_grass_1_1307987031014</str>
						<str id="sprite_class">lens_grass_1</str>
					</object>
					<object id="lens_grass_2_1307749098467">
						<int id="w">1280</int>
						<int id="z">15</int>
						<int id="r">1</int>
						<int id="x">4675</int>
						<int id="y">869</int>
						<int id="h">73</int>
						<str id="name">lens_grass_2_1307741552444</str>
						<str id="sprite_class">lens_grass_2</str>
					</object>
					<object id="alakol_water_rock_1_1307992844136">
						<int id="w">28</int>
						<int id="z">1</int>
						<int id="x">3847</int>
						<int id="y">788</int>
						<int id="h">33</int>
						<str id="name">alakol_water_rock_1_1307749098577</str>
						<str id="sprite_class">alakol_water_rock_1</str>
					</object>
					<object id="lens_grass_1_1307741552467">
						<int id="w">1426</int>
						<int id="z">7</int>
						<int id="r">1</int>
						<int id="x">2073</int>
						<int id="y">860</int>
						<int id="h">77</int>
						<str id="name">lens_grass_1_1307741552445</str>
						<str id="sprite_class">lens_grass_1</str>
					</object>
					<object id="lens_grass_1_1307987031050">
						<int id="w">99</int>
						<int id="z">27</int>
						<int id="x">302</int>
						<int id="y">807</int>
						<int id="h">27</int>
						<str id="name">lens_grass_1_1307987031014</str>
						<str id="sprite_class">lens_grass_1</str>
					</object>
					<object id="pampas_2_1307749098558">
						<int id="w">10</int>
						<int id="z">20</int>
						<int id="x">4886</int>
						<int id="y">803</int>
						<int id="h">15</int>
						<str id="name">pampas_2_1307749098499</str>
						<str id="sprite_class">pampas_2</str>
					</object>
					<object id="lens_grass_2_1307741552472">
						<int id="w">1242</int>
						<int id="z">3</int>
						<int id="r">-2</int>
						<int id="x">3671</int>
						<int id="y">851</int>
						<int id="h">59</int>
						<str id="name">lens_grass_2_1307741552444</str>
						<str id="sprite_class">lens_grass_2</str>
					</object>
					<object id="gravel_2_1307749098656">
						<int id="w">12</int>
						<int id="z">24</int>
						<int id="x">72</int>
						<int id="y">796</int>
						<int id="h">7</int>
						<str id="name">gravel_2_1307741552484</str>
						<str id="sprite_class">gravel_2</str>
					</object>
					<object id="lens_grass_1_1307741552465">
						<int id="w">1317</int>
						<int id="z">9</int>
						<int id="r">1</int>
						<int id="x">871</int>
						<int id="y">861</int>
						<int id="h">86</int>
						<str id="name">lens_grass_1_1307741552445</str>
						<str id="sprite_class">lens_grass_1</str>
					</object>
					<object id="alakol_water_rock_1_1307992844132">
						<int id="w">58</int>
						<int id="z">41</int>
						<int id="x">3885</int>
						<int id="y">806</int>
						<int id="h">48</int>
						<str id="name">alakol_water_rock_1_1307749098577</str>
						<str id="sprite_class">alakol_water_rock_1</str>
					</object>
					<object id="lens_grass_1_1307992844139">
						<int id="w">103</int>
						<int id="z">45</int>
						<int id="x">3551</int>
						<int id="y">816</int>
						<int id="h">16</int>
						<str id="name">lens_grass_1_1307987031014</str>
						<str id="sprite_class">lens_grass_1</str>
					</object>
					<object id="lens_grass_1_1307987031063">
						<int id="w">125</int>
						<int id="z">33</int>
						<int id="x">4952</int>
						<int id="y">822</int>
						<int id="h">20</int>
						<str id="name">lens_grass_1_1307987031014</str>
						<str id="sprite_class">lens_grass_1</str>
					</object>
					<object id="tree_acacia_4_1307749098568">
						<int id="w">172</int>
						<int id="z">18</int>
						<int id="x">4538</int>
						<int id="y">801</int>
						<int id="h">131</int>
						<str id="name">tree_acacia_4_1307749098538</str>
						<str id="sprite_class">tree_acacia_4</str>
					</object>
					<object id="lens_grass_1_1307992844143">
						<int id="w">103</int>
						<int id="z">47</int>
						<int id="x">3633</int>
						<int id="y">821</int>
						<int id="h">16</int>
						<str id="name">lens_grass_1_1307987031014</str>
						<str id="sprite_class">lens_grass_1</str>
					</object>
					<object id="lens_grass_1_1307987031043">
						<int id="w">125</int>
						<int id="z">10</int>
						<int id="x">703</int>
						<int id="y">792</int>
						<int id="h">20</int>
						<str id="name">lens_grass_1_1307987031014</str>
						<str id="sprite_class">lens_grass_1</str>
					</object>
					<object id="alakol_water_rock_1_1307992844137">
						<int id="w">28</int>
						<int id="z">0</int>
						<int id="x">3820</int>
						<int id="y">798</int>
						<int id="h">33</int>
						<str id="name">alakol_water_rock_1_1307749098577</str>
						<str id="sprite_class">alakol_water_rock_1</str>
					</object>
					<object id="alakol_water_rock_1_1307749098601">
						<int id="w">48</int>
						<int id="z">23</int>
						<int id="x">1936</int>
						<int id="y">812</int>
						<int id="h">26</int>
						<str id="name">alakol_water_rock_1_1307749098577</str>
						<str id="sprite_class">alakol_water_rock_1</str>
					</object>
					<object id="lens_grass_1_1307987031049">
						<int id="w">117</int>
						<int id="z">25</int>
						<int id="x">260</int>
						<int id="y">785</int>
						<int id="h">17</int>
						<str id="name">lens_grass_1_1307987031014</str>
						<str id="sprite_class">lens_grass_1</str>
					</object>
					<object id="lens_grass_1_1307987031044">
						<int id="w">125</int>
						<int id="z">11</int>
						<int id="x">769</int>
						<int id="y">797</int>
						<int id="h">20</int>
						<str id="name">lens_grass_1_1307987031014</str>
						<str id="sprite_class">lens_grass_1</str>
					</object>
					<object id="alakol_water_rock_1_1307749098600">
						<int id="w">28</int>
						<int id="z">22</int>
						<int id="x">1995</int>
						<int id="y">812</int>
						<int id="h">16</int>
						<str id="name">alakol_water_rock_1_1307749098577</str>
						<str id="sprite_class">alakol_water_rock_1</str>
					</object>
					<object id="lens_grass_1_1307741552469">
						<int id="w">1229</int>
						<int id="z">14</int>
						<int id="x">3174</int>
						<int id="y">865</int>
						<int id="h">66</int>
						<str id="name">lens_grass_1_1307741552445</str>
						<str id="sprite_class">lens_grass_1</str>
					</object>
					<object id="lens_grass_1_1307987031051">
						<int id="w">99</int>
						<int id="z">28</int>
						<int id="x">186</int>
						<int id="y">790</int>
						<int id="h">22</int>
						<str id="name">lens_grass_1_1307987031014</str>
						<str id="sprite_class">lens_grass_1</str>
					</object>
					<object id="tree_acacia_1_1308778468028">
						<int id="w">297</int>
						<int id="z">49</int>
						<int id="x">2506</int>
						<int id="y">807</int>
						<int id="h">185</int>
						<str id="name">tree_acacia_1_1307749098541</str>
						<str id="sprite_class">tree_acacia_1</str>
					</object>
					<object id="lens_grass_1_1307992844141">
						<int id="w">103</int>
						<int id="z">46</int>
						<int id="x">3608</int>
						<int id="y">820</int>
						<int id="h">16</int>
						<str id="name">lens_grass_1_1307987031014</str>
						<str id="sprite_class">lens_grass_1</str>
					</object>
					<object id="pampas_1_1307749098547">
						<int id="w">20</int>
						<int id="z">16</int>
						<int id="x">5467</int>
						<int id="y">827</int>
						<int id="h">29</int>
						<str id="name">pampas_1_1307749098498</str>
						<str id="sprite_class">pampas_1</str>
					</object>
					<object id="lens_grass_1_1307987031066">
						<int id="w">125</int>
						<int id="z">35</int>
						<int id="x">4978</int>
						<int id="y">833</int>
						<int id="h">20</int>
						<str id="name">lens_grass_1_1307987031014</str>
						<str id="sprite_class">lens_grass_1</str>
					</object>
					<object id="lens_grass_1_1307741552471">
						<int id="w">1172</int>
						<int id="z">4</int>
						<int id="x">4124</int>
						<int id="y">856</int>
						<int id="h">71</int>
						<str id="name">lens_grass_1_1307741552445</str>
						<str id="sprite_class">lens_grass_1</str>
					</object>
					<object id="lens_grass_2_1307741552466">
						<int id="w">1202</int>
						<int id="z">8</int>
						<int id="x">232</int>
						<int id="y">838</int>
						<int id="h">72</int>
						<str id="name">lens_grass_2_1307741552444</str>
						<str id="sprite_class">lens_grass_2</str>
					</object>
					<object id="alakol_water_rock_1_1307749098595">
						<int id="w">45</int>
						<int id="z">37</int>
						<int id="x">2418</int>
						<int id="y">811</int>
						<int id="h">28</int>
						<str id="name">alakol_water_rock_1_1307749098577</str>
						<str id="sprite_class">alakol_water_rock_1</str>
					</object>
					<object id="alakol_water_rock_2_1307992844133">
						<int id="w">85</int>
						<int id="z">39</int>
						<int id="x">3836</int>
						<int id="y">804</int>
						<int id="h">35</int>
						<str id="name">alakol_water_rock_2_1307749098574</str>
						<str id="sprite_class">alakol_water_rock_2</str>
					</object>
					<object id="lens_grass_1_1307987031046">
						<int id="w">97</int>
						<int id="z">13</int>
						<int id="x">799</int>
						<int id="y">815</int>
						<int id="h">24</int>
						<str id="name">lens_grass_1_1307987031014</str>
						<str id="sprite_class">lens_grass_1</str>
					</object>
					<object id="lens_grass_1_1307987031062">
						<int id="w">125</int>
						<int id="z">31</int>
						<int id="x">5009</int>
						<int id="y">815</int>
						<int id="h">20</int>
						<str id="name">lens_grass_1_1307987031014</str>
						<str id="sprite_class">lens_grass_1</str>
					</object>
				</object>
				<int id="w">5640</int>
				<int id="h">1000</int>
				<int id="z">-2</int>
				<object id="filtersNEW">
					<object id="saturation">
						<int id="value">10</int>
					</object>
					<object id="tintColor">
						<int id="value">0</int>
					</object>
					<object id="contrast">
						<int id="value">0</int>
					</object>
					<object id="blur">
						<int id="value">2</int>
					</object>
					<object id="brightness">
						<int id="value">20</int>
					</object>
				</object>
				<str id="name">bg_2</str>
			</object>
			<object id="T_1307741552438">
				<object id="decos">
					<object id="pampas_1_1307749098690">
						<int id="w">58</int>
						<int id="z">7</int>
						<int id="x">5526</int>
						<bool id="h_flip">true</bool>
						<int id="y">970</int>
						<int id="h">85</int>
						<str id="name">pampas_1_1307749098498</str>
						<str id="sprite_class">pampas_1</str>
					</object>
					<object id="stalagmite_base_3_1307992844148">
						<int id="w">66</int>
						<int id="z">17</int>
						<int id="x">2901</int>
						<int id="y">961</int>
						<int id="h">13</int>
						<str id="name">stalagmite_base_3_1307741552481</str>
						<str id="sprite_class">stalagmite_base_3</str>
					</object>
					<object id="pampas_2_1307749098692">
						<int id="w">55</int>
						<int id="z">10</int>
						<int id="x">4965</int>
						<int id="y">976</int>
						<int id="h">85</int>
						<str id="name">pampas_2_1307749098499</str>
						<str id="sprite_class">pampas_2</str>
					</object>
					<object id="gravel_2_1307749098653">
						<int id="w">24</int>
						<int id="z">3</int>
						<int id="x">272</int>
						<int id="y">970</int>
						<int id="h">13</int>
						<str id="name">gravel_2_1307741552484</str>
						<str id="sprite_class">gravel_2</str>
					</object>
					<object id="lens_grass_1_1307987031054">
						<int id="w">365</int>
						<int id="z">12</int>
						<int id="x">510</int>
						<int id="y">1042</int>
						<int id="h">100</int>
						<str id="name">lens_grass_1_1307987031014</str>
						<str id="sprite_class">lens_grass_1</str>
					</object>
					<object id="stalagmite_base_1_1307749098618">
						<int id="w">82</int>
						<int id="z">2</int>
						<int id="x">178</int>
						<int id="y">971</int>
						<int id="h">22</int>
						<str id="name">stalagmite_base_1_1307741552479</str>
						<str id="sprite_class">stalagmite_base_1</str>
					</object>
					<object id="stalagmite_base_3_1307992844147">
						<int id="w">93</int>
						<int id="z">16</int>
						<int id="x">2991</int>
						<int id="y">948</int>
						<int id="h">19</int>
						<str id="name">stalagmite_base_3_1307741552481</str>
						<str id="sprite_class">stalagmite_base_3</str>
					</object>
					<object id="stalagmite_base_3_1307749098619">
						<int id="w">94</int>
						<int id="z">1</int>
						<int id="x">203</int>
						<int id="y">967</int>
						<int id="h">22</int>
						<str id="name">stalagmite_base_3_1307741552481</str>
						<str id="sprite_class">stalagmite_base_3</str>
					</object>
					<object id="gravel_2_1307749098655">
						<int id="w">24</int>
						<int id="z">6</int>
						<int id="x">151</int>
						<int id="y">990</int>
						<int id="h">13</int>
						<str id="name">gravel_2_1307741552484</str>
						<str id="sprite_class">gravel_2</str>
					</object>
					<object id="gravel_2_1307749098654">
						<int id="w">44</int>
						<int id="z">4</int>
						<int id="x">171</int>
						<int id="y">992</int>
						<int id="h">24</int>
						<str id="name">gravel_2_1307741552484</str>
						<str id="sprite_class">gravel_2</str>
					</object>
				</object>
				<int id="w">6000</int>
				<int id="h">1000</int>
				<int id="z">1</int>
				<object id="filtersNEW">
					<object id="saturation">
						<int id="value">18</int>
					</object>
					<object id="tintColor">
						<int id="value">0</int>
					</object>
					<object id="contrast">
						<int id="value">0</int>
					</object>
				</object>
				<str id="name">middleplus</str>
			</object>
			<object id="T_1307741552442">
				<object id="decos">
					<object id="alakol_water_rock_2_1307987031087">
						<int id="w">29</int>
						<int id="z">3</int>
						<int id="r">15</int>
						<int id="x">2646</int>
						<int id="y">779</int>
						<int id="h">11</int>
						<str id="name">alakol_water_rock_2_1307749098574</str>
						<str id="sprite_class">alakol_water_rock_2</str>
					</object>
					<object id="alakol_water_rock_1_1308121887386">
						<int id="w">27</int>
						<int id="z">40</int>
						<int id="x">1974</int>
						<int id="y">774</int>
						<int id="h">7</int>
						<str id="name">alakol_water_rock_1_1307749098577</str>
						<str id="sprite_class">alakol_water_rock_1</str>
					</object>
					<object id="heights_bush_2_1308121887385">
						<int id="w">13</int>
						<int id="z">41</int>
						<int id="x">1957</int>
						<int id="y">774</int>
						<int id="h">6</int>
						<str id="name">heights_bush_2_1307741552493</str>
						<str id="sprite_class">heights_bush_2</str>
					</object>
					<object id="alakol_water_rock_2_1307749098574">
						<int id="w">29</int>
						<int id="z">1</int>
						<int id="x">3228</int>
						<int id="y">781</int>
						<int id="h">11</int>
						<str id="name">alakol_water_rock_2_1307749098574</str>
						<str id="sprite_class">alakol_water_rock_2</str>
					</object>
					<object id="alakol_water_rock_2_1307749098576">
						<int id="w">39</int>
						<int id="z">26</int>
						<int id="x">3309</int>
						<int id="y">789</int>
						<int id="h">9</int>
						<str id="name">alakol_water_rock_2_1307749098574</str>
						<str id="sprite_class">alakol_water_rock_2</str>
					</object>
					<object id="alakol_water_rock_1_1307987031096">
						<int id="w">18</int>
						<int id="z">35</int>
						<int id="x">2659</int>
						<int id="y">786</int>
						<int id="h">15</int>
						<str id="name">alakol_water_rock_1_1307749098577</str>
						<str id="sprite_class">alakol_water_rock_1</str>
					</object>
					<object id="alakol_water_rock_1_1307749098578">
						<int id="w">34</int>
						<int id="z">44</int>
						<int id="x">3234</int>
						<int id="y">794</int>
						<int id="h">10</int>
						<str id="name">alakol_water_rock_1_1307749098577</str>
						<str id="sprite_class">alakol_water_rock_1</str>
					</object>
					<object id="lens_grass_1_1307749098476">
						<int id="w">1212</int>
						<int id="z">12</int>
						<int id="x">1869</int>
						<int id="y">832</int>
						<int id="h">68</int>
						<str id="name">lens_grass_1_1307741552445</str>
						<str id="sprite_class">lens_grass_1</str>
					</object>
					<object id="tree_acacia_3_1308037220494">
						<int id="w">68</int>
						<int id="z">32</int>
						<int id="x">1037</int>
						<int id="y">766</int>
						<int id="h">31</int>
						<str id="name">tree_acacia_3_1307749098496</str>
						<str id="sprite_class">tree_acacia_3</str>
					</object>
					<object id="lens_grass_2_1307749098479">
						<int id="w">1152</int>
						<int id="z">13</int>
						<int id="r">1</int>
						<int id="x">1435</int>
						<int id="y">828</int>
						<int id="h">68</int>
						<str id="name">lens_grass_2_1307741552444</str>
						<str id="sprite_class">lens_grass_2</str>
					</object>
					<object id="lens_grass_1_1307749098478">
						<int id="w">1089</int>
						<int id="z">14</int>
						<int id="x">892</int>
						<int id="y">827</int>
						<int id="h">69</int>
						<str id="name">lens_grass_1_1307741552445</str>
						<str id="sprite_class">lens_grass_1</str>
					</object>
					<object id="lens_grass_2_1307749098481">
						<int id="w">934</int>
						<int id="z">15</int>
						<int id="r">1</int>
						<int id="x">67</int>
						<int id="y">816</int>
						<int id="h">71</int>
						<str id="name">lens_grass_2_1307741552444</str>
						<str id="sprite_class">lens_grass_2</str>
					</object>
					<object id="alakol_water_rock_1_1308037220491">
						<int id="w">54</int>
						<int id="z">37</int>
						<int id="x">1276</int>
						<int id="y">774</int>
						<int id="h">15</int>
						<str id="name">alakol_water_rock_1_1307749098577</str>
						<str id="sprite_class">alakol_water_rock_1</str>
					</object>
					<object id="alakol_cliff_1_1308121887388">
						<int id="w">43</int>
						<int id="z">38</int>
						<int id="x">1967</int>
						<int id="y">771</int>
						<int id="h">8</int>
						<str id="name">alakol_cliff_1_1307749098572</str>
						<str id="sprite_class">alakol_cliff_1</str>
					</object>
					<object id="tree_acacia_3_1307749098704">
						<int id="w">70</int>
						<int id="z">31</int>
						<int id="x">451</int>
						<int id="y">759</int>
						<int id="h">32</int>
						<str id="name">tree_acacia_3_1307749098496</str>
						<str id="sprite_class">tree_acacia_3</str>
					</object>
					<object id="alakol_water_rock_2_1308121887389">
						<int id="w">28</int>
						<int id="z">2</int>
						<int id="x">1948</int>
						<int id="y">770</int>
						<int id="h">11</int>
						<str id="name">alakol_water_rock_2_1307749098574</str>
						<str id="sprite_class">alakol_water_rock_2</str>
					</object>
					<object id="lens_grass_2_1307749098475">
						<int id="w">1009</int>
						<int id="z">10</int>
						<int id="x">3136</int>
						<int id="y">831</int>
						<int id="h">55</int>
						<str id="name">lens_grass_2_1307741552444</str>
						<str id="sprite_class">lens_grass_2</str>
					</object>
					<object id="lens_grass_1_1307749098472">
						<int id="w">1289</int>
						<int id="z">9</int>
						<int id="x">3702</int>
						<int id="y">850</int>
						<int id="h">81</int>
						<str id="name">lens_grass_1_1307741552445</str>
						<str id="sprite_class">lens_grass_1</str>
					</object>
					<object id="tree_acacia_2_1307749098589">
						<int id="w">59</int>
						<int id="z">21</int>
						<int id="x">4066</int>
						<int id="y">777</int>
						<int id="h">33</int>
						<str id="name">tree_acacia_2_1307749098540</str>
						<str id="sprite_class">tree_acacia_2</str>
					</object>
					<object id="lens_grass_1_1307749098469">
						<int id="w">1140</int>
						<int id="z">8</int>
						<int id="x">4776</int>
						<int id="y">857</int>
						<int id="h">78</int>
						<str id="name">lens_grass_1_1307741552445</str>
						<str id="sprite_class">lens_grass_1</str>
					</object>
					<object id="lens_grass_2_1307749098468">
						<int id="w">1035</int>
						<int id="z">7</int>
						<int id="r">1</int>
						<int id="x">5247</int>
						<int id="y">850</int>
						<int id="h">71</int>
						<str id="name">lens_grass_2_1307741552444</str>
						<str id="sprite_class">lens_grass_2</str>
					</object>
					<object id="tree_acacia_4_1307987031068">
						<int id="w">55</int>
						<int id="z">18</int>
						<int id="r">-11</int>
						<int id="x">3824</int>
						<bool id="h_flip">true</bool>
						<int id="y">777</int>
						<int id="h">46</int>
						<str id="name">tree_acacia_4_1307749098538</str>
						<str id="sprite_class">tree_acacia_4</str>
					</object>
					<object id="alakol_cliff_2_1307987031085">
						<int id="w">42</int>
						<int id="z">42</int>
						<int id="x">2598</int>
						<int id="y">782</int>
						<int id="h">8</int>
						<str id="name">alakol_cliff_2_1307749098573</str>
						<str id="sprite_class">alakol_cliff_2</str>
					</object>
					<object id="tree_acacia_3_1307749098588">
						<int id="w">65</int>
						<int id="z">29</int>
						<int id="x">4412</int>
						<int id="y">782</int>
						<int id="h">30</int>
						<str id="name">tree_acacia_3_1307749098496</str>
						<str id="sprite_class">tree_acacia_3</str>
					</object>
					<object id="lens_grass_1_1307749098474">
						<int id="w">1322</int>
						<int id="z">11</int>
						<int id="x">2721</int>
						<int id="y">860</int>
						<int id="h">85</int>
						<str id="name">lens_grass_1_1307741552445</str>
						<str id="sprite_class">lens_grass_1</str>
					</object>
					<object id="pampas_2_1307749098721">
						<int id="w">10</int>
						<int id="z">33</int>
						<int id="x">1414</int>
						<int id="y">782</int>
						<int id="h">15</int>
						<str id="name">pampas_2_1307749098499</str>
						<str id="sprite_class">pampas_2</str>
					</object>
					<object id="lens_grass_2_1307749098477">
						<int id="w">1106</int>
						<int id="z">5</int>
						<int id="r">1</int>
						<int id="x">2474</int>
						<int id="y">806</int>
						<int id="h">36</int>
						<str id="name">lens_grass_2_1307741552444</str>
						<str id="sprite_class">lens_grass_2</str>
					</object>
					<object id="alakol_cliff_1_1307987031086">
						<int id="w">76</int>
						<int id="z">34</int>
						<int id="r">1</int>
						<int id="x">2646</int>
						<int id="y">782</int>
						<int id="h">10</int>
						<str id="name">alakol_cliff_1_1307749098572</str>
						<str id="sprite_class">alakol_cliff_1</str>
					</object>
					<object id="alakol_water_rock_2_1307987031084">
						<int id="w">30</int>
						<int id="z">4</int>
						<int id="x">2603</int>
						<int id="y">778</int>
						<int id="h">12</int>
						<str id="name">alakol_water_rock_2_1307749098574</str>
						<str id="sprite_class">alakol_water_rock_2</str>
					</object>
					<object id="alakol_water_rock_1_1307987031088">
						<int id="w">25</int>
						<int id="z">36</int>
						<int id="x">1999</int>
						<int id="y">775</int>
						<int id="h">8</int>
						<str id="name">alakol_water_rock_1_1307749098577</str>
						<str id="sprite_class">alakol_water_rock_1</str>
					</object>
					<object id="alakol_cliff_2_1307749098573">
						<int id="w">42</int>
						<int id="z">25</int>
						<int id="x">3274</int>
						<int id="y">780</int>
						<int id="h">8</int>
						<str id="name">alakol_cliff_2_1307749098573</str>
						<str id="sprite_class">alakol_cliff_2</str>
					</object>
					<object id="lens_grass_1_1307749098480">
						<int id="w">1063</int>
						<int id="z">16</int>
						<int id="x">449</int>
						<int id="y">838</int>
						<int id="h">85</int>
						<str id="name">lens_grass_1_1307741552445</str>
						<str id="sprite_class">lens_grass_1</str>
					</object>
					<object id="heights_bush_2_1307749098542">
						<int id="w">16</int>
						<int id="z">23</int>
						<int id="x">5190</int>
						<int id="y">783</int>
						<int id="h">8</int>
						<str id="name">heights_bush_2_1307741552493</str>
						<str id="sprite_class">heights_bush_2</str>
					</object>
					<object id="lens_grass_2_1307749098473">
						<int id="w">1258</int>
						<int id="z">6</int>
						<int id="r">1</int>
						<int id="x">4283</int>
						<int id="y">841</int>
						<int id="h">71</int>
						<str id="name">lens_grass_2_1307741552444</str>
						<str id="sprite_class">lens_grass_2</str>
					</object>
					<object id="tree_acacia_2_1307749098540">
						<int id="w">54</int>
						<int id="z">20</int>
						<int id="x">4841</int>
						<int id="y">785</int>
						<int id="h">30</int>
						<str id="name">tree_acacia_2_1307749098540</str>
						<str id="sprite_class">tree_acacia_2</str>
					</object>
					<object id="tree_acacia_4_1307749098591">
						<int id="w">45</int>
						<int id="z">17</int>
						<int id="x">3853</int>
						<bool id="h_flip">true</bool>
						<int id="y">778</int>
						<int id="h">35</int>
						<str id="name">tree_acacia_4_1307749098538</str>
						<str id="sprite_class">tree_acacia_4</str>
					</object>
					<object id="alakol_cliff_1_1307749098572">
						<int id="w">116</int>
						<int id="z">24</int>
						<int id="x">3248</int>
						<int id="y">786</int>
						<int id="h">11</int>
						<str id="name">alakol_cliff_1_1307749098572</str>
						<str id="sprite_class">alakol_cliff_1</str>
					</object>
					<object id="alakol_cliff_2_1308121887387">
						<int id="w">38</int>
						<int id="z">39</int>
						<int id="x">1940</int>
						<int id="y">772</int>
						<int id="h">7</int>
						<str id="name">alakol_cliff_2_1307749098573</str>
						<str id="sprite_class">alakol_cliff_2</str>
					</object>
					<object id="tree_acacia_1_1307749098541">
						<int id="w">76</int>
						<int id="z">22</int>
						<int id="x">4778</int>
						<int id="y">793</int>
						<int id="h">47</int>
						<str id="name">tree_acacia_1_1307749098541</str>
						<str id="sprite_class">tree_acacia_1</str>
					</object>
					<object id="alakol_water_rock_1_1307749098580">
						<int id="w">18</int>
						<int id="z">0</int>
						<int id="x">3283</int>
						<int id="y">777</int>
						<int id="h">11</int>
						<str id="name">alakol_water_rock_1_1307749098577</str>
						<str id="sprite_class">alakol_water_rock_1</str>
					</object>
					<object id="tree_acacia_4_1307749098539">
						<int id="w">42</int>
						<int id="z">19</int>
						<int id="x">5182</int>
						<int id="y">783</int>
						<int id="h">32</int>
						<str id="name">tree_acacia_4_1307749098538</str>
						<str id="sprite_class">tree_acacia_4</str>
					</object>
					<object id="tree_acacia_1_1307749098703">
						<int id="w">68</int>
						<int id="z">30</int>
						<int id="x">31</int>
						<int id="y">751</int>
						<int id="h">42</int>
						<str id="name">tree_acacia_1_1307749098552</str>
						<str id="sprite_class">tree_acacia_1</str>
					</object>
					<object id="heights_bush_2_1307749098583">
						<int id="w">16</int>
						<int id="z">43</int>
						<int id="x">3284</int>
						<int id="y">788</int>
						<int id="h">7</int>
						<str id="name">heights_bush_2_1307741552493</str>
						<str id="sprite_class">heights_bush_2</str>
					</object>
				</object>
				<int id="w">5400</int>
				<int id="h">1000</int>
				<int id="z">-3</int>
				<object id="filtersNEW">
					<object id="saturation">
						<int id="value">6</int>
					</object>
					<object id="tintColor">
						<int id="value">0</int>
					</object>
					<object id="contrast">
						<int id="value">0</int>
					</object>
					<object id="blur">
						<int id="value">3</int>
					</object>
					<object id="brightness">
						<int id="value">25</int>
					</object>
				</object>
				<str id="name">bg_3</str>
			</object>
			<object id="T_1307741552441">
				<object id="decos">
					<object id="mountain_trees_darker_1_1308037220492">
						<int id="w">601</int>
						<int id="z">3</int>
						<int id="r">2</int>
						<int id="x">-66</int>
						<int id="y">779</int>
						<int id="h">89</int>
						<str id="name">mountain_trees_darker_1_1307749098702</str>
						<str id="sprite_class">mountain_trees_darker_1</str>
					</object>
					<object id="heights_bush_4_1307987031100">
						<int id="w">693</int>
						<int id="z">19</int>
						<int id="r">1</int>
						<int id="x">2279</int>
						<int id="y">781</int>
						<int id="h">32</int>
						<str id="name">heights_bush_4_1307741552494</str>
						<str id="sprite_class">heights_bush_4</str>
					</object>
					<object id="mountain_trees_darker_1_1307749098702">
						<int id="w">601</int>
						<int id="z">2</int>
						<int id="r">2</int>
						<int id="x">617</int>
						<int id="y">774</int>
						<int id="h">89</int>
						<str id="name">mountain_trees_darker_1_1307749098702</str>
						<str id="sprite_class">mountain_trees_darker_1</str>
					</object>
					<object id="heights_bush_4_1308037220493">
						<int id="w">340</int>
						<int id="z">11</int>
						<int id="r">1</int>
						<int id="x">74</int>
						<int id="y">763</int>
						<int id="h">37</int>
						<str id="name">heights_bush_4_1307741552494</str>
						<str id="sprite_class">heights_bush_4</str>
					</object>
					<object id="heights_bush_4_1307987031097">
						<int id="w">722</int>
						<int id="z">18</int>
						<int id="x">2082</int>
						<int id="y">775</int>
						<int id="h">29</int>
						<str id="name">heights_bush_4_1307741552494</str>
						<str id="sprite_class">heights_bush_4</str>
					</object>
					<object id="cloud_fluffy_1_1307984015706">
						<int id="w">539</int>
						<int id="z">16</int>
						<int id="x">3601</int>
						<int id="y">738</int>
						<int id="h">59</int>
						<str id="name">cloud_fluffy_1_1307749098737</str>
						<str id="sprite_class">cloud_fluffy_1</str>
					</object>
					<object id="heights_bush_4_1307749098584">
						<int id="w">521</int>
						<int id="z">5</int>
						<int id="r">-2</int>
						<int id="x">3672</int>
						<int id="y">780</int>
						<int id="h">25</int>
						<str id="name">heights_bush_4_1307741552494</str>
						<str id="sprite_class">heights_bush_4</str>
					</object>
					<object id="cloud_fluffy_2_1307984015709">
						<int id="w">771</int>
						<int id="z">21</int>
						<int id="x">1348</int>
						<int id="y">728</int>
						<int id="h">82</int>
						<str id="name">cloud_fluffy_2_1307749098529</str>
						<str id="sprite_class">cloud_fluffy_2</str>
					</object>
					<object id="heights_bush_4_1307749098699">
						<int id="w">486</int>
						<int id="z">9</int>
						<int id="r">1</int>
						<int id="x">749</int>
						<int id="y">757</int>
						<int id="h">18</int>
						<str id="name">heights_bush_4_1307741552494</str>
						<str id="sprite_class">heights_bush_4</str>
					</object>
					<object id="heights_bush_4_1307987031098">
						<int id="w">661</int>
						<int id="z">20</int>
						<int id="r">-2</int>
						<int id="x">1715</int>
						<int id="y">774</int>
						<int id="h">26</int>
						<str id="name">heights_bush_4_1307741552494</str>
						<str id="sprite_class">heights_bush_4</str>
					</object>
					<object id="heights_bush_4_1307749098535">
						<int id="w">340</int>
						<int id="z">4</int>
						<int id="x">4305</int>
						<int id="y">793</int>
						<int id="h">37</int>
						<str id="name">heights_bush_4_1307741552494</str>
						<str id="sprite_class">heights_bush_4</str>
					</object>
					<object id="heights_bush_4_1307749098587">
						<int id="w">522</int>
						<int id="z">8</int>
						<int id="x">4006</int>
						<bool id="h_flip">true</bool>
						<int id="y">784</int>
						<int id="h">33</int>
						<str id="name">heights_bush_4_1307741552494</str>
						<str id="sprite_class">heights_bush_4</str>
					</object>
					<object id="cloud_fluffy_1_1307984015705">
						<int id="w">798</int>
						<int id="z">17</int>
						<int id="x">2339</int>
						<int id="y">724</int>
						<int id="h">119</int>
						<str id="name">cloud_fluffy_1_1307749098737</str>
						<str id="sprite_class">cloud_fluffy_1</str>
					</object>
					<object id="mountain_trees_darker_1_1307987031101">
						<int id="w">454</int>
						<int id="z">1</int>
						<int id="r">1</int>
						<int id="x">2165</int>
						<int id="y">779</int>
						<int id="h">72</int>
						<str id="name">mountain_trees_darker_1_1307749098702</str>
						<str id="sprite_class">mountain_trees_darker_1</str>
					</object>
					<object id="cloud_fluffy_1_1307984015708">
						<int id="w">798</int>
						<int id="z">14</int>
						<int id="x">517</int>
						<int id="y">681</int>
						<int id="h">119</int>
						<str id="name">cloud_fluffy_1_1307749098737</str>
						<str id="sprite_class">cloud_fluffy_1</str>
					</object>
					<object id="heights_bush_4_1307749098536">
						<int id="w">640</int>
						<int id="z">0</int>
						<int id="x">4585</int>
						<int id="y">786</int>
						<int id="h">24</int>
						<str id="name">heights_bush_4_1307741552494</str>
						<str id="sprite_class">heights_bush_4</str>
					</object>
					<object id="heights_bush_4_1307749098700">
						<int id="w">452</int>
						<int id="z">10</int>
						<int id="r">-2</int>
						<int id="x">409</int>
						<int id="y">759</int>
						<int id="h">24</int>
						<str id="name">heights_bush_4_1307741552494</str>
						<str id="sprite_class">heights_bush_4</str>
					</object>
					<object id="cloud_fluffy_2_1307984015711">
						<int id="w">1069</int>
						<int id="z">12</int>
						<int id="x">4644</int>
						<int id="y">728</int>
						<int id="h">114</int>
						<str id="name">cloud_fluffy_2_1307749098529</str>
						<str id="sprite_class">cloud_fluffy_2</str>
					</object>
					<object id="cloud_fluffy_1_1307984015707">
						<int id="w">1093</int>
						<int id="z">15</int>
						<int id="x">3837</int>
						<int id="y">656</int>
						<int id="h">163</int>
						<str id="name">cloud_fluffy_1_1307749098737</str>
						<str id="sprite_class">cloud_fluffy_1</str>
					</object>
					<object id="cloud_fluffy_2_1307984015710">
						<int id="w">1069</int>
						<int id="z">13</int>
						<int id="x">2874</int>
						<int id="y">742</int>
						<int id="h">114</int>
						<str id="name">cloud_fluffy_2_1307749098529</str>
						<str id="sprite_class">cloud_fluffy_2</str>
					</object>
					<object id="tree_bare_bunch_1_1307992844127">
						<int id="w">49</int>
						<int id="z">22</int>
						<int id="r">-10</int>
						<int id="x">4736</int>
						<int id="y">800</int>
						<int id="h">46</int>
						<str id="name">tree_bare_bunch_1_1307992844123</str>
						<str id="sprite_class">tree_bare_bunch_1</str>
					</object>
					<object id="heights_bush_3_1307749098533">
						<int id="w">509</int>
						<int id="z">7</int>
						<int id="x">4880</int>
						<int id="y">788</int>
						<int id="h">28</int>
						<str id="name">heights_bush_3_1307741552495</str>
						<str id="sprite_class">heights_bush_3</str>
					</object>
					<object id="heights_bush_4_1307749098585">
						<int id="w">910</int>
						<int id="z">6</int>
						<int id="r">2</int>
						<int id="x">4210</int>
						<int id="y">781</int>
						<int id="h">23</int>
						<str id="name">heights_bush_4_1307741552494</str>
						<str id="sprite_class">heights_bush_4</str>
					</object>
				</object>
				<int id="w">5160</int>
				<int id="h">992</int>
				<int id="z">-5</int>
				<object id="filtersNEW">
					<object id="contrast">
						<int id="value">-10</int>
					</object>
					<object id="blur">
						<int id="value">3</int>
					</object>
					<object id="saturation">
						<int id="value">-60</int>
					</object>
					<object id="tintColor">
						<int id="value">16763904</int>
					</object>
					<object id="tintAmount">
						<int id="value">80</int>
					</object>
					<object id="brightness">
						<int id="value">19</int>
					</object>
				</object>
				<str id="name">sky</str>
			</object>
			<object id="T_1307741552439">
				<object id="decos">
					<object id="stalagmite_base_3_1307749098627">
						<int id="w">93</int>
						<int id="z">26</int>
						<int id="x">901</int>
						<int id="y">837</int>
						<int id="h">19</int>
						<str id="name">stalagmite_base_3_1307741552481</str>
						<str id="sprite_class">stalagmite_base_3</str>
					</object>
					<object id="lens_grass_1_1307987031052">
						<int id="w">213</int>
						<int id="z">39</int>
						<int id="x">3</int>
						<int id="y">856</int>
						<int id="h">45</int>
						<str id="name">lens_grass_1_1307987031014</str>
						<str id="sprite_class">lens_grass_1</str>
					</object>
					<object id="stalagmite_base_3_1307749098626">
						<int id="w">93</int>
						<int id="z">25</int>
						<int id="x">865</int>
						<int id="y">833</int>
						<int id="h">19</int>
						<str id="name">stalagmite_base_3_1307741552481</str>
						<str id="sprite_class">stalagmite_base_3</str>
					</object>
					<object id="tree_acacia_3_1307749098496">
						<int id="w">863</int>
						<int id="z">14</int>
						<int id="x">4490</int>
						<int id="y">856</int>
						<int id="h">395</int>
						<str id="name">tree_acacia_3_1307749098496</str>
						<str id="sprite_class">tree_acacia_3</str>
					</object>
					<object id="pampas_2_1307749098499">
						<int id="w">26</int>
						<int id="z">15</int>
						<int id="x">5396</int>
						<int id="y">838</int>
						<int id="h">40</int>
						<str id="name">pampas_2_1307749098499</str>
						<str id="sprite_class">pampas_2</str>
					</object>
					<object id="lens_grass_1_1307987031031">
						<int id="w">190</int>
						<int id="z">8</int>
						<int id="x">2477</int>
						<int id="y">884</int>
						<int id="h">40</int>
						<str id="name">lens_grass_1_1307987031014</str>
						<str id="sprite_class">lens_grass_1</str>
					</object>
					<object id="tree_acacia_1_1307992844129">
						<int id="w">717</int>
						<int id="z">33</int>
						<int id="x">642</int>
						<int id="y">847</int>
						<int id="h">446</int>
						<str id="name">tree_acacia_1_1307749098552</str>
						<str id="sprite_class">tree_acacia_1</str>
					</object>
					<object id="stalagmite_base_1_1307749098628">
						<int id="w">45</int>
						<int id="z">27</int>
						<int id="x">863</int>
						<int id="y">825</int>
						<int id="h">18</int>
						<str id="name">stalagmite_base_1_1307741552479</str>
						<str id="sprite_class">stalagmite_base_1</str>
					</object>
					<object id="stalagmite_base_3_1307749098631">
						<int id="w">48</int>
						<int id="z">30</int>
						<int id="x">1062</int>
						<int id="y">834</int>
						<int id="h">11</int>
						<str id="name">stalagmite_base_3_1307741552481</str>
						<str id="sprite_class">stalagmite_base_3</str>
					</object>
					<object id="gravel_2_1307749098659">
						<int id="w">20</int>
						<int id="z">24</int>
						<int id="x">882</int>
						<int id="y">817</int>
						<int id="h">11</int>
						<str id="name">gravel_2_1307741552484</str>
						<str id="sprite_class">gravel_2</str>
					</object>
					<object id="alakol_water_rock_1_1307749098605">
						<int id="w">79</int>
						<int id="z">21</int>
						<int id="x">3427</int>
						<int id="y">841</int>
						<int id="h">44</int>
						<str id="name">alakol_water_rock_1_1307749098577</str>
						<str id="sprite_class">alakol_water_rock_1</str>
					</object>
					<object id="tree_acacia_2_1308037220490">
						<int id="w">606</int>
						<int id="z">42</int>
						<int id="x">1623</int>
						<int id="y">836</int>
						<int id="h">391</int>
						<str id="name">tree_acacia_2_1307749098540</str>
						<str id="sprite_class">tree_acacia_2</str>
					</object>
					<object id="stalagmite_base_1_1307749098629">
						<int id="w">98</int>
						<int id="z">28</int>
						<int id="x">1107</int>
						<int id="y">821</int>
						<int id="h">26</int>
						<str id="name">stalagmite_base_1_1307741552479</str>
						<str id="sprite_class">stalagmite_base_1</str>
					</object>
					<object id="alakol_water_rock_2_1307749098604">
						<int id="w">117</int>
						<int id="z">19</int>
						<int id="x">3347</int>
						<int id="y">854</int>
						<int id="h">48</int>
						<str id="name">alakol_water_rock_2_1307749098574</str>
						<str id="sprite_class">alakol_water_rock_2</str>
					</object>
					<object id="lens_grass_1_1307987031070">
						<int id="w">241</int>
						<int id="z">41</int>
						<int id="x">4186</int>
						<int id="y">862</int>
						<int id="h">39</int>
						<str id="name">lens_grass_1_1307987031014</str>
						<str id="sprite_class">lens_grass_1</str>
					</object>
					<object id="lens_grass_1_1307987031069">
						<int id="w">241</int>
						<int id="z">40</int>
						<int id="x">4106</int>
						<int id="y">853</int>
						<int id="h">39</int>
						<str id="name">lens_grass_1_1307987031014</str>
						<str id="sprite_class">lens_grass_1</str>
					</object>
					<object id="lens_grass_1_1307741552458">
						<int id="w">1626</int>
						<int id="z">5</int>
						<int id="x">207</int>
						<int id="y">918</int>
						<int id="h">110</int>
						<str id="name">lens_grass_1_1307741552445</str>
						<str id="sprite_class">lens_grass_1</str>
					</object>
					<object id="stalagmite_base_2_1307749098625">
						<int id="w">191</int>
						<int id="z">22</int>
						<int id="x">939</int>
						<int id="y">830</int>
						<int id="h">36</int>
						<str id="name">stalagmite_base_2_1307741552480</str>
						<str id="sprite_class">stalagmite_base_2</str>
					</object>
					<object id="lens_grass_1_1307987031095">
						<int id="w">186</int>
						<int id="z">37</int>
						<int id="x">1817</int>
						<int id="y">852</int>
						<int id="h">28</int>
						<str id="name">lens_grass_1_1307987031014</str>
						<str id="sprite_class">lens_grass_1</str>
					</object>
					<object id="lens_grass_2_1307741552460">
						<int id="w">1612</int>
						<int id="z">6</int>
						<int id="x">2620</int>
						<int id="y">907</int>
						<int id="h">95</int>
						<str id="name">lens_grass_2_1307741552444</str>
						<str id="sprite_class">lens_grass_2</str>
					</object>
					<object id="stalagmite_base_1_1307749098624">
						<int id="w">126</int>
						<int id="z">23</int>
						<int id="x">948</int>
						<int id="y">817</int>
						<int id="h">29</int>
						<str id="name">stalagmite_base_1_1307741552479</str>
						<str id="sprite_class">stalagmite_base_1</str>
					</object>
					<object id="gravel_2_1307749098661">
						<int id="w">20</int>
						<int id="z">32</int>
						<int id="x">977</int>
						<int id="y">832</int>
						<int id="h">11</int>
						<str id="name">gravel_2_1307741552484</str>
						<str id="sprite_class">gravel_2</str>
					</object>
					<object id="lens_grass_1_1307987031039">
						<int id="w">190</int>
						<int id="z">17</int>
						<int id="x">2886</int>
						<int id="y">855</int>
						<int id="h">40</int>
						<str id="name">lens_grass_1_1307987031014</str>
						<str id="sprite_class">lens_grass_1</str>
					</object>
					<object id="lens_grass_1_1307987031040">
						<int id="w">190</int>
						<int id="z">16</int>
						<int id="x">2750</int>
						<int id="y">847</int>
						<int id="h">40</int>
						<str id="name">lens_grass_1_1307987031014</str>
						<str id="sprite_class">lens_grass_1</str>
					</object>
					<object id="pampas_2_1307749098731">
						<int id="w">28</int>
						<int id="z">38</int>
						<int id="x">1774</int>
						<int id="y">867</int>
						<int id="h">43</int>
						<str id="name">pampas_2_1307749098499</str>
						<str id="sprite_class">pampas_2</str>
					</object>
					<object id="lens_grass_2_1307741552462">
						<int id="w">2075</int>
						<int id="z">11</int>
						<int id="x">4457</int>
						<int id="y">913</int>
						<int id="h">97</int>
						<str id="name">lens_grass_2_1307741552444</str>
						<str id="sprite_class">lens_grass_2</str>
					</object>
					<object id="lens_grass_1_1307741552463">
						<int id="w">1718</int>
						<int id="z">13</int>
						<int id="r">-1</int>
						<int id="x">5299</int>
						<int id="y">912</int>
						<int id="h">89</int>
						<str id="name">lens_grass_1_1307741552445</str>
						<str id="sprite_class">lens_grass_1</str>
					</object>
					<object id="lens_grass_1_1307741552459">
						<int id="w">1578</int>
						<int id="z">7</int>
						<int id="x">1745</int>
						<int id="y">911</int>
						<int id="h">104</int>
						<str id="name">lens_grass_1_1307741552445</str>
						<str id="sprite_class">lens_grass_1</str>
					</object>
					<object id="lens_grass_1_1307987031033">
						<int id="w">190</int>
						<int id="z">10</int>
						<int id="x">2237</int>
						<int id="y">904</int>
						<int id="h">40</int>
						<str id="name">lens_grass_1_1307987031014</str>
						<str id="sprite_class">lens_grass_1</str>
					</object>
					<object id="pampas_2_1307749098664">
						<int id="w">22</int>
						<int id="z">35</int>
						<int id="x">3433</int>
						<int id="y">842</int>
						<int id="h">34</int>
						<str id="name">pampas_2_1307749098499</str>
						<str id="sprite_class">pampas_2</str>
					</object>
					<object id="gravel_2_1307749098660">
						<int id="w">26</int>
						<int id="z">31</int>
						<int id="r">-3</int>
						<int id="x">999</int>
						<int id="y">829</int>
						<int id="h">14</int>
						<str id="name">gravel_2_1307741552484</str>
						<str id="sprite_class">gravel_2</str>
					</object>
					<object id="lens_grass_1_1307987031042">
						<int id="w">186</int>
						<int id="z">36</int>
						<int id="x">1876</int>
						<int id="y">842</int>
						<int id="h">28</int>
						<str id="name">lens_grass_1_1307987031014</str>
						<str id="sprite_class">lens_grass_1</str>
					</object>
					<object id="stalagmite_base_3_1307749098630">
						<int id="w">48</int>
						<int id="z">29</int>
						<int id="x">1119</int>
						<int id="y">808</int>
						<int id="h">11</int>
						<str id="name">stalagmite_base_3_1307741552481</str>
						<str id="sprite_class">stalagmite_base_3</str>
					</object>
					<object id="lens_grass_2_1307741552457">
						<int id="w">1670</int>
						<int id="z">4</int>
						<int id="x">977</int>
						<int id="y">904</int>
						<int id="h">99</int>
						<str id="name">lens_grass_2_1307741552444</str>
						<str id="sprite_class">lens_grass_2</str>
					</object>
					<object id="lens_grass_1_1307741552461">
						<int id="w">1681</int>
						<int id="z">12</int>
						<int id="x">3590</int>
						<int id="y">927</int>
						<int id="h">110</int>
						<str id="name">lens_grass_1_1307741552445</str>
						<str id="sprite_class">lens_grass_1</str>
					</object>
					<object id="lens_grass_1_1307987031032">
						<int id="w">190</int>
						<int id="z">9</int>
						<int id="x">2332</int>
						<int id="y">897</int>
						<int id="h">40</int>
						<str id="name">lens_grass_1_1307987031014</str>
						<str id="sprite_class">lens_grass_1</str>
					</object>
				</object>
				<int id="w">5820</int>
				<int id="h">1000</int>
				<int id="z">-1</int>
				<object id="filtersNEW">
					<object id="saturation">
						<int id="value">13</int>
					</object>
					<object id="tintColor">
						<int id="value">0</int>
					</object>
					<object id="contrast">
						<int id="value">0</int>
					</object>
					<object id="brightness">
						<int id="value">13</int>
					</object>
				</object>
				<str id="name">bg_1</str>
			</object>
		</object>
		<null id="loading_label"/>
		<int id="ground_y">0</int>
		<int id="rookable_type">0</int>
		<null id="physics"/>
		<null id="img_file_versioned"/>
		<str id="tsid">LA5146P2JC42B1Q</str>
		<str id="swf_file_versioned">http://c2.glitch.bz/locations/groddle1/1316726082.swf</str>
		<object id="gradient">
			<str id="top">7395BF</str>
			<str id="bottom">FFD859</str>
		</object>
		<object id="sources">
			<int id="LA515KVOUC42I7T">1</int>
			<int id="LA5157TDPC42IGK">1</int>
			<int id="LA55S7P5RJ42VTG">1</int>
			<int id="LA5101HF7F429V5">1</int>
			<int id="LA5CTEP5UH42CQC">1</int>
			<int id="LA52G8H9PJ420LQ">1</int>
		</object>
		<str id="music_file"></str>
		<bool id="wall_jump">false</bool>
		<bool id="no_zoom">false</bool>
	</object>
</game_object>
