<game_object tsid="GA5134UPLRU29OH" ts="1354059911016" label="Abandoned Gregarious Grange Towers" class_tsid="" lastUpdateTime="1354059900" upd_gs="gs10" load_time="2012-11-27 15:45:01.000" upd_time="2012-11-27 15:32:11.530">
	<object id="dynamic">
		<int id="l">-750</int>
		<int id="r">750</int>
		<int id="t">-642</int>
		<int id="b">0</int>
		<str id="label">Abandoned Gregarious Grange Towers</str>
		<str id="swf_file">groddle_apt.swf,groddle1.swf,subway1.swf,abbasid1.swf,firebog.swf,bldg_int_apt.swf,home_groddle.swf</str>
		<object id="layers">
			<object id="T_1336414498922">
				<int id="w">1500</int>
				<int id="h">642</int>
				<int id="z">-2</int>
				<str id="name">Wood Frames</str>
				<object id="decos">
					<object id="crosssection_top_horizontal_500px_firebog1_1336418407208">
						<str id="sprite_class">crosssection_top_horizontal_500px_firebog1</str>
						<int id="w">315</int>
						<int id="r">90</int>
						<int id="x">187</int>
						<int id="y">277</int>
						<int id="h">11</int>
						<int id="z">0</int>
						<str id="name">crosssection_top_horizontal_500px_firebog1_1336418407208</str>
					</object>
					<object id="apartment_hall_wood_border_side_1336414498947">
						<str id="sprite_class">apartment_hall_wood_border_side</str>
						<int id="w">190</int>
						<int id="x">1483</int>
						<bool id="h_flip">true</bool>
						<int id="y">620</int>
						<int id="h">589</int>
						<int id="z">3</int>
						<str id="name">apartment_hall_wood_border_side_1336414498919</str>
					</object>
					<object id="apartment_hall_wood_border_1336414498924">
						<str id="sprite_class">apartment_hall_wood_border</str>
						<int id="w">465</int>
						<int id="x">422</int>
						<bool id="h_flip">true</bool>
						<int id="y">471</int>
						<int id="h">364</int>
						<int id="z">4</int>
						<str id="name">apartment_hall_wood_border_1336414498920</str>
					</object>
					<object id="apartment_hall_wood_border_1336414498923">
						<str id="sprite_class">apartment_hall_wood_border</str>
						<int id="w">445</int>
						<int id="x">1168</int>
						<int id="y">470</int>
						<int id="h">364</int>
						<int id="z">5</int>
						<str id="name">apartment_hall_wood_border_1336414498920</str>
					</object>
					<object id="crosssection_top_horizontal_500px_firebog1_1336418407209">
						<str id="sprite_class">crosssection_top_horizontal_500px_firebog1</str>
						<int id="w">315</int>
						<int id="r">90</int>
						<int id="x">1383</int>
						<int id="y">291</int>
						<int id="h">11</int>
						<int id="z">1</int>
						<str id="name">crosssection_top_horizontal_500px_firebog1_1336418407208</str>
					</object>
					<object id="apartment_hall_wood_border_side_1336414498925">
						<str id="sprite_class">apartment_hall_wood_border_side</str>
						<int id="w">190</int>
						<int id="x">96</int>
						<int id="y">620</int>
						<int id="h">589</int>
						<int id="z">2</int>
						<str id="name">apartment_hall_wood_border_side_1336414498919</str>
					</object>
				</object>
			</object>
			<object id="T_1336414498952">
				<int id="w">1500</int>
				<int id="h">642</int>
				<int id="z">-4</int>
				<str id="name">asset middleground</str>
				<object id="decos">
					<object id="apartment_brick_wall_1336414498962">
						<str id="sprite_class">apartment_brick_wall</str>
						<int id="w">158</int>
						<int id="x">424</int>
						<int id="y">485</int>
						<int id="h">385</int>
						<int id="z">11</int>
						<str id="name">apartment_brick_wall_1336414498926</str>
					</object>
					<object id="wallpaper_back_shadow_right_1336418407248">
						<str id="sprite_class">wallpaper_back_shadow_right</str>
						<int id="w">725</int>
						<int id="r">-180</int>
						<int id="x">1144</int>
						<bool id="h_flip">true</bool>
						<int id="y">461</int>
						<int id="h">180</int>
						<int id="z">14</int>
						<str id="name">wallpaper_back_shadow_right_1336418407240</str>
					</object>
					<object id="wallpaper_back_shadow_right_1336418407249">
						<str id="sprite_class">wallpaper_back_shadow_right</str>
						<int id="w">725</int>
						<int id="r">-180</int>
						<int id="x">1144</int>
						<bool id="h_flip">true</bool>
						<int id="y">461</int>
						<int id="h">180</int>
						<int id="z">15</int>
						<str id="name">wallpaper_back_shadow_right_1336418407240</str>
					</object>
					<object id="wallpaper_back_shadow_right_1336418407247">
						<str id="sprite_class">wallpaper_back_shadow_right</str>
						<int id="w">725</int>
						<int id="r">-180</int>
						<int id="x">443</int>
						<int id="y">462</int>
						<int id="h">180</int>
						<int id="z">25</int>
						<str id="name">wallpaper_back_shadow_right_1336418407240</str>
					</object>
					<object id="groddle_light_pool_1336414498966">
						<str id="sprite_class">groddle_light_pool</str>
						<int id="w">31</int>
						<int id="r">-90</int>
						<int id="x">745</int>
						<int id="y">209</int>
						<int id="h">13</int>
						<int id="z">8</int>
						<str id="name">groddle_light_pool_1329419936637</str>
					</object>
					<object id="apartment_lobby_1336414498973">
						<str id="sprite_class">apartment_lobby</str>
						<int id="w">1563</int>
						<int id="x">782</int>
						<int id="y">642</int>
						<int id="h">643</int>
						<int id="z">1</int>
						<str id="name">apartment_lobby_1291229081033</str>
					</object>
					<object id="apartment_brick_wall_1336414498963">
						<str id="sprite_class">apartment_brick_wall</str>
						<int id="w">158</int>
						<int id="x">571</int>
						<int id="y">485</int>
						<int id="h">385</int>
						<int id="z">10</int>
						<str id="name">apartment_brick_wall_1336414498926</str>
					</object>
					<object id="groddle_light_pool_1336414498970">
						<str id="sprite_class">groddle_light_pool</str>
						<int id="w">38</int>
						<int id="r">-90</int>
						<int id="x">400</int>
						<int id="y">214</int>
						<int id="h">21</int>
						<int id="z">4</int>
						<str id="name">groddle_light_pool_1329419936637</str>
					</object>
					<object id="groddle_light_pool_1336414498971">
						<str id="sprite_class">groddle_light_pool</str>
						<int id="w">31</int>
						<int id="r">-90</int>
						<int id="x">385</int>
						<int id="y">268</int>
						<int id="h">16</int>
						<int id="z">3</int>
						<str id="name">groddle_light_pool_1329419936637</str>
					</object>
					<object id="apartment_brick_wall_side_1336414498959">
						<str id="sprite_class">apartment_brick_wall_side</str>
						<int id="w">191</int>
						<int id="x">1489</int>
						<bool id="h_flip">true</bool>
						<int id="y">628</int>
						<int id="h">589</int>
						<int id="z">17</int>
						<str id="name">apartment_brick_wall_side_1336414498932</str>
					</object>
					<object id="groddle_light_pool_1336414498965">
						<str id="sprite_class">groddle_light_pool</str>
						<int id="w">31</int>
						<int id="r">-90</int>
						<int id="x">752</int>
						<int id="y">172</int>
						<int id="h">15</int>
						<int id="z">9</int>
						<str id="name">groddle_light_pool_1329419936637</str>
					</object>
					<object id="apartment_hall_ceiling_piece_2_1336414498954">
						<str id="sprite_class">apartment_hall_ceiling_piece_2</str>
						<int id="w">728</int>
						<int id="r">-180</int>
						<int id="x">691</int>
						<bool id="h_flip">true</bool>
						<int id="y">31</int>
						<int id="h">59</int>
						<int id="z">21</int>
						<str id="name">apartment_hall_ceiling_piece_2_1336414498942</str>
					</object>
					<object id="wallpaper_back_shadow_right_1336418407250">
						<str id="sprite_class">wallpaper_back_shadow_right</str>
						<int id="w">725</int>
						<int id="r">-180</int>
						<int id="x">1144</int>
						<bool id="h_flip">true</bool>
						<int id="y">461</int>
						<int id="h">180</int>
						<int id="z">16</int>
						<str id="name">wallpaper_back_shadow_right_1336418407240</str>
					</object>
					<object id="cave_icicle_1b_z1_1336414498974">
						<str id="sprite_class">cave_icicle_1b_z1</str>
						<int id="w">92</int>
						<int id="x">305</int>
						<int id="y">150</int>
						<int id="h">29</int>
						<int id="z">0</int>
						<str id="name">cave_icicle_1b_z1_1329419936535</str>
					</object>
					<object id="wallpaper_back_shadow_right_1336418407245">
						<str id="sprite_class">wallpaper_back_shadow_right</str>
						<int id="w">725</int>
						<int id="r">-180</int>
						<int id="x">443</int>
						<int id="y">462</int>
						<int id="h">180</int>
						<int id="z">23</int>
						<str id="name">wallpaper_back_shadow_right_1336418407240</str>
					</object>
					<object id="apartment_brick_wall_1336414498956">
						<str id="sprite_class">apartment_brick_wall</str>
						<int id="w">158</int>
						<int id="x">1020</int>
						<int id="y">483</int>
						<int id="h">385</int>
						<int id="z">20</int>
						<str id="name">apartment_brick_wall_1336414498926</str>
					</object>
					<object id="apartment_hall_ceiling_piece_1_1336414498968">
						<str id="sprite_class">apartment_hall_ceiling_piece_1</str>
						<int id="w">1188</int>
						<int id="x">585</int>
						<int id="y">104</int>
						<int id="h">74</int>
						<int id="z">6</int>
						<str id="name">apartment_hall_ceiling_piece_1_1336414498939</str>
					</object>
					<object id="crack_building_5_1336414498972">
						<str id="sprite_class">crack_building_5</str>
						<int id="w">15</int>
						<int id="r">-15</int>
						<int id="x">1428</int>
						<int id="y">481</int>
						<int id="h">60</int>
						<int id="z">2</int>
						<str id="name">crack_building_5_1329417988239</str>
					</object>
					<object id="apartment_brick_wall_1336414498958">
						<str id="sprite_class">apartment_brick_wall</str>
						<int id="w">158</int>
						<int id="x">1314</int>
						<int id="y">483</int>
						<int id="h">385</int>
						<int id="z">18</int>
						<str id="name">apartment_brick_wall_1336414498926</str>
					</object>
					<object id="wallpaper_back_shadow_right_1336418407246">
						<str id="sprite_class">wallpaper_back_shadow_right</str>
						<int id="w">725</int>
						<int id="r">-180</int>
						<int id="x">443</int>
						<int id="y">462</int>
						<int id="h">180</int>
						<int id="z">24</int>
						<str id="name">wallpaper_back_shadow_right_1336418407240</str>
					</object>
					<object id="apartment_brick_wall_1336414498957">
						<str id="sprite_class">apartment_brick_wall</str>
						<int id="w">158</int>
						<int id="x">1167</int>
						<int id="y">483</int>
						<int id="h">385</int>
						<int id="z">19</int>
						<str id="name">apartment_brick_wall_1336414498926</str>
					</object>
					<object id="apartment_brick_wall_side_1336414498960">
						<str id="sprite_class">apartment_brick_wall_side</str>
						<int id="w">191</int>
						<int id="x">92</int>
						<int id="y">622</int>
						<int id="h">589</int>
						<int id="z">13</int>
						<str id="name">apartment_brick_wall_side_1336414498932</str>
					</object>
					<object id="apartment_brick_wall_1336414498961">
						<str id="sprite_class">apartment_brick_wall</str>
						<int id="w">158</int>
						<int id="x">277</int>
						<int id="y">485</int>
						<int id="h">385</int>
						<int id="z">12</int>
						<str id="name">apartment_brick_wall_1336414498926</str>
					</object>
					<object id="groddle_light_pool_1336414498969">
						<str id="sprite_class">groddle_light_pool</str>
						<int id="w">31</int>
						<int id="r">-90</int>
						<int id="x">541</int>
						<int id="y">235</int>
						<int id="h">11</int>
						<int id="z">5</int>
						<str id="name">groddle_light_pool_1329419936637</str>
					</object>
					<object id="apartment_hall_ceiling_piece_1_1336414498967">
						<str id="sprite_class">apartment_hall_ceiling_piece_1</str>
						<int id="w">1188</int>
						<int id="x">990</int>
						<bool id="h_flip">true</bool>
						<int id="y">106</int>
						<int id="h">77</int>
						<int id="z">7</int>
						<str id="name">apartment_hall_ceiling_piece_1_1336414498939</str>
					</object>
				</object>
			</object>
			<object id="middleground">
				<object id="filtersNEW">
					<object id="brightness">
						<int id="value">-15</int>
					</object>
					<object id="tintAmount">
						<int id="value">5</int>
					</object>
					<object id="tintColor">
						<int id="value">16746496</int>
					</object>
				</object>
				<object id="decos">
					<object id="apartment_lobby_door_separated_1336430503187">
						<str id="sprite_class">apartment_lobby_door_separated</str>
						<int id="w">95</int>
						<int id="x">735</int>
						<int id="y">-94</int>
						<int id="h">252</int>
						<int id="z">12</int>
						<str id="name">apartment_lobby_door_separated_1336430503187</str>
					</object>
					<object id="vase_1_1336418407237">
						<str id="sprite_class">vase_1</str>
						<int id="w">65</int>
						<int id="x">608</int>
						<int id="y">-241</int>
						<int id="h">118</int>
						<int id="z">6</int>
						<str id="name">vase_1_1336418407237</str>
					</object>
					<object id="vase_1_1336429009357">
						<str id="sprite_class">vase_1</str>
						<int id="w">56</int>
						<int id="x">-263</int>
						<bool id="h_flip">true</bool>
						<int id="y">-153</int>
						<int id="h">104</int>
						<int id="z">10</int>
						<str id="name">vase_1_1336429009357</str>
					</object>
					<object id="crate_2_1336418407212">
						<str id="sprite_class">crate_2</str>
						<int id="w">148</int>
						<int id="x">-156</int>
						<int id="y">-126</int>
						<int id="h">125</int>
						<int id="z">7</int>
						<str id="name">crate_2_1336418407212</str>
					</object>
					<object id="light_spot_1336418407230">
						<str id="sprite_class">light_spot</str>
						<int id="w">424</int>
						<int id="x">60</int>
						<int id="y">-279</int>
						<int id="h">424</int>
						<int id="z">1</int>
						<str id="name">light_spot_1336418407230</str>
					</object>
					<object id="crate_2_1336418407231">
						<str id="sprite_class">crate_2</str>
						<int id="w">148</int>
						<int id="x">616</int>
						<int id="y">-134</int>
						<int id="h">125</int>
						<int id="z">0</int>
						<str id="name">crate_2_1336418407212</str>
					</object>
					<object id="apartment_xsection_top_1_1336418407282">
						<str id="sprite_class">apartment_xsection_top_1</str>
						<int id="w">2328</int>
						<int id="x">417</int>
						<bool id="h_flip">true</bool>
						<int id="y">-612</int>
						<int id="h">31</int>
						<int id="z">5</int>
						<str id="name">apartment_xsection_top_1_1329417988273</str>
					</object>
					<object id="vase_broken_2_1336429009356">
						<str id="sprite_class">vase_broken_2</str>
						<int id="w">99</int>
						<int id="x">-239</int>
						<int id="y">-114</int>
						<int id="h">70</int>
						<int id="z">11</int>
						<str id="name">vase_broken_2_1336429009356</str>
					</object>
					<object id="apartment_lobby_stairs_separated_1336417180893">
						<str id="sprite_class">apartment_lobby_stairs_separated</str>
						<int id="w">200</int>
						<int id="x">688</int>
						<int id="y">-55</int>
						<int id="h">98</int>
						<int id="z">2</int>
						<str id="name">apartment_lobby_stairs_separated_1336417180893</str>
					</object>
					<object id="apartment_hall_lightbulb_1336418407228">
						<str id="sprite_class">apartment_hall_lightbulb</str>
						<int id="w">981</int>
						<int id="x">536</int>
						<int id="y">-291</int>
						<int id="h">286</int>
						<int id="z">4</int>
						<str id="name">apartment_hall_lightbulb_1336414498948</str>
					</object>
					<object id="vase_broken_1_1336429009355">
						<str id="sprite_class">vase_broken_1</str>
						<int id="w">73</int>
						<int id="x">-325</int>
						<int id="y">-136</int>
						<int id="h">68</int>
						<int id="z">9</int>
						<str id="name">vase_broken_1_1336429009355</str>
					</object>
					<object id="barrel_1_1336418407238">
						<str id="sprite_class">barrel_1</str>
						<int id="w">87</int>
						<int id="x">228</int>
						<int id="y">-143</int>
						<int id="h">128</int>
						<int id="z">3</int>
						<str id="name">barrel_1_1336418407217</str>
					</object>
					<object id="crate_2_1336429009353">
						<str id="sprite_class">crate_2</str>
						<int id="w">106</int>
						<int id="x">-151</int>
						<int id="y">-218</int>
						<int id="h">90</int>
						<int id="z">8</int>
						<str id="name">crate_2_1336418407212</str>
					</object>
				</object>
				<object id="boxes">
				</object>
				<object id="signposts">
					<object id="signpost_1336673011493">
						<str id="quarter">RIF12A8IEUK1V1B</str>
						<int id="w">392</int>
						<object id="connects">
							<object id="1_2">
								<str id="hub_id">58</str>
								<int id="x">115</int>
								<int id="y">-105</int>
								<str id="swf_file_versioned">http://c2.glitch.bz/locations/groddle_apt/1316203455.swf,http://c2.glitch.bz/locations/groddle1/1337366741.swf,http://c2.glitch.bz/locations/subway1/1322701280.swf,http://c2.glitch.bz/locations/abbasid1/1330374046.swf,http://c2.glitch.bz/locations/firebog/1331248191.swf,http://c2.glitch.bz/locations/bldg_int_apt/1337733478.swf,http://c2.glitch.bz/locations/home_groddle/1336598812.swf</str>
								<str id="mote_id">9</str>
								<objref id="target" tsid="LDOBRNDMU2V2Q34" label="Gregarious Towers, floor 2"/>
							</object>
							<object id="exit">
								<str id="hub_id">58</str>
								<int id="x">180</int>
								<int id="y">-103</int>
								<str id="swf_file_versioned">http://c2.glitch.bz/locations/groddle_apt/1316203455.swf,http://c2.glitch.bz/locations/groddle1/1337366741.swf,http://c2.glitch.bz/locations/subway1/1322701280.swf,http://c2.glitch.bz/locations/abbasid1/1330374046.swf,http://c2.glitch.bz/locations/firebog/1331248191.swf,http://c2.glitch.bz/locations/bldg_int_apt/1337733478.swf,http://c2.glitch.bz/locations/home_groddle/1336598812.swf</str>
								<str id="mote_id">9</str>
								<objref id="target" tsid="LA5134UPLRU29OH" label="Gregarious Towers"/>
							</object>
							<object id="1_3">
								<str id="hub_id">58</str>
								<int id="x">105</int>
								<int id="y">-103</int>
								<str id="swf_file_versioned">http://c2.glitch.bz/locations/groddle_apt/1316203455.swf,http://c2.glitch.bz/locations/groddle1/1337366741.swf,http://c2.glitch.bz/locations/abbasid1/1330374046.swf,http://c2.glitch.bz/locations/firebog/1331248191.swf,http://c2.glitch.bz/locations/bldg_int_apt/1337733478.swf,http://c2.glitch.bz/locations/home_groddle/1336598812.swf,http://c2.glitch.bz/locations/alpine_landscape/1332547509.swf</str>
								<str id="mote_id">9</str>
								<objref id="target" tsid="LDOBROOMU2V2GCK" label="Gregarious Towers, floor 3"/>
							</object>
							<object id="1_1">
								<str id="hub_id">58</str>
								<int id="x">124</int>
								<int id="y">-107</int>
								<str id="swf_file_versioned">http://c2.glitch.bz/locations/groddle_apt/1316203455.swf,http://c2.glitch.bz/locations/groddle1/1337366741.swf,http://c2.glitch.bz/locations/subway1/1322701280.swf,http://c2.glitch.bz/locations/abbasid1/1330374046.swf,http://c2.glitch.bz/locations/firebog/1331248191.swf,http://c2.glitch.bz/locations/bldg_int_apt/1337733478.swf,http://c2.glitch.bz/locations/home_groddle/1336598812.swf</str>
								<str id="mote_id">9</str>
								<objref id="target" tsid="LDOBRLULU2V24DS" label="Gregarious Towers, floor 1"/>
							</object>
						</object>
						<int id="x">58</int>
						<int id="y">-126</int>
						<int id="h">422</int>
						<object id="deco">
							<str id="sprite_class">signpost_asset_elevator</str>
							<int id="h">422</int>
							<int id="w">392</int>
							<str id="name">signpost_asset_elevator_1336673011492</str>
						</object>
					</object>
				</object>
				<object id="targets">
				</object>
				<int id="w">1500</int>
				<object id="platform_lines">
					<object id="plat_1336414498977">
						<object id="end">
							<int id="y">-592</int>
							<int id="x">739</int>
						</object>
						<int id="platform_pc_perm">1</int>
						<int id="platform_item_perm">1</int>
						<object id="start">
							<int id="y">-590</int>
							<int id="x">-590</int>
						</object>
					</object>
					<object id="plat_1337795908272">
						<object id="end">
							<int id="y">-101</int>
							<int id="x">-34</int>
						</object>
						<int id="platform_pc_perm">-1</int>
						<int id="platform_item_perm">-1</int>
						<object id="start">
							<int id="y">-103</int>
							<int id="x">-239</int>
						</object>
					</object>
					<object id="plat_1337795908269">
						<object id="end">
							<int id="y">-85</int>
							<int id="x">475</int>
						</object>
						<int id="platform_pc_perm">-1</int>
						<int id="platform_item_perm">-1</int>
						<object id="start">
							<int id="y">-101</int>
							<int id="x">161</int>
						</object>
					</object>
					<object id="plat_1337795908270">
						<object id="end">
							<int id="y">-101</int>
							<int id="x">161</int>
						</object>
						<int id="platform_pc_perm">-1</int>
						<int id="platform_item_perm">-1</int>
						<object id="start">
							<int id="y">-103</int>
							<int id="x">70</int>
						</object>
					</object>
					<object id="plat_1336418407239">
						<object id="end">
							<int id="y">-263</int>
							<int id="x">247</int>
						</object>
						<int id="platform_pc_perm">-1</int>
						<int id="platform_item_perm">-1</int>
						<object id="start">
							<int id="y">-263</int>
							<int id="x">209</int>
						</object>
					</object>
					<object id="plat_1336414498975">
						<object id="end">
							<int id="y">-93</int>
							<int id="x">625</int>
						</object>
						<int id="platform_pc_perm">-1</int>
						<int id="platform_item_perm">-1</int>
						<object id="start">
							<int id="y">-85</int>
							<int id="x">475</int>
						</object>
					</object>
					<object id="plat_1336429009354">
						<object id="end">
							<int id="y">-297</int>
							<int id="x">-117</int>
						</object>
						<int id="platform_pc_perm">-1</int>
						<int id="platform_item_perm">-1</int>
						<object id="start">
							<int id="y">-297</int>
							<int id="x">-182</int>
						</object>
					</object>
					<object id="plat_1336414498976">
						<object id="end">
							<int id="y">-129</int>
							<int id="x">743</int>
						</object>
						<int id="platform_pc_perm">-1</int>
						<int id="platform_item_perm">-1</int>
						<object id="start">
							<int id="y">-129</int>
							<int id="x">672</int>
						</object>
					</object>
					<object id="plat_1337795908273">
						<object id="end">
							<int id="y">-103</int>
							<int id="x">-239</int>
						</object>
						<int id="platform_pc_perm">-1</int>
						<int id="platform_item_perm">-1</int>
						<object id="start">
							<int id="y">-125</int>
							<int id="x">-395</int>
						</object>
					</object>
					<object id="plat_1336414498980">
						<object id="end">
							<int id="y">-112</int>
							<int id="x">631</int>
						</object>
						<int id="platform_pc_perm">-1</int>
						<int id="platform_item_perm">-1</int>
						<object id="start">
							<int id="y">-93</int>
							<int id="x">625</int>
						</object>
					</object>
					<object id="plat_1337795908271">
						<object id="end">
							<int id="y">-103</int>
							<int id="x">70</int>
						</object>
						<int id="platform_pc_perm">-1</int>
						<int id="platform_item_perm">-1</int>
						<object id="start">
							<int id="y">-101</int>
							<int id="x">-34</int>
						</object>
					</object>
					<object id="plat_1336414498978">
						<object id="end">
							<int id="y">-111</int>
							<int id="x">663</int>
						</object>
						<int id="platform_pc_perm">-1</int>
						<int id="platform_item_perm">-1</int>
						<object id="start">
							<int id="y">-112</int>
							<int id="x">631</int>
						</object>
					</object>
					<object id="plat_1336429009350">
						<object id="end">
							<int id="y">-353</int>
							<int id="x">625</int>
						</object>
						<int id="platform_pc_perm">-1</int>
						<int id="platform_item_perm">-1</int>
						<object id="start">
							<int id="y">-353</int>
							<int id="x">592</int>
						</object>
					</object>
					<object id="plat_1336414498979">
						<object id="end">
							<int id="y">-129</int>
							<int id="x">672</int>
						</object>
						<int id="platform_pc_perm">-1</int>
						<int id="platform_item_perm">-1</int>
						<object id="start">
							<int id="y">-111</int>
							<int id="x">663</int>
						</object>
					</object>
					<object id="plat_1336429009349">
						<object id="end">
							<int id="y">-238</int>
							<int id="x">663</int>
						</object>
						<int id="platform_pc_perm">-1</int>
						<int id="platform_item_perm">-1</int>
						<object id="start">
							<int id="y">-239</int>
							<int id="x">577</int>
						</object>
					</object>
					<object id="plat_1337795908274">
						<object id="end">
							<int id="y">-125</int>
							<int id="x">-395</int>
						</object>
						<int id="platform_pc_perm">-1</int>
						<int id="platform_item_perm">-1</int>
						<object id="start">
							<int id="y">-149</int>
							<int id="x">-590</int>
						</object>
					</object>
				</object>
				<str id="name">middleground</str>
				<object id="walls">
					<object id="wall_1336414498983">
						<int id="y">-633</int>
						<null id="pc_perm"/>
						<int id="w">0</int>
						<int id="h">630</int>
						<null id="item_perm"/>
						<int id="x">-590</int>
					</object>
					<object id="wall_1336414498982">
						<int id="y">-637</int>
						<null id="pc_perm"/>
						<int id="w">0</int>
						<int id="h">600</int>
						<null id="item_perm"/>
						<int id="x">739</int>
					</object>
				</object>
				<int id="h">642</int>
				<int id="z">0</int>
				<object id="doors">
					<object id="door_1336430503186">
						<null id="owner_label"/>
						<object id="connect">
							<str id="hub_id">58</str>
							<int id="x">1513</int>
							<int id="y">-65</int>
							<str id="swf_file_versioned">http://c2.glitch.bz/locations/groddle1/1337366741.swf,http://c2.glitch.bz/locations/subway_ext/1322701288.swf,http://c2.glitch.bz/locations/bldg_ext_apt/1336090570.swf,http://c2.glitch.bz/locations/bldg_ext_bhall/1322700824.swf</str>
							<str id="mote_id">9</str>
							<objref id="target" tsid="LLI32G3NUTD100I" label="Gregarious Grange"/>
						</object>
						<bool id="for_sale">false</bool>
						<int id="requires_level">0</int>
						<str id="house_number">0</str>
						<int id="h">250</int>
						<object id="deco">
							<str id="sprite_class">door_asset_abandoned_apartment_int_01a</str>
							<int id="h">250</int>
							<int id="w">79</int>
							<str id="name">door_asset_abandoned_apartment_int_01a_1336430503185</str>
						</object>
						<null id="itemstack_tsid"/>
						<int id="w">79</int>
						<int id="key_id">0</int>
						<null id="owner_tsid"/>
						<int id="y">-94</int>
						<bool id="is_locked">false</bool>
						<int id="x">744</int>
					</object>
					<object id="door_1337795908276">
						<null id="owner_label"/>
						<object id="connect">
							<str id="hub_id">58</str>
							<int id="x">140</int>
							<int id="y">-138</int>
							<str id="swf_file_versioned">http://c2.glitch.bz/locations/home_groddle/1336598812.swf,http://c2.glitch.bz/locations/groddle1/1337366741.swf,http://c2.glitch.bz/locations/subway1/1322701280.swf,http://c2.glitch.bz/locations/abbasid1/1330374046.swf,http://c2.glitch.bz/locations/firebog/1331248191.swf,http://c2.glitch.bz/locations/bldg_int_apt/1337733478.swf</str>
							<str id="mote_id">9</str>
							<objref id="target" tsid="LDONEDVHC4030KF" label="Gregarious Towers Basement"/>
						</object>
						<bool id="for_sale">false</bool>
						<int id="requires_level">0</int>
						<str id="house_number">0</str>
						<int id="h">199</int>
						<object id="deco">
							<str id="sprite_class">door_asset_stairdoor_down_01a_bia</str>
							<int id="h">199</int>
							<int id="w">145</int>
							<str id="name">door_asset_stairdoor_down_01a_bia_1337795908275</str>
						</object>
						<null id="itemstack_tsid"/>
						<int id="w">145</int>
						<int id="key_id">0</int>
						<null id="owner_tsid"/>
						<int id="y">-165</int>
						<bool id="is_locked">false</bool>
						<int id="x">-435</int>
					</object>
				</object>
				<object id="ladders">
				</object>
			</object>
			<object id="T_1329417988274">
				<int id="w">1500</int>
				<int id="h">642</int>
				<int id="z">1</int>
				<object id="filtersNEW">
					<object id="brightness">
						<int id="value">-35</int>
					</object>
				</object>
				<str id="name">middleplus</str>
				<object id="decos">
					<object id="firebog_linear_gradient_shadow_1329419936497">
						<str id="sprite_class">firebog_linear_gradient_shadow</str>
						<int id="w">823</int>
						<int id="r">90</int>
						<int id="x">724</int>
						<int id="y">1154</int>
						<int id="h">1666</int>
						<int id="z">5</int>
						<str id="name">firebog_linear_gradient_shadow_1329419936494</str>
					</object>
					<object id="barrel_1_1337795908267">
						<str id="sprite_class">barrel_1</str>
						<int id="w">94</int>
						<int id="x">118</int>
						<bool id="h_flip">true</bool>
						<int id="y">573</int>
						<int id="h">138</int>
						<int id="z">1</int>
						<str id="name">barrel_1_1336418407217</str>
					</object>
					<object id="crate_2_1336418407216">
						<str id="sprite_class">crate_2</str>
						<int id="w">156</int>
						<int id="x">187</int>
						<int id="y">622</int>
						<int id="h">132</int>
						<int id="z">4</int>
						<str id="name">crate_2_1336418407215</str>
					</object>
					<object id="barrel_1_1336418407218">
						<str id="sprite_class">barrel_1</str>
						<int id="w">94</int>
						<int id="x">291</int>
						<bool id="h_flip">true</bool>
						<int id="y">604</int>
						<int id="h">138</int>
						<int id="z">3</int>
						<str id="name">barrel_1_1336418407217</str>
					</object>
					<object id="firebog_linear_gradient_shadow_1336418407194">
						<str id="sprite_class">firebog_linear_gradient_shadow</str>
						<int id="w">331</int>
						<int id="x">1526</int>
						<bool id="h_flip">true</bool>
						<int id="y">723</int>
						<int id="h">769</int>
						<int id="z">10</int>
						<str id="name">firebog_linear_gradient_shadow_1336418407191</str>
					</object>
					<object id="firebog_linear_gradient_shadow_1336418407197">
						<str id="sprite_class">firebog_linear_gradient_shadow</str>
						<int id="w">331</int>
						<int id="r">-135</int>
						<int id="x">1765</int>
						<int id="y">415</int>
						<int id="h">769</int>
						<int id="z">8</int>
						<str id="name">firebog_linear_gradient_shadow_1336418407191</str>
					</object>
					<object id="firebog_linear_gradient_shadow_1336418407191">
						<str id="sprite_class">firebog_linear_gradient_shadow</str>
						<int id="w">331</int>
						<int id="r">50</int>
						<int id="x">-254</int>
						<int id="y">361</int>
						<int id="h">769</int>
						<int id="z">6</int>
						<str id="name">firebog_linear_gradient_shadow_1336418407191</str>
					</object>
					<object id="barrel_1_1337795908268">
						<str id="sprite_class">barrel_1</str>
						<int id="w">87</int>
						<int id="x">196</int>
						<bool id="h_flip">true</bool>
						<int id="y">566</int>
						<int id="h">128</int>
						<int id="z">0</int>
						<str id="name">barrel_1_1336418407217</str>
					</object>
					<object id="firebog_linear_gradient_shadow_1336418407193">
						<str id="sprite_class">firebog_linear_gradient_shadow</str>
						<int id="w">331</int>
						<int id="r">-50</int>
						<int id="x">1757</int>
						<bool id="h_flip">true</bool>
						<int id="y">339</int>
						<int id="h">769</int>
						<int id="z">12</int>
						<str id="name">firebog_linear_gradient_shadow_1336418407191</str>
					</object>
					<object id="firebog_linear_gradient_shadow_1336418407196">
						<str id="sprite_class">firebog_linear_gradient_shadow</str>
						<int id="w">331</int>
						<int id="r">-50</int>
						<int id="x">367</int>
						<int id="y">886</int>
						<int id="h">769</int>
						<int id="z">7</int>
						<str id="name">firebog_linear_gradient_shadow_1336418407191</str>
					</object>
					<object id="barrel_1_1336418407217">
						<str id="sprite_class">barrel_1</str>
						<int id="w">109</int>
						<int id="x">1509</int>
						<int id="y">611</int>
						<int id="h">138</int>
						<int id="z">2</int>
						<str id="name">barrel_1_1336418407217</str>
					</object>
					<object id="firebog_linear_gradient_shadow_1336418407192">
						<str id="sprite_class">firebog_linear_gradient_shadow</str>
						<int id="w">331</int>
						<int id="x">23</int>
						<int id="y">704</int>
						<int id="h">769</int>
						<int id="z">9</int>
						<str id="name">firebog_linear_gradient_shadow_1336418407191</str>
					</object>
					<object id="firebog_linear_gradient_shadow_1336418407195">
						<str id="sprite_class">firebog_linear_gradient_shadow</str>
						<int id="w">331</int>
						<int id="r">90</int>
						<int id="x">-11</int>
						<bool id="h_flip">true</bool>
						<int id="y">666</int>
						<int id="h">1721</int>
						<int id="z">11</int>
						<str id="name">firebog_linear_gradient_shadow_1336418407191</str>
					</object>
				</object>
			</object>
			<object id="T_1336414498951">
				<int id="w">1500</int>
				<int id="h">642</int>
				<int id="z">-1</int>
				<object id="filtersNEW">
					<object id="brightness">
						<int id="value">-29</int>
					</object>
					<object id="tintColor">
						<int id="value">0</int>
					</object>
					<object id="saturation">
						<int id="value">-19</int>
					</object>
				</object>
				<str id="name">Sadows</str>
				<object id="decos">
					<object id="wallpaper_back_shadow_left_1336418407264">
						<str id="sprite_class">wallpaper_back_shadow_left</str>
						<int id="w">65</int>
						<int id="x">682</int>
						<int id="y">495</int>
						<int id="h">386</int>
						<int id="z">30</int>
						<str id="name">wallpaper_back_shadow_left_1336418407263</str>
					</object>
					<object id="wallpaper_back_shadow_left_1336418407201">
						<str id="sprite_class">wallpaper_back_shadow_left</str>
						<int id="w">485</int>
						<int id="x">1147</int>
						<bool id="h_flip">true</bool>
						<int id="y">468</int>
						<int id="h">360</int>
						<int id="z">14</int>
						<str id="name">wallpaper_back_shadow_left_1336417180912</str>
					</object>
					<object id="wallpaper_back_shadow_left_1336417180913">
						<str id="sprite_class">wallpaper_back_shadow_left</str>
						<int id="w">485</int>
						<int id="x">1185</int>
						<int id="y">466</int>
						<int id="h">360</int>
						<int id="z">12</int>
						<str id="name">wallpaper_back_shadow_left_1336417180912</str>
					</object>
					<object id="wallpaper_back_shadow_left_1336417180926">
						<str id="sprite_class">wallpaper_back_shadow_left</str>
						<int id="w">767</int>
						<int id="x">1005</int>
						<bool id="h_flip">true</bool>
						<int id="y">106</int>
						<int id="h">138</int>
						<int id="z">20</int>
						<str id="name">wallpaper_back_shadow_left_1336417180912</str>
					</object>
					<object id="wallpaper_back_shadow_right_1336418407240">
						<str id="sprite_class">wallpaper_back_shadow_right</str>
						<int id="w">150</int>
						<int id="r">-90</int>
						<int id="x">657</int>
						<int id="y">180</int>
						<int id="h">467</int>
						<int id="z">25</int>
						<str id="name">wallpaper_back_shadow_right_1336418407240</str>
					</object>
					<object id="wallpaper_back_shadow_left_1336418407200">
						<str id="sprite_class">wallpaper_back_shadow_left</str>
						<int id="w">485</int>
						<int id="x">436</int>
						<int id="y">469</int>
						<int id="h">360</int>
						<int id="z">16</int>
						<str id="name">wallpaper_back_shadow_left_1336417180912</str>
					</object>
					<object id="wallpaper_back_shadow_left_1336418407268">
						<str id="sprite_class">wallpaper_back_shadow_left</str>
						<int id="w">65</int>
						<int id="x">917</int>
						<bool id="h_flip">true</bool>
						<int id="y">491</int>
						<int id="h">386</int>
						<int id="z">34</int>
						<str id="name">wallpaper_back_shadow_left_1336418407263</str>
					</object>
					<object id="wallpaper_back_shadow_left_1336418407198">
						<str id="sprite_class">wallpaper_back_shadow_left</str>
						<int id="w">467</int>
						<int id="x">1176</int>
						<int id="y">466</int>
						<int id="h">360</int>
						<int id="z">6</int>
						<str id="name">wallpaper_back_shadow_left_1336417180912</str>
					</object>
					<object id="wallpaper_back_shadow_right_1336418407243">
						<str id="sprite_class">wallpaper_back_shadow_right</str>
						<int id="w">150</int>
						<int id="r">-90</int>
						<int id="x">657</int>
						<int id="y">180</int>
						<int id="h">467</int>
						<int id="z">26</int>
						<str id="name">wallpaper_back_shadow_right_1336418407240</str>
					</object>
					<object id="wallpaper_end_shadow_1336418407190">
						<str id="sprite_class">wallpaper_end_shadow</str>
						<int id="w">163</int>
						<int id="r">-110</int>
						<int id="x">1885</int>
						<bool id="h_flip">true</bool>
						<int id="y">-157</int>
						<int id="h">558</int>
						<int id="z">23</int>
						<str id="name">wallpaper_end_shadow_1336417180918</str>
					</object>
					<object id="wallpaper_back_shadow_left_1336417180924">
						<str id="sprite_class">wallpaper_back_shadow_left</str>
						<int id="w">767</int>
						<int id="x">575</int>
						<int id="y">104</int>
						<int id="h">138</int>
						<int id="z">18</int>
						<str id="name">wallpaper_back_shadow_left_1336417180912</str>
					</object>
					<object id="apartment_hall_elevator_1336414498986">
						<str id="sprite_class">apartment_hall_elevator</str>
						<int id="w">392</int>
						<int id="x">807</int>
						<int id="y">514</int>
						<int id="h">422</int>
						<int id="z">2</int>
						<str id="name">apartment_hall_elevator_1336414498938</str>
					</object>
					<object id="wallpaper_end_shadow_1336417180919">
						<str id="sprite_class">wallpaper_end_shadow</str>
						<int id="w">162</int>
						<int id="x">-52</int>
						<int id="y">600</int>
						<int id="h">558</int>
						<int id="z">24</int>
						<str id="name">wallpaper_end_shadow_1336417180918</str>
					</object>
					<object id="wallpaper_back_shadow_left_1336417180916">
						<str id="sprite_class">wallpaper_back_shadow_left</str>
						<int id="w">485</int>
						<int id="x">436</int>
						<int id="y">469</int>
						<int id="h">360</int>
						<int id="z">15</int>
						<str id="name">wallpaper_back_shadow_left_1336417180912</str>
					</object>
					<object id="wallpaper_back_shadow_right_1336418407269">
						<str id="sprite_class">wallpaper_back_shadow_right</str>
						<int id="w">43</int>
						<int id="r">-90</int>
						<int id="x">1443</int>
						<bool id="h_flip">true</bool>
						<int id="y">87</int>
						<int id="h">1419</int>
						<int id="z">0</int>
						<str id="name">wallpaper_back_shadow_right_1336418407240</str>
					</object>
					<object id="wallpaper_back_shadow_left_1336417180914">
						<str id="sprite_class">wallpaper_back_shadow_left</str>
						<int id="w">485</int>
						<int id="x">1147</int>
						<bool id="h_flip">true</bool>
						<int id="y">468</int>
						<int id="h">360</int>
						<int id="z">13</int>
						<str id="name">wallpaper_back_shadow_left_1336417180912</str>
					</object>
					<object id="wallpaper_back_shadow_left_1336418407267">
						<str id="sprite_class">wallpaper_back_shadow_left</str>
						<int id="w">65</int>
						<int id="x">917</int>
						<bool id="h_flip">true</bool>
						<int id="y">491</int>
						<int id="h">386</int>
						<int id="z">33</int>
						<str id="name">wallpaper_back_shadow_left_1336418407263</str>
					</object>
					<object id="wallpaper_back_shadow_right_1336418407241">
						<str id="sprite_class">wallpaper_back_shadow_right</str>
						<int id="w">150</int>
						<int id="r">-90</int>
						<int id="x">1393</int>
						<int id="y">181</int>
						<int id="h">452</int>
						<int id="z">27</int>
						<str id="name">wallpaper_back_shadow_right_1336418407240</str>
					</object>
					<object id="wallpaper_back_shadow_left_1336417180923">
						<str id="sprite_class">wallpaper_back_shadow_left</str>
						<int id="w">767</int>
						<int id="x">575</int>
						<int id="y">104</int>
						<int id="h">138</int>
						<int id="z">17</int>
						<str id="name">wallpaper_back_shadow_left_1336417180912</str>
					</object>
					<object id="wallpaper_end_shadow_1336417180911">
						<str id="sprite_class">wallpaper_end_shadow</str>
						<int id="w">133</int>
						<int id="x">1455</int>
						<int id="y">594</int>
						<int id="h">544</int>
						<int id="z">4</int>
						<str id="name">wallpaper_end_shadow_1336417180911</str>
					</object>
					<object id="wallpaper_back_shadow_left_1336417180912">
						<str id="sprite_class">wallpaper_back_shadow_left</str>
						<int id="w">277</int>
						<int id="x">1081</int>
						<int id="y">466</int>
						<int id="h">360</int>
						<int id="z">5</int>
						<str id="name">wallpaper_back_shadow_left_1336417180912</str>
					</object>
					<object id="wallpaper_back_shadow_left_1336417180915">
						<str id="sprite_class">wallpaper_back_shadow_left</str>
						<int id="w">277</int>
						<int id="x">1081</int>
						<int id="y">466</int>
						<int id="h">360</int>
						<int id="z">11</int>
						<str id="name">wallpaper_back_shadow_left_1336417180912</str>
					</object>
					<object id="wallpaper_back_shadow_left_1336418407265">
						<str id="sprite_class">wallpaper_back_shadow_left</str>
						<int id="w">65</int>
						<int id="x">682</int>
						<int id="y">495</int>
						<int id="h">386</int>
						<int id="z">31</int>
						<str id="name">wallpaper_back_shadow_left_1336418407263</str>
					</object>
					<object id="wallpaper_end_shadow_1336417180918">
						<str id="sprite_class">wallpaper_end_shadow</str>
						<int id="w">162</int>
						<int id="x">110</int>
						<bool id="h_flip">true</bool>
						<int id="y">601</int>
						<int id="h">558</int>
						<int id="z">21</int>
						<str id="name">wallpaper_end_shadow_1336417180918</str>
					</object>
					<object id="wallpaper_back_shadow_right_1336418407242">
						<str id="sprite_class">wallpaper_back_shadow_right</str>
						<int id="w">150</int>
						<int id="r">-90</int>
						<int id="x">1393</int>
						<int id="y">181</int>
						<int id="h">452</int>
						<int id="z">28</int>
						<str id="name">wallpaper_back_shadow_right_1336418407240</str>
					</object>
					<object id="wallpaper_back_shadow_left_1336418407266">
						<str id="sprite_class">wallpaper_back_shadow_left</str>
						<int id="w">65</int>
						<int id="x">917</int>
						<bool id="h_flip">true</bool>
						<int id="y">491</int>
						<int id="h">386</int>
						<int id="z">32</int>
						<str id="name">wallpaper_back_shadow_left_1336418407263</str>
					</object>
					<object id="wallpaper_end_shadow_1336417180927">
						<str id="sprite_class">wallpaper_end_shadow</str>
						<int id="w">163</int>
						<int id="r">111</int>
						<int id="x">-301</int>
						<int id="y">-166</int>
						<int id="h">558</int>
						<int id="z">22</int>
						<str id="name">wallpaper_end_shadow_1336417180918</str>
					</object>
					<object id="wallpaper_back_shadow_left_1336418407263">
						<str id="sprite_class">wallpaper_back_shadow_left</str>
						<int id="w">65</int>
						<int id="x">682</int>
						<int id="y">495</int>
						<int id="h">386</int>
						<int id="z">29</int>
						<str id="name">wallpaper_back_shadow_left_1336418407263</str>
					</object>
					<object id="wallpaper_back_shadow_left_1336418407199">
						<str id="sprite_class">wallpaper_back_shadow_left</str>
						<int id="w">459</int>
						<int id="x">424</int>
						<bool id="h_flip">true</bool>
						<int id="y">468</int>
						<int id="h">360</int>
						<int id="z">9</int>
						<str id="name">wallpaper_back_shadow_left_1336417180912</str>
					</object>
					<object id="wallpaper_back_shadow_right_1336418407270">
						<str id="sprite_class">wallpaper_back_shadow_right</str>
						<int id="w">43</int>
						<int id="r">-90</int>
						<int id="x">1443</int>
						<bool id="h_flip">true</bool>
						<int id="y">87</int>
						<int id="h">1419</int>
						<int id="z">1</int>
						<str id="name">wallpaper_back_shadow_right_1336418407240</str>
					</object>
					<object id="wallpaper_back_shadow_left_1336417180921">
						<str id="sprite_class">wallpaper_back_shadow_left</str>
						<int id="w">391</int>
						<int id="x">458</int>
						<bool id="h_flip">true</bool>
						<int id="y">468</int>
						<int id="h">360</int>
						<int id="z">8</int>
						<str id="name">wallpaper_back_shadow_left_1336417180912</str>
					</object>
					<object id="wallpaper_back_shadow_left_1336417180925">
						<str id="sprite_class">wallpaper_back_shadow_left</str>
						<int id="w">767</int>
						<int id="x">1005</int>
						<bool id="h_flip">true</bool>
						<int id="y">106</int>
						<int id="h">138</int>
						<int id="z">19</int>
						<str id="name">wallpaper_back_shadow_left_1336417180912</str>
					</object>
					<object id="wallpaper_back_shadow_left_1336417180920">
						<str id="sprite_class">wallpaper_back_shadow_left</str>
						<int id="w">277</int>
						<int id="x">515</int>
						<bool id="h_flip">true</bool>
						<int id="y">468</int>
						<int id="h">360</int>
						<int id="z">7</int>
						<str id="name">wallpaper_back_shadow_left_1336417180912</str>
					</object>
					<object id="wallpaper_back_shadow_left_1336417180922">
						<str id="sprite_class">wallpaper_back_shadow_left</str>
						<int id="w">391</int>
						<int id="x">458</int>
						<bool id="h_flip">true</bool>
						<int id="y">468</int>
						<int id="h">360</int>
						<int id="z">10</int>
						<str id="name">wallpaper_back_shadow_left_1336417180912</str>
					</object>
				</object>
			</object>
			<object id="T_1336414498950">
				<int id="w">1500</int>
				<int id="h">642</int>
				<int id="z">-3</int>
				<object id="filtersNEW">
					<object id="brightness">
						<int id="value">25</int>
					</object>
					<object id="tintAmount">
						<int id="value">12</int>
					</object>
					<object id="tintColor">
						<int id="value">16767785</int>
					</object>
					<object id="saturation">
						<int id="value">-3</int>
					</object>
				</object>
				<str id="name">Stucco</str>
				<object id="decos">
					<object id="partment_brick_wall_crack_2_1336417180910">
						<str id="sprite_class">partment_brick_wall_crack_2</str>
						<int id="w">152</int>
						<int id="r">-95</int>
						<int id="x">1593</int>
						<int id="y">190</int>
						<int id="h">137</int>
						<int id="z">13</int>
						<str id="name">partment_brick_wall_crack_2_1336417180910</str>
					</object>
					<object id="apartment_brick_wall_side_crack_4_1336417180895">
						<str id="sprite_class">apartment_brick_wall_side_crack_4</str>
						<int id="w">97</int>
						<int id="x">1000</int>
						<int id="y">465</int>
						<int id="h">87</int>
						<int id="z">2</int>
						<str id="name">apartment_brick_wall_side_crack_4_1336417180895</str>
					</object>
					<object id="partment_brick_wall_crack_1_1336417180904">
						<str id="sprite_class">partment_brick_wall_crack_1</str>
						<int id="w">254</int>
						<int id="r">90</int>
						<int id="x">577</int>
						<int id="y">242</int>
						<int id="h">131</int>
						<int id="z">10</int>
						<str id="name">partment_brick_wall_crack_1_1336417180904</str>
					</object>
					<object id="partment_brick_wall_crack_8_1336418407203">
						<str id="sprite_class">partment_brick_wall_crack_8</str>
						<int id="w">254</int>
						<int id="x">1246</int>
						<int id="y">178</int>
						<int id="h">68</int>
						<int id="z">15</int>
						<str id="name">partment_brick_wall_crack_8_1336418407203</str>
					</object>
					<object id="apartment_brick_wall_side_crack_1_1336417180896">
						<str id="sprite_class">apartment_brick_wall_side_crack_1</str>
						<int id="w">122</int>
						<int id="x">1453</int>
						<bool id="h_flip">true</bool>
						<int id="y">195</int>
						<int id="h">123</int>
						<int id="z">3</int>
						<str id="name">apartment_brick_wall_side_crack_1_1336417180896</str>
					</object>
					<object id="apartment_brick_wall_side_crack_2_1336414498984">
						<str id="sprite_class">apartment_brick_wall_side_crack_2</str>
						<int id="w">144</int>
						<int id="x">268</int>
						<int id="y">182</int>
						<int id="h">67</int>
						<int id="z">1</int>
						<str id="name">apartment_brick_wall_side_crack_2_1336414498984</str>
					</object>
					<object id="partment_brick_wall_crack_2_1336417180901">
						<str id="sprite_class">partment_brick_wall_crack_2</str>
						<int id="w">130</int>
						<int id="x">1124</int>
						<int id="y">403</int>
						<int id="h">143</int>
						<int id="z">6</int>
						<str id="name">partment_brick_wall_crack_2_1336417180901</str>
					</object>
					<object id="partment_brick_wall_crack_3_1336418407207">
						<str id="sprite_class">partment_brick_wall_crack_3</str>
						<int id="w">89</int>
						<int id="x">151</int>
						<int id="y">355</int>
						<int id="h">269</int>
						<int id="z">17</int>
						<str id="name">partment_brick_wall_crack_3_1336418407207</str>
					</object>
					<object id="apartment_brick_wall_side_crack_4_1336418407202">
						<str id="sprite_class">apartment_brick_wall_side_crack_4</str>
						<int id="w">97</int>
						<int id="r">-90</int>
						<int id="x">1380</int>
						<bool id="h_flip">true</bool>
						<int id="y">159</int>
						<int id="h">87</int>
						<int id="z">14</int>
						<str id="name">apartment_brick_wall_side_crack_4_1336418407202</str>
					</object>
					<object id="partment_brick_wall_crack_7_1336417180900">
						<str id="sprite_class">partment_brick_wall_crack_7</str>
						<int id="w">279</int>
						<int id="x">1247</int>
						<int id="y">458</int>
						<int id="h">68</int>
						<int id="z">5</int>
						<str id="name">partment_brick_wall_crack_7_1336417180900</str>
					</object>
					<object id="partment_brick_wall_crack_1_1336418407205">
						<str id="sprite_class">partment_brick_wall_crack_1</str>
						<int id="w">243</int>
						<int id="x">354</int>
						<int id="y">273</int>
						<int id="h">125</int>
						<int id="z">16</int>
						<str id="name">partment_brick_wall_crack_1_1336418407205</str>
					</object>
					<object id="partment_brick_wall_crack_6_1336417180903">
						<str id="sprite_class">partment_brick_wall_crack_6</str>
						<int id="w">185</int>
						<int id="r">90</int>
						<int id="x">951</int>
						<int id="y">205</int>
						<int id="h">75</int>
						<int id="z">9</int>
						<str id="name">partment_brick_wall_crack_6_1336417180903</str>
					</object>
					<object id="apartment_brick_wall_side_crack_2_1336418407211">
						<str id="sprite_class">apartment_brick_wall_side_crack_2</str>
						<int id="w">144</int>
						<int id="x">1050</int>
						<int id="y">177</int>
						<int id="h">67</int>
						<int id="z">18</int>
						<str id="name">apartment_brick_wall_side_crack_2_1336418407210</str>
					</object>
					<object id="partment_brick_wall_crack_7_1336417180908">
						<str id="sprite_class">partment_brick_wall_crack_7</str>
						<int id="w">253</int>
						<int id="r">90</int>
						<int id="x">1396</int>
						<bool id="h_flip">true</bool>
						<int id="y">304</int>
						<int id="h">51</int>
						<int id="z">12</int>
						<str id="name">partment_brick_wall_crack_7_1336417180908</str>
					</object>
					<object id="apartment_brick_wall_side_crack_3_1336417180897">
						<str id="sprite_class">apartment_brick_wall_side_crack_3</str>
						<int id="w">115</int>
						<int id="x">125</int>
						<int id="y">538</int>
						<int id="h">158</int>
						<int id="z">4</int>
						<str id="name">apartment_brick_wall_side_crack_3_1336417180897</str>
					</object>
					<object id="partment_brick_wall_crack_3_1336417180899">
						<str id="sprite_class">partment_brick_wall_crack_3</str>
						<int id="w">169</int>
						<int id="x">486</int>
						<int id="y">467</int>
						<int id="h">223</int>
						<int id="z">8</int>
						<str id="name">partment_brick_wall_crack_3_1336417180899</str>
					</object>
					<object id="partment_brick_wall_crack_4_1336417180906">
						<str id="sprite_class">partment_brick_wall_crack_4</str>
						<int id="w">73</int>
						<int id="x">621</int>
						<int id="y">463</int>
						<int id="h">91</int>
						<int id="z">11</int>
						<str id="name">partment_brick_wall_crack_4_1336417180905</str>
					</object>
					<object id="partment_brick_wall_crack_4_1336418407204">
						<str id="sprite_class">partment_brick_wall_crack_4</str>
						<int id="w">73</int>
						<int id="x">1376</int>
						<int id="y">460</int>
						<int id="h">91</int>
						<int id="z">0</int>
						<str id="name">partment_brick_wall_crack_4_1336418407204</str>
					</object>
					<object id="partment_brick_wall_crack_7_1336417180902">
						<str id="sprite_class">partment_brick_wall_crack_7</str>
						<int id="w">259</int>
						<int id="x">315</int>
						<int id="y">459</int>
						<int id="h">62</int>
						<int id="z">7</int>
						<str id="name">partment_brick_wall_crack_7_1336417180902</str>
					</object>
				</object>
			</object>
		</object>
		<null id="img_file_versioned"/>
		<str id="tsid">LA5134UPLRU29OH</str>
		<int id="ground_y">-181</int>
		<object id="sources">
			<int id="LDOBRNDMU2V2Q34">1</int>
			<int id="LDONEDVHC4030KF">1</int>
			<int id="LDOBROOMU2V2GCK">1</int>
			<int id="LDOBRLULU2V24DS">1</int>
			<int id="LA5134UPLRU29OH">1</int>
			<int id="LLI32G3NUTD100I">1</int>
		</object>
		<bool id="no_map">true</bool>
		<null id="loading_label"/>
		<null id="physics"/>
		<str id="swf_file_versioned">http://c2.glitch.bz/locations/groddle_apt/1316203455.swf,http://c2.glitch.bz/locations/groddle1/1337366741.swf,http://c2.glitch.bz/locations/subway1/1322701280.swf,http://c2.glitch.bz/locations/abbasid1/1330374046.swf,http://c2.glitch.bz/locations/firebog/1331248191.swf,http://c2.glitch.bz/locations/bldg_int_apt/1337733478.swf,http://c2.glitch.bz/locations/home_groddle/1336598812.swf</str>
		<int id="rookable_type">0</int>
		<str id="music_file">ABANDONED_APARTMENTS1</str>
		<bool id="wall_jump">false</bool>
		<bool id="no_zoom">true</bool>
	</object>
</game_object>
