<game_object tsid="GA513TDU0J524CU" ts="1337675301519" label="Rustic Rd N" class_tsid="" lastUpdateTime="1337675291447" upd_gs="gs8" load_time="2012-05-22 01:07:27.814" upd_time="2012-05-22 01:23:58.288">
	<object id="dynamic">
		<int id="l">-3000</int>
		<int id="r">3000</int>
		<int id="t">-1000</int>
		<int id="b">0</int>
		<str id="label">Rustic Rd N</str>
		<str id="swf_file">groddle1.swf</str>
		<object id="layers">
			<object id="T_1307741552438">
				<object id="decos">
					<object id="gravel_2_1307749098653">
						<int id="w">24</int>
						<int id="z">7</int>
						<int id="h">13</int>
						<int id="y">970</int>
						<str id="sprite_class">gravel_2</str>
						<str id="name">gravel_2_1307741552484</str>
						<int id="x">272</int>
					</object>
					<object id="stalagmite_base_1_1307749098618">
						<int id="w">82</int>
						<int id="z">6</int>
						<int id="h">22</int>
						<int id="y">971</int>
						<str id="sprite_class">stalagmite_base_1</str>
						<str id="name">stalagmite_base_1_1307741552479</str>
						<int id="x">178</int>
					</object>
					<object id="stalagmite_base_1_1307749098616">
						<int id="w">186</int>
						<int id="z">4</int>
						<int id="h">50</int>
						<int id="y">966</int>
						<str id="sprite_class">stalagmite_base_1</str>
						<str id="name">stalagmite_base_1_1307741552479</str>
						<int id="x">262</int>
					</object>
					<object id="lens_grass_1_1307987031020">
						<int id="w">285</int>
						<int id="z">15</int>
						<int id="h">60</int>
						<int id="y">988</int>
						<str id="sprite_class">lens_grass_1</str>
						<str id="name">lens_grass_1_1307987031014</str>
						<int id="x">5105</int>
					</object>
					<object id="stalagmite_base_3_1307749098619">
						<int id="w">94</int>
						<int id="z">2</int>
						<int id="h">22</int>
						<int id="y">982</int>
						<str id="sprite_class">stalagmite_base_3</str>
						<str id="name">stalagmite_base_3_1307741552481</str>
						<int id="x">31</int>
					</object>
					<object id="pampas_2_1307749098692">
						<int id="w">66</int>
						<int id="z">14</int>
						<int id="h">102</int>
						<int id="y">958</int>
						<str id="sprite_class">pampas_2</str>
						<str id="name">pampas_2_1307749098499</str>
						<int id="x">4970</int>
					</object>
					<object id="gravel_2_1307749098654">
						<int id="w">44</int>
						<int id="z">8</int>
						<int id="h">24</int>
						<int id="y">992</int>
						<str id="sprite_class">gravel_2</str>
						<str id="name">gravel_2_1307741552484</str>
						<int id="x">171</int>
					</object>
					<object id="stalagmite_base_3_1307749098617">
						<int id="w">236</int>
						<int id="z">1</int>
						<int id="h">43</int>
						<int id="y">973</int>
						<str id="sprite_class">stalagmite_base_3</str>
						<str id="name">stalagmite_base_3_1307741552481</str>
						<int id="x">275</int>
					</object>
					<object id="lens_grass_1_1307987031022">
						<int id="w">593</int>
						<int id="z">13</int>
						<int id="h">79</int>
						<int id="y">1004</int>
						<str id="sprite_class">lens_grass_1</str>
						<str id="name">lens_grass_1_1307987031014</str>
						<int id="x">4577</int>
					</object>
					<object id="gravel_2_1307749098655">
						<int id="w">24</int>
						<int id="z">10</int>
						<int id="h">13</int>
						<int id="y">990</int>
						<str id="sprite_class">gravel_2</str>
						<str id="name">gravel_2_1307741552484</str>
						<int id="x">151</int>
					</object>
					<object id="stalagmite_base_2_1307749098615">
						<int id="w">227</int>
						<int id="z">3</int>
						<int id="h">34</int>
						<int id="y">986</int>
						<str id="sprite_class">stalagmite_base_2</str>
						<str id="name">stalagmite_base_2_1307741552480</str>
						<int id="x">207</int>
					</object>
				</object>
				<str id="name">middleplus</str>
				<int id="w">6000</int>
				<int id="h">1000</int>
				<int id="z">1</int>
				<object id="filtersNEW">
					<object id="contrast">
						<int id="value">0</int>
					</object>
					<object id="brightness">
						<int id="value">9</int>
					</object>
					<object id="saturation">
						<int id="value">18</int>
					</object>
					<object id="tintColor">
						<int id="value">0</int>
					</object>
				</object>
			</object>
			<object id="T_1307741552440">
				<object id="decos">
					<object id="lens_grass_1_1307987031045">
						<int id="w">97</int>
						<int id="z">11</int>
						<int id="h">24</int>
						<int id="y">808</int>
						<str id="sprite_class">lens_grass_1</str>
						<str id="name">lens_grass_1_1307987031014</str>
						<int id="x">760</int>
					</object>
					<object id="pampas_2_1307749098714">
						<int id="w">12</int>
						<int id="z">29</int>
						<int id="h">18</int>
						<int id="y">797</int>
						<str id="sprite_class">pampas_2</str>
						<str id="name">pampas_2_1307749098499</str>
						<int id="x">1912</int>
					</object>
					<object id="alakol_water_rock_1_1307749098596">
						<int id="w">66</int>
						<int id="z">23</int>
						<int id="h">17</int>
						<int id="y">800</int>
						<str id="sprite_class">alakol_water_rock_1</str>
						<str id="name">alakol_water_rock_1_1307749098577</str>
						<int id="x">2018</int>
					</object>
					<object id="tree_acacia_2_1307749098706">
						<int id="w">338</int>
						<int id="z">28</int>
						<int id="h">189</int>
						<int id="y">799</int>
						<str id="sprite_class">tree_acacia_2</str>
						<str id="name">tree_acacia_2_1307749098540</str>
						<int id="x">204</int>
					</object>
					<object id="lens_grass_1_1307741552471">
						<int id="w">1172</int>
						<int id="z">3</int>
						<int id="h">71</int>
						<int id="y">856</int>
						<str id="sprite_class">lens_grass_1</str>
						<str id="name">lens_grass_1_1307741552445</str>
						<int id="x">4124</int>
					</object>
					<object id="pampas_2_1307749098558">
						<int id="w">22</int>
						<int id="z">17</int>
						<int id="h">34</int>
						<int id="y">814</int>
						<str id="sprite_class">pampas_2</str>
						<str id="name">pampas_2_1307749098499</str>
						<int id="x">4494</int>
					</object>
					<object id="lens_grass_1_1307992844138">
						<int id="w">103</int>
						<int id="z">37</int>
						<int id="h">16</int>
						<int id="y">813</int>
						<str id="sprite_class">lens_grass_1</str>
						<str id="name">lens_grass_1_1307987031014</str>
						<int id="x">3498</int>
					</object>
					<object id="lens_grass_1_1307987031064">
						<int id="w">125</int>
						<int id="z">31</int>
						<int id="h">20</int>
						<int id="y">820</int>
						<str id="sprite_class">lens_grass_1</str>
						<str id="name">lens_grass_1_1307987031014</str>
						<int id="x">4871</int>
					</object>
					<object id="lens_grass_1_1307741552465">
						<int id="w">1317</int>
						<int id="z">8</int>
						<int id="r">1</int>
						<int id="h">86</int>
						<int id="y">861</int>
						<str id="sprite_class">lens_grass_1</str>
						<str id="name">lens_grass_1_1307741552445</str>
						<int id="x">871</int>
					</object>
					<object id="lens_grass_1_1307987031044">
						<int id="w">125</int>
						<int id="z">10</int>
						<int id="h">20</int>
						<int id="y">797</int>
						<str id="sprite_class">lens_grass_1</str>
						<str id="name">lens_grass_1_1307987031014</str>
						<int id="x">769</int>
					</object>
					<object id="alakol_water_rock_1_1307749098600">
						<int id="w">28</int>
						<int id="z">20</int>
						<int id="h">16</int>
						<int id="y">796</int>
						<str id="sprite_class">alakol_water_rock_1</str>
						<str id="name">alakol_water_rock_1_1307749098577</str>
						<int id="x">1995</int>
					</object>
					<object id="tree_acacia_2_1307992844131">
						<int id="w">301</int>
						<int id="z">36</int>
						<int id="h">169</int>
						<int id="y">816</int>
						<str id="sprite_class">tree_acacia_2</str>
						<str id="name">tree_acacia_2_1307749098540</str>
						<int id="x">4481</int>
					</object>
					<object id="lens_grass_1_1307741552469">
						<int id="w">1229</int>
						<int id="z">13</int>
						<int id="h">66</int>
						<int id="y">865</int>
						<str id="sprite_class">lens_grass_1</str>
						<str id="name">lens_grass_1_1307741552445</str>
						<int id="x">3174</int>
					</object>
					<object id="lens_grass_1_1307987031043">
						<int id="w">125</int>
						<int id="z">9</int>
						<int id="h">20</int>
						<int id="y">792</int>
						<str id="sprite_class">lens_grass_1</str>
						<str id="name">lens_grass_1_1307987031014</str>
						<int id="x">703</int>
					</object>
					<object id="alakol_water_rock_2_1307749098598">
						<int id="w">49</int>
						<int id="z">19</int>
						<int id="h">20</int>
						<int id="y">795</int>
						<str id="sprite_class">alakol_water_rock_2</str>
						<str id="name">alakol_water_rock_2_1307749098574</str>
						<int id="x">1897</int>
					</object>
					<object id="lens_grass_2_1307741552466">
						<int id="w">1202</int>
						<int id="z">7</int>
						<int id="h">72</int>
						<int id="y">838</int>
						<str id="sprite_class">lens_grass_2</str>
						<str id="name">lens_grass_2_1307741552444</str>
						<int id="x">232</int>
					</object>
					<object id="lens_grass_1_1307987031067">
						<int id="w">125</int>
						<int id="z">35</int>
						<int id="h">20</int>
						<int id="y">835</int>
						<str id="sprite_class">lens_grass_1</str>
						<str id="name">lens_grass_1_1307987031014</str>
						<int id="x">4763</int>
					</object>
					<object id="lens_grass_2_1307749098467">
						<int id="w">1280</int>
						<int id="z">14</int>
						<int id="r">1</int>
						<int id="h">73</int>
						<int id="y">869</int>
						<str id="sprite_class">lens_grass_2</str>
						<str id="name">lens_grass_2_1307741552444</str>
						<int id="x">4675</int>
					</object>
					<object id="lens_grass_2_1307741552472">
						<int id="w">1242</int>
						<int id="z">2</int>
						<int id="r">-2</int>
						<int id="h">59</int>
						<int id="y">851</int>
						<str id="sprite_class">lens_grass_2</str>
						<str id="name">lens_grass_2_1307741552444</str>
						<int id="x">3671</int>
					</object>
					<object id="lens_grass_1_1307741552467">
						<int id="w">1426</int>
						<int id="z">6</int>
						<int id="r">1</int>
						<int id="h">77</int>
						<int id="y">860</int>
						<str id="sprite_class">lens_grass_1</str>
						<str id="name">lens_grass_1_1307741552445</str>
						<int id="x">2073</int>
					</object>
					<object id="pampas_1_1307749098547">
						<int id="w">15</int>
						<int id="z">15</int>
						<int id="h">22</int>
						<int id="y">811</int>
						<str id="sprite_class">pampas_1</str>
						<str id="name">pampas_1_1307749098498</str>
						<int id="x">5172</int>
					</object>
					<object id="lens_grass_1_1307987031066">
						<int id="w">125</int>
						<int id="z">34</int>
						<int id="h">20</int>
						<int id="y">833</int>
						<str id="sprite_class">lens_grass_1</str>
						<str id="name">lens_grass_1_1307987031014</str>
						<int id="x">4978</int>
					</object>
					<object id="lens_grass_1_1307987031051">
						<int id="w">99</int>
						<int id="z">27</int>
						<int id="h">22</int>
						<int id="y">790</int>
						<str id="sprite_class">lens_grass_1</str>
						<str id="name">lens_grass_1_1307987031014</str>
						<int id="x">186</int>
					</object>
					<object id="alakol_water_rock_1_1307749098595">
						<int id="w">30</int>
						<int id="z">0</int>
						<int id="h">12</int>
						<int id="y">786</int>
						<str id="sprite_class">alakol_water_rock_1</str>
						<str id="name">alakol_water_rock_1_1307749098577</str>
						<int id="x">2396</int>
					</object>
					<object id="lens_grass_1_1307987031046">
						<int id="w">97</int>
						<int id="z">12</int>
						<int id="h">24</int>
						<int id="y">815</int>
						<str id="sprite_class">lens_grass_1</str>
						<str id="name">lens_grass_1_1307987031014</str>
						<int id="x">799</int>
					</object>
					<object id="lens_grass_2_1307741552468">
						<int id="w">1392</int>
						<int id="z">5</int>
						<int id="h">75</int>
						<int id="y">855</int>
						<str id="sprite_class">lens_grass_2</str>
						<str id="name">lens_grass_2_1307741552444</str>
						<int id="x">1421</int>
					</object>
					<object id="lens_grass_1_1307987031065">
						<int id="w">125</int>
						<int id="z">33</int>
						<int id="h">20</int>
						<int id="y">828</int>
						<str id="sprite_class">lens_grass_1</str>
						<str id="name">lens_grass_1_1307987031014</str>
						<int id="x">4932</int>
					</object>
					<object id="lens_grass_1_1307987031048">
						<int id="w">97</int>
						<int id="z">25</int>
						<int id="h">24</int>
						<int id="y">793</int>
						<str id="sprite_class">lens_grass_1</str>
						<str id="name">lens_grass_1_1307987031014</str>
						<int id="x">305</int>
					</object>
					<object id="lens_grass_1_1307987031063">
						<int id="w">125</int>
						<int id="z">32</int>
						<int id="h">20</int>
						<int id="y">822</int>
						<str id="sprite_class">lens_grass_1</str>
						<str id="name">lens_grass_1_1307987031014</str>
						<int id="x">4952</int>
					</object>
					<object id="alakol_cliff_2_1307749098592">
						<int id="w">114</int>
						<int id="z">18</int>
						<int id="h">21</int>
						<int id="y">791</int>
						<str id="sprite_class">alakol_cliff_2</str>
						<str id="name">alakol_cliff_2_1307749098573</str>
						<int id="x">1961</int>
					</object>
					<object id="lens_grass_1_1307987031049">
						<int id="w">117</int>
						<int id="z">24</int>
						<int id="h">17</int>
						<int id="y">785</int>
						<str id="sprite_class">lens_grass_1</str>
						<str id="name">lens_grass_1_1307987031014</str>
						<int id="x">260</int>
					</object>
					<object id="gravel_2_1307749098656">
						<int id="w">24</int>
						<int id="z">22</int>
						<int id="h">13</int>
						<int id="y">796</int>
						<str id="sprite_class">gravel_2</str>
						<str id="name">gravel_2_1307741552484</str>
						<int id="x">78</int>
					</object>
					<object id="lens_grass_1_1307987031062">
						<int id="w">125</int>
						<int id="z">30</int>
						<int id="h">20</int>
						<int id="y">815</int>
						<str id="sprite_class">lens_grass_1</str>
						<str id="name">lens_grass_1_1307987031014</str>
						<int id="x">5009</int>
					</object>
					<object id="lens_grass_2_1307741552470">
						<int id="w">1348</int>
						<int id="z">4</int>
						<int id="r">1</int>
						<int id="h">73</int>
						<int id="y">863</int>
						<str id="sprite_class">lens_grass_2</str>
						<str id="name">lens_grass_2_1307741552444</str>
						<int id="x">2667</int>
					</object>
					<object id="lens_grass_1_1307992844141">
						<int id="w">103</int>
						<int id="z">39</int>
						<int id="h">16</int>
						<int id="y">820</int>
						<str id="sprite_class">lens_grass_1</str>
						<str id="name">lens_grass_1_1307987031014</str>
						<int id="x">3608</int>
					</object>
					<object id="lens_grass_1_1307749098466">
						<int id="w">1282</int>
						<int id="z">1</int>
						<int id="r">1</int>
						<int id="h">80</int>
						<int id="y">875</int>
						<str id="sprite_class">lens_grass_1</str>
						<str id="name">lens_grass_1_1307741552445</str>
						<int id="x">5326</int>
					</object>
					<object id="pampas_2_1307749098556">
						<int id="w">10</int>
						<int id="z">16</int>
						<int id="h">15</int>
						<int id="y">797</int>
						<str id="sprite_class">pampas_2</str>
						<str id="name">pampas_2_1307749098499</str>
						<int id="x">4535</int>
						<bool id="h_flip">true</bool>
					</object>
					<object id="lens_grass_1_1307987031050">
						<int id="w">99</int>
						<int id="z">26</int>
						<int id="h">27</int>
						<int id="y">807</int>
						<str id="sprite_class">lens_grass_1</str>
						<str id="name">lens_grass_1_1307987031014</str>
						<int id="x">302</int>
					</object>
					<object id="lens_grass_1_1307992844139">
						<int id="w">103</int>
						<int id="z">38</int>
						<int id="h">16</int>
						<int id="y">816</int>
						<str id="sprite_class">lens_grass_1</str>
						<str id="name">lens_grass_1_1307987031014</str>
						<int id="x">3551</int>
					</object>
					<object id="lens_grass_1_1307992844143">
						<int id="w">103</int>
						<int id="z">40</int>
						<int id="h">16</int>
						<int id="y">821</int>
						<str id="sprite_class">lens_grass_1</str>
						<str id="name">lens_grass_1_1307987031014</str>
						<int id="x">3633</int>
					</object>
					<object id="alakol_water_rock_1_1307749098601">
						<int id="w">35</int>
						<int id="z">21</int>
						<int id="h">19</int>
						<int id="y">796</int>
						<str id="sprite_class">alakol_water_rock_1</str>
						<str id="name">alakol_water_rock_1_1307749098577</str>
						<int id="x">1942</int>
					</object>
					<object id="lens_grass_1_1307992844142">
						<int id="w">103</int>
						<int id="z">41</int>
						<int id="h">16</int>
						<int id="y">827</int>
						<str id="sprite_class">lens_grass_1</str>
						<str id="name">lens_grass_1_1307987031014</str>
						<int id="x">3582</int>
					</object>
				</object>
				<str id="name">bg_2</str>
				<int id="w">5640</int>
				<int id="h">1000</int>
				<int id="z">-2</int>
				<object id="filtersNEW">
					<object id="contrast">
						<int id="value">0</int>
					</object>
					<object id="blur">
						<int id="value">2</int>
					</object>
					<object id="brightness">
						<int id="value">20</int>
					</object>
					<object id="saturation">
						<int id="value">10</int>
					</object>
					<object id="tintColor">
						<int id="value">0</int>
					</object>
				</object>
			</object>
			<object id="T_1307741552439">
				<object id="decos">
					<object id="lens_grass_1_1307741552458">
						<int id="w">1626</int>
						<int id="z">2</int>
						<int id="h">110</int>
						<int id="y">918</int>
						<str id="sprite_class">lens_grass_1</str>
						<str id="name">lens_grass_1_1307741552445</str>
						<int id="x">207</int>
					</object>
					<object id="alakol_cliff_2_1307749098602">
						<int id="w">234</int>
						<int id="z">13</int>
						<int id="h">59</int>
						<int id="y">849</int>
						<str id="sprite_class">alakol_cliff_2</str>
						<str id="name">alakol_cliff_2_1307749098573</str>
						<int id="x">3092</int>
					</object>
					<object id="lens_grass_1_1307987031095">
						<int id="w">186</int>
						<int id="z">31</int>
						<int id="h">28</int>
						<int id="y">852</int>
						<str id="sprite_class">lens_grass_1</str>
						<str id="name">lens_grass_1_1307987031014</str>
						<int id="x">1817</int>
					</object>
					<object id="tree_acacia_2_1308037220490">
						<int id="w">606</int>
						<int id="z">36</int>
						<int id="h">391</int>
						<int id="y">836</int>
						<str id="sprite_class">tree_acacia_2</str>
						<str id="name">tree_acacia_2_1307749098540</str>
						<int id="x">1623</int>
					</object>
					<object id="stalagmite_base_3_1307749098630">
						<int id="w">48</int>
						<int id="z">24</int>
						<int id="h">11</int>
						<int id="y">818</int>
						<str id="sprite_class">stalagmite_base_3</str>
						<str id="name">stalagmite_base_3_1307741552481</str>
						<int id="x">1119</int>
					</object>
					<object id="lens_grass_1_1307987031069">
						<int id="w">241</int>
						<int id="z">34</int>
						<int id="h">39</int>
						<int id="y">853</int>
						<str id="sprite_class">lens_grass_1</str>
						<str id="name">lens_grass_1_1307987031014</str>
						<int id="x">4106</int>
					</object>
					<object id="pampas_2_1307749098663">
						<int id="w">26</int>
						<int id="z">29</int>
						<int id="h">40</int>
						<int id="y">847</int>
						<str id="sprite_class">pampas_2</str>
						<str id="name">pampas_2_1307749098499</str>
						<int id="x">3198</int>
					</object>
					<object id="stalagmite_base_3_1307749098627">
						<int id="w">93</int>
						<int id="z">21</int>
						<int id="h">19</int>
						<int id="y">837</int>
						<str id="sprite_class">stalagmite_base_3</str>
						<str id="name">stalagmite_base_3_1307741552481</str>
						<int id="x">901</int>
					</object>
					<object id="lens_grass_1_1307987031070">
						<int id="w">241</int>
						<int id="z">35</int>
						<int id="h">39</int>
						<int id="y">862</int>
						<str id="sprite_class">lens_grass_1</str>
						<str id="name">lens_grass_1_1307987031014</str>
						<int id="x">4186</int>
					</object>
					<object id="stalagmite_base_1_1307749098629">
						<int id="w">98</int>
						<int id="z">23</int>
						<int id="h">26</int>
						<int id="y">831</int>
						<str id="sprite_class">stalagmite_base_1</str>
						<str id="name">stalagmite_base_1_1307741552479</str>
						<int id="x">1107</int>
					</object>
					<object id="alakol_water_rock_2_1307749098604">
						<int id="w">117</int>
						<int id="z">14</int>
						<int id="h">48</int>
						<int id="y">861</int>
						<str id="sprite_class">alakol_water_rock_2</str>
						<str id="name">alakol_water_rock_2_1307749098574</str>
						<int id="x">3045</int>
					</object>
					<object id="stalagmite_base_3_1307749098626">
						<int id="w">93</int>
						<int id="z">20</int>
						<int id="h">19</int>
						<int id="y">833</int>
						<str id="sprite_class">stalagmite_base_3</str>
						<str id="name">stalagmite_base_3_1307741552481</str>
						<int id="x">865</int>
					</object>
					<object id="lens_grass_1_1307987031039">
						<int id="w">190</int>
						<int id="z">12</int>
						<int id="h">40</int>
						<int id="y">855</int>
						<str id="sprite_class">lens_grass_1</str>
						<str id="name">lens_grass_1_1307987031014</str>
						<int id="x">2886</int>
					</object>
					<object id="gravel_2_1307749098661">
						<int id="w">20</int>
						<int id="z">28</int>
						<int id="h">11</int>
						<int id="y">832</int>
						<str id="sprite_class">gravel_2</str>
						<str id="name">gravel_2_1307741552484</str>
						<int id="x">977</int>
					</object>
					<object id="lens_grass_1_1307741552463">
						<int id="w">1718</int>
						<int id="z">10</int>
						<int id="r">-1</int>
						<int id="h">89</int>
						<int id="y">912</int>
						<str id="sprite_class">lens_grass_1</str>
						<str id="name">lens_grass_1_1307741552445</str>
						<int id="x">5299</int>
					</object>
					<object id="tree_acacia_1_1307992844130">
						<int id="w">670</int>
						<int id="z">0</int>
						<int id="h">418</int>
						<int id="y">816</int>
						<str id="sprite_class">tree_acacia_1</str>
						<str id="name">tree_acacia_1_1307749098541</str>
						<int id="x">2348</int>
					</object>
					<object id="stalagmite_base_2_1307749098625">
						<int id="w">191</int>
						<int id="z">17</int>
						<int id="h">36</int>
						<int id="y">830</int>
						<str id="sprite_class">stalagmite_base_2</str>
						<str id="name">stalagmite_base_2_1307741552480</str>
						<int id="x">939</int>
					</object>
					<object id="lens_grass_1_1307987031033">
						<int id="w">190</int>
						<int id="z">7</int>
						<int id="h">40</int>
						<int id="y">904</int>
						<str id="sprite_class">lens_grass_1</str>
						<str id="name">lens_grass_1_1307987031014</str>
						<int id="x">2237</int>
					</object>
					<object id="lens_grass_1_1307987031040">
						<int id="w">190</int>
						<int id="z">11</int>
						<int id="h">40</int>
						<int id="y">847</int>
						<str id="sprite_class">lens_grass_1</str>
						<str id="name">lens_grass_1_1307987031014</str>
						<int id="x">2750</int>
					</object>
					<object id="stalagmite_base_3_1307749098631">
						<int id="w">48</int>
						<int id="z">25</int>
						<int id="h">11</int>
						<int id="y">834</int>
						<str id="sprite_class">stalagmite_base_3</str>
						<str id="name">stalagmite_base_3_1307741552481</str>
						<int id="x">1062</int>
					</object>
					<object id="lens_grass_1_1307987031032">
						<int id="w">190</int>
						<int id="z">6</int>
						<int id="h">40</int>
						<int id="y">897</int>
						<str id="sprite_class">lens_grass_1</str>
						<str id="name">lens_grass_1_1307987031014</str>
						<int id="x">2332</int>
					</object>
					<object id="gravel_2_1308873291978">
						<int id="w">21</int>
						<int id="z">27</int>
						<int id="r">-3</int>
						<int id="h">11</int>
						<int id="y">839</int>
						<str id="sprite_class">gravel_2</str>
						<str id="name">gravel_2_1307741552484</str>
						<int id="x">1086</int>
					</object>
					<object id="gravel_2_1307749098660">
						<int id="w">26</int>
						<int id="z">26</int>
						<int id="r">-3</int>
						<int id="h">14</int>
						<int id="y">837</int>
						<str id="sprite_class">gravel_2</str>
						<str id="name">gravel_2_1307741552484</str>
						<int id="x">1095</int>
					</object>
					<object id="pampas_2_1307749098731">
						<int id="w">64</int>
						<int id="z">32</int>
						<int id="h">98</int>
						<int id="y">867</int>
						<str id="sprite_class">pampas_2</str>
						<str id="name">pampas_2_1307749098499</str>
						<int id="x">1792</int>
					</object>
					<object id="lens_grass_2_1307741552462">
						<int id="w">2075</int>
						<int id="z">8</int>
						<int id="h">97</int>
						<int id="y">913</int>
						<str id="sprite_class">lens_grass_2</str>
						<str id="name">lens_grass_2_1307741552444</str>
						<int id="x">4457</int>
					</object>
					<object id="stalagmite_base_1_1307749098624">
						<int id="w">126</int>
						<int id="z">18</int>
						<int id="h">29</int>
						<int id="y">817</int>
						<str id="sprite_class">stalagmite_base_1</str>
						<str id="name">stalagmite_base_1_1307741552479</str>
						<int id="x">948</int>
					</object>
					<object id="lens_grass_1_1307987031042">
						<int id="w">186</int>
						<int id="z">30</int>
						<int id="h">28</int>
						<int id="y">842</int>
						<str id="sprite_class">lens_grass_1</str>
						<str id="name">lens_grass_1_1307987031014</str>
						<int id="x">1876</int>
					</object>
					<object id="lens_grass_1_1307741552459">
						<int id="w">1578</int>
						<int id="z">4</int>
						<int id="h">104</int>
						<int id="y">911</int>
						<str id="sprite_class">lens_grass_1</str>
						<str id="name">lens_grass_1_1307741552445</str>
						<int id="x">1745</int>
					</object>
					<object id="stalagmite_base_1_1307749098628">
						<int id="w">45</int>
						<int id="z">22</int>
						<int id="h">18</int>
						<int id="y">825</int>
						<str id="sprite_class">stalagmite_base_1</str>
						<str id="name">stalagmite_base_1_1307741552479</str>
						<int id="x">863</int>
					</object>
					<object id="lens_grass_1_1307987031031">
						<int id="w">190</int>
						<int id="z">5</int>
						<int id="h">40</int>
						<int id="y">884</int>
						<str id="sprite_class">lens_grass_1</str>
						<str id="name">lens_grass_1_1307987031014</str>
						<int id="x">2477</int>
					</object>
					<object id="alakol_water_rock_1_1307749098603">
						<int id="w">45</int>
						<int id="z">15</int>
						<int id="h">28</int>
						<int id="y">839</int>
						<str id="sprite_class">alakol_water_rock_1</str>
						<str id="name">alakol_water_rock_1_1307749098577</str>
						<int id="x">2951</int>
					</object>
					<object id="alakol_water_rock_1_1307749098605">
						<int id="w">52</int>
						<int id="z">16</int>
						<int id="h">29</int>
						<int id="y">851</int>
						<str id="sprite_class">alakol_water_rock_1</str>
						<str id="name">alakol_water_rock_1_1307749098577</str>
						<int id="x">3229</int>
					</object>
					<object id="gravel_2_1307749098659">
						<int id="w">20</int>
						<int id="z">19</int>
						<int id="h">11</int>
						<int id="y">817</int>
						<str id="sprite_class">gravel_2</str>
						<str id="name">gravel_2_1307741552484</str>
						<int id="x">882</int>
					</object>
					<object id="lens_grass_1_1307987031052">
						<int id="w">213</int>
						<int id="z">33</int>
						<int id="h">45</int>
						<int id="y">856</int>
						<str id="sprite_class">lens_grass_1</str>
						<str id="name">lens_grass_1_1307987031014</str>
						<int id="x">3</int>
					</object>
					<object id="lens_grass_2_1307741552457">
						<int id="w">1670</int>
						<int id="z">1</int>
						<int id="h">99</int>
						<int id="y">904</int>
						<str id="sprite_class">lens_grass_2</str>
						<str id="name">lens_grass_2_1307741552444</str>
						<int id="x">977</int>
					</object>
					<object id="lens_grass_2_1307741552460">
						<int id="w">1612</int>
						<int id="z">3</int>
						<int id="h">95</int>
						<int id="y">907</int>
						<str id="sprite_class">lens_grass_2</str>
						<str id="name">lens_grass_2_1307741552444</str>
						<int id="x">2620</int>
					</object>
					<object id="lens_grass_1_1307741552461">
						<int id="w">1681</int>
						<int id="z">9</int>
						<int id="h">110</int>
						<int id="y">927</int>
						<str id="sprite_class">lens_grass_1</str>
						<str id="name">lens_grass_1_1307741552445</str>
						<int id="x">3590</int>
					</object>
				</object>
				<str id="name">bg_1</str>
				<int id="w">5820</int>
				<int id="h">1000</int>
				<int id="z">-1</int>
				<object id="filtersNEW">
					<object id="contrast">
						<int id="value">0</int>
					</object>
					<object id="brightness">
						<int id="value">13</int>
					</object>
					<object id="saturation">
						<int id="value">13</int>
					</object>
					<object id="tintColor">
						<int id="value">0</int>
					</object>
				</object>
			</object>
			<object id="middleground">
				<object id="decos">
					<object id="lens_grass_1_1307741552445">
						<int id="w">2026</int>
						<int id="z">9</int>
						<int id="h">202</int>
						<int id="y">68</int>
						<str id="sprite_class">lens_grass_1</str>
						<str id="name">lens_grass_1_1307741552445</str>
						<int id="x">-1389</int>
					</object>
					<object id="stalagmite_base_3_1308037220619">
						<int id="w">93</int>
						<int id="z">34</int>
						<int id="h">19</int>
						<int id="y">-52</int>
						<str id="sprite_class">stalagmite_base_3</str>
						<str id="name">stalagmite_base_3_1307741552481</str>
						<int id="x">-9</int>
					</object>
					<object id="lens_grass_1_1308037220582">
						<int id="w">365</int>
						<int id="z">27</int>
						<int id="h">100</int>
						<int id="y">8</int>
						<str id="sprite_class">lens_grass_1</str>
						<str id="name">lens_grass_1_1307987031014</str>
						<int id="x">-2326</int>
					</object>
					<object id="alakol_cliff_1_1308037220595">
						<int id="w">567</int>
						<int id="z">29</int>
						<int id="h">100</int>
						<int id="y">-76</int>
						<str id="sprite_class">alakol_cliff_1</str>
						<str id="name">alakol_cliff_1_1307749098572</str>
						<int id="x">-1076</int>
					</object>
					<object id="lens_grass_1_1307741552448">
						<int id="w">2026</int>
						<int id="z">11</int>
						<int id="h">202</int>
						<int id="y">77</int>
						<str id="sprite_class">lens_grass_1</str>
						<str id="name">lens_grass_1_1307741552445</str>
						<int id="x">556</int>
					</object>
					<object id="lens_grass_2_1307741552444">
						<int id="w">2108</int>
						<int id="z">8</int>
						<int id="h">161</int>
						<int id="y">19</int>
						<str id="sprite_class">lens_grass_2</str>
						<str id="name">lens_grass_2_1307741552444</str>
						<int id="x">-2527</int>
					</object>
					<object id="lens_grass_1_1308037220603">
						<int id="w">365</int>
						<int id="z">30</int>
						<int id="h">90</int>
						<int id="y">-13</int>
						<str id="sprite_class">lens_grass_1</str>
						<str id="name">lens_grass_1_1307987031014</str>
						<int id="x">-387</int>
					</object>
					<object id="lens_grass_1_1308037220581">
						<int id="w">365</int>
						<int id="z">28</int>
						<int id="h">100</int>
						<int id="y">42</int>
						<str id="sprite_class">lens_grass_1</str>
						<str id="name">lens_grass_1_1307987031014</str>
						<int id="x">-2490</int>
					</object>
					<object id="lens_grass_2_1307741552455">
						<int id="w">2108</int>
						<int id="z">14</int>
						<int id="h">161</int>
						<int id="y">93</int>
						<str id="sprite_class">lens_grass_2</str>
						<str id="name">lens_grass_2_1307741552444</str>
						<int id="x">-158</int>
					</object>
					<object id="tree_acacia_3_1308037220578">
						<int id="w">1678</int>
						<int id="z">25</int>
						<int id="h">768</int>
						<int id="y">-95</int>
						<str id="sprite_class">tree_acacia_3</str>
						<str id="name">tree_acacia_3_1307749098496</str>
						<int id="x">-2513</int>
					</object>
					<object id="stalagmite_base_3_1307749098436">
						<int id="w">127</int>
						<int id="z">15</int>
						<int id="h">36</int>
						<int id="y">-85</int>
						<str id="sprite_class">stalagmite_base_3</str>
						<str id="name">stalagmite_base_3_1307741552481</str>
						<int id="x">-1768</int>
					</object>
					<object id="lens_grass_2_1307741552452">
						<int id="w">2108</int>
						<int id="z">3</int>
						<int id="h">151</int>
						<int id="y">18</int>
						<str id="sprite_class">lens_grass_2</str>
						<str id="name">lens_grass_2_1307741552444</str>
						<int id="x">2875</int>
					</object>
					<object id="lens_grass_1_1307987031028">
						<int id="w">285</int>
						<int id="z">18</int>
						<int id="h">60</int>
						<int id="y">-36</int>
						<str id="sprite_class">lens_grass_1</str>
						<str id="name">lens_grass_1_1307987031014</str>
						<int id="x">911</int>
					</object>
					<object id="lens_grass_1_1307987031060">
						<int id="w">285</int>
						<int id="z">21</int>
						<int id="r">1</int>
						<int id="h">55</int>
						<int id="y">-89</int>
						<str id="sprite_class">lens_grass_1</str>
						<str id="name">lens_grass_1_1307987031014</str>
						<int id="x">460</int>
					</object>
					<object id="lens_grass_2_1307741552454">
						<int id="w">2108</int>
						<int id="z">2</int>
						<int id="h">161</int>
						<int id="y">23</int>
						<str id="sprite_class">lens_grass_2</str>
						<str id="name">lens_grass_2_1307741552444</str>
						<int id="x">1694</int>
					</object>
					<object id="stalagmite_base_2_1307987031072">
						<int id="w">65</int>
						<int id="z">23</int>
						<int id="h">18</int>
						<int id="y">-97</int>
						<str id="sprite_class">stalagmite_base_2</str>
						<str id="name">stalagmite_base_2_1307741552480</str>
						<int id="x">-2455</int>
					</object>
					<object id="lens_grass_1_1307987031061">
						<int id="w">285</int>
						<int id="z">22</int>
						<int id="r">3</int>
						<int id="h">55</int>
						<int id="y">-81</int>
						<str id="sprite_class">lens_grass_1</str>
						<str id="name">lens_grass_1_1307987031014</str>
						<int id="x">361</int>
					</object>
					<object id="lens_grass_2_1307741552453">
						<int id="w">2108</int>
						<int id="z">1</int>
						<int id="h">161</int>
						<int id="y">21</int>
						<str id="sprite_class">lens_grass_2</str>
						<str id="name">lens_grass_2_1307741552444</str>
						<int id="x">1004</int>
					</object>
					<object id="lens_grass_1_1308037220636">
						<int id="w">338</int>
						<int id="z">36</int>
						<int id="r">1</int>
						<int id="h">71</int>
						<int id="y">-29</int>
						<str id="sprite_class">lens_grass_1</str>
						<str id="name">lens_grass_1_1307987031014</str>
						<int id="x">2069</int>
					</object>
					<object id="lens_grass_2_1307741552450">
						<int id="w">2108</int>
						<int id="z">6</int>
						<int id="r">2</int>
						<int id="h">161</int>
						<int id="y">52</int>
						<str id="sprite_class">lens_grass_2</str>
						<str id="name">lens_grass_2_1307741552444</str>
						<int id="x">1593</int>
					</object>
					<object id="lens_grass_2_1307741552446">
						<int id="w">2108</int>
						<int id="z">10</int>
						<int id="h">161</int>
						<int id="y">92</int>
						<str id="sprite_class">lens_grass_2</str>
						<str id="name">lens_grass_2_1307741552444</str>
						<int id="x">-359</int>
					</object>
					<object id="lens_grass_1_1308037220601">
						<int id="w">365</int>
						<int id="z">32</int>
						<int id="h">90</int>
						<int id="y">21</int>
						<str id="sprite_class">lens_grass_1</str>
						<str id="name">lens_grass_1_1307987031014</str>
						<int id="x">-595</int>
					</object>
					<object id="lens_grass_1_1308037220602">
						<int id="w">365</int>
						<int id="z">31</int>
						<int id="h">75</int>
						<int id="y">-12</int>
						<str id="sprite_class">lens_grass_1</str>
						<str id="name">lens_grass_1_1307987031014</str>
						<int id="x">-832</int>
					</object>
					<object id="stalagmite_base_1_1308037220620">
						<int id="w">143</int>
						<int id="z">33</int>
						<int id="h">38</int>
						<int id="y">-66</int>
						<str id="sprite_class">stalagmite_base_1</str>
						<str id="name">stalagmite_base_1_1307741552479</str>
						<int id="x">-95</int>
					</object>
					<object id="lens_grass_2_1307741552447">
						<int id="w">2108</int>
						<int id="z">7</int>
						<int id="h">161</int>
						<int id="y">25</int>
						<str id="sprite_class">lens_grass_2</str>
						<str id="name">lens_grass_2_1307741552444</str>
						<int id="x">-73</int>
					</object>
					<object id="gravel_2_1307741552484">
						<int id="w">39</int>
						<int id="z">16</int>
						<int id="h">22</int>
						<int id="y">-79</int>
						<str id="sprite_class">gravel_2</str>
						<str id="name">gravel_2_1307741552484</str>
						<int id="x">-1706</int>
					</object>
					<object id="lens_grass_1_1307987031030">
						<int id="w">285</int>
						<int id="z">20</int>
						<int id="r">1</int>
						<int id="h">60</int>
						<int id="y">5</int>
						<str id="sprite_class">lens_grass_1</str>
						<str id="name">lens_grass_1_1307987031014</str>
						<int id="x">685</int>
					</object>
					<object id="lens_grass_1_1307987031029">
						<int id="w">278</int>
						<int id="z">19</int>
						<int id="h">54</int>
						<int id="y">-14</int>
						<str id="sprite_class">lens_grass_1</str>
						<str id="name">lens_grass_1_1307987031014</str>
						<int id="x">789</int>
					</object>
					<object id="lens_grass_1_1307987031015">
						<int id="w">560</int>
						<int id="z">5</int>
						<int id="h">111</int>
						<int id="y">41</int>
						<str id="sprite_class">lens_grass_1</str>
						<str id="name">lens_grass_1_1307987031014</str>
						<int id="x">2888</int>
					</object>
					<object id="stalagmite_base_1_1308037220580">
						<int id="w">186</int>
						<int id="z">26</int>
						<int id="h">50</int>
						<int id="y">-104</int>
						<str id="sprite_class">stalagmite_base_1</str>
						<str id="name">stalagmite_base_1_1307741552479</str>
						<int id="x">-2976</int>
					</object>
					<object id="lens_grass_1_1308037220635">
						<int id="w">285</int>
						<int id="z">35</int>
						<int id="h">60</int>
						<int id="y">-32</int>
						<str id="sprite_class">lens_grass_1</str>
						<str id="name">lens_grass_1_1307987031014</str>
						<int id="x">1824</int>
					</object>
					<object id="lens_grass_1_1307987031023">
						<int id="w">285</int>
						<int id="z">17</int>
						<int id="h">60</int>
						<int id="y">-70</int>
						<str id="sprite_class">lens_grass_1</str>
						<str id="name">lens_grass_1_1307987031014</str>
						<int id="x">838</int>
					</object>
					<object id="lens_grass_2_1307741552456">
						<int id="w">2108</int>
						<int id="z">0</int>
						<int id="h">161</int>
						<int id="y">17</int>
						<str id="sprite_class">lens_grass_2</str>
						<str id="name">lens_grass_2_1307741552444</str>
						<int id="x">-1995</int>
					</object>
					<object id="lens_grass_2_1307741552451">
						<int id="w">2108</int>
						<int id="z">4</int>
						<int id="h">161</int>
						<int id="y">33</int>
						<str id="sprite_class">lens_grass_2</str>
						<str id="name">lens_grass_2_1307741552444</str>
						<int id="x">2285</int>
					</object>
					<object id="lens_grass_2_1307741552449">
						<int id="w">2108</int>
						<int id="z">12</int>
						<int id="h">161</int>
						<int id="y">90</int>
						<str id="sprite_class">lens_grass_2</str>
						<str id="name">lens_grass_2_1307741552444</str>
						<int id="x">1543</int>
					</object>
					<object id="stalagmite_base_2_1307741552480">
						<int id="w">238</int>
						<int id="z">13</int>
						<int id="h">66</int>
						<int id="y">-89</int>
						<str id="sprite_class">stalagmite_base_2</str>
						<str id="name">stalagmite_base_2_1307741552480</str>
						<int id="x">-1679</int>
					</object>
				</object>
				<int id="h">1000</int>
				<object id="signposts">
					<object id="signpost_1">
						<int id="y">-80</int>
						<int id="h">200</int>
						<int id="w">100</int>
						<int id="x">2797</int>
						<object id="connects">
							<object id="0">
								<str id="hub_id">91</str>
								<int id="x">-2677</int>
								<str id="mote_id">9</str>
								<int id="y">-107</int>
								<str id="swf_file_versioned">http://c2.glitch.bz/locations/groddle1/1317079592.swf</str>
								<objref id="target" tsid="LA5142521J52DH8" label="Rustic Rd NE"/>
							</object>
							<object id="1">
								<str id="hub_id">91</str>
								<int id="x">-2677</int>
								<str id="mote_id">9</str>
								<int id="y">-85</int>
								<str id="swf_file_versioned">http://c2.glitch.bz/locations/groddle1/1317079592.swf</str>
								<objref id="target" tsid="LA513OVR0J52BMT" label="Yokel Yarn 6"/>
							</object>
							<object id="2">
								<str id="hub_id">91</str>
								<int id="x">2670</int>
								<str id="mote_id">9</str>
								<int id="y">-370</int>
								<str id="swf_file_versioned">http://c2.glitch.bz/locations/groddle1/1317079592.swf</str>
								<objref id="target" tsid="LA514K0J3J52ID0" label="Yokel Yarn 5"/>
							</object>
						</object>
					</object>
					<object id="signpost_2">
						<int id="y">-85</int>
						<int id="h">200</int>
						<str id="id">signpost_2</str>
						<int id="w">100</int>
						<int id="x">-2787</int>
						<object id="connects">
							<object id="0">
								<str id="hub_id">91</str>
								<int id="x">2693</int>
								<str id="mote_id">9</str>
								<int id="y">-107</int>
								<str id="swf_file_versioned">http://c2.glitch.bz/locations/groddle1/1317079592.swf</str>
								<objref id="target" tsid="LA513LMP0J52V1C" label="Rustic Rd NW"/>
							</object>
							<object id="1">
								<str id="hub_id">91</str>
								<int id="x">-2655</int>
								<str id="mote_id">9</str>
								<int id="y">-85</int>
								<str id="swf_file_versioned">http://c2.glitch.bz/locations/groddle1/1317079592.swf</str>
								<objref id="target" tsid="LA513S9U0J52SKD" label="Boor Bane F"/>
							</object>
							<object id="2">
								<str id="hub_id">91</str>
								<int id="x">2648</int>
								<str id="mote_id">9</str>
								<int id="y">-92</int>
								<str id="swf_file_versioned">http://c2.glitch.bz/locations/groddle1/1317079592.swf</str>
								<objref id="target" tsid="LA513CDN0J52ND9" label="Boor Bane E"/>
							</object>
						</object>
					</object>
				</object>
				<object id="filtersNEW">
					<object id="contrast">
						<int id="value">0</int>
					</object>
					<object id="brightness">
						<int id="value">9</int>
					</object>
					<object id="saturation">
						<int id="value">18</int>
					</object>
					<object id="tintColor">
						<int id="value">0</int>
					</object>
				</object>
				<object id="platform_lines">
					<object id="plat_1308037220589">
						<int id="platform_item_perm">-1</int>
						<object id="start">
							<int id="y">-74</int>
							<int id="x">-2302</int>
						</object>
						<object id="end">
							<int id="y">-57</int>
							<int id="x">-2208</int>
						</object>
						<int id="platform_pc_perm">-1</int>
					</object>
					<object id="plat_1308037220627">
						<int id="platform_item_perm">-1</int>
						<object id="start">
							<int id="y">-64</int>
							<int id="x">289</int>
						</object>
						<object id="end">
							<int id="y">-73</int>
							<int id="x">583</int>
						</object>
						<int id="platform_pc_perm">-1</int>
					</object>
					<object id="plat_1308041318899">
						<int id="platform_item_perm">-1</int>
						<object id="start">
							<int id="y">-167</int>
							<int id="x">-1162</int>
						</object>
						<object id="end">
							<int id="y">-167</int>
							<int id="x">-1072</int>
						</object>
						<int id="platform_pc_perm">-1</int>
					</object>
					<object id="plat_1308037220586">
						<int id="platform_item_perm">-1</int>
						<object id="start">
							<int id="y">-62</int>
							<int id="x">-2479</int>
						</object>
						<object id="end">
							<int id="y">-70</int>
							<int id="x">-2420</int>
						</object>
						<int id="platform_pc_perm">-1</int>
					</object>
					<object id="plat_1308037220598">
						<int id="platform_item_perm">-1</int>
						<object id="start">
							<int id="y">-75</int>
							<int id="x">-1382</int>
						</object>
						<object id="end">
							<int id="y">-61</int>
							<int id="x">-1294</int>
						</object>
						<int id="platform_pc_perm">-1</int>
					</object>
					<object id="plat_1308037220642">
						<int id="platform_item_perm">-1</int>
						<object id="start">
							<int id="y">-86</int>
							<int id="x">2062</int>
						</object>
						<object id="end">
							<int id="y">-79</int>
							<int id="x">2137</int>
						</object>
						<int id="platform_pc_perm">-1</int>
					</object>
					<object id="plat_1308037220597">
						<int id="platform_item_perm">-1</int>
						<object id="start">
							<int id="y">-69</int>
							<int id="x">-1475</int>
						</object>
						<object id="end">
							<int id="y">-75</int>
							<int id="x">-1382</int>
						</object>
						<int id="platform_pc_perm">-1</int>
					</object>
					<object id="plat_1308037220593">
						<int id="platform_item_perm">-1</int>
						<object id="start">
							<int id="y">-51</int>
							<int id="x">-1797</int>
						</object>
						<object id="end">
							<int id="y">-54</int>
							<int id="x">-1572</int>
						</object>
						<int id="platform_pc_perm">-1</int>
					</object>
					<object id="plat_1308037220590">
						<int id="platform_item_perm">-1</int>
						<object id="start">
							<int id="y">-57</int>
							<int id="x">-2208</int>
						</object>
						<object id="end">
							<int id="y">-38</int>
							<int id="x">-2143</int>
						</object>
						<int id="platform_pc_perm">-1</int>
					</object>
					<object id="plat_1308037220610">
						<int id="platform_item_perm">-1</int>
						<object id="start">
							<int id="y">-83</int>
							<int id="x">-537</int>
						</object>
						<object id="end">
							<int id="y">-86</int>
							<int id="x">-468</int>
						</object>
						<int id="platform_pc_perm">-1</int>
					</object>
					<object id="plat_1308037220592">
						<int id="platform_item_perm">-1</int>
						<object id="start">
							<int id="y">-40</int>
							<int id="x">-2045</int>
						</object>
						<object id="end">
							<int id="y">-51</int>
							<int id="x">-1797</int>
						</object>
						<int id="platform_pc_perm">-1</int>
					</object>
					<object id="plat_1308037220643">
						<int id="platform_item_perm">-1</int>
						<object id="start">
							<int id="y">-79</int>
							<int id="x">2137</int>
						</object>
						<object id="end">
							<int id="y">-62</int>
							<int id="x">2224</int>
						</object>
						<int id="platform_pc_perm">-1</int>
					</object>
					<object id="plat_1308037220640">
						<int id="platform_item_perm">-1</int>
						<object id="start">
							<int id="y">-72</int>
							<int id="x">1914</int>
						</object>
						<object id="end">
							<int id="y">-82</int>
							<int id="x">1955</int>
						</object>
						<int id="platform_pc_perm">-1</int>
					</object>
					<object id="plat_1308037220621">
						<int id="platform_item_perm">-1</int>
						<object id="start">
							<int id="y">-56</int>
							<int id="x">-195</int>
						</object>
						<object id="end">
							<int id="y">-49</int>
							<int id="x">-75</int>
						</object>
						<int id="platform_pc_perm">-1</int>
					</object>
					<object id="plat_1308037220618">
						<int id="platform_item_perm">-1</int>
						<object id="start">
							<int id="y">-157</int>
							<int id="x">-1316</int>
						</object>
						<object id="end">
							<int id="y">-167</int>
							<int id="x">-1162</int>
						</object>
						<int id="platform_pc_perm">-1</int>
					</object>
					<object id="plat_1308037220606">
						<int id="platform_item_perm">-1</int>
						<object id="start">
							<int id="y">-73</int>
							<int id="x">-872</int>
						</object>
						<object id="end">
							<int id="y">-83</int>
							<int id="x">-795</int>
						</object>
						<int id="platform_pc_perm">-1</int>
					</object>
					<object id="plat_1308037220632">
						<int id="platform_item_perm">-1</int>
						<object id="start">
							<int id="y">-67</int>
							<int id="x">1054</int>
						</object>
						<object id="end">
							<int id="y">-69</int>
							<int id="x">1196</int>
						</object>
						<int id="platform_pc_perm">-1</int>
					</object>
					<object id="plat_1308037220612">
						<int id="platform_item_perm">-1</int>
						<object id="start">
							<int id="y">-88</int>
							<int id="x">-394</int>
						</object>
						<object id="end">
							<int id="y">-77</int>
							<int id="x">-315</int>
						</object>
						<int id="platform_pc_perm">-1</int>
					</object>
					<object id="plat_1308037220646">
						<int id="platform_item_perm">-1</int>
						<object id="start">
							<int id="y">-51</int>
							<int id="x">2335</int>
						</object>
						<object id="end">
							<int id="y">-53</int>
							<int id="x">2579</int>
						</object>
						<int id="platform_pc_perm">-1</int>
					</object>
					<object id="plat_1308037220588">
						<int id="platform_item_perm">-1</int>
						<object id="start">
							<int id="y">-75</int>
							<int id="x">-2355</int>
						</object>
						<object id="end">
							<int id="y">-74</int>
							<int id="x">-2302</int>
						</object>
						<int id="platform_pc_perm">-1</int>
					</object>
					<object id="plat_1308037220630">
						<int id="platform_item_perm">-1</int>
						<object id="start">
							<int id="y">-74</int>
							<int id="x">820</int>
						</object>
						<object id="end">
							<int id="y">-80</int>
							<int id="x">944</int>
						</object>
						<int id="platform_pc_perm">-1</int>
					</object>
					<object id="plat_1308037220608">
						<int id="platform_item_perm">-1</int>
						<object id="start">
							<int id="y">-89</int>
							<int id="x">-736</int>
						</object>
						<object id="end">
							<int id="y">-87</int>
							<int id="x">-643</int>
						</object>
						<int id="platform_pc_perm">-1</int>
					</object>
					<object id="plat_1308037220623">
						<int id="platform_item_perm">-1</int>
						<object id="start">
							<int id="y">-49</int>
							<int id="x">-75</int>
						</object>
						<object id="end">
							<int id="y">-43</int>
							<int id="x">3</int>
						</object>
						<int id="platform_pc_perm">-1</int>
					</object>
					<object id="plat_1308037220605">
						<int id="platform_item_perm">-1</int>
						<object id="start">
							<int id="y">-68</int>
							<int id="x">-962</int>
						</object>
						<object id="end">
							<int id="y">-73</int>
							<int id="x">-872</int>
						</object>
						<int id="platform_pc_perm">-1</int>
					</object>
					<object id="plat_1308037220647">
						<int id="platform_item_perm">-1</int>
						<object id="start">
							<int id="y">-53</int>
							<int id="x">2579</int>
						</object>
						<object id="end">
							<int id="y">-68</int>
							<int id="x">2840</int>
						</object>
						<int id="platform_pc_perm">-1</int>
					</object>
					<object id="plat_1308041318902">
						<int id="platform_item_perm">-1</int>
						<object id="start">
							<int id="y">-160</int>
							<int id="x">-910</int>
						</object>
						<object id="end">
							<int id="y">-152</int>
							<int id="x">-845</int>
						</object>
						<int id="platform_pc_perm">-1</int>
					</object>
					<object id="plat_1308037220583">
						<int id="platform_item_perm">-1</int>
						<object id="start">
							<int id="y">-69</int>
							<int id="x">-2999</int>
						</object>
						<object id="end">
							<int id="y">-69</int>
							<int id="x">-2815</int>
						</object>
						<int id="platform_pc_perm">-1</int>
					</object>
					<object id="plat_1308037220641">
						<int id="platform_item_perm">-1</int>
						<object id="start">
							<int id="y">-82</int>
							<int id="x">1955</int>
						</object>
						<object id="end">
							<int id="y">-86</int>
							<int id="x">2062</int>
						</object>
						<int id="platform_pc_perm">-1</int>
					</object>
					<object id="plat_1308037220644">
						<int id="platform_item_perm">-1</int>
						<object id="start">
							<int id="y">-62</int>
							<int id="x">2224</int>
						</object>
						<object id="end">
							<int id="y">-55</int>
							<int id="x">2261</int>
						</object>
						<int id="platform_pc_perm">-1</int>
					</object>
					<object id="plat_1308037220600">
						<int id="platform_item_perm">-1</int>
						<object id="start">
							<int id="y">-62</int>
							<int id="x">-1092</int>
						</object>
						<object id="end">
							<int id="y">-62</int>
							<int id="x">-998</int>
						</object>
						<int id="platform_pc_perm">-1</int>
					</object>
					<object id="plat_1308037220609">
						<int id="platform_item_perm">-1</int>
						<object id="start">
							<int id="y">-87</int>
							<int id="x">-643</int>
						</object>
						<object id="end">
							<int id="y">-83</int>
							<int id="x">-537</int>
						</object>
						<int id="platform_pc_perm">-1</int>
					</object>
					<object id="plat_1308037220611">
						<int id="platform_item_perm">-1</int>
						<object id="start">
							<int id="y">-86</int>
							<int id="x">-468</int>
						</object>
						<object id="end">
							<int id="y">-88</int>
							<int id="x">-394</int>
						</object>
						<int id="platform_pc_perm">-1</int>
					</object>
					<object id="plat_1308037220637">
						<int id="platform_item_perm">-1</int>
						<object id="start">
							<int id="y">-81</int>
							<int id="x">1696</int>
						</object>
						<object id="end">
							<int id="y">-84</int>
							<int id="x">1781</int>
						</object>
						<int id="platform_pc_perm">-1</int>
					</object>
					<object id="plat_1308037220624">
						<int id="platform_item_perm">-1</int>
						<object id="start">
							<int id="y">-43</int>
							<int id="x">3</int>
						</object>
						<object id="end">
							<int id="y">-49</int>
							<int id="x">127</int>
						</object>
						<int id="platform_pc_perm">-1</int>
					</object>
					<object id="plat_1308037220634">
						<int id="platform_item_perm">-1</int>
						<object id="start">
							<int id="y">-85</int>
							<int id="x">1541</int>
						</object>
						<object id="end">
							<int id="y">-81</int>
							<int id="x">1696</int>
						</object>
						<int id="platform_pc_perm">-1</int>
					</object>
					<object id="plat_1308037220639">
						<int id="platform_item_perm">-1</int>
						<object id="start">
							<int id="y">-80</int>
							<int id="x">1884</int>
						</object>
						<object id="end">
							<int id="y">-72</int>
							<int id="x">1914</int>
						</object>
						<int id="platform_pc_perm">-1</int>
					</object>
					<object id="plat_1308037220625">
						<int id="platform_item_perm">-1</int>
						<object id="start">
							<int id="y">-49</int>
							<int id="x">127</int>
						</object>
						<object id="end">
							<int id="y">-64</int>
							<int id="x">289</int>
						</object>
						<int id="platform_pc_perm">-1</int>
					</object>
					<object id="plat_1308037220614">
						<int id="platform_item_perm">-1</int>
						<object id="start">
							<int id="y">-58</int>
							<int id="x">-229</int>
						</object>
						<object id="end">
							<int id="y">-56</int>
							<int id="x">-195</int>
						</object>
						<int id="platform_pc_perm">-1</int>
					</object>
					<object id="plat_1308037220599">
						<int id="platform_item_perm">-1</int>
						<object id="start">
							<int id="y">-61</int>
							<int id="x">-1294</int>
						</object>
						<object id="end">
							<int id="y">-62</int>
							<int id="x">-1092</int>
						</object>
						<int id="platform_pc_perm">-1</int>
					</object>
					<object id="plat_1308037220648">
						<int id="platform_item_perm">-1</int>
						<object id="start">
							<int id="y">-68</int>
							<int id="x">2840</int>
						</object>
						<object id="end">
							<int id="y">-70</int>
							<int id="x">2999</int>
						</object>
						<int id="platform_pc_perm">-1</int>
					</object>
					<object id="plat_1308037220604">
						<int id="platform_item_perm">-1</int>
						<object id="start">
							<int id="y">-62</int>
							<int id="x">-998</int>
						</object>
						<object id="end">
							<int id="y">-68</int>
							<int id="x">-962</int>
						</object>
						<int id="platform_pc_perm">-1</int>
					</object>
					<object id="plat_1308041318901">
						<int id="platform_item_perm">-1</int>
						<object id="start">
							<int id="y">-167</int>
							<int id="x">-985</int>
						</object>
						<object id="end">
							<int id="y">-160</int>
							<int id="x">-910</int>
						</object>
						<int id="platform_pc_perm">-1</int>
					</object>
					<object id="plat_1308041318900">
						<int id="platform_item_perm">-1</int>
						<object id="start">
							<int id="y">-167</int>
							<int id="x">-1072</int>
						</object>
						<object id="end">
							<int id="y">-167</int>
							<int id="x">-985</int>
						</object>
						<int id="platform_pc_perm">-1</int>
					</object>
					<object id="plat_1308037220613">
						<int id="platform_item_perm">-1</int>
						<object id="start">
							<int id="y">-77</int>
							<int id="x">-315</int>
						</object>
						<object id="end">
							<int id="y">-58</int>
							<int id="x">-229</int>
						</object>
						<int id="platform_pc_perm">-1</int>
					</object>
					<object id="plat_1308037220638">
						<int id="platform_item_perm">-1</int>
						<object id="start">
							<int id="y">-84</int>
							<int id="x">1781</int>
						</object>
						<object id="end">
							<int id="y">-80</int>
							<int id="x">1884</int>
						</object>
						<int id="platform_pc_perm">-1</int>
					</object>
					<object id="plat_1308037220628">
						<int id="platform_item_perm">-1</int>
						<object id="start">
							<int id="y">-73</int>
							<int id="x">583</int>
						</object>
						<object id="end">
							<int id="y">-72</int>
							<int id="x">771</int>
						</object>
						<int id="platform_pc_perm">-1</int>
					</object>
					<object id="plat_1308037220645">
						<int id="platform_item_perm">-1</int>
						<object id="start">
							<int id="y">-55</int>
							<int id="x">2261</int>
						</object>
						<object id="end">
							<int id="y">-51</int>
							<int id="x">2335</int>
						</object>
						<int id="platform_pc_perm">-1</int>
					</object>
					<object id="plat_1308037220629">
						<int id="platform_item_perm">-1</int>
						<object id="start">
							<int id="y">-72</int>
							<int id="x">771</int>
						</object>
						<object id="end">
							<int id="y">-74</int>
							<int id="x">820</int>
						</object>
						<int id="platform_pc_perm">-1</int>
					</object>
					<object id="plat_1308037220633">
						<int id="platform_item_perm">-1</int>
						<object id="start">
							<int id="y">-69</int>
							<int id="x">1196</int>
						</object>
						<object id="end">
							<int id="y">-85</int>
							<int id="x">1541</int>
						</object>
						<int id="platform_pc_perm">-1</int>
					</object>
					<object id="plat_1308037220584">
						<int id="platform_item_perm">-1</int>
						<object id="start">
							<int id="y">-69</int>
							<int id="x">-2815</int>
						</object>
						<object id="end">
							<int id="y">-64</int>
							<int id="x">-2588</int>
						</object>
						<int id="platform_pc_perm">-1</int>
					</object>
					<object id="plat_1308037220594">
						<int id="platform_item_perm">-1</int>
						<object id="start">
							<int id="y">-54</int>
							<int id="x">-1572</int>
						</object>
						<object id="end">
							<int id="y">-69</int>
							<int id="x">-1475</int>
						</object>
						<int id="platform_pc_perm">-1</int>
					</object>
					<object id="plat_1308037220585">
						<int id="platform_item_perm">-1</int>
						<object id="start">
							<int id="y">-64</int>
							<int id="x">-2588</int>
						</object>
						<object id="end">
							<int id="y">-62</int>
							<int id="x">-2479</int>
						</object>
						<int id="platform_pc_perm">-1</int>
					</object>
					<object id="plat_1308037220607">
						<int id="platform_item_perm">-1</int>
						<object id="start">
							<int id="y">-83</int>
							<int id="x">-795</int>
						</object>
						<object id="end">
							<int id="y">-89</int>
							<int id="x">-736</int>
						</object>
						<int id="platform_pc_perm">-1</int>
					</object>
					<object id="plat_1308037220591">
						<int id="platform_item_perm">-1</int>
						<object id="start">
							<int id="y">-38</int>
							<int id="x">-2143</int>
						</object>
						<object id="end">
							<int id="y">-40</int>
							<int id="x">-2045</int>
						</object>
						<int id="platform_pc_perm">-1</int>
					</object>
					<object id="plat_1308037220631">
						<int id="platform_item_perm">-1</int>
						<object id="start">
							<int id="y">-80</int>
							<int id="x">944</int>
						</object>
						<object id="end">
							<int id="y">-67</int>
							<int id="x">1054</int>
						</object>
						<int id="platform_pc_perm">-1</int>
					</object>
					<object id="plat_1308037220587">
						<int id="platform_item_perm">-1</int>
						<object id="start">
							<int id="y">-70</int>
							<int id="x">-2420</int>
						</object>
						<object id="end">
							<int id="y">-75</int>
							<int id="x">-2355</int>
						</object>
						<int id="platform_pc_perm">-1</int>
					</object>
				</object>
				<object id="walls">
				</object>
				<object id="targets">
				</object>
				<str id="name">middleground</str>
				<object id="boxes">
				</object>
				<object id="doors">
				</object>
				<int id="w">6000</int>
				<object id="ladders">
				</object>
				<int id="z">0</int>
			</object>
			<object id="T_1307741552441">
				<object id="decos">
					<object id="cloud_fluffy_2_1307984015711">
						<int id="w">1069</int>
						<int id="z">17</int>
						<int id="h">114</int>
						<int id="y">738</int>
						<str id="sprite_class">cloud_fluffy_2</str>
						<str id="name">cloud_fluffy_2_1307749098529</str>
						<int id="x">4644</int>
					</object>
					<object id="heights_bush_4_1307987031100">
						<int id="w">459</int>
						<int id="z">24</int>
						<int id="h">23</int>
						<int id="y">778</int>
						<str id="sprite_class">heights_bush_4</str>
						<str id="name">heights_bush_4_1307741552494</str>
						<int id="x">2112</int>
					</object>
					<object id="heights_bush_4_1307987031102">
						<int id="w">478</int>
						<int id="z">26</int>
						<int id="r">1</int>
						<int id="h">28</int>
						<int id="y">789</int>
						<str id="sprite_class">heights_bush_4</str>
						<str id="name">heights_bush_4_1307741552494</str>
						<int id="x">2430</int>
					</object>
					<object id="heights_bush_4_1307987031098">
						<int id="w">439</int>
						<int id="z">25</int>
						<int id="h">25</int>
						<int id="y">779</int>
						<str id="sprite_class">heights_bush_4</str>
						<str id="name">heights_bush_4_1307741552494</str>
						<int id="x">1853</int>
						<bool id="h_flip">true</bool>
					</object>
					<object id="heights_bush_4_1307749098699">
						<int id="w">449</int>
						<int id="z">15</int>
						<int id="r">2</int>
						<int id="h">23</int>
						<int id="y">768</int>
						<str id="sprite_class">heights_bush_4</str>
						<str id="name">heights_bush_4_1307741552494</str>
						<int id="x">565</int>
					</object>
					<object id="heights_bush_4_1307749098700">
						<int id="w">768</int>
						<int id="z">16</int>
						<int id="r">1</int>
						<int id="h">26</int>
						<int id="y">769</int>
						<str id="sprite_class">heights_bush_4</str>
						<str id="name">heights_bush_4_1307741552494</str>
						<int id="x">220</int>
					</object>
					<object id="cloud_fluffy_2_1307984015710">
						<int id="w">1069</int>
						<int id="z">18</int>
						<int id="h">114</int>
						<int id="y">725</int>
						<str id="sprite_class">cloud_fluffy_2</str>
						<str id="name">cloud_fluffy_2_1307749098529</str>
						<int id="x">3181</int>
					</object>
					<object id="heights_bush_4_1307749098585">
						<int id="w">566</int>
						<int id="z">11</int>
						<int id="h">26</int>
						<int id="y">784</int>
						<str id="sprite_class">heights_bush_4</str>
						<str id="name">heights_bush_4_1307741552494</str>
						<int id="x">3881</int>
					</object>
					<object id="cloud_fluffy_1_1307984015708">
						<int id="w">798</int>
						<int id="z">19</int>
						<int id="h">119</int>
						<int id="y">691</int>
						<str id="sprite_class">cloud_fluffy_1</str>
						<str id="name">cloud_fluffy_1_1307749098737</str>
						<int id="x">517</int>
					</object>
					<object id="heights_bush_4_1307987031097">
						<int id="w">479</int>
						<int id="z">23</int>
						<int id="h">26</int>
						<int id="y">781</int>
						<str id="sprite_class">heights_bush_4</str>
						<str id="name">heights_bush_4_1307741552494</str>
						<int id="x">2020</int>
					</object>
					<object id="heights_bush_4_1307749098584">
						<int id="w">580</int>
						<int id="z">10</int>
						<int id="h">24</int>
						<int id="y">784</int>
						<str id="sprite_class">heights_bush_4</str>
						<str id="name">heights_bush_4_1307741552494</str>
						<int id="x">3601</int>
						<bool id="h_flip">true</bool>
					</object>
					<object id="cloud_fluffy_2_1307984015709">
						<int id="w">771</int>
						<int id="z">27</int>
						<int id="h">82</int>
						<int id="y">738</int>
						<str id="sprite_class">cloud_fluffy_2</str>
						<str id="name">cloud_fluffy_2_1307749098529</str>
						<int id="x">1348</int>
					</object>
					<object id="cloud_fluffy_1_1307984015705">
						<int id="w">798</int>
						<int id="z">22</int>
						<int id="h">119</int>
						<int id="y">734</int>
						<str id="sprite_class">cloud_fluffy_1</str>
						<str id="name">cloud_fluffy_1_1307749098737</str>
						<int id="x">2339</int>
					</object>
					<object id="heights_bush_4_1307749098587">
						<int id="w">556</int>
						<int id="z">14</int>
						<int id="h">21</int>
						<int id="y">788</int>
						<str id="sprite_class">heights_bush_4</str>
						<str id="name">heights_bush_4_1307741552494</str>
						<int id="x">4202</int>
					</object>
				</object>
				<str id="name">sky</str>
				<int id="w">5160</int>
				<int id="h">1000</int>
				<int id="z">-5</int>
				<object id="filtersNEW">
					<object id="contrast">
						<int id="value">-10</int>
					</object>
					<object id="saturation">
						<int id="value">-60</int>
					</object>
					<object id="tintColor">
						<int id="value">16763904</int>
					</object>
					<object id="blur">
						<int id="value">3</int>
					</object>
					<object id="tintAmount">
						<int id="value">80</int>
					</object>
					<object id="brightness">
						<int id="value">19</int>
					</object>
				</object>
			</object>
			<object id="T_1307741552442">
				<object id="decos">
					<object id="lens_grass_1_1307749098480">
						<int id="w">1063</int>
						<int id="z">13</int>
						<int id="h">85</int>
						<int id="y">838</int>
						<str id="sprite_class">lens_grass_1</str>
						<str id="name">lens_grass_1_1307741552445</str>
						<int id="x">449</int>
					</object>
					<object id="lens_grass_1_1307749098476">
						<int id="w">1212</int>
						<int id="z">9</int>
						<int id="h">68</int>
						<int id="y">832</int>
						<str id="sprite_class">lens_grass_1</str>
						<str id="name">lens_grass_1_1307741552445</str>
						<int id="x">1869</int>
					</object>
					<object id="alakol_cliff_1_1308129359297">
						<int id="w">82</int>
						<int id="z">22</int>
						<int id="r">-1</int>
						<int id="h">8</int>
						<int id="y">784</int>
						<str id="sprite_class">alakol_cliff_1</str>
						<str id="name">alakol_cliff_1_1307749098572</str>
						<int id="x">3304</int>
					</object>
					<object id="tree_acacia_4_1307749098591">
						<int id="w">55</int>
						<int id="z">14</int>
						<int id="h">42</int>
						<int id="y">778</int>
						<str id="sprite_class">tree_acacia_4</str>
						<str id="name">tree_acacia_4_1307749098538</str>
						<int id="x">3858</int>
						<bool id="h_flip">true</bool>
					</object>
					<object id="lens_grass_2_1307749098473">
						<int id="w">1258</int>
						<int id="z">3</int>
						<int id="r">1</int>
						<int id="h">71</int>
						<int id="y">841</int>
						<str id="sprite_class">lens_grass_2</str>
						<str id="name">lens_grass_2_1307741552444</str>
						<int id="x">4283</int>
					</object>
					<object id="tree_acacia_3_1307749098704">
						<int id="w">111</int>
						<int id="z">24</int>
						<int id="h">51</int>
						<int id="y">757</int>
						<str id="sprite_class">tree_acacia_3</str>
						<str id="name">tree_acacia_3_1307749098496</str>
						<int id="x">458</int>
					</object>
					<object id="alakol_cliff_1_1308129359296">
						<int id="w">82</int>
						<int id="z">19</int>
						<int id="r">1</int>
						<int id="h">8</int>
						<int id="y">784</int>
						<str id="sprite_class">alakol_cliff_1</str>
						<str id="name">alakol_cliff_1_1307749098572</str>
						<int id="x">3240</int>
					</object>
					<object id="lens_grass_2_1307749098468">
						<int id="w">1035</int>
						<int id="z">4</int>
						<int id="r">1</int>
						<int id="h">71</int>
						<int id="y">850</int>
						<str id="sprite_class">lens_grass_2</str>
						<str id="name">lens_grass_2_1307741552444</str>
						<int id="x">5247</int>
					</object>
					<object id="alakol_water_rock_1_1308037220491">
						<int id="w">54</int>
						<int id="z">26</int>
						<int id="h">15</int>
						<int id="y">774</int>
						<str id="sprite_class">alakol_water_rock_1</str>
						<str id="name">alakol_water_rock_1_1307749098577</str>
						<int id="x">1276</int>
					</object>
					<object id="alakol_cliff_1_1307749098572">
						<int id="w">82</int>
						<int id="z">18</int>
						<int id="h">8</int>
						<int id="y">782</int>
						<str id="sprite_class">alakol_cliff_1</str>
						<str id="name">alakol_cliff_1_1307749098572</str>
						<int id="x">3175</int>
					</object>
					<object id="lens_grass_2_1307749098475">
						<int id="w">1009</int>
						<int id="z">7</int>
						<int id="h">55</int>
						<int id="y">831</int>
						<str id="sprite_class">lens_grass_2</str>
						<str id="name">lens_grass_2_1307741552444</str>
						<int id="x">3136</int>
					</object>
					<object id="lens_grass_2_1307749098481">
						<int id="w">934</int>
						<int id="z">12</int>
						<int id="r">1</int>
						<int id="h">71</int>
						<int id="y">816</int>
						<str id="sprite_class">lens_grass_2</str>
						<str id="name">lens_grass_2_1307741552444</str>
						<int id="x">67</int>
					</object>
					<object id="lens_grass_1_1307749098469">
						<int id="w">1140</int>
						<int id="z">5</int>
						<int id="h">78</int>
						<int id="y">857</int>
						<str id="sprite_class">lens_grass_1</str>
						<str id="name">lens_grass_1_1307741552445</str>
						<int id="x">4776</int>
					</object>
					<object id="lens_grass_1_1307749098474">
						<int id="w">1322</int>
						<int id="z">8</int>
						<int id="h">85</int>
						<int id="y">860</int>
						<str id="sprite_class">lens_grass_1</str>
						<str id="name">lens_grass_1_1307741552445</str>
						<int id="x">2721</int>
					</object>
					<object id="tree_acacia_1_1307749098541">
						<int id="w">62</int>
						<int id="z">17</int>
						<int id="h">39</int>
						<int id="y">792</int>
						<str id="sprite_class">tree_acacia_1</str>
						<str id="name">tree_acacia_1_1307749098541</str>
						<int id="x">4939</int>
					</object>
					<object id="alakol_water_rock_1_1308129359300">
						<int id="w">19</int>
						<int id="z">0</int>
						<int id="h">11</int>
						<int id="y">774</int>
						<str id="sprite_class">alakol_water_rock_1</str>
						<str id="name">alakol_water_rock_1_1307749098577</str>
						<int id="x">3212</int>
					</object>
					<object id="tree_acacia_1_1307749098703">
						<int id="w">98</int>
						<int id="z">21</int>
						<int id="h">61</int>
						<int id="y">752</int>
						<str id="sprite_class">tree_acacia_1</str>
						<str id="name">tree_acacia_1_1307749098552</str>
						<int id="x">29</int>
					</object>
					<object id="lens_grass_2_1307749098479">
						<int id="w">1152</int>
						<int id="z">10</int>
						<int id="r">1</int>
						<int id="h">68</int>
						<int id="y">828</int>
						<str id="sprite_class">lens_grass_2</str>
						<str id="name">lens_grass_2_1307741552444</str>
						<int id="x">1435</int>
					</object>
					<object id="tree_acacia_3_1307749098588">
						<int id="w">72</int>
						<int id="z">20</int>
						<int id="h">33</int>
						<int id="y">781</int>
						<str id="sprite_class">tree_acacia_3</str>
						<str id="name">tree_acacia_3_1307749098496</str>
						<int id="x">4391</int>
					</object>
					<object id="pampas_2_1307749098721">
						<int id="w">6</int>
						<int id="z">25</int>
						<int id="h">9</int>
						<int id="y">774</int>
						<str id="sprite_class">pampas_2</str>
						<str id="name">pampas_2_1307749098499</str>
						<int id="x">1739</int>
					</object>
					<object id="lens_grass_2_1307749098477">
						<int id="w">1106</int>
						<int id="z">2</int>
						<int id="r">1</int>
						<int id="h">36</int>
						<int id="y">806</int>
						<str id="sprite_class">lens_grass_2</str>
						<str id="name">lens_grass_2_1307741552444</str>
						<int id="x">2474</int>
					</object>
					<object id="tree_acacia_2_1307749098589">
						<int id="w">58</int>
						<int id="z">27</int>
						<int id="h">33</int>
						<int id="y">792</int>
						<str id="sprite_class">tree_acacia_2</str>
						<str id="name">tree_acacia_2_1307749098540</str>
						<int id="x">4901</int>
					</object>
					<object id="alakol_cliff_1_1308129359298">
						<int id="w">82</int>
						<int id="z">1</int>
						<int id="r">2</int>
						<int id="h">8</int>
						<int id="y">778</int>
						<str id="sprite_class">alakol_cliff_1</str>
						<str id="name">alakol_cliff_1_1307749098572</str>
						<int id="x">3231</int>
					</object>
					<object id="tree_acacia_4_1307749098539">
						<int id="w">53</int>
						<int id="z">16</int>
						<int id="h">40</int>
						<int id="y">786</int>
						<str id="sprite_class">tree_acacia_4</str>
						<str id="name">tree_acacia_4_1307749098538</str>
						<int id="x">4875</int>
					</object>
					<object id="lens_grass_1_1307749098478">
						<int id="w">1089</int>
						<int id="z">11</int>
						<int id="h">69</int>
						<int id="y">827</int>
						<str id="sprite_class">lens_grass_1</str>
						<str id="name">lens_grass_1_1307741552445</str>
						<int id="x">892</int>
					</object>
					<object id="tree_acacia_1_1308037220626">
						<int id="w">54</int>
						<int id="z">23</int>
						<int id="h">34</int>
						<int id="y">771</int>
						<str id="sprite_class">tree_acacia_1</str>
						<str id="name">tree_acacia_1_1307749098552</str>
						<int id="x">1990</int>
					</object>
					<object id="tree_acacia_4_1307987031068">
						<int id="w">55</int>
						<int id="z">15</int>
						<int id="r">-11</int>
						<int id="h">46</int>
						<int id="y">778</int>
						<str id="sprite_class">tree_acacia_4</str>
						<str id="name">tree_acacia_4_1307749098538</str>
						<int id="x">3813</int>
						<bool id="h_flip">true</bool>
					</object>
					<object id="lens_grass_1_1307749098472">
						<int id="w">1289</int>
						<int id="z">6</int>
						<int id="h">81</int>
						<int id="y">850</int>
						<str id="sprite_class">lens_grass_1</str>
						<str id="name">lens_grass_1_1307741552445</str>
						<int id="x">3702</int>
					</object>
				</object>
				<str id="name">bg_3</str>
				<int id="w">5400</int>
				<int id="h">1000</int>
				<int id="z">-3</int>
				<object id="filtersNEW">
					<object id="contrast">
						<int id="value">0</int>
					</object>
					<object id="blur">
						<int id="value">3</int>
					</object>
					<object id="brightness">
						<int id="value">25</int>
					</object>
					<object id="saturation">
						<int id="value">6</int>
					</object>
					<object id="tintColor">
						<int id="value">0</int>
					</object>
				</object>
			</object>
		</object>
		<null id="loading_label"/>
		<int id="ground_y">0</int>
		<int id="rookable_type">0</int>
		<null id="physics"/>
		<null id="img_file_versioned"/>
		<str id="tsid">LA513TDU0J524CU</str>
		<str id="swf_file_versioned">http://c2.glitch.bz/locations/groddle1/1317079592.swf</str>
		<object id="gradient">
			<str id="top">7395BF</str>
			<str id="bottom">FFD859</str>
		</object>
		<object id="sources">
			<int id="LA513OVR0J52BMT">1</int>
			<int id="LA5142521J52DH8">1</int>
			<int id="LA513S9U0J52SKD">1</int>
			<int id="LA513LMP0J52V1C">1</int>
			<int id="LA514K0J3J52ID0">1</int>
			<int id="LA513CDN0J52ND9">1</int>
		</object>
		<str id="music_file"></str>
		<bool id="wall_jump">false</bool>
		<bool id="no_zoom">false</bool>
	</object>
</game_object>
