<game_object tsid="GA513KEP0J52N21" ts="1337675203603" label="Loutish Ln D" class_tsid="" lastUpdateTime="1337675193693" upd_gs="gs8" load_time="2012-05-22 01:22:14.518" upd_time="2012-05-22 01:22:20.400">
	<object id="dynamic">
		<int id="l">-3000</int>
		<int id="r">3000</int>
		<int id="t">-1000</int>
		<int id="b">0</int>
		<str id="label">Loutish Ln D</str>
		<str id="swf_file">groddle1.swf</str>
		<object id="layers">
			<object id="T_1307741552438">
				<object id="decos">
					<object id="lens_grass_1_1307987031053">
						<int id="w">365</int>
						<int id="z">15</int>
						<int id="h">56</int>
						<int id="y">982</int>
						<str id="sprite_class">lens_grass_1</str>
						<str id="name">lens_grass_1_1307987031014</str>
						<int id="x">1066</int>
					</object>
					<object id="lens_grass_1_1307987031022">
						<int id="w">593</int>
						<int id="z">3</int>
						<int id="h">79</int>
						<int id="y">1004</int>
						<str id="sprite_class">lens_grass_1</str>
						<str id="name">lens_grass_1_1307987031014</str>
						<int id="x">4577</int>
					</object>
					<object id="lens_grass_1_1307987031058">
						<int id="w">365</int>
						<int id="z">22</int>
						<int id="h">90</int>
						<int id="y">1021</int>
						<str id="sprite_class">lens_grass_1</str>
						<str id="name">lens_grass_1_1307987031014</str>
						<int id="x">2405</int>
					</object>
					<object id="lens_grass_1_1308179352928">
						<int id="w">642</int>
						<int id="z">24</int>
						<int id="h">104</int>
						<int id="y">1053</int>
						<str id="sprite_class">lens_grass_1</str>
						<str id="name">lens_grass_1_1307987031014</str>
						<int id="x">385</int>
					</object>
					<object id="pampas_2_1308967200643">
						<int id="w">52</int>
						<int id="z">17</int>
						<int id="r">-25</int>
						<int id="h">80</int>
						<int id="y">948</int>
						<str id="sprite_class">pampas_2</str>
						<str id="name">pampas_2_1307749098499</str>
						<int id="x">779</int>
					</object>
					<object id="lens_grass_1_1308179352943">
						<int id="w">515</int>
						<int id="z">23</int>
						<int id="r">3</int>
						<int id="h">106</int>
						<int id="y">1043</int>
						<str id="sprite_class">lens_grass_1</str>
						<str id="name">lens_grass_1_1307987031014</str>
						<int id="x">2083</int>
					</object>
					<object id="pampas_2_1308179353009">
						<int id="w">85</int>
						<int id="z">26</int>
						<int id="r">-20</int>
						<int id="h">131</int>
						<int id="y">983</int>
						<str id="sprite_class">pampas_2</str>
						<str id="name">pampas_2_1307749098499</str>
						<int id="x">2697</int>
					</object>
					<object id="lens_grass_1_1307987031021">
						<int id="w">338</int>
						<int id="z">1</int>
						<int id="r">1</int>
						<int id="h">53</int>
						<int id="y">971</int>
						<str id="sprite_class">lens_grass_1</str>
						<str id="name">lens_grass_1_1307987031014</str>
						<int id="x">5069</int>
					</object>
					<object id="lens_grass_1_1308179352929">
						<int id="w">351</int>
						<int id="z">19</int>
						<int id="h">114</int>
						<int id="y">1047</int>
						<str id="sprite_class">lens_grass_1</str>
						<str id="name">lens_grass_1_1307987031014</str>
						<int id="x">673</int>
					</object>
					<object id="lens_grass_1_1307987031054">
						<int id="w">365</int>
						<int id="z">18</int>
						<int id="h">100</int>
						<int id="y">1028</int>
						<str id="sprite_class">lens_grass_1</str>
						<str id="name">lens_grass_1_1307987031014</str>
						<int id="x">929</int>
					</object>
					<object id="lens_grass_1_1308179352945">
						<int id="w">472</int>
						<int id="z">11</int>
						<int id="h">95</int>
						<int id="y">1023</int>
						<str id="sprite_class">lens_grass_1</str>
						<str id="name">lens_grass_1_1307987031014</str>
						<int id="x">3560</int>
					</object>
					<object id="lens_grass_1_1308179352992">
						<int id="w">593</int>
						<int id="z">8</int>
						<int id="h">79</int>
						<int id="y">1020</int>
						<str id="sprite_class">lens_grass_1</str>
						<str id="name">lens_grass_1_1307987031014</str>
						<int id="x">5926</int>
					</object>
					<object id="lens_grass_1_1308179352944">
						<int id="w">472</int>
						<int id="z">10</int>
						<int id="h">74</int>
						<int id="y">993</int>
						<str id="sprite_class">lens_grass_1</str>
						<str id="name">lens_grass_1_1307987031014</str>
						<int id="x">3359</int>
					</object>
					<object id="pampas_1_1308179353008">
						<int id="w">58</int>
						<int id="z">16</int>
						<int id="h">84</int>
						<int id="y">956</int>
						<str id="sprite_class">pampas_1</str>
						<str id="name">pampas_1_1308179353005</str>
						<int id="x">792</int>
					</object>
					<object id="pampas_2_1308967200661">
						<int id="w">72</int>
						<int id="z">0</int>
						<int id="r">-5</int>
						<int id="h">111</int>
						<int id="y">945</int>
						<str id="sprite_class">pampas_2</str>
						<str id="name">pampas_2_1307749098499</str>
						<int id="x">3221</int>
					</object>
					<object id="lens_grass_1_1308967200647">
						<int id="w">152</int>
						<int id="z">4</int>
						<int id="h">43</int>
						<int id="y">966</int>
						<str id="sprite_class">lens_grass_1</str>
						<str id="name">lens_grass_1_1307987031014</str>
						<int id="x">4170</int>
					</object>
					<object id="lens_grass_1_1308967200651">
						<int id="w">211</int>
						<int id="z">6</int>
						<int id="h">44</int>
						<int id="y">963</int>
						<str id="sprite_class">lens_grass_1</str>
						<str id="name">lens_grass_1_1307987031014</str>
						<int id="x">3665</int>
					</object>
					<object id="lens_grass_1_1308967200657">
						<int id="w">240</int>
						<int id="z">9</int>
						<int id="r">3</int>
						<int id="h">40</int>
						<int id="y">956</int>
						<str id="sprite_class">lens_grass_1</str>
						<str id="name">lens_grass_1_1307987031014</str>
						<int id="x">3092</int>
					</object>
					<object id="lens_grass_1_1307987031020">
						<int id="w">285</int>
						<int id="z">13</int>
						<int id="h">60</int>
						<int id="y">988</int>
						<str id="sprite_class">lens_grass_1</str>
						<str id="name">lens_grass_1_1307987031014</str>
						<int id="x">5105</int>
					</object>
					<object id="lens_grass_1_1308967200648">
						<int id="w">315</int>
						<int id="z">7</int>
						<int id="h">66</int>
						<int id="y">993</int>
						<str id="sprite_class">lens_grass_1</str>
						<str id="name">lens_grass_1_1307987031014</str>
						<int id="x">4002</int>
					</object>
					<object id="pampas_2_1307749098692">
						<int id="w">70</int>
						<int id="z">12</int>
						<int id="h">107</int>
						<int id="y">960</int>
						<str id="sprite_class">pampas_2</str>
						<str id="name">pampas_2_1307749098499</str>
						<int id="x">4964</int>
					</object>
					<object id="pampas_2_1308179353004">
						<int id="w">88</int>
						<int id="z">25</int>
						<int id="h">135</int>
						<int id="y">989</int>
						<str id="sprite_class">pampas_2</str>
						<str id="name">pampas_2_1307749098499</str>
						<int id="x">2706</int>
					</object>
					<object id="lens_grass_1_1307987031057">
						<int id="w">365</int>
						<int id="z">20</int>
						<int id="h">76</int>
						<int id="y">987</int>
						<str id="sprite_class">lens_grass_1</str>
						<str id="name">lens_grass_1_1307987031014</str>
						<int id="x">2613</int>
					</object>
					<object id="lens_grass_1_1307987031059">
						<int id="w">365</int>
						<int id="z">21</int>
						<int id="h">60</int>
						<int id="y">988</int>
						<str id="sprite_class">lens_grass_1</str>
						<str id="name">lens_grass_1_1307987031014</str>
						<int id="x">2168</int>
					</object>
					<object id="lens_grass_1_1308967200644">
						<int id="w">151</int>
						<int id="z">14</int>
						<int id="h">44</int>
						<int id="y">1001</int>
						<str id="sprite_class">lens_grass_1</str>
						<str id="name">lens_grass_1_1307987031014</str>
						<int id="x">4984</int>
					</object>
					<object id="lens_grass_1_1307987031019">
						<int id="w">285</int>
						<int id="z">2</int>
						<int id="h">57</int>
						<int id="y">967</int>
						<str id="sprite_class">lens_grass_1</str>
						<str id="name">lens_grass_1_1307987031014</str>
						<int id="x">4824</int>
					</object>
				</object>
				<str id="name">middleplus</str>
				<int id="w">6000</int>
				<int id="h">1000</int>
				<int id="z">1</int>
				<object id="filtersNEW">
					<object id="contrast">
						<int id="value">0</int>
					</object>
					<object id="brightness">
						<int id="value">9</int>
					</object>
					<object id="saturation">
						<int id="value">18</int>
					</object>
					<object id="tintColor">
						<int id="value">0</int>
					</object>
				</object>
			</object>
			<object id="T_1307741552440">
				<object id="decos">
					<object id="lens_grass_1_1307987031045">
						<int id="w">97</int>
						<int id="z">10</int>
						<int id="h">24</int>
						<int id="y">808</int>
						<str id="sprite_class">lens_grass_1</str>
						<str id="name">lens_grass_1_1307987031014</str>
						<int id="x">574</int>
					</object>
					<object id="pampas_1_1308967200666">
						<int id="w">16</int>
						<int id="z">18</int>
						<int id="h">23</int>
						<int id="y">806</int>
						<str id="sprite_class">pampas_1</str>
						<str id="name">pampas_1_1308179353005</str>
						<int id="x">567</int>
					</object>
					<object id="lens_grass_1_1308179352923">
						<int id="w">125</int>
						<int id="z">34</int>
						<int id="h">20</int>
						<int id="y">805</int>
						<str id="sprite_class">lens_grass_1</str>
						<str id="name">lens_grass_1_1307987031014</str>
						<int id="x">2059</int>
					</object>
					<object id="lens_grass_1_1308179352924">
						<int id="w">125</int>
						<int id="z">35</int>
						<int id="h">20</int>
						<int id="y">804</int>
						<str id="sprite_class">lens_grass_1</str>
						<str id="name">lens_grass_1_1307987031014</str>
						<int id="x">2200</int>
					</object>
					<object id="lens_grass_1_1308179352925">
						<int id="w">125</int>
						<int id="z">39</int>
						<int id="h">20</int>
						<int id="y">814</int>
						<str id="sprite_class">lens_grass_1</str>
						<str id="name">lens_grass_1_1307987031014</str>
						<int id="x">2189</int>
					</object>
					<object id="lens_grass_2_1307741552470">
						<int id="w">1348</int>
						<int id="z">3</int>
						<int id="r">1</int>
						<int id="h">73</int>
						<int id="y">863</int>
						<str id="sprite_class">lens_grass_2</str>
						<str id="name">lens_grass_2_1307741552444</str>
						<int id="x">2667</int>
					</object>
					<object id="lens_grass_1_1307992844138">
						<int id="w">103</int>
						<int id="z">28</int>
						<int id="h">16</int>
						<int id="y">813</int>
						<str id="sprite_class">lens_grass_1</str>
						<str id="name">lens_grass_1_1307987031014</str>
						<int id="x">3498</int>
					</object>
					<object id="lens_grass_1_1307987031064">
						<int id="w">125</int>
						<int id="z">21</int>
						<int id="h">20</int>
						<int id="y">808</int>
						<str id="sprite_class">lens_grass_1</str>
						<str id="name">lens_grass_1_1307987031014</str>
						<int id="x">4260</int>
					</object>
					<object id="lens_grass_1_1307741552465">
						<int id="w">1317</int>
						<int id="z">7</int>
						<int id="r">1</int>
						<int id="h">86</int>
						<int id="y">861</int>
						<str id="sprite_class">lens_grass_1</str>
						<str id="name">lens_grass_1_1307741552445</str>
						<int id="x">871</int>
					</object>
					<object id="lens_grass_1_1307987031044">
						<int id="w">125</int>
						<int id="z">9</int>
						<int id="h">20</int>
						<int id="y">797</int>
						<str id="sprite_class">lens_grass_1</str>
						<str id="name">lens_grass_1_1307987031014</str>
						<int id="x">583</int>
					</object>
					<object id="tree_acacia_2_1307992844131">
						<int id="w">345</int>
						<int id="z">27</int>
						<int id="h">194</int>
						<int id="y">821</int>
						<str id="sprite_class">tree_acacia_2</str>
						<str id="name">tree_acacia_2_1307749098540</str>
						<int id="x">4376</int>
					</object>
					<object id="lens_grass_1_1307741552469">
						<int id="w">1229</int>
						<int id="z">12</int>
						<int id="h">66</int>
						<int id="y">865</int>
						<str id="sprite_class">lens_grass_1</str>
						<str id="name">lens_grass_1_1307741552445</str>
						<int id="x">3174</int>
					</object>
					<object id="lens_grass_1_1307992844141">
						<int id="w">103</int>
						<int id="z">30</int>
						<int id="h">16</int>
						<int id="y">820</int>
						<str id="sprite_class">lens_grass_1</str>
						<str id="name">lens_grass_1_1307987031014</str>
						<int id="x">3608</int>
					</object>
					<object id="lens_grass_2_1307741552466">
						<int id="w">1202</int>
						<int id="z">6</int>
						<int id="h">72</int>
						<int id="y">838</int>
						<str id="sprite_class">lens_grass_2</str>
						<str id="name">lens_grass_2_1307741552444</str>
						<int id="x">232</int>
					</object>
					<object id="lens_grass_1_1307987031067">
						<int id="w">125</int>
						<int id="z">26</int>
						<int id="h">20</int>
						<int id="y">820</int>
						<str id="sprite_class">lens_grass_1</str>
						<str id="name">lens_grass_1_1307987031014</str>
						<int id="x">4785</int>
					</object>
					<object id="lens_grass_2_1307749098467">
						<int id="w">1280</int>
						<int id="z">13</int>
						<int id="r">1</int>
						<int id="h">73</int>
						<int id="y">869</int>
						<str id="sprite_class">lens_grass_2</str>
						<str id="name">lens_grass_2_1307741552444</str>
						<int id="x">4675</int>
					</object>
					<object id="lens_grass_1_1308967200667">
						<int id="w">125</int>
						<int id="z">37</int>
						<int id="h">20</int>
						<int id="y">807</int>
						<str id="sprite_class">lens_grass_1</str>
						<str id="name">lens_grass_1_1307987031014</str>
						<int id="x">1480</int>
					</object>
					<object id="lens_grass_1_1307741552467">
						<int id="w">1426</int>
						<int id="z">5</int>
						<int id="r">1</int>
						<int id="h">77</int>
						<int id="y">860</int>
						<str id="sprite_class">lens_grass_1</str>
						<str id="name">lens_grass_1_1307741552445</str>
						<int id="x">2073</int>
					</object>
					<object id="transition_dirt_2_1308179353001">
						<int id="w">83</int>
						<int id="z">24</int>
						<int id="h">10</int>
						<int id="y">823</int>
						<str id="sprite_class">transition_dirt_2</str>
						<str id="name">transition_dirt_2_1308179352964</str>
						<int id="x">5444</int>
					</object>
					<object id="lens_grass_1_1307987031066">
						<int id="w">125</int>
						<int id="z">25</int>
						<int id="h">20</int>
						<int id="y">819</int>
						<str id="sprite_class">lens_grass_1</str>
						<str id="name">lens_grass_1_1307987031014</str>
						<int id="x">5414</int>
					</object>
					<object id="lens_grass_1_1307987031051">
						<int id="w">99</int>
						<int id="z">19</int>
						<int id="h">22</int>
						<int id="y">800</int>
						<str id="sprite_class">lens_grass_1</str>
						<str id="name">lens_grass_1_1307987031014</str>
						<int id="x">1206</int>
					</object>
					<object id="lens_grass_1_1307987031046">
						<int id="w">97</int>
						<int id="z">11</int>
						<int id="h">24</int>
						<int id="y">815</int>
						<str id="sprite_class">lens_grass_1</str>
						<str id="name">lens_grass_1_1307987031014</str>
						<int id="x">613</int>
					</object>
					<object id="lens_grass_2_1307741552468">
						<int id="w">1392</int>
						<int id="z">4</int>
						<int id="h">75</int>
						<int id="y">855</int>
						<str id="sprite_class">lens_grass_2</str>
						<str id="name">lens_grass_2_1307741552444</str>
						<int id="x">1421</int>
					</object>
					<object id="lens_grass_2_1307741552472">
						<int id="w">1242</int>
						<int id="z">1</int>
						<int id="r">-2</int>
						<int id="h">59</int>
						<int id="y">851</int>
						<str id="sprite_class">lens_grass_2</str>
						<str id="name">lens_grass_2_1307741552444</str>
						<int id="x">3671</int>
					</object>
					<object id="lens_grass_1_1308179352922">
						<int id="w">125</int>
						<int id="z">33</int>
						<int id="h">20</int>
						<int id="y">799</int>
						<str id="sprite_class">lens_grass_1</str>
						<str id="name">lens_grass_1_1307987031014</str>
						<int id="x">2121</int>
					</object>
					<object id="lens_grass_1_1307987031065">
						<int id="w">125</int>
						<int id="z">23</int>
						<int id="h">20</int>
						<int id="y">814</int>
						<str id="sprite_class">lens_grass_1</str>
						<str id="name">lens_grass_1_1307987031014</str>
						<int id="x">5368</int>
					</object>
					<object id="lens_grass_1_1307987031062">
						<int id="w">125</int>
						<int id="z">20</int>
						<int id="h">20</int>
						<int id="y">803</int>
						<str id="sprite_class">lens_grass_1</str>
						<str id="name">lens_grass_1_1307987031014</str>
						<int id="x">4398</int>
					</object>
					<object id="lens_grass_1_1307987031063">
						<int id="w">125</int>
						<int id="z">22</int>
						<int id="h">20</int>
						<int id="y">810</int>
						<str id="sprite_class">lens_grass_1</str>
						<str id="name">lens_grass_1_1307987031014</str>
						<int id="x">4341</int>
					</object>
					<object id="lens_grass_1_1308179352939">
						<int id="w">85</int>
						<int id="z">43</int>
						<int id="h">18</int>
						<int id="y">810</int>
						<str id="sprite_class">lens_grass_1</str>
						<str id="name">lens_grass_1_1307987031014</str>
						<int id="x">1200</int>
					</object>
					<object id="lens_grass_1_1307987031049">
						<int id="w">117</int>
						<int id="z">14</int>
						<int id="h">17</int>
						<int id="y">795</int>
						<str id="sprite_class">lens_grass_1</str>
						<str id="name">lens_grass_1_1307987031014</str>
						<int id="x">1280</int>
					</object>
					<object id="lens_grass_1_1308179352926">
						<int id="w">125</int>
						<int id="z">36</int>
						<int id="h">20</int>
						<int id="y">803</int>
						<str id="sprite_class">lens_grass_1</str>
						<str id="name">lens_grass_1_1307987031014</str>
						<int id="x">1542</int>
					</object>
					<object id="lens_grass_1_1307987031048">
						<int id="w">97</int>
						<int id="z">15</int>
						<int id="h">24</int>
						<int id="y">803</int>
						<str id="sprite_class">lens_grass_1</str>
						<str id="name">lens_grass_1_1307987031014</str>
						<int id="x">1325</int>
					</object>
					<object id="lens_grass_1_1308967200668">
						<int id="w">125</int>
						<int id="z">38</int>
						<int id="h">20</int>
						<int id="y">815</int>
						<str id="sprite_class">lens_grass_1</str>
						<str id="name">lens_grass_1_1307987031014</str>
						<int id="x">1427</int>
					</object>
					<object id="lens_grass_1_1307987031043">
						<int id="w">125</int>
						<int id="z">8</int>
						<int id="h">20</int>
						<int id="y">792</int>
						<str id="sprite_class">lens_grass_1</str>
						<str id="name">lens_grass_1_1307987031014</str>
						<int id="x">517</int>
					</object>
					<object id="tree_acacia_3_1308179352934">
						<int id="w">288</int>
						<int id="z">16</int>
						<int id="h">132</int>
						<int id="y">809</int>
						<str id="sprite_class">tree_acacia_3</str>
						<str id="name">tree_acacia_3_1307749098496</str>
						<int id="x">1669</int>
					</object>
					<object id="lens_grass_1_1307749098466">
						<int id="w">1282</int>
						<int id="z">0</int>
						<int id="r">1</int>
						<int id="h">80</int>
						<int id="y">875</int>
						<str id="sprite_class">lens_grass_1</str>
						<str id="name">lens_grass_1_1307741552445</str>
						<int id="x">5326</int>
					</object>
					<object id="lens_grass_1_1307987031050">
						<int id="w">99</int>
						<int id="z">17</int>
						<int id="h">27</int>
						<int id="y">805</int>
						<str id="sprite_class">lens_grass_1</str>
						<str id="name">lens_grass_1_1307987031014</str>
						<int id="x">1116</int>
					</object>
					<object id="lens_grass_1_1307992844139">
						<int id="w">103</int>
						<int id="z">29</int>
						<int id="h">16</int>
						<int id="y">816</int>
						<str id="sprite_class">lens_grass_1</str>
						<str id="name">lens_grass_1_1307987031014</str>
						<int id="x">3551</int>
					</object>
					<object id="lens_grass_1_1307992844143">
						<int id="w">103</int>
						<int id="z">31</int>
						<int id="h">16</int>
						<int id="y">821</int>
						<str id="sprite_class">lens_grass_1</str>
						<str id="name">lens_grass_1_1307987031014</str>
						<int id="x">3633</int>
					</object>
					<object id="lens_grass_1_1307741552471">
						<int id="w">1172</int>
						<int id="z">2</int>
						<int id="h">71</int>
						<int id="y">856</int>
						<str id="sprite_class">lens_grass_1</str>
						<str id="name">lens_grass_1_1307741552445</str>
						<int id="x">4124</int>
					</object>
					<object id="lens_grass_1_1307992844142">
						<int id="w">103</int>
						<int id="z">32</int>
						<int id="h">16</int>
						<int id="y">827</int>
						<str id="sprite_class">lens_grass_1</str>
						<str id="name">lens_grass_1_1307987031014</str>
						<int id="x">3582</int>
					</object>
				</object>
				<str id="name">bg_2</str>
				<int id="w">5640</int>
				<int id="h">1000</int>
				<int id="z">-2</int>
				<object id="filtersNEW">
					<object id="contrast">
						<int id="value">0</int>
					</object>
					<object id="blur">
						<int id="value">2</int>
					</object>
					<object id="brightness">
						<int id="value">20</int>
					</object>
					<object id="saturation">
						<int id="value">10</int>
					</object>
					<object id="tintColor">
						<int id="value">0</int>
					</object>
				</object>
			</object>
			<object id="T_1307741552439">
				<object id="decos">
					<object id="patch_dirt_2a_1309204450417">
						<int id="w">219</int>
						<int id="z">3</int>
						<int id="h">38</int>
						<int id="y">886</int>
						<str id="sprite_class">patch_dirt_2a</str>
						<str id="name">patch_dirt_2a_1309204450367</str>
						<int id="x">2545</int>
					</object>
					<object id="patch_dirt_2a_1309204450416">
						<int id="w">183</int>
						<int id="z">12</int>
						<int id="h">32</int>
						<int id="y">866</int>
						<str id="sprite_class">patch_dirt_2a</str>
						<str id="name">patch_dirt_2a_1309204450367</str>
						<int id="x">2684</int>
					</object>
					<object id="lens_grass_1_1307987031095">
						<int id="w">186</int>
						<int id="z">19</int>
						<int id="h">28</int>
						<int id="y">852</int>
						<str id="sprite_class">lens_grass_1</str>
						<str id="name">lens_grass_1_1307987031014</str>
						<int id="x">1817</int>
					</object>
					<object id="lens_grass_1_1308179352941">
						<int id="w">197</int>
						<int id="z">28</int>
						<int id="h">41</int>
						<int id="y">848</int>
						<str id="sprite_class">lens_grass_1</str>
						<str id="name">lens_grass_1_1307987031014</str>
						<int id="x">991</int>
					</object>
					<object id="lens_grass_2_1307741552462">
						<int id="w">2075</int>
						<int id="z">9</int>
						<int id="h">97</int>
						<int id="y">913</int>
						<str id="sprite_class">lens_grass_2</str>
						<str id="name">lens_grass_2_1307741552444</str>
						<int id="x">4457</int>
					</object>
					<object id="patch_dirt_2a_1309204450415">
						<int id="w">276</int>
						<int id="z">31</int>
						<int id="h">48</int>
						<int id="y">891</int>
						<str id="sprite_class">patch_dirt_2a</str>
						<str id="name">patch_dirt_2a_1309204450367</str>
						<int id="x">2799</int>
					</object>
					<object id="lens_grass_1_1308179352948">
						<int id="w">190</int>
						<int id="z">33</int>
						<int id="h">40</int>
						<int id="y">864</int>
						<str id="sprite_class">lens_grass_1</str>
						<str id="name">lens_grass_1_1307987031014</str>
						<int id="x">4226</int>
					</object>
					<object id="patch_dirt_2a_1309204450433">
						<int id="w">183</int>
						<int id="z">13</int>
						<int id="h">32</int>
						<int id="y">860</int>
						<str id="sprite_class">patch_dirt_2a</str>
						<str id="name">patch_dirt_2a_1309204450367</str>
						<int id="x">904</int>
					</object>
					<object id="lens_grass_1_1308179352942">
						<int id="w">197</int>
						<int id="z">29</int>
						<int id="h">41</int>
						<int id="y">863</int>
						<str id="sprite_class">lens_grass_1</str>
						<str id="name">lens_grass_1_1307987031014</str>
						<int id="x">1030</int>
					</object>
					<object id="lens_grass_1_1307987031070">
						<int id="w">241</int>
						<int id="z">22</int>
						<int id="h">39</int>
						<int id="y">859</int>
						<str id="sprite_class">lens_grass_1</str>
						<str id="name">lens_grass_1_1307987031014</str>
						<int id="x">4742</int>
					</object>
					<object id="lens_grass_1_1307987031040">
						<int id="w">190</int>
						<int id="z">16</int>
						<int id="h">28</int>
						<int id="y">836</int>
						<str id="sprite_class">lens_grass_1</str>
						<str id="name">lens_grass_1_1307987031014</str>
						<int id="x">2704</int>
					</object>
					<object id="pampas_2_1309204450436">
						<int id="w">36</int>
						<int id="z">39</int>
						<int id="r">-5</int>
						<int id="h">56</int>
						<int id="y">839</int>
						<str id="sprite_class">pampas_2</str>
						<str id="name">pampas_2_1307749098499</str>
						<int id="x">2676</int>
					</object>
					<object id="patch_dirt_2a_1309204450418">
						<int id="w">219</int>
						<int id="z">4</int>
						<int id="h">38</int>
						<int id="y">891</int>
						<str id="sprite_class">patch_dirt_2a</str>
						<str id="name">patch_dirt_2a_1309204450367</str>
						<int id="x">2662</int>
					</object>
					<object id="lens_grass_1_1308179352949">
						<int id="w">190</int>
						<int id="z">34</int>
						<int id="h">40</int>
						<int id="y">878</int>
						<str id="sprite_class">lens_grass_1</str>
						<str id="name">lens_grass_1_1307987031014</str>
						<int id="x">4256</int>
					</object>
					<object id="lens_grass_1_1308179352961">
						<int id="w">190</int>
						<int id="z">37</int>
						<int id="h">40</int>
						<int id="y">890</int>
						<str id="sprite_class">lens_grass_1</str>
						<str id="name">lens_grass_1_1307987031014</str>
						<int id="x">3219</int>
					</object>
					<object id="lens_grass_1_1308179352959">
						<int id="w">190</int>
						<int id="z">35</int>
						<int id="h">40</int>
						<int id="y">863</int>
						<str id="sprite_class">lens_grass_1</str>
						<str id="name">lens_grass_1_1307987031014</str>
						<int id="x">2901</int>
					</object>
					<object id="lens_grass_1_1307987031039">
						<int id="w">190</int>
						<int id="z">17</int>
						<int id="h">40</int>
						<int id="y">852</int>
						<str id="sprite_class">lens_grass_1</str>
						<str id="name">lens_grass_1_1307987031014</str>
						<int id="x">2785</int>
					</object>
					<object id="lens_grass_1_1307741552463">
						<int id="w">1718</int>
						<int id="z">11</int>
						<int id="r">-1</int>
						<int id="h">89</int>
						<int id="y">912</int>
						<str id="sprite_class">lens_grass_1</str>
						<str id="name">lens_grass_1_1307741552445</str>
						<int id="x">5299</int>
					</object>
					<object id="lens_grass_1_1308179352898">
						<int id="w">241</int>
						<int id="z">24</int>
						<int id="h">39</int>
						<int id="y">860</int>
						<str id="sprite_class">lens_grass_1</str>
						<str id="name">lens_grass_1_1307987031014</str>
						<int id="x">5765</int>
					</object>
					<object id="tree_acacia_3_1309204450402">
						<int id="w">953</int>
						<int id="z">38</int>
						<int id="h">437</int>
						<int id="y">856</int>
						<str id="sprite_class">tree_acacia_3</str>
						<str id="name">tree_acacia_3_1307749098496</str>
						<int id="x">5011</int>
					</object>
					<object id="lens_grass_1_1307987031031">
						<int id="w">190</int>
						<int id="z">6</int>
						<int id="h">40</int>
						<int id="y">884</int>
						<str id="sprite_class">lens_grass_1</str>
						<str id="name">lens_grass_1_1307987031014</str>
						<int id="x">2477</int>
					</object>
					<object id="lens_grass_1_1308967200645">
						<int id="w">241</int>
						<int id="z">23</int>
						<int id="h">39</int>
						<int id="y">881</int>
						<str id="sprite_class">lens_grass_1</str>
						<str id="name">lens_grass_1_1307987031014</str>
						<int id="x">4656</int>
					</object>
					<object id="lens_grass_1_1307987031032">
						<int id="w">190</int>
						<int id="z">7</int>
						<int id="h">40</int>
						<int id="y">897</int>
						<str id="sprite_class">lens_grass_1</str>
						<str id="name">lens_grass_1_1307987031014</str>
						<int id="x">2332</int>
					</object>
					<object id="lens_grass_1_1308179352960">
						<int id="w">190</int>
						<int id="z">36</int>
						<int id="h">40</int>
						<int id="y">875</int>
						<str id="sprite_class">lens_grass_1</str>
						<str id="name">lens_grass_1_1307987031014</str>
						<int id="x">3127</int>
					</object>
					<object id="patch_dirt_2a_1309204450435">
						<int id="w">183</int>
						<int id="z">15</int>
						<int id="h">32</int>
						<int id="y">878</int>
						<str id="sprite_class">patch_dirt_2a</str>
						<str id="name">patch_dirt_2a_1309204450367</str>
						<int id="x">948</int>
					</object>
					<object id="pampas_2_1309204450437">
						<int id="w">34</int>
						<int id="z">40</int>
						<int id="r">-5</int>
						<int id="h">53</int>
						<int id="y">858</int>
						<str id="sprite_class">pampas_2</str>
						<str id="name">pampas_2_1307749098499</str>
						<int id="x">2851</int>
					</object>
					<object id="lens_grass_1_1307741552459">
						<int id="w">1578</int>
						<int id="z">5</int>
						<int id="h">104</int>
						<int id="y">911</int>
						<str id="sprite_class">lens_grass_1</str>
						<str id="name">lens_grass_1_1307741552445</str>
						<int id="x">1745</int>
					</object>
					<object id="lens_grass_1_1307741552458">
						<int id="w">1626</int>
						<int id="z">1</int>
						<int id="h">110</int>
						<int id="y">918</int>
						<str id="sprite_class">lens_grass_1</str>
						<str id="name">lens_grass_1_1307741552445</str>
						<int id="x">207</int>
					</object>
					<object id="lens_grass_1_1307987031069">
						<int id="w">241</int>
						<int id="z">21</int>
						<int id="h">39</int>
						<int id="y">850</int>
						<str id="sprite_class">lens_grass_1</str>
						<str id="name">lens_grass_1_1307987031014</str>
						<int id="x">4662</int>
					</object>
					<object id="lens_grass_1_1307987031042">
						<int id="w">186</int>
						<int id="z">18</int>
						<int id="h">28</int>
						<int id="y">842</int>
						<str id="sprite_class">lens_grass_1</str>
						<str id="name">lens_grass_1_1307987031014</str>
						<int id="x">1876</int>
					</object>
					<object id="lens_grass_1_1307987031033">
						<int id="w">190</int>
						<int id="z">8</int>
						<int id="h">40</int>
						<int id="y">904</int>
						<str id="sprite_class">lens_grass_1</str>
						<str id="name">lens_grass_1_1307987031014</str>
						<int id="x">2237</int>
					</object>
					<object id="lens_grass_1_1308179352940">
						<int id="w">197</int>
						<int id="z">27</int>
						<int id="h">41</int>
						<int id="y">840</int>
						<str id="sprite_class">lens_grass_1</str>
						<str id="name">lens_grass_1_1307987031014</str>
						<int id="x">861</int>
					</object>
					<object id="lens_grass_2_1307741552460">
						<int id="w">1612</int>
						<int id="z">2</int>
						<int id="h">95</int>
						<int id="y">907</int>
						<str id="sprite_class">lens_grass_2</str>
						<str id="name">lens_grass_2_1307741552444</str>
						<int id="x">2620</int>
					</object>
					<object id="lens_grass_1_1307741552461">
						<int id="w">1681</int>
						<int id="z">10</int>
						<int id="h">110</int>
						<int id="y">927</int>
						<str id="sprite_class">lens_grass_1</str>
						<str id="name">lens_grass_1_1307741552445</str>
						<int id="x">3590</int>
					</object>
					<object id="lens_grass_1_1308179352946">
						<int id="w">190</int>
						<int id="z">30</int>
						<int id="h">40</int>
						<int id="y">850</int>
						<str id="sprite_class">lens_grass_1</str>
						<str id="name">lens_grass_1_1307987031014</str>
						<int id="x">3506</int>
					</object>
					<object id="lens_grass_1_1308179352947">
						<int id="w">190</int>
						<int id="z">32</int>
						<int id="h">40</int>
						<int id="y">852</int>
						<str id="sprite_class">lens_grass_1</str>
						<str id="name">lens_grass_1_1307987031014</str>
						<int id="x">4138</int>
					</object>
					<object id="patch_dirt_2a_1309204450434">
						<int id="w">183</int>
						<int id="z">14</int>
						<int id="h">32</int>
						<int id="y">875</int>
						<str id="sprite_class">patch_dirt_2a</str>
						<str id="name">patch_dirt_2a_1309204450367</str>
						<int id="x">833</int>
					</object>
					<object id="lens_grass_1_1307987031052">
						<int id="w">213</int>
						<int id="z">20</int>
						<int id="h">45</int>
						<int id="y">856</int>
						<str id="sprite_class">lens_grass_1</str>
						<str id="name">lens_grass_1_1307987031014</str>
						<int id="x">3</int>
					</object>
					<object id="lens_grass_2_1307741552457">
						<int id="w">1670</int>
						<int id="z">0</int>
						<int id="h">99</int>
						<int id="y">904</int>
						<str id="sprite_class">lens_grass_2</str>
						<str id="name">lens_grass_2_1307741552444</str>
						<int id="x">977</int>
					</object>
					<object id="lens_grass_1_1308179352900">
						<int id="w">241</int>
						<int id="z">26</int>
						<int id="h">39</int>
						<int id="y">890</int>
						<str id="sprite_class">lens_grass_1</str>
						<str id="name">lens_grass_1_1307987031014</str>
						<int id="x">5810</int>
					</object>
					<object id="lens_grass_1_1308179352899">
						<int id="w">241</int>
						<int id="z">25</int>
						<int id="h">39</int>
						<int id="y">871</int>
						<str id="sprite_class">lens_grass_1</str>
						<str id="name">lens_grass_1_1307987031014</str>
						<int id="x">5840</int>
					</object>
				</object>
				<str id="name">bg_1</str>
				<int id="w">5820</int>
				<int id="h">1000</int>
				<int id="z">-1</int>
				<object id="filtersNEW">
					<object id="contrast">
						<int id="value">0</int>
					</object>
					<object id="brightness">
						<int id="value">13</int>
					</object>
					<object id="saturation">
						<int id="value">13</int>
					</object>
					<object id="tintColor">
						<int id="value">0</int>
					</object>
				</object>
			</object>
			<object id="middleground">
				<object id="decos">
					<object id="lens_grass_2_1307741552455">
						<int id="w">2108</int>
						<int id="z">12</int>
						<int id="h">161</int>
						<int id="y">93</int>
						<str id="sprite_class">lens_grass_2</str>
						<str id="name">lens_grass_2_1307741552444</str>
						<int id="x">-158</int>
					</object>
					<object id="lens_grass_2_1307741552454">
						<int id="w">2108</int>
						<int id="z">2</int>
						<int id="h">161</int>
						<int id="y">14</int>
						<str id="sprite_class">lens_grass_2</str>
						<str id="name">lens_grass_2_1307741552444</str>
						<int id="x">1683</int>
					</object>
					<object id="patch_dirt_2a_1309204450439">
						<int id="w">501</int>
						<int id="z">32</int>
						<int id="h">86</int>
						<int id="y">28</int>
						<str id="sprite_class">patch_dirt_2a</str>
						<str id="name">patch_dirt_2a_1309204450367</str>
						<int id="x">688</int>
					</object>
					<object id="patch_dirt_2a_1309204450427">
						<int id="w">501</int>
						<int id="z">34</int>
						<int id="h">86</int>
						<int id="y">29</int>
						<str id="sprite_class">patch_dirt_2a</str>
						<str id="name">patch_dirt_2a_1309204450367</str>
						<int id="x">-1341</int>
					</object>
					<object id="patch_dirt_2a_1309204450426">
						<int id="w">501</int>
						<int id="z">35</int>
						<int id="h">86</int>
						<int id="y">31</int>
						<str id="sprite_class">patch_dirt_2a</str>
						<str id="name">patch_dirt_2a_1309204450367</str>
						<int id="x">-1165</int>
					</object>
					<object id="lens_grass_1_1307741552448">
						<int id="w">2026</int>
						<int id="z">10</int>
						<int id="h">202</int>
						<int id="y">77</int>
						<str id="sprite_class">lens_grass_1</str>
						<str id="name">lens_grass_1_1307741552445</str>
						<int id="x">555</int>
					</object>
					<object id="patch_dirt_2a_1309204450370">
						<int id="w">501</int>
						<int id="z">18</int>
						<int id="h">86</int>
						<int id="y">49</int>
						<str id="sprite_class">patch_dirt_2a</str>
						<str id="name">patch_dirt_2a_1309204450367</str>
						<int id="x">177</int>
					</object>
					<object id="patch_dirt_2a_1309204450425">
						<int id="w">501</int>
						<int id="z">37</int>
						<int id="h">86</int>
						<int id="y">57</int>
						<str id="sprite_class">patch_dirt_2a</str>
						<str id="name">patch_dirt_2a_1309204450367</str>
						<int id="x">-1589</int>
					</object>
					<object id="lens_grass_1_1309285511417">
						<int id="w">138</int>
						<int id="z">38</int>
						<int id="h">27</int>
						<int id="y">-116</int>
						<str id="sprite_class">lens_grass_1</str>
						<str id="name">lens_grass_1_1307987031014</str>
						<int id="x">1521</int>
					</object>
					<object id="patch_dirt_2a_1309204450422">
						<int id="w">501</int>
						<int id="z">33</int>
						<int id="h">86</int>
						<int id="y">62</int>
						<str id="sprite_class">patch_dirt_2a</str>
						<str id="name">patch_dirt_2a_1309204450367</str>
						<int id="x">2041</int>
					</object>
					<object id="lens_grass_2_1307741552447">
						<int id="w">2108</int>
						<int id="z">6</int>
						<int id="h">161</int>
						<int id="y">25</int>
						<str id="sprite_class">lens_grass_2</str>
						<str id="name">lens_grass_2_1307741552444</str>
						<int id="x">-73</int>
					</object>
					<object id="lens_grass_1_1308179352974">
						<int id="w">138</int>
						<int id="z">15</int>
						<int id="h">24</int>
						<int id="y">-107</int>
						<str id="sprite_class">lens_grass_1</str>
						<str id="name">lens_grass_1_1307987031014</str>
						<int id="x">1226</int>
					</object>
					<object id="lens_grass_2_1307741552452">
						<int id="w">2108</int>
						<int id="z">3</int>
						<int id="h">151</int>
						<int id="y">18</int>
						<str id="sprite_class">lens_grass_2</str>
						<str id="name">lens_grass_2_1307741552444</str>
						<int id="x">2875</int>
					</object>
					<object id="patch_dirt_2a_1309204450419">
						<int id="w">501</int>
						<int id="z">28</int>
						<int id="h">86</int>
						<int id="y">56</int>
						<str id="sprite_class">patch_dirt_2a</str>
						<str id="name">patch_dirt_2a_1309204450367</str>
						<int id="x">949</int>
					</object>
					<object id="lens_grass_2_1307741552449">
						<int id="w">2108</int>
						<int id="z">11</int>
						<int id="h">161</int>
						<int id="y">90</int>
						<str id="sprite_class">lens_grass_2</str>
						<str id="name">lens_grass_2_1307741552444</str>
						<int id="x">1543</int>
					</object>
					<object id="lens_grass_2_1307741552444">
						<int id="w">2108</int>
						<int id="z">7</int>
						<int id="h">161</int>
						<int id="y">19</int>
						<str id="sprite_class">lens_grass_2</str>
						<str id="name">lens_grass_2_1307741552444</str>
						<int id="x">-2527</int>
					</object>
					<object id="lens_grass_2_1307741552450">
						<int id="w">2108</int>
						<int id="z">5</int>
						<int id="r">2</int>
						<int id="h">161</int>
						<int id="y">52</int>
						<str id="sprite_class">lens_grass_2</str>
						<str id="name">lens_grass_2_1307741552444</str>
						<int id="x">1593</int>
					</object>
					<object id="tree_acacia_3_1309204450397">
						<int id="w">1725</int>
						<int id="z">23</int>
						<int id="h">721</int>
						<int id="y">-226</int>
						<str id="sprite_class">tree_acacia_3</str>
						<str id="name">tree_acacia_3_1309204450397</str>
						<int id="x">-3169</int>
					</object>
					<object id="lens_grass_2_1307741552453">
						<int id="w">2108</int>
						<int id="z">1</int>
						<int id="h">161</int>
						<int id="y">21</int>
						<str id="sprite_class">lens_grass_2</str>
						<str id="name">lens_grass_2_1307741552444</str>
						<int id="x">1004</int>
					</object>
					<object id="lens_grass_1_1308179352897">
						<int id="w">285</int>
						<int id="z">13</int>
						<int id="r">1</int>
						<int id="h">55</int>
						<int id="y">-95</int>
						<str id="sprite_class">lens_grass_1</str>
						<str id="name">lens_grass_1_1307987031014</str>
						<int id="x">2636</int>
					</object>
					<object id="tree_acacia_1_1309204450399">
						<int id="w">1349</int>
						<int id="z">24</int>
						<int id="h">795</int>
						<int id="y">-98</int>
						<str id="sprite_class">tree_acacia_1</str>
						<str id="name">tree_acacia_1_1309204450399</str>
						<int id="x">-1690</int>
					</object>
					<object id="lens_grass_1_1308179352973">
						<int id="w">386</int>
						<int id="z">17</int>
						<int id="h">40</int>
						<int id="y">-94</int>
						<str id="sprite_class">lens_grass_1</str>
						<str id="name">lens_grass_1_1307987031014</str>
						<int id="x">1014</int>
					</object>
					<object id="pampas_1_1308179353006">
						<int id="w">66</int>
						<int id="z">25</int>
						<int id="h">96</int>
						<int id="y">-99</int>
						<str id="sprite_class">pampas_1</str>
						<str id="name">pampas_1_1308179353005</str>
						<int id="x">-1611</int>
					</object>
					<object id="patch_dirt_2a_1309204450424">
						<int id="w">501</int>
						<int id="z">29</int>
						<int id="h">86</int>
						<int id="y">34</int>
						<str id="sprite_class">patch_dirt_2a</str>
						<str id="name">patch_dirt_2a_1309204450367</str>
						<int id="x">2289</int>
					</object>
					<object id="patch_dirt_2a_1309204450438">
						<int id="w">501</int>
						<int id="z">31</int>
						<int id="h">86</int>
						<int id="y">30</int>
						<str id="sprite_class">patch_dirt_2a</str>
						<str id="name">patch_dirt_2a_1309204450367</str>
						<int id="x">1846</int>
					</object>
					<object id="patch_dirt_2a_1309204450401">
						<int id="w">501</int>
						<int id="z">21</int>
						<int id="h">86</int>
						<int id="y">14</int>
						<str id="sprite_class">patch_dirt_2a</str>
						<str id="name">patch_dirt_2a_1309204450367</str>
						<int id="x">122</int>
					</object>
					<object id="patch_dirt_2a_1309204450400">
						<int id="w">501</int>
						<int id="z">20</int>
						<int id="h">86</int>
						<int id="y">67</int>
						<str id="sprite_class">patch_dirt_2a</str>
						<str id="name">patch_dirt_2a_1309204450367</str>
						<int id="x">-61</int>
					</object>
					<object id="lens_grass_2_1307741552446">
						<int id="w">2108</int>
						<int id="z">9</int>
						<int id="h">161</int>
						<int id="y">92</int>
						<str id="sprite_class">lens_grass_2</str>
						<str id="name">lens_grass_2_1307741552444</str>
						<int id="x">-359</int>
					</object>
					<object id="lens_grass_1_1307741552445">
						<int id="w">2026</int>
						<int id="z">8</int>
						<int id="h">202</int>
						<int id="y">43</int>
						<str id="sprite_class">lens_grass_1</str>
						<str id="name">lens_grass_1_1307741552445</str>
						<int id="x">-1406</int>
					</object>
					<object id="patch_dirt_2a_1309204450371">
						<int id="w">501</int>
						<int id="z">22</int>
						<int id="h">86</int>
						<int id="y">40</int>
						<str id="sprite_class">patch_dirt_2a</str>
						<str id="name">patch_dirt_2a_1309204450367</str>
						<int id="x">-302</int>
					</object>
					<object id="lens_grass_1_1308179352896">
						<int id="w">285</int>
						<int id="z">14</int>
						<int id="r">3</int>
						<int id="h">55</int>
						<int id="y">-87</int>
						<str id="sprite_class">lens_grass_1</str>
						<str id="name">lens_grass_1_1307987031014</str>
						<int id="x">2537</int>
					</object>
					<object id="lens_grass_2_1307741552451">
						<int id="w">2108</int>
						<int id="z">4</int>
						<int id="h">161</int>
						<int id="y">33</int>
						<str id="sprite_class">lens_grass_2</str>
						<str id="name">lens_grass_2_1307741552444</str>
						<int id="x">2285</int>
					</object>
					<object id="patch_dirt_2a_1309204450428">
						<int id="w">501</int>
						<int id="z">36</int>
						<int id="h">86</int>
						<int id="y">26</int>
						<str id="sprite_class">patch_dirt_2a</str>
						<str id="name">patch_dirt_2a_1309204450367</str>
						<int id="x">-1875</int>
					</object>
					<object id="lens_grass_1_1308179352975">
						<int id="w">138</int>
						<int id="z">16</int>
						<int id="h">27</int>
						<int id="y">-99</int>
						<str id="sprite_class">lens_grass_1</str>
						<str id="name">lens_grass_1_1307987031014</str>
						<int id="x">1324</int>
					</object>
					<object id="lens_grass_2_1307741552456">
						<int id="w">2108</int>
						<int id="z">0</int>
						<int id="h">161</int>
						<int id="y">17</int>
						<str id="sprite_class">lens_grass_2</str>
						<str id="name">lens_grass_2_1307741552444</str>
						<int id="x">-1995</int>
					</object>
					<object id="patch_dirt_2a_1309204450372">
						<int id="w">501</int>
						<int id="z">19</int>
						<int id="h">86</int>
						<int id="y">12</int>
						<str id="sprite_class">patch_dirt_2a</str>
						<str id="name">patch_dirt_2a_1309204450367</str>
						<int id="x">-54</int>
					</object>
					<object id="patch_dirt_2a_1309204450420">
						<int id="w">501</int>
						<int id="z">27</int>
						<int id="h">86</int>
						<int id="y">30</int>
						<str id="sprite_class">patch_dirt_2a</str>
						<str id="name">patch_dirt_2a_1309204450367</str>
						<int id="x">1373</int>
					</object>
					<object id="patch_dirt_2a_1309204450423">
						<int id="w">501</int>
						<int id="z">30</int>
						<int id="h">86</int>
						<int id="y">36</int>
						<str id="sprite_class">patch_dirt_2a</str>
						<str id="name">patch_dirt_2a_1309204450367</str>
						<int id="x">2465</int>
					</object>
					<object id="patch_dirt_2a_1309204450421">
						<int id="w">501</int>
						<int id="z">26</int>
						<int id="h">86</int>
						<int id="y">28</int>
						<str id="sprite_class">patch_dirt_2a</str>
						<str id="name">patch_dirt_2a_1309204450367</str>
						<int id="x">1197</int>
					</object>
				</object>
				<int id="h">1000</int>
				<object id="signposts">
					<object id="signpost_1">
						<int id="y">-86</int>
						<int id="h">200</int>
						<str id="id">signpost_1</str>
						<int id="w">100</int>
						<int id="x">-2795</int>
						<object id="connects">
							<object id="0">
								<str id="hub_id">91</str>
								<int id="x">2620</int>
								<str id="mote_id">9</str>
								<int id="y">-100</int>
								<str id="swf_file_versioned">http://c2.glitch.bz/locations/groddle1/1317079592.swf</str>
								<objref id="target" tsid="LA513BTM0J524D4" label="Loutish Ln C"/>
							</object>
							<object id="1">
								<str id="hub_id">91</str>
								<int id="x">2628</int>
								<str id="mote_id">9</str>
								<int id="y">-107</int>
								<str id="swf_file_versioned">http://c2.glitch.bz/locations/groddle1/1317079592.swf</str>
								<objref id="target" tsid="LA514HDC2J52TOU" label="Swain Way 4"/>
							</object>
							<object id="2">
								<str id="hub_id">91</str>
								<int id="x">-2662</int>
								<str id="mote_id">9</str>
								<int id="y">-85</int>
								<str id="swf_file_versioned">http://c2.glitch.bz/locations/groddle1/1317079592.swf</str>
								<objref id="target" tsid="LA513I7O0J52MO0" label="Swain Way 5"/>
							</object>
						</object>
					</object>
				</object>
				<object id="filtersNEW">
					<object id="contrast">
						<int id="value">0</int>
					</object>
					<object id="brightness">
						<int id="value">9</int>
					</object>
					<object id="saturation">
						<int id="value">18</int>
					</object>
					<object id="tintColor">
						<int id="value">0</int>
					</object>
				</object>
				<object id="platform_lines">
					<object id="plat_1308179352969">
						<int id="platform_item_perm">-1</int>
						<object id="start">
							<int id="y">-82</int>
							<int id="x">1074</int>
						</object>
						<object id="end">
							<int id="y">-85</int>
							<int id="x">1156</int>
						</object>
						<int id="platform_pc_perm">-1</int>
					</object>
					<object id="plat_1307749098680">
						<int id="platform_item_perm">-1</int>
						<object id="start">
							<int id="y">-103</int>
							<int id="x">186</int>
						</object>
						<object id="end">
							<int id="y">-89</int>
							<int id="x">374</int>
						</object>
						<int id="platform_pc_perm">-1</int>
					</object>
					<object id="plat_1307749098670">
						<int id="platform_item_perm">-1</int>
						<object id="start">
							<int id="y">-79</int>
							<int id="x">-2190</int>
						</object>
						<object id="end">
							<int id="y">-75</int>
							<int id="x">-1833</int>
						</object>
						<int id="platform_pc_perm">-1</int>
					</object>
					<object id="plat_1308179352990">
						<int id="platform_item_perm">-1</int>
						<object id="start">
							<int id="y">-74</int>
							<int id="x">2372</int>
						</object>
						<object id="end">
							<int id="y">-60</int>
							<int id="x">2596</int>
						</object>
						<int id="platform_pc_perm">-1</int>
					</object>
					<object id="plat_1308179352971">
						<int id="platform_item_perm">-1</int>
						<object id="start">
							<int id="y">-70</int>
							<int id="x">923</int>
						</object>
						<object id="end">
							<int id="y">-82</int>
							<int id="x">1074</int>
						</object>
						<int id="platform_pc_perm">-1</int>
					</object>
					<object id="plat_1307749098671">
						<int id="platform_item_perm">-1</int>
						<object id="start">
							<int id="y">-75</int>
							<int id="x">-1833</int>
						</object>
						<object id="end">
							<int id="y">-59</int>
							<int id="x">-1625</int>
						</object>
						<int id="platform_pc_perm">-1</int>
					</object>
					<object id="plat_1308179352968">
						<int id="platform_item_perm">-1</int>
						<object id="start">
							<int id="y">-85</int>
							<int id="x">1156</int>
						</object>
						<object id="end">
							<int id="y">-93</int>
							<int id="x">1341</int>
						</object>
						<int id="platform_pc_perm">-1</int>
					</object>
					<object id="plat_1307749098669">
						<int id="platform_item_perm">-1</int>
						<object id="start">
							<int id="y">-61</int>
							<int id="x">-2617</int>
						</object>
						<object id="end">
							<int id="y">-79</int>
							<int id="x">-2190</int>
						</object>
						<int id="platform_pc_perm">-1</int>
					</object>
					<object id="plat_1307749098681">
						<int id="platform_item_perm">-1</int>
						<object id="start">
							<int id="y">-89</int>
							<int id="x">374</int>
						</object>
						<object id="end">
							<int id="y">-70</int>
							<int id="x">923</int>
						</object>
						<int id="platform_pc_perm">-1</int>
					</object>
					<object id="plat_1308967200658">
						<int id="platform_item_perm">-1</int>
						<object id="start">
							<int id="y">-100</int>
							<int id="x">83</int>
						</object>
						<object id="end">
							<int id="y">-103</int>
							<int id="x">186</int>
						</object>
						<int id="platform_pc_perm">-1</int>
					</object>
					<object id="plat_1307749098668">
						<int id="platform_item_perm">-1</int>
						<object id="start">
							<int id="y">-75</int>
							<int id="x">-2999</int>
						</object>
						<object id="end">
							<int id="y">-61</int>
							<int id="x">-2617</int>
						</object>
						<int id="platform_pc_perm">-1</int>
					</object>
					<object id="plat_1307749098674">
						<int id="platform_item_perm">-1</int>
						<object id="start">
							<int id="y">-59</int>
							<int id="x">-1625</int>
						</object>
						<object id="end">
							<int id="y">-83</int>
							<int id="x">-1146</int>
						</object>
						<int id="platform_pc_perm">-1</int>
					</object>
					<object id="plat_1308179352977">
						<int id="platform_item_perm">-1</int>
						<object id="start">
							<int id="y">-105</int>
							<int id="x">-51</int>
						</object>
						<object id="end">
							<int id="y">-100</int>
							<int id="x">83</int>
						</object>
						<int id="platform_pc_perm">-1</int>
					</object>
					<object id="plat_1307749098675">
						<int id="platform_item_perm">-1</int>
						<object id="start">
							<int id="y">-83</int>
							<int id="x">-1146</int>
						</object>
						<object id="end">
							<int id="y">-78</int>
							<int id="x">-1007</int>
						</object>
						<int id="platform_pc_perm">-1</int>
					</object>
					<object id="plat_1307749098686">
						<int id="platform_item_perm">-1</int>
						<object id="start">
							<int id="y">-111</int>
							<int id="x">1590</int>
						</object>
						<object id="end">
							<int id="y">-74</int>
							<int id="x">2372</int>
						</object>
						<int id="platform_pc_perm">-1</int>
					</object>
					<object id="plat_1308179352991">
						<int id="platform_item_perm">-1</int>
						<object id="start">
							<int id="y">-60</int>
							<int id="x">2596</int>
						</object>
						<object id="end">
							<int id="y">-75</int>
							<int id="x">2999</int>
						</object>
						<int id="platform_pc_perm">-1</int>
					</object>
					<object id="plat_1307749098677">
						<int id="platform_item_perm">-1</int>
						<object id="start">
							<int id="y">-80</int>
							<int id="x">-640</int>
						</object>
						<object id="end">
							<int id="y">-104</int>
							<int id="x">-242</int>
						</object>
						<int id="platform_pc_perm">-1</int>
					</object>
					<object id="plat_1307749098685">
						<int id="platform_item_perm">-1</int>
						<object id="start">
							<int id="y">-93</int>
							<int id="x">1341</int>
						</object>
						<object id="end">
							<int id="y">-111</int>
							<int id="x">1590</int>
						</object>
						<int id="platform_pc_perm">-1</int>
					</object>
					<object id="plat_1307749098676">
						<int id="platform_item_perm">-1</int>
						<object id="start">
							<int id="y">-78</int>
							<int id="x">-1007</int>
						</object>
						<object id="end">
							<int id="y">-80</int>
							<int id="x">-640</int>
						</object>
						<int id="platform_pc_perm">-1</int>
					</object>
					<object id="plat_1308179352979">
						<int id="platform_item_perm">-1</int>
						<object id="start">
							<int id="y">-104</int>
							<int id="x">-242</int>
						</object>
						<object id="end">
							<int id="y">-105</int>
							<int id="x">-51</int>
						</object>
						<int id="platform_pc_perm">-1</int>
					</object>
				</object>
				<object id="walls">
				</object>
				<object id="targets">
				</object>
				<str id="name">middleground</str>
				<object id="boxes">
				</object>
				<object id="doors">
				</object>
				<int id="w">6000</int>
				<object id="ladders">
				</object>
				<int id="z">0</int>
			</object>
			<object id="T_1307741552441">
				<object id="decos">
					<object id="cloud_fluffy_1_1307984015706">
						<int id="w">677</int>
						<int id="z">7</int>
						<int id="h">64</int>
						<int id="y">762</int>
						<str id="sprite_class">cloud_fluffy_1</str>
						<str id="name">cloud_fluffy_1_1307749098737</str>
						<int id="x">3860</int>
					</object>
					<object id="mountain_trees_darker_1_1307987031101">
						<int id="w">454</int>
						<int id="z">0</int>
						<int id="r">1</int>
						<int id="h">72</int>
						<int id="y">791</int>
						<str id="sprite_class">mountain_trees_darker_1</str>
						<str id="name">mountain_trees_darker_1_1307749098702</str>
						<int id="x">1434</int>
					</object>
					<object id="heights_bush_4_1309204450407">
						<int id="w">715</int>
						<int id="z">16</int>
						<int id="h">24</int>
						<int id="y">790</int>
						<str id="sprite_class">heights_bush_4</str>
						<str id="name">heights_bush_4_1307741552494</str>
						<int id="x">4219</int>
					</object>
					<object id="heights_bush_4_1309204450410">
						<int id="w">715</int>
						<int id="z">17</int>
						<int id="h">24</int>
						<int id="y">797</int>
						<str id="sprite_class">heights_bush_4</str>
						<str id="name">heights_bush_4_1307741552494</str>
						<int id="x">4957</int>
					</object>
					<object id="cloud_fluffy_1_1309204450404">
						<int id="w">1176</int>
						<int id="z">21</int>
						<int id="h">80</int>
						<int id="y">726</int>
						<str id="sprite_class">cloud_fluffy_1</str>
						<str id="name">cloud_fluffy_1_1307749098737</str>
						<int id="x">3353</int>
					</object>
					<object id="heights_bush_4_1309204450405">
						<int id="w">537</int>
						<int id="z">20</int>
						<int id="r">-2</int>
						<int id="h">28</int>
						<int id="y">795</int>
						<str id="sprite_class">heights_bush_4</str>
						<str id="name">heights_bush_4_1307741552494</str>
						<int id="x">3701</int>
						<bool id="h_flip">true</bool>
					</object>
					<object id="cloud_fluffy_2_1309204450431">
						<int id="w">1045</int>
						<int id="z">12</int>
						<int id="h">135</int>
						<int id="y">634</int>
						<str id="sprite_class">cloud_fluffy_2</str>
						<str id="name">cloud_fluffy_2_1309204450429</str>
						<int id="x">2699</int>
					</object>
					<object id="mountain_trees_darker_1_1309204450409">
						<int id="w">454</int>
						<int id="z">14</int>
						<int id="r">1</int>
						<int id="h">72</int>
						<int id="y">809</int>
						<str id="sprite_class">mountain_trees_darker_1</str>
						<str id="name">mountain_trees_darker_1_1307749098702</str>
						<int id="x">4274</int>
					</object>
					<object id="groddle_light_pool_1309204450414">
						<int id="w">734</int>
						<int id="z">25</int>
						<int id="h">31</int>
						<int id="y">781</int>
						<str id="sprite_class">groddle_light_pool</str>
						<str id="name">groddle_light_pool_1309204450411</str>
						<int id="x">3761</int>
					</object>
					<object id="groddle_light_pool_1309204450413">
						<int id="w">734</int>
						<int id="z">24</int>
						<int id="h">31</int>
						<int id="y">785</int>
						<str id="sprite_class">groddle_light_pool</str>
						<str id="name">groddle_light_pool_1309204450411</str>
						<int id="x">3662</int>
					</object>
					<object id="cloud_fluffy_1_1307984015708">
						<int id="w">1176</int>
						<int id="z">6</int>
						<int id="h">80</int>
						<int id="y">726</int>
						<str id="sprite_class">cloud_fluffy_1</str>
						<str id="name">cloud_fluffy_1_1307749098737</str>
						<int id="x">513</int>
					</object>
					<object id="cloud_fluffy_2_1309204450403">
						<int id="w">1025</int>
						<int id="z">22</int>
						<int id="h">40</int>
						<int id="y">744</int>
						<str id="sprite_class">cloud_fluffy_2</str>
						<str id="name">cloud_fluffy_2_1307749098529</str>
						<int id="x">4142</int>
					</object>
					<object id="cloud_fluffy_2_1309204450429">
						<int id="w">1045</int>
						<int id="z">10</int>
						<int id="h">135</int>
						<int id="y">700</int>
						<str id="sprite_class">cloud_fluffy_2</str>
						<str id="name">cloud_fluffy_2_1309204450429</str>
						<int id="x">2498</int>
					</object>
					<object id="heights_bush_4_1308107342107">
						<int id="w">537</int>
						<int id="z">4</int>
						<int id="r">-2</int>
						<int id="h">28</int>
						<int id="y">783</int>
						<str id="sprite_class">heights_bush_4</str>
						<str id="name">heights_bush_4_1307741552494</str>
						<int id="x">861</int>
						<bool id="h_flip">true</bool>
					</object>
					<object id="cloud_fluffy_2_1307984015711">
						<int id="w">1036</int>
						<int id="z">5</int>
						<int id="h">55</int>
						<int id="y">777</int>
						<str id="sprite_class">cloud_fluffy_2</str>
						<str id="name">cloud_fluffy_2_1307749098529</str>
						<int id="x">4793</int>
					</object>
					<object id="cloud_fluffy_1_1309204450432">
						<int id="w">1392</int>
						<int id="z">9</int>
						<int id="h">119</int>
						<int id="y">826</int>
						<str id="sprite_class">cloud_fluffy_1</str>
						<str id="name">cloud_fluffy_1_1307749098737</str>
						<int id="x">2799</int>
					</object>
					<object id="groddle_light_pool_1309204450412">
						<int id="w">734</int>
						<int id="z">23</int>
						<int id="h">31</int>
						<int id="y">791</int>
						<str id="sprite_class">groddle_light_pool</str>
						<str id="name">groddle_light_pool_1309204450411</str>
						<int id="x">4253</int>
					</object>
					<object id="mountain_trees_darker_1_1309204450408">
						<int id="w">454</int>
						<int id="z">15</int>
						<int id="r">-1</int>
						<int id="h">72</int>
						<int id="y">805</int>
						<str id="sprite_class">mountain_trees_darker_1</str>
						<str id="name">mountain_trees_darker_1_1307749098702</str>
						<int id="x">4006</int>
					</object>
					<object id="heights_bush_4_1309204450406">
						<int id="w">444</int>
						<int id="z">19</int>
						<int id="r">-1</int>
						<int id="h">27</int>
						<int id="y">799</int>
						<str id="sprite_class">heights_bush_4</str>
						<str id="name">heights_bush_4_1307741552494</str>
						<int id="x">4507</int>
					</object>
					<object id="mountain_trees_darker_1_1308967200659">
						<int id="w">454</int>
						<int id="z">1</int>
						<int id="r">-1</int>
						<int id="h">72</int>
						<int id="y">793</int>
						<str id="sprite_class">mountain_trees_darker_1</str>
						<str id="name">mountain_trees_darker_1_1307749098702</str>
						<int id="x">1166</int>
					</object>
					<object id="heights_bush_4_1307749098585">
						<int id="w">444</int>
						<int id="z">3</int>
						<int id="r">-1</int>
						<int id="h">27</int>
						<int id="y">780</int>
						<str id="sprite_class">heights_bush_4</str>
						<str id="name">heights_bush_4_1307741552494</str>
						<int id="x">1667</int>
					</object>
					<object id="groddle_light_pool_1309204450411">
						<int id="w">734</int>
						<int id="z">18</int>
						<int id="h">31</int>
						<int id="y">793</int>
						<str id="sprite_class">groddle_light_pool</str>
						<str id="name">groddle_light_pool_1309204450411</str>
						<int id="x">4760</int>
					</object>
					<object id="cloud_fluffy_2_1309204450430">
						<int id="w">1045</int>
						<int id="z">11</int>
						<int id="h">135</int>
						<int id="y">659</int>
						<str id="sprite_class">cloud_fluffy_2</str>
						<str id="name">cloud_fluffy_2_1309204450429</str>
						<int id="x">3018</int>
					</object>
					<object id="heights_bush_4_1307749098584">
						<int id="w">715</int>
						<int id="z">2</int>
						<int id="h">24</int>
						<int id="y">775</int>
						<str id="sprite_class">heights_bush_4</str>
						<str id="name">heights_bush_4_1307741552494</str>
						<int id="x">1379</int>
					</object>
					<object id="cloud_fluffy_2_1307984015709">
						<int id="w">1025</int>
						<int id="z">13</int>
						<int id="h">40</int>
						<int id="y">744</int>
						<str id="sprite_class">cloud_fluffy_2</str>
						<str id="name">cloud_fluffy_2_1307749098529</str>
						<int id="x">1302</int>
					</object>
					<object id="cloud_fluffy_1_1307984015705">
						<int id="w">1392</int>
						<int id="z">8</int>
						<int id="h">119</int>
						<int id="y">774</int>
						<str id="sprite_class">cloud_fluffy_1</str>
						<str id="name">cloud_fluffy_1_1307749098737</str>
						<int id="x">2577</int>
					</object>
				</object>
				<str id="name">sky</str>
				<int id="w">5160</int>
				<int id="h">1000</int>
				<int id="z">-5</int>
				<object id="filtersNEW">
					<object id="contrast">
						<int id="value">-10</int>
					</object>
					<object id="saturation">
						<int id="value">-60</int>
					</object>
					<object id="tintColor">
						<int id="value">16763904</int>
					</object>
					<object id="blur">
						<int id="value">3</int>
					</object>
					<object id="tintAmount">
						<int id="value">80</int>
					</object>
					<object id="brightness">
						<int id="value">19</int>
					</object>
				</object>
			</object>
			<object id="T_1307741552442">
				<object id="decos">
					<object id="lens_grass_1_1307749098480">
						<int id="w">1063</int>
						<int id="z">11</int>
						<int id="h">85</int>
						<int id="y">838</int>
						<str id="sprite_class">lens_grass_1</str>
						<str id="name">lens_grass_1_1307741552445</str>
						<int id="x">449</int>
					</object>
					<object id="lens_grass_1_1307749098476">
						<int id="w">1212</int>
						<int id="z">7</int>
						<int id="h">68</int>
						<int id="y">832</int>
						<str id="sprite_class">lens_grass_1</str>
						<str id="name">lens_grass_1_1307741552445</str>
						<int id="x">1869</int>
					</object>
					<object id="tree_acacia_1_1309204450395">
						<int id="w">44</int>
						<int id="z">24</int>
						<int id="h">27</int>
						<int id="y">780</int>
						<str id="sprite_class">tree_acacia_1</str>
						<str id="name">tree_acacia_1_1307749098552</str>
						<int id="x">3894</int>
					</object>
					<object id="tree_acacia_3_1309204450384">
						<int id="w">66</int>
						<int id="z">19</int>
						<int id="h">30</int>
						<int id="y">771</int>
						<str id="sprite_class">tree_acacia_3</str>
						<str id="name">tree_acacia_3_1307749098496</str>
						<int id="x">964</int>
					</object>
					<object id="lens_grass_1_1307749098472">
						<int id="w">1289</int>
						<int id="z">4</int>
						<int id="h">81</int>
						<int id="y">850</int>
						<str id="sprite_class">lens_grass_1</str>
						<str id="name">lens_grass_1_1307741552445</str>
						<int id="x">3702</int>
					</object>
					<object id="tree_acacia_3_1307749098704">
						<int id="w">66</int>
						<int id="z">13</int>
						<int id="h">30</int>
						<int id="y">763</int>
						<str id="sprite_class">tree_acacia_3</str>
						<str id="name">tree_acacia_3_1307749098496</str>
						<int id="x">388</int>
					</object>
					<object id="tree_acacia_3_1309204450394">
						<int id="w">66</int>
						<int id="z">25</int>
						<int id="h">30</int>
						<int id="y">783</int>
						<str id="sprite_class">tree_acacia_3</str>
						<str id="name">tree_acacia_3_1307749098496</str>
						<int id="x">4205</int>
					</object>
					<object id="tree_acacia_3_1309204450393">
						<int id="w">66</int>
						<int id="z">26</int>
						<int id="h">30</int>
						<int id="y">790</int>
						<str id="sprite_class">tree_acacia_3</str>
						<str id="name">tree_acacia_3_1307749098496</str>
						<int id="x">4939</int>
					</object>
					<object id="tree_acacia_2_1309204450375">
						<int id="w">45</int>
						<int id="z">15</int>
						<int id="h">25</int>
						<int id="y">760</int>
						<str id="sprite_class">tree_acacia_2</str>
						<str id="name">tree_acacia_2_1309204450375</str>
						<int id="x">480</int>
					</object>
					<object id="lens_grass_2_1307749098473">
						<int id="w">1258</int>
						<int id="z">1</int>
						<int id="r">1</int>
						<int id="h">71</int>
						<int id="y">841</int>
						<str id="sprite_class">lens_grass_2</str>
						<str id="name">lens_grass_2_1307741552444</str>
						<int id="x">4283</int>
					</object>
					<object id="tree_acacia_3_1309204450379">
						<int id="w">66</int>
						<int id="z">14</int>
						<int id="h">30</int>
						<int id="y">770</int>
						<str id="sprite_class">tree_acacia_3</str>
						<str id="name">tree_acacia_3_1307749098496</str>
						<int id="x">1122</int>
					</object>
					<object id="tree_acacia_4_1309204450390">
						<int id="w">45</int>
						<int id="z">29</int>
						<int id="h">35</int>
						<int id="y">792</int>
						<str id="sprite_class">tree_acacia_4</str>
						<str id="name">tree_acacia_4_1309204450378</str>
						<int id="x">4745</int>
					</object>
					<object id="tree_acacia_1_1309204450389">
						<int id="w">44</int>
						<int id="z">30</int>
						<int id="h">27</int>
						<int id="y">788</int>
						<str id="sprite_class">tree_acacia_1</str>
						<str id="name">tree_acacia_1_1307749098552</str>
						<int id="x">4470</int>
					</object>
					<object id="tree_acacia_1_1309204450385">
						<int id="w">44</int>
						<int id="z">18</int>
						<int id="h">27</int>
						<int id="y">768</int>
						<str id="sprite_class">tree_acacia_1</str>
						<str id="name">tree_acacia_1_1307749098552</str>
						<int id="x">653</int>
					</object>
					<object id="tree_acacia_2_1309204450387">
						<int id="w">45</int>
						<int id="z">32</int>
						<int id="h">25</int>
						<int id="y">788</int>
						<str id="sprite_class">tree_acacia_2</str>
						<str id="name">tree_acacia_2_1309204450375</str>
						<int id="x">4873</int>
					</object>
					<object id="lens_grass_2_1307749098468">
						<int id="w">1035</int>
						<int id="z">2</int>
						<int id="r">1</int>
						<int id="h">71</int>
						<int id="y">850</int>
						<str id="sprite_class">lens_grass_2</str>
						<str id="name">lens_grass_2_1307741552444</str>
						<int id="x">5247</int>
					</object>
					<object id="tree_acacia_3_1309204450383">
						<int id="w">66</int>
						<int id="z">20</int>
						<int id="h">30</int>
						<int id="y">778</int>
						<str id="sprite_class">tree_acacia_3</str>
						<str id="name">tree_acacia_3_1307749098496</str>
						<int id="x">1698</int>
					</object>
					<object id="lens_grass_2_1307749098481">
						<int id="w">934</int>
						<int id="z">10</int>
						<int id="r">1</int>
						<int id="h">71</int>
						<int id="y">816</int>
						<str id="sprite_class">lens_grass_2</str>
						<str id="name">lens_grass_2_1307741552444</str>
						<int id="x">67</int>
					</object>
					<object id="tree_acacia_4_1309204450380">
						<int id="w">45</int>
						<int id="z">23</int>
						<int id="h">35</int>
						<int id="y">780</int>
						<str id="sprite_class">tree_acacia_4</str>
						<str id="name">tree_acacia_4_1309204450378</str>
						<int id="x">1504</int>
					</object>
					<object id="lens_grass_1_1307749098469">
						<int id="w">1140</int>
						<int id="z">3</int>
						<int id="h">78</int>
						<int id="y">857</int>
						<str id="sprite_class">lens_grass_1</str>
						<str id="name">lens_grass_1_1307741552445</str>
						<int id="x">4776</int>
					</object>
					<object id="lens_grass_1_1307749098474">
						<int id="w">1322</int>
						<int id="z">6</int>
						<int id="h">85</int>
						<int id="y">860</int>
						<str id="sprite_class">lens_grass_1</str>
						<str id="name">lens_grass_1_1307741552445</str>
						<int id="x">2721</int>
					</object>
					<object id="tree_acacia_2_1309204450392">
						<int id="w">45</int>
						<int id="z">27</int>
						<int id="h">25</int>
						<int id="y">780</int>
						<str id="sprite_class">tree_acacia_2</str>
						<str id="name">tree_acacia_2_1309204450375</str>
						<int id="x">4297</int>
					</object>
					<object id="tree_acacia_2_1309204450381">
						<int id="w">45</int>
						<int id="z">22</int>
						<int id="h">25</int>
						<int id="y">779</int>
						<str id="sprite_class">tree_acacia_2</str>
						<str id="name">tree_acacia_2_1309204450375</str>
						<int id="x">1569</int>
					</object>
					<object id="lens_grass_2_1307749098475">
						<int id="w">1009</int>
						<int id="z">5</int>
						<int id="h">55</int>
						<int id="y">831</int>
						<str id="sprite_class">lens_grass_2</str>
						<str id="name">lens_grass_2_1307741552444</str>
						<int id="x">3136</int>
					</object>
					<object id="tree_acacia_1_1307749098703">
						<int id="w">44</int>
						<int id="z">12</int>
						<int id="h">27</int>
						<int id="y">755</int>
						<str id="sprite_class">tree_acacia_1</str>
						<str id="name">tree_acacia_1_1307749098552</str>
						<int id="x">77</int>
					</object>
					<object id="lens_grass_2_1307749098479">
						<int id="w">1152</int>
						<int id="z">8</int>
						<int id="r">1</int>
						<int id="h">68</int>
						<int id="y">828</int>
						<str id="sprite_class">lens_grass_2</str>
						<str id="name">lens_grass_2_1307741552444</str>
						<int id="x">1435</int>
					</object>
					<object id="lens_grass_1_1307749098478">
						<int id="w">1089</int>
						<int id="z">9</int>
						<int id="h">69</int>
						<int id="y">827</int>
						<str id="sprite_class">lens_grass_1</str>
						<str id="name">lens_grass_1_1307741552445</str>
						<int id="x">892</int>
					</object>
					<object id="lens_grass_2_1307749098477">
						<int id="w">1106</int>
						<int id="z">0</int>
						<int id="r">1</int>
						<int id="h">36</int>
						<int id="y">806</int>
						<str id="sprite_class">lens_grass_2</str>
						<str id="name">lens_grass_2_1307741552444</str>
						<int id="x">2474</int>
					</object>
					<object id="tree_acacia_2_1309204450382">
						<int id="w">45</int>
						<int id="z">21</int>
						<int id="h">25</int>
						<int id="y">768</int>
						<str id="sprite_class">tree_acacia_2</str>
						<str id="name">tree_acacia_2_1309204450375</str>
						<int id="x">1056</int>
					</object>
					<object id="tree_acacia_2_1309204450376">
						<int id="w">45</int>
						<int id="z">16</int>
						<int id="h">25</int>
						<int id="y">769</int>
						<str id="sprite_class">tree_acacia_2</str>
						<str id="name">tree_acacia_2_1309204450375</str>
						<int id="x">993</int>
					</object>
					<object id="tree_acacia_2_1309204450391">
						<int id="w">45</int>
						<int id="z">28</int>
						<int id="h">25</int>
						<int id="y">789</int>
						<str id="sprite_class">tree_acacia_2</str>
						<str id="name">tree_acacia_2_1309204450375</str>
						<int id="x">4810</int>
					</object>
					<object id="tree_acacia_3_1309204450388">
						<int id="w">66</int>
						<int id="z">31</int>
						<int id="h">30</int>
						<int id="y">791</int>
						<str id="sprite_class">tree_acacia_3</str>
						<str id="name">tree_acacia_3_1307749098496</str>
						<int id="x">4781</int>
					</object>
					<object id="tree_acacia_4_1309204450378">
						<int id="w">45</int>
						<int id="z">17</int>
						<int id="h">35</int>
						<int id="y">772</int>
						<str id="sprite_class">tree_acacia_4</str>
						<str id="name">tree_acacia_4_1309204450378</str>
						<int id="x">928</int>
					</object>
				</object>
				<str id="name">bg_3</str>
				<int id="w">5400</int>
				<int id="h">1000</int>
				<int id="z">-3</int>
				<object id="filtersNEW">
					<object id="contrast">
						<int id="value">0</int>
					</object>
					<object id="blur">
						<int id="value">3</int>
					</object>
					<object id="brightness">
						<int id="value">25</int>
					</object>
					<object id="saturation">
						<int id="value">6</int>
					</object>
					<object id="tintColor">
						<int id="value">0</int>
					</object>
				</object>
			</object>
		</object>
		<null id="loading_label"/>
		<int id="ground_y">0</int>
		<int id="rookable_type">0</int>
		<null id="physics"/>
		<null id="img_file_versioned"/>
		<str id="tsid">LA513KEP0J52N21</str>
		<str id="swf_file_versioned">http://c2.glitch.bz/locations/groddle1/1317079592.swf</str>
		<object id="gradient">
			<str id="top">7395BF</str>
			<str id="bottom">FFD859</str>
		</object>
		<object id="sources">
			<int id="LA514HDC2J52TOU">1</int>
			<int id="LA513I7O0J52MO0">1</int>
			<int id="LA513BTM0J524D4">1</int>
		</object>
		<str id="music_file"></str>
		<bool id="wall_jump">false</bool>
		<bool id="no_zoom">false</bool>
	</object>
</game_object>
