<game_object tsid="GA5130090J525IQ" ts="1346349600523" label="Cornfed Crt C" class_tsid="" lastUpdateTime="1346349590" upd_gs="gs11" load_time="2012-08-30 09:43:21.000" upd_time="2012-08-30 10:59:47.252">
	<object id="dynamic">
		<int id="l">-3000</int>
		<int id="r">3000</int>
		<int id="t">-1000</int>
		<int id="b">0</int>
		<str id="label">Cornfed Crt C</str>
		<str id="swf_file">groddle1.swf</str>
		<object id="layers">
			<object id="T_1307741552441">
				<str id="name">sky</str>
				<int id="w">5160</int>
				<int id="h">1000</int>
				<int id="z">-5</int>
				<object id="decos">
					<object id="cloud_fluffy_1_1307984015706">
						<int id="w">539</int>
						<int id="z">6</int>
						<int id="r">3</int>
						<int id="x">4143</int>
						<str id="sprite_class">cloud_fluffy_1</str>
						<int id="y">777</int>
						<int id="h">59</int>
						<str id="name">cloud_fluffy_1_1307749098737</str>
					</object>
					<object id="cloud_fluffy_2_1307984015710">
						<int id="w">1069</int>
						<int id="z">5</int>
						<int id="x">3193</int>
						<str id="sprite_class">cloud_fluffy_2</str>
						<int id="y">775</int>
						<int id="h">114</int>
						<str id="name">cloud_fluffy_2_1307749098529</str>
					</object>
					<object id="heights_bush_4_1308264891955">
						<int id="w">616</int>
						<int id="z">12</int>
						<int id="r">-1</int>
						<int id="x">3184</int>
						<str id="sprite_class">heights_bush_4</str>
						<int id="y">787</int>
						<int id="h">16</int>
						<str id="name">heights_bush_4_1307741552494</str>
					</object>
					<object id="cloud_fluffy_1_1307984015708">
						<int id="w">944</int>
						<int id="z">3</int>
						<int id="x">365</int>
						<str id="sprite_class">cloud_fluffy_1</str>
						<int id="y">736</int>
						<int id="h">119</int>
						<str id="name">cloud_fluffy_1_1307749098737</str>
					</object>
					<object id="heights_bush_4_1308256230887">
						<int id="w">616</int>
						<int id="z">9</int>
						<int id="r">1</int>
						<int id="x">958</int>
						<str id="sprite_class">heights_bush_4</str>
						<int id="y">769</int>
						<int id="h">16</int>
						<str id="name">heights_bush_4_1307741552494</str>
					</object>
					<object id="heights_bush_4_1308256230885">
						<int id="w">578</int>
						<int id="z">11</int>
						<int id="r">2</int>
						<int id="x">196</int>
						<str id="sprite_class">heights_bush_4</str>
						<int id="y">761</int>
						<int id="h">17</int>
						<str id="name">heights_bush_4_1307741552494</str>
					</object>
					<object id="cloud_fluffy_1_1307984015705">
						<int id="w">798</int>
						<int id="z">7</int>
						<int id="x">2009</int>
						<str id="sprite_class">cloud_fluffy_1</str>
						<int id="y">722</int>
						<int id="h">119</int>
						<str id="name">cloud_fluffy_1_1307749098737</str>
					</object>
					<object id="heights_bush_4_1308256230886">
						<int id="w">471</int>
						<int id="z">10</int>
						<int id="r">1</int>
						<int id="x">540</int>
						<str id="sprite_class">heights_bush_4</str>
						<int id="y">763</int>
						<int id="h">17</int>
						<str id="name">heights_bush_4_1307741552494</str>
					</object>
					<object id="cloud_fluffy_2_1307984015709">
						<int id="w">964</int>
						<int id="z">8</int>
						<int id="x">1339</int>
						<str id="sprite_class">cloud_fluffy_2</str>
						<int id="y">753</int>
						<int id="h">82</int>
						<str id="name">cloud_fluffy_2_1307749098529</str>
					</object>
					<object id="mountain_trees_darker_1_1308256230896">
						<int id="w">494</int>
						<int id="z">1</int>
						<int id="r">1</int>
						<int id="x">910</int>
						<str id="sprite_class">mountain_trees_darker_1</str>
						<int id="y">786</int>
						<int id="h">63</int>
						<str id="name">mountain_trees_darker_1_1308256230896</str>
					</object>
					<object id="cloud_fluffy_2_1307984015711">
						<int id="w">1069</int>
						<int id="z">4</int>
						<int id="x">4792</int>
						<str id="sprite_class">cloud_fluffy_2</str>
						<int id="y">779</int>
						<int id="h">114</int>
						<str id="name">cloud_fluffy_2_1307749098529</str>
					</object>
				</object>
				<object id="filtersNEW">
					<object id="contrast">
						<int id="value">-10</int>
					</object>
					<object id="saturation">
						<int id="value">-60</int>
					</object>
					<object id="tintColor">
						<int id="value">16763904</int>
					</object>
					<object id="tintAmount">
						<int id="value">80</int>
					</object>
					<object id="blur">
						<int id="value">3</int>
					</object>
					<object id="brightness">
						<int id="value">19</int>
					</object>
				</object>
			</object>
			<object id="T_1307741552442">
				<str id="name">bg_3</str>
				<int id="w">5400</int>
				<int id="h">1000</int>
				<int id="z">-3</int>
				<object id="decos">
					<object id="lens_grass_1_1307749098469">
						<int id="w">1140</int>
						<int id="z">5</int>
						<int id="x">4776</int>
						<str id="sprite_class">lens_grass_1</str>
						<int id="y">857</int>
						<int id="h">78</int>
						<str id="name">lens_grass_1_1307741552445</str>
					</object>
					<object id="lens_grass_2_1307749098477">
						<int id="w">1106</int>
						<int id="z">2</int>
						<int id="r">1</int>
						<int id="x">2474</int>
						<str id="sprite_class">lens_grass_2</str>
						<int id="y">806</int>
						<int id="h">36</int>
						<str id="name">lens_grass_2_1307741552444</str>
					</object>
					<object id="alakol_water_rock_2_1308041830322">
						<int id="w">66</int>
						<int id="z">29</int>
						<int id="x">4839</int>
						<str id="sprite_class">alakol_water_rock_2</str>
						<int id="y">789</int>
						<int id="h">9</int>
						<str id="name">alakol_water_rock_2_1307749098574</str>
					</object>
					<object id="alakol_cliff_2_1308242885152">
						<int id="w">87</int>
						<int id="z">35</int>
						<int id="x">3415</int>
						<str id="sprite_class">alakol_cliff_2</str>
						<int id="y">780</int>
						<int id="h">6</int>
						<str id="name">alakol_cliff_2_1307749098573</str>
					</object>
					<object id="alakol_water_rock_1_1308041830320">
						<int id="w">57</int>
						<int id="z">33</int>
						<int id="x">3433</int>
						<str id="sprite_class">alakol_water_rock_1</str>
						<int id="y">778</int>
						<int id="h">11</int>
						<str id="name">alakol_water_rock_1_1307749098577</str>
					</object>
					<object id="tree_acacia_3_1307749098704">
						<int id="w">61</int>
						<int id="z">18</int>
						<int id="x">175</int>
						<str id="sprite_class">tree_acacia_3</str>
						<int id="y">756</int>
						<int id="h">28</int>
						<str id="name">tree_acacia_3_1307749098496</str>
					</object>
					<object id="tree_acacia_2_1308256230892">
						<int id="w">54</int>
						<int id="z">17</int>
						<int id="x">698</int>
						<str id="sprite_class">tree_acacia_2</str>
						<int id="y">765</int>
						<int id="h">30</int>
						<str id="name">tree_acacia_2_1307749098540</str>
					</object>
					<object id="alakol_cliff_2_1308242885151">
						<int id="w">61</int>
						<int id="z">36</int>
						<int id="x">3370</int>
						<str id="sprite_class">alakol_cliff_2</str>
						<int id="y">783</int>
						<int id="h">6</int>
						<str id="name">alakol_cliff_2_1307749098573</str>
					</object>
					<object id="tree_acacia_4_1308256230895">
						<int id="w">48</int>
						<int id="z">54</int>
						<int id="x">963</int>
						<str id="sprite_class">tree_acacia_4</str>
						<int id="y">763</int>
						<int id="h">37</int>
						<str id="name">tree_acacia_4_1307749098538</str>
					</object>
					<object id="lens_grass_2_1307749098473">
						<int id="w">1258</int>
						<int id="z">3</int>
						<int id="r">1</int>
						<int id="x">4283</int>
						<str id="sprite_class">lens_grass_2</str>
						<int id="y">841</int>
						<int id="h">71</int>
						<str id="name">lens_grass_2_1307741552444</str>
					</object>
					<object id="lens_grass_2_1307749098479">
						<int id="w">1152</int>
						<int id="z">10</int>
						<int id="r">1</int>
						<int id="x">1435</int>
						<str id="sprite_class">lens_grass_2</str>
						<int id="y">828</int>
						<int id="h">68</int>
						<str id="name">lens_grass_2_1307741552444</str>
					</object>
					<object id="heights_bush_1_1308242885163">
						<int id="w">14</int>
						<int id="z">43</int>
						<int id="x">5189</int>
						<str id="sprite_class">heights_bush_1</str>
						<int id="y">787</int>
						<int id="h">8</int>
						<str id="name">heights_bush_1_1308242885163</str>
					</object>
					<object id="lens_grass_1_1307749098476">
						<int id="w">1212</int>
						<int id="z">9</int>
						<int id="x">1869</int>
						<str id="sprite_class">lens_grass_1</str>
						<int id="y">832</int>
						<int id="h">68</int>
						<str id="name">lens_grass_1_1307741552445</str>
					</object>
					<object id="heights_bush_2_1308242885165">
						<int id="w">16</int>
						<int id="z">47</int>
						<int id="x">5203</int>
						<str id="sprite_class">heights_bush_2</str>
						<int id="y">786</int>
						<int id="h">8</int>
						<str id="name">heights_bush_2_1308242885164</str>
					</object>
					<object id="alakol_water_rock_1_1308256230890">
						<int id="w">19</int>
						<int id="z">26</int>
						<int id="x">5265</int>
						<str id="sprite_class">alakol_water_rock_1</str>
						<int id="y">786</int>
						<int id="h">7</int>
						<str id="name">alakol_water_rock_1_1307749098577</str>
					</object>
					<object id="alakol_water_rock_2_1308256230888">
						<int id="w">37</int>
						<int id="z">24</int>
						<int id="x">5171</int>
						<str id="sprite_class">alakol_water_rock_2</str>
						<int id="y">779</int>
						<int id="h">7</int>
						<str id="name">alakol_water_rock_2_1307749098574</str>
					</object>
					<object id="lens_grass_2_1307749098468">
						<int id="w">1035</int>
						<int id="z">4</int>
						<int id="r">1</int>
						<int id="x">5247</int>
						<str id="sprite_class">lens_grass_2</str>
						<int id="y">850</int>
						<int id="h">71</int>
						<str id="name">lens_grass_2_1307741552444</str>
					</object>
					<object id="lens_grass_1_1307749098474">
						<int id="w">1322</int>
						<int id="z">8</int>
						<int id="x">2721</int>
						<str id="sprite_class">lens_grass_1</str>
						<int id="y">860</int>
						<int id="h">85</int>
						<str id="name">lens_grass_1_1307741552445</str>
					</object>
					<object id="tree_acacia_4_1308256230863">
						<int id="w">46</int>
						<int id="z">52</int>
						<int id="r">1</int>
						<int id="x">4390</int>
						<str id="sprite_class">tree_acacia_4</str>
						<int id="y">778</int>
						<int id="h">26</int>
						<str id="name">tree_acacia_4_1307749098538</str>
					</object>
					<object id="alakol_water_rock_1_1308256230889">
						<int id="w">26</int>
						<int id="z">27</int>
						<int id="x">5255</int>
						<str id="sprite_class">alakol_water_rock_1</str>
						<int id="y">786</int>
						<int id="h">9</int>
						<str id="name">alakol_water_rock_1_1307749098577</str>
					</object>
					<object id="lens_grass_1_1307749098480">
						<int id="w">1063</int>
						<int id="z">14</int>
						<int id="x">449</int>
						<str id="sprite_class">lens_grass_1</str>
						<int id="y">838</int>
						<int id="h">85</int>
						<str id="name">lens_grass_1_1307741552445</str>
					</object>
					<object id="alakol_water_rock_1_1308041830327">
						<int id="w">71</int>
						<int id="z">21</int>
						<int id="x">-98</int>
						<str id="sprite_class">alakol_water_rock_1</str>
						<int id="y">747</int>
						<int id="h">21</int>
						<str id="name">alakol_water_rock_1_1307749098577</str>
					</object>
					<object id="heights_bush_2_1308242885170">
						<int id="w">16</int>
						<int id="z">48</int>
						<int id="x">3352</int>
						<str id="sprite_class">heights_bush_2</str>
						<int id="y">784</int>
						<int id="h">8</int>
						<str id="name">heights_bush_2_1308242885164</str>
					</object>
					<object id="lens_grass_2_1307749098481">
						<int id="w">934</int>
						<int id="z">13</int>
						<int id="r">1</int>
						<int id="x">67</int>
						<str id="sprite_class">lens_grass_2</str>
						<int id="y">816</int>
						<int id="h">71</int>
						<str id="name">lens_grass_2_1307741552444</str>
					</object>
					<object id="heights_bush_1_1308242885166">
						<int id="w">14</int>
						<int id="z">44</int>
						<int id="x">4870</int>
						<str id="sprite_class">heights_bush_1</str>
						<int id="y">788</int>
						<int id="h">8</int>
						<str id="name">heights_bush_1_1308242885163</str>
					</object>
					<object id="tree_acacia_1_1307749098703">
						<int id="w">42</int>
						<int id="z">16</int>
						<int id="x">726</int>
						<str id="sprite_class">tree_acacia_1</str>
						<int id="y">765</int>
						<int id="h">27</int>
						<str id="name">tree_acacia_1_1307749098552</str>
					</object>
					<object id="alakol_water_rock_1_1308041830321">
						<int id="w">28</int>
						<int id="z">32</int>
						<int id="x">-159</int>
						<str id="sprite_class">alakol_water_rock_1</str>
						<int id="y">763</int>
						<int id="h">23</int>
						<str id="name">alakol_water_rock_1_1307749098577</str>
					</object>
					<object id="alakol_water_rock_2_1308242885160">
						<int id="w">30</int>
						<int id="z">31</int>
						<int id="x">4570</int>
						<str id="sprite_class">alakol_water_rock_2</str>
						<int id="y">788</int>
						<int id="h">10</int>
						<str id="name">alakol_water_rock_2_1307749098574</str>
					</object>
					<object id="alakol_water_rock_1_1308041830328">
						<int id="w">46</int>
						<int id="z">19</int>
						<int id="x">4826</int>
						<str id="sprite_class">alakol_water_rock_1</str>
						<int id="y">784</int>
						<int id="h">12</int>
						<str id="name">alakol_water_rock_1_1307749098577</str>
					</object>
					<object id="alakol_water_rock_1_1308242885154">
						<int id="w">20</int>
						<int id="z">37</int>
						<int id="x">3321</int>
						<str id="sprite_class">alakol_water_rock_1</str>
						<int id="y">784</int>
						<int id="h">8</int>
						<str id="name">alakol_water_rock_1_1307749098577</str>
					</object>
					<object id="alakol_water_rock_2_1308041830326">
						<int id="w">62</int>
						<int id="z">22</int>
						<int id="x">4942</int>
						<str id="sprite_class">alakol_water_rock_2</str>
						<int id="y">788</int>
						<int id="h">11</int>
						<str id="name">alakol_water_rock_2_1307749098574</str>
					</object>
					<object id="heights_bush_1_1308242885169">
						<int id="w">14</int>
						<int id="z">50</int>
						<int id="x">3397</int>
						<str id="sprite_class">heights_bush_1</str>
						<int id="y">784</int>
						<int id="h">8</int>
						<str id="name">heights_bush_1_1308242885163</str>
					</object>
					<object id="alakol_water_rock_1_1308242885153">
						<int id="w">76</int>
						<int id="z">20</int>
						<int id="x">4902</int>
						<str id="sprite_class">alakol_water_rock_1</str>
						<int id="y">783</int>
						<int id="h">9</int>
						<str id="name">alakol_water_rock_1_1307749098577</str>
					</object>
					<object id="alakol_cliff_1_1308041830325">
						<int id="w">166</int>
						<int id="z">23</int>
						<int id="r">1</int>
						<int id="x">4874</int>
						<str id="sprite_class">alakol_cliff_1</str>
						<int id="y">787</int>
						<int id="h">8</int>
						<str id="name">alakol_cliff_1_1307749098572</str>
					</object>
					<object id="lens_grass_2_1307749098475">
						<int id="w">1009</int>
						<int id="z">7</int>
						<int id="x">3136</int>
						<str id="sprite_class">lens_grass_2</str>
						<int id="y">831</int>
						<int id="h">55</int>
						<str id="name">lens_grass_2_1307741552444</str>
					</object>
					<object id="alakol_water_rock_2_1308041830323">
						<int id="w">72</int>
						<int id="z">28</int>
						<int id="x">-70</int>
						<str id="sprite_class">alakol_water_rock_2</str>
						<int id="y">767</int>
						<int id="h">28</int>
						<str id="name">alakol_water_rock_2_1307749098574</str>
					</object>
					<object id="alakol_water_rock_1_1308242885155">
						<int id="w">23</int>
						<int id="z">38</int>
						<int id="x">3411</int>
						<str id="sprite_class">alakol_water_rock_1</str>
						<int id="y">783</int>
						<int id="h">9</int>
						<str id="name">alakol_water_rock_1_1307749098577</str>
					</object>
					<object id="alakol_cliff_2_1308041830324">
						<int id="w">89</int>
						<int id="z">25</int>
						<int id="x">5183</int>
						<str id="sprite_class">alakol_cliff_2</str>
						<int id="y">783</int>
						<int id="h">6</int>
						<str id="name">alakol_cliff_2_1307749098573</str>
					</object>
					<object id="lens_grass_1_1307749098478">
						<int id="w">1089</int>
						<int id="z">11</int>
						<int id="x">892</int>
						<str id="sprite_class">lens_grass_1</str>
						<int id="y">827</int>
						<int id="h">69</int>
						<str id="name">lens_grass_1_1307741552445</str>
					</object>
					<object id="alakol_water_rock_2_1308264891950">
						<int id="w">36</int>
						<int id="z">57</int>
						<int id="x">2535</int>
						<str id="sprite_class">alakol_water_rock_2</str>
						<int id="y">775</int>
						<int id="h">6</int>
						<str id="name">alakol_water_rock_2_1307749098574</str>
					</object>
					<object id="tree_acacia_3_1308256230894">
						<int id="w">69</int>
						<int id="z">12</int>
						<int id="x">1073</int>
						<str id="sprite_class">tree_acacia_3</str>
						<int id="y">767</int>
						<int id="h">31</int>
						<str id="name">tree_acacia_3_1307749098496</str>
					</object>
					<object id="lens_grass_1_1307749098472">
						<int id="w">1289</int>
						<int id="z">6</int>
						<int id="x">3702</int>
						<str id="sprite_class">lens_grass_1</str>
						<int id="y">850</int>
						<int id="h">81</int>
						<str id="name">lens_grass_1_1307741552445</str>
					</object>
					<object id="heights_bush_2_1308041830319">
						<int id="w">26</int>
						<int id="z">34</int>
						<int id="x">-170</int>
						<str id="sprite_class">heights_bush_2</str>
						<int id="y">764</int>
						<int id="h">12</int>
						<str id="name">heights_bush_2_1307741552493</str>
					</object>
				</object>
				<object id="filtersNEW">
					<object id="contrast">
						<int id="value">0</int>
					</object>
					<object id="blur">
						<int id="value">3</int>
					</object>
					<object id="brightness">
						<int id="value">25</int>
					</object>
					<object id="saturation">
						<int id="value">6</int>
					</object>
					<object id="tintColor">
						<int id="value">0</int>
					</object>
				</object>
			</object>
			<object id="T_1307741552439">
				<str id="name">bg_1</str>
				<int id="w">5820</int>
				<int id="h">1000</int>
				<int id="z">-1</int>
				<object id="decos">
					<object id="lens_grass_2_1307741552462">
						<int id="w">2075</int>
						<int id="z">7</int>
						<int id="x">4457</int>
						<str id="sprite_class">lens_grass_2</str>
						<int id="y">913</int>
						<int id="h">97</int>
						<str id="name">lens_grass_2_1307741552444</str>
					</object>
					<object id="lens_grass_1_1307741552459">
						<int id="w">1578</int>
						<int id="z">3</int>
						<int id="x">1745</int>
						<str id="sprite_class">lens_grass_1</str>
						<int id="y">911</int>
						<int id="h">104</int>
						<str id="name">lens_grass_1_1307741552445</str>
					</object>
					<object id="lens_grass_1_1308264891992">
						<int id="w">207</int>
						<int id="z">27</int>
						<int id="x">1109</int>
						<str id="sprite_class">lens_grass_1</str>
						<int id="y">846</int>
						<int id="h">50</int>
						<str id="name">lens_grass_1_1307987031014</str>
					</object>
					<object id="lens_grass_2_1307741552457">
						<int id="w">1670</int>
						<int id="z">0</int>
						<int id="x">977</int>
						<str id="sprite_class">lens_grass_2</str>
						<int id="y">904</int>
						<int id="h">99</int>
						<str id="name">lens_grass_2_1307741552444</str>
					</object>
					<object id="alakol_water_rock_1_1308242885185">
						<int id="w">112</int>
						<int id="z">22</int>
						<int id="x">3159</int>
						<str id="sprite_class">alakol_water_rock_1</str>
						<int id="y">848</int>
						<int id="h">42</int>
						<str id="name">alakol_water_rock_1_1307749098577</str>
					</object>
					<object id="lens_grass_1_1307987031070">
						<int id="w">241</int>
						<int id="z">16</int>
						<int id="x">4186</int>
						<str id="sprite_class">lens_grass_1</str>
						<int id="y">862</int>
						<int id="h">39</int>
						<str id="name">lens_grass_1_1307987031014</str>
					</object>
					<object id="lens_grass_1_1308264891993">
						<int id="w">207</int>
						<int id="z">28</int>
						<int id="x">1013</int>
						<str id="sprite_class">lens_grass_1</str>
						<int id="y">864</int>
						<int id="h">50</int>
						<str id="name">lens_grass_1_1307987031014</str>
					</object>
					<object id="lens_grass_1_1307987031031">
						<int id="w">190</int>
						<int id="z">4</int>
						<int id="x">2456</int>
						<str id="sprite_class">lens_grass_1</str>
						<int id="y">884</int>
						<int id="h">40</int>
						<str id="name">lens_grass_1_1307987031014</str>
					</object>
					<object id="lens_grass_1_1308264891975">
						<int id="w">135</int>
						<int id="z">21</int>
						<int id="r">1</int>
						<int id="x">2920</int>
						<str id="sprite_class">lens_grass_1</str>
						<int id="y">873</int>
						<int id="h">42</int>
						<str id="name">lens_grass_1_1307987031014</str>
					</object>
					<object id="lens_grass_1_1307987031039">
						<int id="w">190</int>
						<int id="z">12</int>
						<int id="x">2886</int>
						<str id="sprite_class">lens_grass_1</str>
						<int id="y">855</int>
						<int id="h">40</int>
						<str id="name">lens_grass_1_1307987031014</str>
					</object>
					<object id="lens_grass_1_1307987031042">
						<int id="w">186</int>
						<int id="z">13</int>
						<int id="x">1876</int>
						<str id="sprite_class">lens_grass_1</str>
						<int id="y">842</int>
						<int id="h">28</int>
						<str id="name">lens_grass_1_1307987031014</str>
					</object>
					<object id="lens_grass_1_1307987031032">
						<int id="w">190</int>
						<int id="z">5</int>
						<int id="x">2332</int>
						<str id="sprite_class">lens_grass_1</str>
						<int id="y">897</int>
						<int id="h">40</int>
						<str id="name">lens_grass_1_1307987031014</str>
					</object>
					<object id="lens_grass_1_1308264891974">
						<int id="w">135</int>
						<int id="z">20</int>
						<int id="r">-2</int>
						<int id="x">2998</int>
						<str id="sprite_class">lens_grass_1</str>
						<int id="y">863</int>
						<int id="h">42</int>
						<str id="name">lens_grass_1_1307987031014</str>
					</object>
					<object id="lens_grass_1_1307741552461">
						<int id="w">1681</int>
						<int id="z">8</int>
						<int id="x">3590</int>
						<str id="sprite_class">lens_grass_1</str>
						<int id="y">927</int>
						<int id="h">110</int>
						<str id="name">lens_grass_1_1307741552445</str>
					</object>
					<object id="lens_grass_1_1308242885190">
						<int id="w">241</int>
						<int id="z">24</int>
						<int id="x">4514</int>
						<str id="sprite_class">lens_grass_1</str>
						<int id="y">860</int>
						<int id="h">39</int>
						<str id="name">lens_grass_1_1307987031014</str>
					</object>
					<object id="lens_grass_1_1307741552458">
						<int id="w">1626</int>
						<int id="z">1</int>
						<int id="x">207</int>
						<str id="sprite_class">lens_grass_1</str>
						<int id="y">918</int>
						<int id="h">110</int>
						<str id="name">lens_grass_1_1307741552445</str>
					</object>
					<object id="lens_grass_1_1307987031095">
						<int id="w">186</int>
						<int id="z">14</int>
						<int id="x">1817</int>
						<str id="sprite_class">lens_grass_1</str>
						<int id="y">852</int>
						<int id="h">28</int>
						<str id="name">lens_grass_1_1307987031014</str>
					</object>
					<object id="lens_grass_1_1307987031040">
						<int id="w">190</int>
						<int id="z">11</int>
						<int id="x">2750</int>
						<str id="sprite_class">lens_grass_1</str>
						<int id="y">847</int>
						<int id="h">40</int>
						<str id="name">lens_grass_1_1307987031014</str>
					</object>
					<object id="tree_acacia_1_1308242885184">
						<int id="w">491</int>
						<int id="z">17</int>
						<int id="x">447</int>
						<str id="sprite_class">tree_acacia_1</str>
						<int id="y">840</int>
						<int id="h">306</int>
						<str id="name">tree_acacia_1_1307749098541</str>
					</object>
					<object id="lens_grass_1_1307987031052">
						<int id="w">213</int>
						<int id="z">26</int>
						<int id="x">3</int>
						<str id="sprite_class">lens_grass_1</str>
						<int id="y">856</int>
						<int id="h">45</int>
						<str id="name">lens_grass_1_1307987031014</str>
					</object>
					<object id="alakol_water_rock_2_1308242885186">
						<int id="w">153</int>
						<int id="z">19</int>
						<int id="x">3217</int>
						<str id="sprite_class">alakol_water_rock_2</str>
						<int id="y">845</int>
						<int id="h">45</int>
						<str id="name">alakol_water_rock_2_1307749098574</str>
					</object>
					<object id="lens_grass_1_1307987031069">
						<int id="w">241</int>
						<int id="z">15</int>
						<int id="x">4106</int>
						<str id="sprite_class">lens_grass_1</str>
						<int id="y">853</int>
						<int id="h">39</int>
						<str id="name">lens_grass_1_1307987031014</str>
					</object>
					<object id="lens_grass_1_1308242885189">
						<int id="w">241</int>
						<int id="z">25</int>
						<int id="x">4608</int>
						<str id="sprite_class">lens_grass_1</str>
						<int id="y">874</int>
						<int id="h">39</int>
						<str id="name">lens_grass_1_1307987031014</str>
					</object>
					<object id="tree_acacia_3_1307749098496">
						<int id="w">708</int>
						<int id="z">10</int>
						<int id="x">3195</int>
						<str id="sprite_class">tree_acacia_3</str>
						<int id="y">832</int>
						<int id="h">324</int>
						<str id="name">tree_acacia_3_1307749098496</str>
					</object>
					<object id="alakol_water_rock_1_1308302295353">
						<int id="w">66</int>
						<int id="z">23</int>
						<int id="x">3202</int>
						<str id="sprite_class">alakol_water_rock_1</str>
						<int id="y">850</int>
						<int id="h">22</int>
						<str id="name">alakol_water_rock_1_1307749098577</str>
					</object>
					<object id="lens_grass_1_1307987031033">
						<int id="w">190</int>
						<int id="z">6</int>
						<int id="x">2237</int>
						<str id="sprite_class">lens_grass_1</str>
						<int id="y">904</int>
						<int id="h">40</int>
						<str id="name">lens_grass_1_1307987031014</str>
					</object>
					<object id="pampas_2_1308041830329">
						<int id="w">23</int>
						<int id="z">18</int>
						<int id="x">467</int>
						<str id="sprite_class">pampas_2</str>
						<int id="y">838</int>
						<int id="h">35</int>
						<str id="name">pampas_2_1307749098499</str>
					</object>
					<object id="lens_grass_1_1307741552463">
						<int id="w">1718</int>
						<int id="z">9</int>
						<int id="r">-1</int>
						<int id="x">5299</int>
						<str id="sprite_class">lens_grass_1</str>
						<int id="y">912</int>
						<int id="h">89</int>
						<str id="name">lens_grass_1_1307741552445</str>
					</object>
					<object id="lens_grass_2_1307741552460">
						<int id="w">1612</int>
						<int id="z">2</int>
						<int id="x">2620</int>
						<str id="sprite_class">lens_grass_2</str>
						<int id="y">907</int>
						<int id="h">95</int>
						<str id="name">lens_grass_2_1307741552444</str>
					</object>
				</object>
				<object id="filtersNEW">
					<object id="contrast">
						<int id="value">0</int>
					</object>
					<object id="brightness">
						<int id="value">13</int>
					</object>
					<object id="saturation">
						<int id="value">13</int>
					</object>
					<object id="tintColor">
						<int id="value">0</int>
					</object>
				</object>
			</object>
			<object id="T_1307741552440">
				<str id="name">bg_2</str>
				<int id="w">5640</int>
				<int id="h">1000</int>
				<int id="z">-2</int>
				<object id="decos">
					<object id="lens_grass_1_1307987031067">
						<int id="w">125</int>
						<int id="z">30</int>
						<int id="x">4763</int>
						<str id="sprite_class">lens_grass_1</str>
						<int id="y">835</int>
						<int id="h">20</int>
						<str id="name">lens_grass_1_1307987031014</str>
					</object>
					<object id="lens_grass_1_1307987031063">
						<int id="w">125</int>
						<int id="z">27</int>
						<int id="x">4952</int>
						<str id="sprite_class">lens_grass_1</str>
						<int id="y">822</int>
						<int id="h">20</int>
						<str id="name">lens_grass_1_1307987031014</str>
					</object>
					<object id="lens_grass_1_1307987031044">
						<int id="w">125</int>
						<int id="z">9</int>
						<int id="x">769</int>
						<str id="sprite_class">lens_grass_1</str>
						<int id="y">797</int>
						<int id="h">20</int>
						<str id="name">lens_grass_1_1307987031014</str>
					</object>
					<object id="lens_grass_1_1307987031043">
						<int id="w">125</int>
						<int id="z">8</int>
						<int id="x">703</int>
						<str id="sprite_class">lens_grass_1</str>
						<int id="y">792</int>
						<int id="h">20</int>
						<str id="name">lens_grass_1_1307987031014</str>
					</object>
					<object id="heights_bush_2_1307992844144">
						<int id="w">27</int>
						<int id="z">42</int>
						<int id="x">4063</int>
						<str id="sprite_class">heights_bush_2</str>
						<int id="y">797</int>
						<int id="h">13</int>
						<str id="name">heights_bush_2_1307741552493</str>
						<bool id="h_flip">true</bool>
					</object>
					<object id="lens_grass_1_1307987031062">
						<int id="w">125</int>
						<int id="z">25</int>
						<int id="x">5009</int>
						<str id="sprite_class">lens_grass_1</str>
						<int id="y">815</int>
						<int id="h">20</int>
						<str id="name">lens_grass_1_1307987031014</str>
					</object>
					<object id="lens_grass_1_1307987031051">
						<int id="w">99</int>
						<int id="z">20</int>
						<int id="x">186</int>
						<str id="sprite_class">lens_grass_1</str>
						<int id="y">790</int>
						<int id="h">22</int>
						<str id="name">lens_grass_1_1307987031014</str>
					</object>
					<object id="tree_acacia_1_1308264891956">
						<int id="w">242</int>
						<int id="z">22</int>
						<int id="x">1970</int>
						<str id="sprite_class">tree_acacia_1</str>
						<int id="y">792</int>
						<int id="h">150</int>
						<str id="name">tree_acacia_1_1307749098541</str>
					</object>
					<object id="lens_grass_1_1307992844143">
						<int id="w">103</int>
						<int id="z">36</int>
						<int id="x">3633</int>
						<str id="sprite_class">lens_grass_1</str>
						<int id="y">821</int>
						<int id="h">16</int>
						<str id="name">lens_grass_1_1307987031014</str>
					</object>
					<object id="alakol_water_rock_2_1308264891958">
						<int id="w">51</int>
						<int id="z">41</int>
						<int id="x">1871</int>
						<str id="sprite_class">alakol_water_rock_2</str>
						<int id="y">793</int>
						<int id="h">17</int>
						<str id="name">alakol_water_rock_2_1307749098574</str>
					</object>
					<object id="lens_grass_1_1307987031064">
						<int id="w">125</int>
						<int id="z">26</int>
						<int id="x">4871</int>
						<str id="sprite_class">lens_grass_1</str>
						<int id="y">820</int>
						<int id="h">20</int>
						<str id="name">lens_grass_1_1307987031014</str>
					</object>
					<object id="lens_grass_1_1307987031050">
						<int id="w">99</int>
						<int id="z">19</int>
						<int id="x">302</int>
						<str id="sprite_class">lens_grass_1</str>
						<int id="y">807</int>
						<int id="h">27</int>
						<str id="name">lens_grass_1_1307987031014</str>
					</object>
					<object id="lens_grass_1_1307987031046">
						<int id="w">97</int>
						<int id="z">11</int>
						<int id="x">799</int>
						<str id="sprite_class">lens_grass_1</str>
						<int id="y">815</int>
						<int id="h">24</int>
						<str id="name">lens_grass_1_1307987031014</str>
					</object>
					<object id="lens_grass_2_1307741552468">
						<int id="w">1392</int>
						<int id="z">4</int>
						<int id="x">1421</int>
						<str id="sprite_class">lens_grass_2</str>
						<int id="y">855</int>
						<int id="h">75</int>
						<str id="name">lens_grass_2_1307741552444</str>
					</object>
					<object id="lens_grass_1_1307741552465">
						<int id="w">1317</int>
						<int id="z">7</int>
						<int id="r">1</int>
						<int id="x">871</int>
						<str id="sprite_class">lens_grass_1</str>
						<int id="y">861</int>
						<int id="h">86</int>
						<str id="name">lens_grass_1_1307741552445</str>
					</object>
					<object id="lens_grass_1_1307741552471">
						<int id="w">1172</int>
						<int id="z">2</int>
						<int id="x">4124</int>
						<str id="sprite_class">lens_grass_1</str>
						<int id="y">856</int>
						<int id="h">71</int>
						<str id="name">lens_grass_1_1307741552445</str>
					</object>
					<object id="lens_grass_2_1307741552472">
						<int id="w">1242</int>
						<int id="z">1</int>
						<int id="r">-2</int>
						<int id="x">3671</int>
						<str id="sprite_class">lens_grass_2</str>
						<int id="y">851</int>
						<int id="h">59</int>
						<str id="name">lens_grass_2_1307741552444</str>
					</object>
					<object id="lens_grass_1_1307987031065">
						<int id="w">125</int>
						<int id="z">28</int>
						<int id="x">4932</int>
						<str id="sprite_class">lens_grass_1</str>
						<int id="y">828</int>
						<int id="h">20</int>
						<str id="name">lens_grass_1_1307987031014</str>
					</object>
					<object id="lens_grass_1_1307741552467">
						<int id="w">1426</int>
						<int id="z">5</int>
						<int id="r">1</int>
						<int id="x">2073</int>
						<str id="sprite_class">lens_grass_1</str>
						<int id="y">860</int>
						<int id="h">77</int>
						<str id="name">lens_grass_1_1307741552445</str>
					</object>
					<object id="lens_grass_2_1307741552466">
						<int id="w">1202</int>
						<int id="z">6</int>
						<int id="x">232</int>
						<str id="sprite_class">lens_grass_2</str>
						<int id="y">838</int>
						<int id="h">72</int>
						<str id="name">lens_grass_2_1307741552444</str>
					</object>
					<object id="lens_grass_1_1307992844139">
						<int id="w">103</int>
						<int id="z">34</int>
						<int id="x">3551</int>
						<str id="sprite_class">lens_grass_1</str>
						<int id="y">816</int>
						<int id="h">16</int>
						<str id="name">lens_grass_1_1307987031014</str>
					</object>
					<object id="lens_grass_1_1307987031045">
						<int id="w">97</int>
						<int id="z">10</int>
						<int id="x">760</int>
						<str id="sprite_class">lens_grass_1</str>
						<int id="y">808</int>
						<int id="h">24</int>
						<str id="name">lens_grass_1_1307987031014</str>
					</object>
					<object id="lens_grass_1_1308264891990">
						<int id="w">97</int>
						<int id="z">13</int>
						<int id="x">1430</int>
						<str id="sprite_class">lens_grass_1</str>
						<int id="y">818</int>
						<int id="h">24</int>
						<str id="name">lens_grass_1_1307987031014</str>
					</object>
					<object id="tree_acacia_2_1307992844131">
						<int id="w">268</int>
						<int id="z">31</int>
						<int id="x">5566</int>
						<str id="sprite_class">tree_acacia_2</str>
						<int id="y">815</int>
						<int id="h">150</int>
						<str id="name">tree_acacia_2_1307749098540</str>
					</object>
					<object id="alakol_water_rock_2_1307992844133">
						<int id="w">61</int>
						<int id="z">32</int>
						<int id="x">4047</int>
						<str id="sprite_class">alakol_water_rock_2</str>
						<int id="y">797</int>
						<int id="h">17</int>
						<str id="name">alakol_water_rock_2_1307749098574</str>
					</object>
					<object id="lens_grass_2_1307741552470">
						<int id="w">1348</int>
						<int id="z">3</int>
						<int id="r">1</int>
						<int id="x">2667</int>
						<str id="sprite_class">lens_grass_2</str>
						<int id="y">863</int>
						<int id="h">73</int>
						<str id="name">lens_grass_2_1307741552444</str>
					</object>
					<object id="lens_grass_1_1307749098466">
						<int id="w">1282</int>
						<int id="z">0</int>
						<int id="r">1</int>
						<int id="x">5326</int>
						<str id="sprite_class">lens_grass_1</str>
						<int id="y">875</int>
						<int id="h">80</int>
						<str id="name">lens_grass_1_1307741552445</str>
					</object>
					<object id="lens_grass_1_1308264891989">
						<int id="w">97</int>
						<int id="z">12</int>
						<int id="x">1480</int>
						<str id="sprite_class">lens_grass_1</str>
						<int id="y">810</int>
						<int id="h">24</int>
						<str id="name">lens_grass_1_1307987031014</str>
					</object>
					<object id="lens_grass_1_1307992844141">
						<int id="w">103</int>
						<int id="z">35</int>
						<int id="x">3608</int>
						<str id="sprite_class">lens_grass_1</str>
						<int id="y">820</int>
						<int id="h">16</int>
						<str id="name">lens_grass_1_1307987031014</str>
					</object>
					<object id="tree_acacia_2_1307749098706">
						<int id="w">300</int>
						<int id="z">21</int>
						<int id="x">2417</int>
						<str id="sprite_class">tree_acacia_2</str>
						<int id="y">802</int>
						<int id="h">168</int>
						<str id="name">tree_acacia_2_1307749098540</str>
					</object>
					<object id="tree_acacia_4_1307749098568">
						<int id="w">228</int>
						<int id="z">16</int>
						<int id="x">4042</int>
						<str id="sprite_class">tree_acacia_4</str>
						<int id="y">794</int>
						<int id="h">174</int>
						<str id="name">tree_acacia_4_1307749098538</str>
					</object>
					<object id="lens_grass_1_1307741552469">
						<int id="w">1229</int>
						<int id="z">14</int>
						<int id="x">3174</int>
						<str id="sprite_class">lens_grass_1</str>
						<int id="y">865</int>
						<int id="h">66</int>
						<str id="name">lens_grass_1_1307741552445</str>
					</object>
					<object id="lens_grass_2_1307749098467">
						<int id="w">1280</int>
						<int id="z">15</int>
						<int id="r">1</int>
						<int id="x">4675</int>
						<str id="sprite_class">lens_grass_2</str>
						<int id="y">869</int>
						<int id="h">73</int>
						<str id="name">lens_grass_2_1307741552444</str>
					</object>
					<object id="alakol_water_rock_1_1307992844132">
						<int id="w">44</int>
						<int id="z">23</int>
						<int id="x">4074</int>
						<str id="sprite_class">alakol_water_rock_1</str>
						<int id="y">797</int>
						<int id="h">19</int>
						<str id="name">alakol_water_rock_1_1307749098577</str>
					</object>
					<object id="lens_grass_1_1307992844142">
						<int id="w">103</int>
						<int id="z">37</int>
						<int id="x">3582</int>
						<str id="sprite_class">lens_grass_1</str>
						<int id="y">827</int>
						<int id="h">16</int>
						<str id="name">lens_grass_1_1307987031014</str>
					</object>
					<object id="lens_grass_1_1307987031066">
						<int id="w">125</int>
						<int id="z">29</int>
						<int id="x">4978</int>
						<str id="sprite_class">lens_grass_1</str>
						<int id="y">833</int>
						<int id="h">20</int>
						<str id="name">lens_grass_1_1307987031014</str>
					</object>
					<object id="alakol_water_rock_1_1308242885177">
						<int id="w">59</int>
						<int id="z">38</int>
						<int id="x">2446</int>
						<str id="sprite_class">alakol_water_rock_1</str>
						<int id="y">805</int>
						<int id="h">17</int>
						<str id="name">alakol_water_rock_1_1307749098577</str>
					</object>
					<object id="alakol_water_rock_1_1308242885178">
						<int id="w">38</int>
						<int id="z">39</int>
						<int id="x">237</int>
						<str id="sprite_class">alakol_water_rock_1</str>
						<int id="y">790</int>
						<int id="h">20</int>
						<str id="name">alakol_water_rock_1_1307749098577</str>
					</object>
					<object id="lens_grass_1_1307987031049">
						<int id="w">117</int>
						<int id="z">17</int>
						<int id="x">260</int>
						<str id="sprite_class">lens_grass_1</str>
						<int id="y">785</int>
						<int id="h">17</int>
						<str id="name">lens_grass_1_1307987031014</str>
					</object>
					<object id="lens_grass_1_1307987031048">
						<int id="w">97</int>
						<int id="z">18</int>
						<int id="x">305</int>
						<str id="sprite_class">lens_grass_1</str>
						<int id="y">793</int>
						<int id="h">24</int>
						<str id="name">lens_grass_1_1307987031014</str>
					</object>
					<object id="heights_bush_2_1308264891957">
						<int id="w">35</int>
						<int id="z">24</int>
						<int id="x">2401</int>
						<str id="sprite_class">heights_bush_2</str>
						<int id="y">805</int>
						<int id="h">18</int>
						<str id="name">heights_bush_2_1308242885164</str>
						<bool id="h_flip">true</bool>
					</object>
					<object id="lens_grass_1_1307992844138">
						<int id="w">103</int>
						<int id="z">33</int>
						<int id="x">3498</int>
						<str id="sprite_class">lens_grass_1</str>
						<int id="y">813</int>
						<int id="h">16</int>
						<str id="name">lens_grass_1_1307987031014</str>
					</object>
					<object id="alakol_water_rock_2_1308242885176">
						<int id="w">54</int>
						<int id="z">40</int>
						<int id="x">2428</int>
						<str id="sprite_class">alakol_water_rock_2</str>
						<int id="y">808</int>
						<int id="h">18</int>
						<str id="name">alakol_water_rock_2_1307749098574</str>
					</object>
				</object>
				<object id="filtersNEW">
					<object id="contrast">
						<int id="value">0</int>
					</object>
					<object id="blur">
						<int id="value">2</int>
					</object>
					<object id="brightness">
						<int id="value">20</int>
					</object>
					<object id="saturation">
						<int id="value">10</int>
					</object>
					<object id="tintColor">
						<int id="value">0</int>
					</object>
				</object>
			</object>
			<object id="T_1307741552438">
				<str id="name">middleplus</str>
				<int id="w">6000</int>
				<int id="h">1000</int>
				<int id="z">1</int>
				<object id="decos">
					<object id="lens_grass_1_1308256230833">
						<int id="w">593</int>
						<int id="z">9</int>
						<int id="x">5368</int>
						<str id="sprite_class">lens_grass_1</str>
						<int id="y">1032</int>
						<int id="h">79</int>
						<str id="name">lens_grass_1_1307987031014</str>
					</object>
					<object id="lens_grass_1_1308256230835">
						<int id="w">359</int>
						<int id="z">8</int>
						<int id="x">5905</int>
						<str id="sprite_class">lens_grass_1</str>
						<int id="y">1021</int>
						<int id="h">81</int>
						<str id="name">lens_grass_1_1307987031014</str>
					</object>
					<object id="lens_grass_1_1308256230847">
						<int id="w">397</int>
						<int id="z">4</int>
						<int id="x">3721</int>
						<str id="sprite_class">lens_grass_1</str>
						<int id="y">1026</int>
						<int id="h">80</int>
						<str id="name">lens_grass_1_1307987031014</str>
					</object>
					<object id="lens_grass_1_1307987031059">
						<int id="w">356</int>
						<int id="z">17</int>
						<int id="x">2038</int>
						<str id="sprite_class">lens_grass_1</str>
						<int id="y">992</int>
						<int id="h">81</int>
						<str id="name">lens_grass_1_1307987031014</str>
					</object>
					<object id="lens_grass_1_1308264891971">
						<int id="w">388</int>
						<int id="z">19</int>
						<int id="x">2595</int>
						<str id="sprite_class">lens_grass_1</str>
						<int id="y">1023</int>
						<int id="h">91</int>
						<str id="name">lens_grass_1_1307987031014</str>
					</object>
					<object id="lens_grass_1_1307987031022">
						<int id="w">593</int>
						<int id="z">2</int>
						<int id="x">4577</int>
						<str id="sprite_class">lens_grass_1</str>
						<int id="y">1004</int>
						<int id="h">79</int>
						<str id="name">lens_grass_1_1307987031014</str>
					</object>
					<object id="lens_grass_1_1307987031020">
						<int id="w">285</int>
						<int id="z">10</int>
						<int id="x">5054</int>
						<str id="sprite_class">lens_grass_1</str>
						<int id="y">1036</int>
						<int id="h">60</int>
						<str id="name">lens_grass_1_1307987031014</str>
					</object>
					<object id="pampas_1_1308264891972">
						<int id="w">79</int>
						<int id="z">20</int>
						<int id="x">2423</int>
						<str id="sprite_class">pampas_1</str>
						<int id="y">1000</int>
						<int id="h">115</int>
						<str id="name">pampas_1_1307749098498</str>
					</object>
					<object id="lens_grass_1_1307987031053">
						<int id="w">365</int>
						<int id="z">14</int>
						<int id="x">541</int>
						<str id="sprite_class">lens_grass_1</str>
						<int id="y">1033</int>
						<int id="h">100</int>
						<str id="name">lens_grass_1_1307987031014</str>
					</object>
					<object id="lens_grass_1_1307987031057">
						<int id="w">365</int>
						<int id="z">16</int>
						<int id="x">2388</int>
						<str id="sprite_class">lens_grass_1</str>
						<int id="y">1008</int>
						<int id="h">90</int>
						<str id="name">lens_grass_1_1307987031014</str>
					</object>
					<object id="lens_grass_1_1307987031054">
						<int id="w">631</int>
						<int id="z">15</int>
						<int id="x">259</int>
						<str id="sprite_class">lens_grass_1</str>
						<int id="y">1063</int>
						<int id="h">130</int>
						<str id="name">lens_grass_1_1307987031014</str>
					</object>
					<object id="lens_grass_1_1308256230848">
						<int id="w">397</int>
						<int id="z">3</int>
						<int id="x">3852</int>
						<str id="sprite_class">lens_grass_1</str>
						<int id="y">1002</int>
						<int id="h">80</int>
						<str id="name">lens_grass_1_1307987031014</str>
					</object>
					<object id="lens_grass_1_1308256230834">
						<int id="w">445</int>
						<int id="z">5</int>
						<int id="x">5649</int>
						<str id="sprite_class">lens_grass_1</str>
						<int id="y">998</int>
						<int id="h">67</int>
						<str id="name">lens_grass_1_1307987031014</str>
					</object>
					<object id="pampas_2_1308256230836">
						<int id="w">48</int>
						<int id="z">6</int>
						<int id="x">5273</int>
						<str id="sprite_class">pampas_2</str>
						<int id="y">965</int>
						<int id="h">67</int>
						<str id="name">pampas_2_1307749098499</str>
					</object>
					<object id="lens_grass_1_1307987031058">
						<int id="w">388</int>
						<int id="z">18</int>
						<int id="x">2219</int>
						<str id="sprite_class">lens_grass_1</str>
						<int id="y">1021</int>
						<int id="h">91</int>
						<str id="name">lens_grass_1_1307987031014</str>
					</object>
					<object id="lens_grass_1_1307987031021">
						<int id="w">338</int>
						<int id="z">0</int>
						<int id="r">1</int>
						<int id="x">4895</int>
						<str id="sprite_class">lens_grass_1</str>
						<int id="y">1026</int>
						<int id="h">71</int>
						<str id="name">lens_grass_1_1307987031014</str>
					</object>
					<object id="pampas_2_1308256230837">
						<int id="w">60</int>
						<int id="z">7</int>
						<int id="r">-25</int>
						<int id="x">5271</int>
						<str id="sprite_class">pampas_2</str>
						<int id="y">959</int>
						<int id="h">93</int>
						<str id="name">pampas_2_1307749098499</str>
					</object>
				</object>
				<object id="filtersNEW">
					<object id="contrast">
						<int id="value">0</int>
					</object>
					<object id="brightness">
						<int id="value">9</int>
					</object>
					<object id="saturation">
						<int id="value">18</int>
					</object>
					<object id="tintColor">
						<int id="value">0</int>
					</object>
				</object>
			</object>
			<object id="middleground">
				<object id="decos">
					<object id="lens_grass_1_1307741552445">
						<int id="w">2026</int>
						<int id="z">10</int>
						<int id="x">-1389</int>
						<str id="sprite_class">lens_grass_1</str>
						<int id="y">68</int>
						<int id="h">202</int>
						<str id="name">lens_grass_1_1307741552445</str>
					</object>
					<object id="lens_grass_1_1307987031060">
						<int id="w">285</int>
						<int id="z">17</int>
						<int id="r">1</int>
						<int id="x">460</int>
						<str id="sprite_class">lens_grass_1</str>
						<int id="y">-89</int>
						<int id="h">55</int>
						<str id="name">lens_grass_1_1307987031014</str>
					</object>
					<object id="lens_grass_1_1307987031061">
						<int id="w">285</int>
						<int id="z">18</int>
						<int id="r">3</int>
						<int id="x">361</int>
						<str id="sprite_class">lens_grass_1</str>
						<int id="y">-81</int>
						<int id="h">55</int>
						<str id="name">lens_grass_1_1307987031014</str>
					</object>
					<object id="lens_grass_2_1307741552455">
						<int id="w">2108</int>
						<int id="z">16</int>
						<int id="x">-158</int>
						<str id="sprite_class">lens_grass_2</str>
						<int id="y">93</int>
						<int id="h">161</int>
						<str id="name">lens_grass_2_1307741552444</str>
					</object>
					<object id="lens_grass_2_1307741552452">
						<int id="w">2108</int>
						<int id="z">5</int>
						<int id="x">2875</int>
						<str id="sprite_class">lens_grass_2</str>
						<int id="y">18</int>
						<int id="h">151</int>
						<str id="name">lens_grass_2_1307741552444</str>
					</object>
					<object id="tree_acacia_4_1308264891960">
						<int id="w">830</int>
						<int id="z">21</int>
						<int id="x">-1308</int>
						<str id="sprite_class">tree_acacia_4</str>
						<int id="y">-107</int>
						<int id="h">598</int>
						<str id="name">tree_acacia_4_1307749098538</str>
					</object>
					<object id="lens_grass_1_1308264891963">
						<int id="w">341</int>
						<int id="z">12</int>
						<int id="r">6</int>
						<int id="x">-1668</int>
						<str id="sprite_class">lens_grass_1</str>
						<int id="y">-92</int>
						<int id="h">55</int>
						<str id="name">lens_grass_1_1307987031014</str>
					</object>
					<object id="lens_grass_2_1307741552449">
						<int id="w">2108</int>
						<int id="z">15</int>
						<int id="x">1543</int>
						<str id="sprite_class">lens_grass_2</str>
						<int id="y">90</int>
						<int id="h">161</int>
						<str id="name">lens_grass_2_1307741552444</str>
					</object>
					<object id="lens_grass_2_1307741552447">
						<int id="w">2108</int>
						<int id="z">8</int>
						<int id="x">-73</int>
						<str id="sprite_class">lens_grass_2</str>
						<int id="y">25</int>
						<int id="h">161</int>
						<str id="name">lens_grass_2_1307741552444</str>
					</object>
					<object id="lens_grass_2_1307741552454">
						<int id="w">2108</int>
						<int id="z">2</int>
						<int id="x">1694</int>
						<str id="sprite_class">lens_grass_2</str>
						<int id="y">23</int>
						<int id="h">161</int>
						<str id="name">lens_grass_2_1307741552444</str>
					</object>
					<object id="lens_grass_2_1308302295354">
						<int id="w">2108</int>
						<int id="z">3</int>
						<int id="x">1051</int>
						<str id="sprite_class">lens_grass_2</str>
						<int id="y">6</int>
						<int id="h">161</int>
						<str id="name">lens_grass_2_1307741552444</str>
					</object>
					<object id="lens_grass_1_1308904789438">
						<int id="w">285</int>
						<int id="z">25</int>
						<int id="x">1828</int>
						<str id="sprite_class">lens_grass_1</str>
						<int id="y">-27</int>
						<int id="h">60</int>
						<str id="name">lens_grass_1_1307987031014</str>
					</object>
					<object id="pampas_2_1308264891961">
						<int id="w">32</int>
						<int id="z">22</int>
						<int id="x">-1260</int>
						<str id="sprite_class">pampas_2</str>
						<int id="y">-111</int>
						<int id="h">46</int>
						<str id="name">pampas_2_1307749098499</str>
					</object>
					<object id="lens_grass_2_1307741552444">
						<int id="w">2108</int>
						<int id="z">9</int>
						<int id="x">-2527</int>
						<str id="sprite_class">lens_grass_2</str>
						<int id="y">19</int>
						<int id="h">161</int>
						<str id="name">lens_grass_2_1307741552444</str>
					</object>
					<object id="tree_acacia_2_1308264891978">
						<int id="w">1120</int>
						<int id="z">23</int>
						<int id="x">1076</int>
						<str id="sprite_class">tree_acacia_2</str>
						<int id="y">-112</int>
						<int id="h">626</int>
						<str id="name">tree_acacia_2_1307749098540</str>
					</object>
					<object id="lens_grass_2_1307741552456">
						<int id="w">2108</int>
						<int id="z">0</int>
						<int id="x">-1995</int>
						<str id="sprite_class">lens_grass_2</str>
						<int id="y">17</int>
						<int id="h">161</int>
						<str id="name">lens_grass_2_1307741552444</str>
					</object>
					<object id="lens_grass_1_1308904789440">
						<int id="w">365</int>
						<int id="z">26</int>
						<int id="x">-2296</int>
						<str id="sprite_class">lens_grass_1</str>
						<int id="y">-7</int>
						<int id="h">77</int>
						<str id="name">lens_grass_1_1307987031014</str>
					</object>
					<object id="lens_grass_2_1307741552446">
						<int id="w">2108</int>
						<int id="z">13</int>
						<int id="x">-359</int>
						<str id="sprite_class">lens_grass_2</str>
						<int id="y">92</int>
						<int id="h">161</int>
						<str id="name">lens_grass_2_1307741552444</str>
					</object>
					<object id="lens_grass_1_1308256230840">
						<int id="w">298</int>
						<int id="z">20</int>
						<int id="x">2920</int>
						<str id="sprite_class">lens_grass_1</str>
						<int id="y">-74</int>
						<int id="h">67</int>
						<str id="name">lens_grass_1_1307987031014</str>
					</object>
					<object id="lens_grass_2_1308302295355">
						<int id="w">2108</int>
						<int id="z">4</int>
						<int id="x">1658</int>
						<str id="sprite_class">lens_grass_2</str>
						<int id="y">34</int>
						<int id="h">161</int>
						<str id="name">lens_grass_2_1307741552444</str>
					</object>
					<object id="lens_grass_1_1308256230839">
						<int id="w">246</int>
						<int id="z">19</int>
						<int id="x">2749</int>
						<str id="sprite_class">lens_grass_1</str>
						<int id="y">-105</int>
						<int id="h">44</int>
						<str id="name">lens_grass_1_1307987031014</str>
					</object>
					<object id="lens_grass_1_1308904789439">
						<int id="w">271</int>
						<int id="z">27</int>
						<int id="x">-2122</int>
						<str id="sprite_class">lens_grass_1</str>
						<int id="y">31</int>
						<int id="h">108</int>
						<str id="name">lens_grass_1_1307987031014</str>
					</object>
					<object id="lens_grass_2_1307741552453">
						<int id="w">2108</int>
						<int id="z">1</int>
						<int id="x">1004</int>
						<str id="sprite_class">lens_grass_2</str>
						<int id="y">21</int>
						<int id="h">161</int>
						<str id="name">lens_grass_2_1307741552444</str>
					</object>
					<object id="lens_grass_1_1307741552448">
						<int id="w">2026</int>
						<int id="z">14</int>
						<int id="x">556</int>
						<str id="sprite_class">lens_grass_1</str>
						<int id="y">77</int>
						<int id="h">202</int>
						<str id="name">lens_grass_1_1307741552445</str>
					</object>
					<object id="lens_grass_2_1307741552451">
						<int id="w">2108</int>
						<int id="z">6</int>
						<int id="x">2285</int>
						<str id="sprite_class">lens_grass_2</str>
						<int id="y">33</int>
						<int id="h">161</int>
						<str id="name">lens_grass_2_1307741552444</str>
					</object>
					<object id="lens_grass_2_1307741552450">
						<int id="w">2108</int>
						<int id="z">7</int>
						<int id="r">2</int>
						<int id="x">1593</int>
						<str id="sprite_class">lens_grass_2</str>
						<int id="y">52</int>
						<int id="h">161</int>
						<str id="name">lens_grass_2_1307741552444</str>
					</object>
					<object id="lens_grass_1_1308264891962">
						<int id="w">365</int>
						<int id="z">11</int>
						<int id="x">-1433</int>
						<str id="sprite_class">lens_grass_1</str>
						<int id="y">-88</int>
						<int id="h">77</int>
						<str id="name">lens_grass_1_1307987031014</str>
					</object>
					<object id="pampas_2_1308264891979">
						<int id="w">31</int>
						<int id="z">24</int>
						<int id="r">-10</int>
						<int id="x">2646</int>
						<str id="sprite_class">pampas_2</str>
						<int id="y">-121</int>
						<int id="h">49</int>
						<str id="name">pampas_2_1307749098499</str>
					</object>
				</object>
				<object id="targets">
				</object>
				<object id="platform_lines">
					<object id="plat_1308264891969">
						<int id="platform_pc_perm">-1</int>
						<object id="start">
							<int id="y">-74</int>
							<int id="x">-1384</int>
						</object>
						<object id="end">
							<int id="y">-97</int>
							<int id="x">-1092</int>
						</object>
						<int id="platform_item_perm">-1</int>
					</object>
					<object id="plat_1308264891982">
						<int id="platform_pc_perm">-1</int>
						<object id="start">
							<int id="y">-67</int>
							<int id="x">356</int>
						</object>
						<object id="end">
							<int id="y">-67</int>
							<int id="x">493</int>
						</object>
						<int id="platform_item_perm">-1</int>
					</object>
					<object id="plat_1308264891986">
						<int id="platform_pc_perm">-1</int>
						<object id="start">
							<int id="y">-79</int>
							<int id="x">2297</int>
						</object>
						<object id="end">
							<int id="y">-90</int>
							<int id="x">2813</int>
						</object>
						<int id="platform_item_perm">-1</int>
					</object>
					<object id="plat_1308264891967">
						<int id="platform_pc_perm">-1</int>
						<object id="start">
							<int id="y">-87</int>
							<int id="x">-1873</int>
						</object>
						<object id="end">
							<int id="y">-68</int>
							<int id="x">-1646</int>
						</object>
						<int id="platform_item_perm">-1</int>
					</object>
					<object id="plat_1308264891983">
						<int id="platform_pc_perm">-1</int>
						<object id="start">
							<int id="y">-67</int>
							<int id="x">493</int>
						</object>
						<object id="end">
							<int id="y">-99</int>
							<int id="x">765</int>
						</object>
						<int id="platform_item_perm">-1</int>
					</object>
					<object id="plat_1308264891968">
						<int id="platform_pc_perm">-1</int>
						<object id="start">
							<int id="y">-68</int>
							<int id="x">-1646</int>
						</object>
						<object id="end">
							<int id="y">-74</int>
							<int id="x">-1384</int>
						</object>
						<int id="platform_item_perm">-1</int>
					</object>
					<object id="plat_1308264891966">
						<int id="platform_pc_perm">-1</int>
						<object id="start">
							<int id="y">-88</int>
							<int id="x">-2187</int>
						</object>
						<object id="end">
							<int id="y">-87</int>
							<int id="x">-1873</int>
						</object>
						<int id="platform_item_perm">-1</int>
					</object>
					<object id="plat_1308264891985">
						<int id="platform_pc_perm">-1</int>
						<object id="start">
							<int id="y">-77</int>
							<int id="x">2031</int>
						</object>
						<object id="end">
							<int id="y">-79</int>
							<int id="x">2297</int>
						</object>
						<int id="platform_item_perm">-1</int>
					</object>
					<object id="plat_1308264891987">
						<int id="platform_pc_perm">-1</int>
						<object id="start">
							<int id="y">-90</int>
							<int id="x">2813</int>
						</object>
						<object id="end">
							<int id="y">-104</int>
							<int id="x">2848</int>
						</object>
						<int id="platform_item_perm">-1</int>
					</object>
					<object id="plat_1308302295350">
						<int id="platform_pc_perm">-1</int>
						<object id="start">
							<int id="y">-104</int>
							<int id="x">2848</int>
						</object>
						<object id="end">
							<int id="y">-112</int>
							<int id="x">2899</int>
						</object>
						<int id="platform_item_perm">-1</int>
					</object>
					<object id="plat_1308264891984">
						<int id="platform_pc_perm">-1</int>
						<object id="start">
							<int id="y">-99</int>
							<int id="x">765</int>
						</object>
						<object id="end">
							<int id="y">-77</int>
							<int id="x">2031</int>
						</object>
						<int id="platform_item_perm">-1</int>
					</object>
					<object id="plat_1308264891970">
						<int id="platform_pc_perm">-1</int>
						<object id="start">
							<int id="y">-97</int>
							<int id="x">-1092</int>
						</object>
						<object id="end">
							<int id="y">-81</int>
							<int id="x">-268</int>
						</object>
						<int id="platform_item_perm">-1</int>
					</object>
					<object id="plat_1308302295351">
						<int id="platform_pc_perm">-1</int>
						<object id="start">
							<int id="y">-112</int>
							<int id="x">2899</int>
						</object>
						<object id="end">
							<int id="y">-108</int>
							<int id="x">2998</int>
						</object>
						<int id="platform_item_perm">-1</int>
					</object>
					<object id="plat_1308264891980">
						<int id="platform_pc_perm">-1</int>
						<object id="start">
							<int id="y">-81</int>
							<int id="x">-268</int>
						</object>
						<object id="end">
							<int id="y">-77</int>
							<int id="x">177</int>
						</object>
						<int id="platform_item_perm">-1</int>
					</object>
					<object id="plat_1308264891981">
						<int id="platform_pc_perm">-1</int>
						<object id="start">
							<int id="y">-77</int>
							<int id="x">177</int>
						</object>
						<object id="end">
							<int id="y">-67</int>
							<int id="x">356</int>
						</object>
						<int id="platform_item_perm">-1</int>
					</object>
					<object id="plat_1308264891965">
						<int id="platform_pc_perm">-1</int>
						<object id="start">
							<int id="y">-76</int>
							<int id="x">-2999</int>
						</object>
						<object id="end">
							<int id="y">-88</int>
							<int id="x">-2187</int>
						</object>
						<int id="platform_item_perm">-1</int>
					</object>
				</object>
				<str id="name">middleground</str>
				<object id="doors">
				</object>
				<object id="boxes">
				</object>
				<int id="w">6000</int>
				<object id="filtersNEW">
					<object id="contrast">
						<int id="value">0</int>
					</object>
					<object id="brightness">
						<int id="value">9</int>
					</object>
					<object id="saturation">
						<int id="value">18</int>
					</object>
					<object id="tintColor">
						<int id="value">0</int>
					</object>
				</object>
				<object id="ladders">
				</object>
				<int id="h">1000</int>
				<int id="z">0</int>
				<object id="signposts">
					<object id="signpost_1">
						<int id="y">-109</int>
						<int id="h">200</int>
						<int id="w">100</int>
						<object id="connects">
							<object id="0">
								<str id="mote_id">9</str>
								<str id="hub_id">91</str>
								<int id="y">-107</int>
								<str id="swf_file_versioned">http://c2.glitch.bz/locations/groddle1/1317079592.swf</str>
								<int id="x">-2662</int>
								<objref id="target" tsid="LA513PFS0J52F45" label="Cornfed Crt D"/>
							</object>
							<object id="1">
								<str id="mote_id">9</str>
								<str id="hub_id">91</str>
								<int id="y">-77</int>
								<str id="swf_file_versioned">http://c2.glitch.bz/locations/groddle1/1317079592.swf</str>
								<int id="x">2663</int>
								<objref id="target" tsid="LA512UR70J52M1G" label="Swain Way 1"/>
							</object>
							<object id="2">
								<str id="mote_id">9</str>
								<str id="hub_id">91</str>
								<int id="y">-100</int>
								<str id="swf_file_versioned">http://c2.glitch.bz/locations/groddle1/1317079592.swf</str>
								<int id="x">-2677</int>
								<objref id="target" tsid="LA513QET0J523AD" label="Swain Way 2"/>
							</object>
						</object>
						<int id="x">2811</int>
					</object>
					<object id="signpost_2">
						<int id="y">-91</int>
						<int id="h">200</int>
						<str id="id">signpost_2</str>
						<int id="w">100</int>
						<int id="x">-2809</int>
						<object id="connects">
							<object id="0">
								<str id="mote_id">9</str>
								<str id="hub_id">91</str>
								<int id="y">-347</int>
								<str id="swf_file_versioned">http://c2.glitch.bz/locations/groddle1/1317079592.swf</str>
								<int id="x">2693</int>
								<objref id="target" tsid="LA5148N71J5237C" label="Cornfed Crt B"/>
							</object>
							<object id="1">
								<str id="mote_id">9</str>
								<str id="hub_id">91</str>
								<int id="y">-85</int>
								<str id="swf_file_versioned">http://c2.glitch.bz/locations/groddle1/1317079592.swf</str>
								<int id="x">-2662</int>
								<objref id="target" tsid="LA5133PB0J522JA" label="Yokel Yarn 2"/>
							</object>
							<object id="2">
								<str id="mote_id">9</str>
								<str id="hub_id">91</str>
								<int id="y">-370</int>
								<str id="swf_file_versioned">http://c2.glitch.bz/locations/groddle1/1317079592.swf</str>
								<int id="x">2670</int>
								<objref id="target" tsid="LA5146Q41J528U9" label="Yokel Yarn 1"/>
							</object>
						</object>
					</object>
				</object>
				<object id="walls">
				</object>
			</object>
		</object>
		<null id="loading_label"/>
		<int id="ground_y">0</int>
		<int id="rookable_type">0</int>
		<null id="physics"/>
		<null id="img_file_versioned"/>
		<str id="tsid">LA5130090J525IQ</str>
		<str id="swf_file_versioned">http://c2.glitch.bz/locations/groddle1/1317079592.swf</str>
		<object id="gradient">
			<str id="top">7395BF</str>
			<str id="bottom">FFD859</str>
		</object>
		<object id="sources">
			<int id="LA5148N71J5237C">1</int>
			<int id="LA513PFS0J52F45">1</int>
			<int id="LA5133PB0J522JA">1</int>
			<int id="LA512UR70J52M1G">1</int>
			<int id="LA5146Q41J528U9">1</int>
			<int id="LA513QET0J523AD">1</int>
		</object>
		<str id="music_file"></str>
		<bool id="wall_jump">false</bool>
		<bool id="no_zoom">false</bool>
	</object>
</game_object>
