<game_object tsid="GA513NJQ0J523F2" ts="1337675276896" label="Rube&apos;s Way 4" class_tsid="" lastUpdateTime="1337675265339" upd_gs="gs8" load_time="2012-05-22 01:26:09.144" upd_time="2012-05-22 01:23:32.283">
	<object id="dynamic">
		<int id="l">-3000</int>
		<int id="r">3000</int>
		<int id="t">-1000</int>
		<int id="b">0</int>
		<str id="label">Rube's Way 4</str>
		<str id="swf_file">groddle1.swf</str>
		<object id="layers">
			<object id="T_1307741552414">
				<object id="decos">
					<object id="pampas_2_1308041830216">
						<int id="w">114</int>
						<int id="z">4</int>
						<int id="h">175</int>
						<int id="y">1039</int>
						<str id="sprite_class">pampas_2</str>
						<str id="name">pampas_2_1307731442968</str>
						<int id="x">5959</int>
						<bool id="h_flip">true</bool>
					</object>
					<object id="pampas_2_1307741552419">
						<int id="w">52</int>
						<int id="z">0</int>
						<int id="h">80</int>
						<int id="y">926</int>
						<str id="sprite_class">pampas_2</str>
						<str id="name">pampas_2_1307731442968</str>
						<int id="x">1656</int>
					</object>
					<object id="pampas_2_1307741552427">
						<int id="w">48</int>
						<int id="z">3</int>
						<int id="h">74</int>
						<int id="y">921</int>
						<str id="sprite_class">pampas_2</str>
						<str id="name">pampas_2_1307731442968</str>
						<int id="x">4942</int>
					</object>
					<object id="pampas_2_1308041830199">
						<int id="w">59</int>
						<int id="z">8</int>
						<int id="r">10</int>
						<int id="h">91</int>
						<int id="y">989</int>
						<str id="sprite_class">pampas_2</str>
						<str id="name">pampas_2_1307731442968</str>
						<int id="x">618</int>
					</object>
					<object id="tree_acacia_1_1308041830159">
						<int id="w">1290</int>
						<int id="z">9</int>
						<int id="h">808</int>
						<int id="y">1011</int>
						<str id="sprite_class">tree_acacia_1</str>
						<str id="name">tree_acacia_1_1307731442861</str>
						<int id="x">558</int>
					</object>
					<object id="pampas_2_1308041830212">
						<int id="w">65</int>
						<int id="z">5</int>
						<int id="r">10</int>
						<int id="h">100</int>
						<int id="y">989</int>
						<str id="sprite_class">pampas_2</str>
						<str id="name">pampas_2_1307731442968</str>
						<int id="x">5490</int>
					</object>
					<object id="pampas_2_1308041830198">
						<int id="w">59</int>
						<int id="z">7</int>
						<int id="r">-10</int>
						<int id="h">91</int>
						<int id="y">979</int>
						<str id="sprite_class">pampas_2</str>
						<str id="name">pampas_2_1307731442968</str>
						<int id="x">495</int>
						<bool id="h_flip">true</bool>
					</object>
					<object id="pampas_2_1308041830174">
						<int id="w">50</int>
						<int id="z">2</int>
						<int id="h">77</int>
						<int id="y">950</int>
						<str id="sprite_class">pampas_2</str>
						<str id="name">pampas_2_1307731442968</str>
						<int id="x">2310</int>
					</object>
					<object id="tree_acacia_1_1308041830207">
						<int id="w">1290</int>
						<int id="z">10</int>
						<int id="h">808</int>
						<int id="y">1026</int>
						<str id="sprite_class">tree_acacia_1</str>
						<str id="name">tree_acacia_1_1307731442861</str>
						<int id="x">5432</int>
					</object>
					<object id="pampas_2_1307741552420">
						<int id="w">47</int>
						<int id="z">1</int>
						<int id="h">72</int>
						<int id="y">973</int>
						<str id="sprite_class">pampas_2</str>
						<str id="name">pampas_2_1307731442968</str>
						<int id="x">3475</int>
					</object>
				</object>
				<str id="name">middleplus</str>
				<int id="w">6000</int>
				<int id="h">1000</int>
				<int id="z">1</int>
				<object id="filtersNEW">
					<object id="contrast">
						<int id="value">0</int>
					</object>
					<object id="brightness">
						<int id="value">9</int>
					</object>
					<object id="saturation">
						<int id="value">18</int>
					</object>
				</object>
			</object>
			<object id="T_1307725023667">
				<object id="decos">
					<object id="lens_grass_1_1307731442900">
						<int id="w">107</int>
						<int id="z">15</int>
						<int id="h">21</int>
						<int id="y">790</int>
						<str id="sprite_class">lens_grass_1</str>
						<str id="name">lens_grass_1_1307725023671</str>
						<int id="x">1303</int>
					</object>
					<object id="lens_grass_1_1307731442902">
						<int id="w">107</int>
						<int id="z">17</int>
						<int id="h">21</int>
						<int id="y">792</int>
						<str id="sprite_class">lens_grass_1</str>
						<str id="name">lens_grass_1_1307725023671</str>
						<int id="x">1359</int>
					</object>
					<object id="lens_grass_1_1308107342210">
						<int id="w">147</int>
						<int id="z">47</int>
						<int id="h">29</int>
						<int id="y">815</int>
						<str id="sprite_class">lens_grass_1</str>
						<str id="name">lens_grass_1_1307725023671</str>
						<int id="x">196</int>
					</object>
					<object id="lens_grass_1_1307731442899">
						<int id="w">107</int>
						<int id="z">16</int>
						<int id="h">21</int>
						<int id="y">795</int>
						<str id="sprite_class">lens_grass_1</str>
						<str id="name">lens_grass_1_1307725023671</str>
						<int id="x">1228</int>
					</object>
					<object id="lens_grass_2_1308107342219">
						<int id="w">1763</int>
						<int id="z">38</int>
						<int id="r">-1</int>
						<int id="h">178</int>
						<int id="y">969</int>
						<str id="sprite_class">lens_grass_2</str>
						<str id="name">lens_grass_2_1307725023672</str>
						<int id="x">1534</int>
					</object>
					<object id="lens_grass_2_1307725023697">
						<int id="w">1400</int>
						<int id="z">3</int>
						<int id="r">5</int>
						<int id="h">102</int>
						<int id="y">874</int>
						<str id="sprite_class">lens_grass_2</str>
						<str id="name">lens_grass_2_1307725023672</str>
						<int id="x">3288</int>
					</object>
					<object id="lens_grass_2_1307725023701">
						<int id="w">1400</int>
						<int id="z">0</int>
						<int id="h">102</int>
						<int id="y">843</int>
						<str id="sprite_class">lens_grass_2</str>
						<str id="name">lens_grass_2_1307725023672</str>
						<int id="x">5510</int>
					</object>
					<object id="lens_grass_2_1308107342223">
						<int id="w">1763</int>
						<int id="z">34</int>
						<int id="r">-1</int>
						<int id="h">178</int>
						<int id="y">943</int>
						<str id="sprite_class">lens_grass_2</str>
						<str id="name">lens_grass_2_1307725023672</str>
						<int id="x">4286</int>
					</object>
					<object id="tree_acacia_1_1308107342206">
						<int id="w">578</int>
						<int id="z">52</int>
						<int id="h">362</int>
						<int id="y">824</int>
						<str id="sprite_class">tree_acacia_1</str>
						<str id="name">tree_acacia_1_1307731442861</str>
						<int id="x">4404</int>
					</object>
					<object id="lens_grass_2_1308107342216">
						<int id="w">1763</int>
						<int id="z">41</int>
						<int id="h">178</int>
						<int id="y">976</int>
						<str id="sprite_class">lens_grass_2</str>
						<str id="name">lens_grass_2_1307725023672</str>
						<int id="x">3895</int>
					</object>
					<object id="lens_grass_2_1308107342218">
						<int id="w">1763</int>
						<int id="z">39</int>
						<int id="r">-1</int>
						<int id="h">178</int>
						<int id="y">955</int>
						<str id="sprite_class">lens_grass_2</str>
						<str id="name">lens_grass_2_1307725023672</str>
						<int id="x">2323</int>
					</object>
					<object id="pampas_2_1307731443044">
						<int id="w">16</int>
						<int id="z">29</int>
						<int id="h">29</int>
						<int id="y">780</int>
						<str id="sprite_class">pampas_2</str>
						<str id="name">pampas_2_1307731442968</str>
						<int id="x">1583</int>
					</object>
					<object id="lens_grass_2_1308107342217">
						<int id="w">1763</int>
						<int id="z">40</int>
						<int id="r">1</int>
						<int id="h">178</int>
						<int id="y">960</int>
						<str id="sprite_class">lens_grass_2</str>
						<str id="name">lens_grass_2_1307725023672</str>
						<int id="x">2846</int>
					</object>
					<object id="lens_grass_1_1308107342214">
						<int id="w">147</int>
						<int id="z">43</int>
						<int id="h">29</int>
						<int id="y">804</int>
						<str id="sprite_class">lens_grass_1</str>
						<str id="name">lens_grass_1_1307725023671</str>
						<int id="x">82</int>
					</object>
					<object id="tree_acacia_2_1307731442855">
						<int id="w">434</int>
						<int id="z">30</int>
						<int id="h">243</int>
						<int id="y">783</int>
						<str id="sprite_class">tree_acacia_2</str>
						<str id="name">tree_acacia_2_1307731442855</str>
						<int id="x">1564</int>
					</object>
					<object id="lens_grass_1_1308107342202">
						<int id="w">147</int>
						<int id="z">56</int>
						<int id="h">29</int>
						<int id="y">826</int>
						<str id="sprite_class">lens_grass_1</str>
						<str id="name">lens_grass_1_1307725023671</str>
						<int id="x">3679</int>
					</object>
					<object id="lens_grass_2_1308107342220">
						<int id="w">1763</int>
						<int id="z">37</int>
						<int id="r">2</int>
						<int id="h">178</int>
						<int id="y">974</int>
						<str id="sprite_class">lens_grass_2</str>
						<str id="name">lens_grass_2_1307725023672</str>
						<int id="x">801</int>
					</object>
					<object id="lens_grass_1_1307731442922">
						<int id="w">98</int>
						<int id="z">27</int>
						<int id="h">19</int>
						<int id="y">772</int>
						<str id="sprite_class">lens_grass_1</str>
						<str id="name">lens_grass_1_1307725023671</str>
						<int id="x">4531</int>
					</object>
					<object id="lens_grass_1_1308107342204">
						<int id="w">147</int>
						<int id="z">54</int>
						<int id="h">29</int>
						<int id="y">824</int>
						<str id="sprite_class">lens_grass_1</str>
						<str id="name">lens_grass_1_1307725023671</str>
						<int id="x">5050</int>
					</object>
					<object id="lens_grass_1_1308107342211">
						<int id="w">147</int>
						<int id="z">46</int>
						<int id="h">29</int>
						<int id="y">810</int>
						<str id="sprite_class">lens_grass_1</str>
						<str id="name">lens_grass_1_1307725023671</str>
						<int id="x">312</int>
					</object>
					<object id="lens_grass_1_1308107342212">
						<int id="w">147</int>
						<int id="z">45</int>
						<int id="h">29</int>
						<int id="y">804</int>
						<str id="sprite_class">lens_grass_1</str>
						<str id="name">lens_grass_1_1307725023671</str>
						<int id="x">211</int>
					</object>
					<object id="lens_grass_2_1307725023694">
						<int id="w">1400</int>
						<int id="z">8</int>
						<int id="r">3</int>
						<int id="h">102</int>
						<int id="y">869</int>
						<str id="sprite_class">lens_grass_2</str>
						<str id="name">lens_grass_2_1307725023672</str>
						<int id="x">1089</int>
					</object>
					<object id="lens_grass_1_1308107342205">
						<int id="w">147</int>
						<int id="z">53</int>
						<int id="h">29</int>
						<int id="y">816</int>
						<str id="sprite_class">lens_grass_1</str>
						<str id="name">lens_grass_1_1307725023671</str>
						<int id="x">5114</int>
					</object>
					<object id="lens_grass_1_1307731442920">
						<int id="w">98</int>
						<int id="z">25</int>
						<int id="h">19</int>
						<int id="y">755</int>
						<str id="sprite_class">lens_grass_1</str>
						<str id="name">lens_grass_1_1307725023671</str>
						<int id="x">4563</int>
					</object>
					<object id="tree_acacia_2_1307731442870">
						<int id="w">326</int>
						<int id="z">12</int>
						<int id="h">183</int>
						<int id="y">763</int>
						<str id="sprite_class">tree_acacia_2</str>
						<str id="name">tree_acacia_2_1307731442855</str>
						<int id="x">5366</int>
					</object>
					<object id="lens_grass_1_1307731442912">
						<int id="w">98</int>
						<int id="z">6</int>
						<int id="h">19</int>
						<int id="y">781</int>
						<str id="sprite_class">lens_grass_1</str>
						<str id="name">lens_grass_1_1307725023671</str>
						<int id="x">2010</int>
					</object>
					<object id="pampas_1_1308107342208">
						<int id="w">18</int>
						<int id="z">49</int>
						<int id="h">26</int>
						<int id="y">803</int>
						<str id="sprite_class">pampas_1</str>
						<str id="name">pampas_1_1307731442969</str>
						<int id="x">273</int>
						<bool id="h_flip">true</bool>
					</object>
					<object id="lens_grass_1_1308107342203">
						<int id="w">147</int>
						<int id="z">55</int>
						<int id="h">29</int>
						<int id="y">831</int>
						<str id="sprite_class">lens_grass_1</str>
						<str id="name">lens_grass_1_1307725023671</str>
						<int id="x">4982</int>
					</object>
					<object id="pampas_1_1307741552430">
						<int id="w">13</int>
						<int id="z">11</int>
						<int id="h">19</int>
						<int id="y">756</int>
						<str id="sprite_class">pampas_1</str>
						<str id="name">pampas_1_1307731442969</str>
						<int id="x">5345</int>
						<bool id="h_flip">true</bool>
					</object>
					<object id="lens_grass_1_1307731442921">
						<int id="w">98</int>
						<int id="z">26</int>
						<int id="h">19</int>
						<int id="y">764</int>
						<str id="sprite_class">lens_grass_1</str>
						<str id="name">lens_grass_1_1307725023671</str>
						<int id="x">4558</int>
					</object>
					<object id="tree_acacia_2_1308041830196">
						<int id="w">308</int>
						<int id="z">31</int>
						<int id="h">172</int>
						<int id="y">744</int>
						<str id="sprite_class">tree_acacia_2</str>
						<str id="name">tree_acacia_2_1307731442855</str>
						<int id="x">73</int>
					</object>
					<object id="lens_grass_2_1308107342222">
						<int id="w">1763</int>
						<int id="z">35</int>
						<int id="h">178</int>
						<int id="y">963</int>
						<str id="sprite_class">lens_grass_2</str>
						<str id="name">lens_grass_2_1307725023672</str>
						<int id="x">5034</int>
					</object>
					<object id="lens_grass_2_1308107342215">
						<int id="w">1763</int>
						<int id="z">42</int>
						<int id="r">-1</int>
						<int id="h">178</int>
						<int id="y">953</int>
						<str id="sprite_class">lens_grass_2</str>
						<str id="name">lens_grass_2_1307725023672</str>
						<int id="x">5639</int>
					</object>
					<object id="lens_grass_1_1307731442901">
						<int id="w">107</int>
						<int id="z">14</int>
						<int id="h">21</int>
						<int id="y">784</int>
						<str id="sprite_class">lens_grass_1</str>
						<str id="name">lens_grass_1_1307725023671</str>
						<int id="x">1374</int>
					</object>
					<object id="lens_grass_1_1307731442911">
						<int id="w">98</int>
						<int id="z">5</int>
						<int id="h">19</int>
						<int id="y">775</int>
						<str id="sprite_class">lens_grass_1</str>
						<str id="name">lens_grass_1_1307725023671</str>
						<int id="x">2056</int>
					</object>
					<object id="lens_grass_1_1307731442919">
						<int id="w">98</int>
						<int id="z">24</int>
						<int id="h">19</int>
						<int id="y">750</int>
						<str id="sprite_class">lens_grass_1</str>
						<str id="name">lens_grass_1_1307725023671</str>
						<int id="x">4509</int>
					</object>
					<object id="tree_acacia_2_1308041830126">
						<int id="w">460</int>
						<int id="z">32</int>
						<int id="h">258</int>
						<int id="y">776</int>
						<str id="sprite_class">tree_acacia_2</str>
						<str id="name">tree_acacia_2_1307731442855</str>
						<int id="x">2829</int>
					</object>
					<object id="lens_grass_1_1308107342197">
						<int id="w">147</int>
						<int id="z">61</int>
						<int id="h">29</int>
						<int id="y">819</int>
						<str id="sprite_class">lens_grass_1</str>
						<str id="name">lens_grass_1_1307725023671</str>
						<int id="x">2378</int>
					</object>
					<object id="lens_grass_2_1307725023700">
						<int id="w">1400</int>
						<int id="z">1</int>
						<int id="r">2</int>
						<int id="h">102</int>
						<int id="y">838</int>
						<str id="sprite_class">lens_grass_2</str>
						<str id="name">lens_grass_2_1307725023672</str>
						<int id="x">4658</int>
					</object>
					<object id="lens_grass_1_1307731442915">
						<int id="w">98</int>
						<int id="z">20</int>
						<int id="h">19</int>
						<int id="y">781</int>
						<str id="sprite_class">lens_grass_1</str>
						<str id="name">lens_grass_1_1307725023671</str>
						<int id="x">3167</int>
					</object>
					<object id="tree_acacia_2_1308041830127">
						<int id="w">479</int>
						<int id="z">13</int>
						<int id="h">269</int>
						<int id="y">766</int>
						<str id="sprite_class">tree_acacia_2</str>
						<str id="name">tree_acacia_2_1307731442855</str>
						<int id="x">3999</int>
					</object>
					<object id="lens_grass_2_1308107342221">
						<int id="w">1763</int>
						<int id="z">36</int>
						<int id="h">178</int>
						<int id="y">952</int>
						<str id="sprite_class">lens_grass_2</str>
						<str id="name">lens_grass_2_1307725023672</str>
						<int id="x">102</int>
					</object>
					<object id="lens_grass_1_1308107342201">
						<int id="w">147</int>
						<int id="z">57</int>
						<int id="h">29</int>
						<int id="y">835</int>
						<str id="sprite_class">lens_grass_1</str>
						<str id="name">lens_grass_1_1307725023671</str>
						<int id="x">3611</int>
					</object>
					<object id="lens_grass_1_1307731442914">
						<int id="w">98</int>
						<int id="z">19</int>
						<int id="h">19</int>
						<int id="y">778</int>
						<str id="sprite_class">lens_grass_1</str>
						<str id="name">lens_grass_1_1307725023671</str>
						<int id="x">3104</int>
					</object>
					<object id="lens_grass_2_1307725023699">
						<int id="w">1400</int>
						<int id="z">2</int>
						<int id="h">102</int>
						<int id="y">838</int>
						<str id="sprite_class">lens_grass_2</str>
						<str id="name">lens_grass_2_1307725023672</str>
						<int id="x">4145</int>
					</object>
					<object id="lens_grass_1_1308107342199">
						<int id="w">147</int>
						<int id="z">59</int>
						<int id="h">29</int>
						<int id="y">812</int>
						<str id="sprite_class">lens_grass_1</str>
						<str id="name">lens_grass_1_1307725023671</str>
						<int id="x">2290</int>
					</object>
					<object id="lens_grass_1_1307731442916">
						<int id="w">98</int>
						<int id="z">21</int>
						<int id="h">19</int>
						<int id="y">789</int>
						<str id="sprite_class">lens_grass_1</str>
						<str id="name">lens_grass_1_1307725023671</str>
						<int id="x">3199</int>
					</object>
					<object id="lens_grass_2_1307725023696">
						<int id="w">1400</int>
						<int id="z">4</int>
						<int id="r">-1</int>
						<int id="h">102</int>
						<int id="y">848</int>
						<str id="sprite_class">lens_grass_2</str>
						<str id="name">lens_grass_2_1307725023672</str>
						<int id="x">2344</int>
					</object>
					<object id="lens_grass_1_1308107342213">
						<int id="w">147</int>
						<int id="z">44</int>
						<int id="h">29</int>
						<int id="y">816</int>
						<str id="sprite_class">lens_grass_1</str>
						<str id="name">lens_grass_1_1307725023671</str>
						<int id="x">126</int>
					</object>
					<object id="lens_grass_1_1307731442917">
						<int id="w">98</int>
						<int id="z">22</int>
						<int id="h">19</int>
						<int id="y">785</int>
						<str id="sprite_class">lens_grass_1</str>
						<str id="name">lens_grass_1_1307725023671</str>
						<int id="x">3074</int>
					</object>
					<object id="lens_grass_2_1307725023698">
						<int id="w">1400</int>
						<int id="z">10</int>
						<int id="r">-1</int>
						<int id="h">102</int>
						<int id="y">868</int>
						<str id="sprite_class">lens_grass_2</str>
						<str id="name">lens_grass_2_1307725023672</str>
						<int id="x">3650</int>
					</object>
					<object id="lens_grass_1_1307731442913">
						<int id="w">98</int>
						<int id="z">18</int>
						<int id="h">19</int>
						<int id="y">771</int>
						<str id="sprite_class">lens_grass_1</str>
						<str id="name">lens_grass_1_1307725023671</str>
						<int id="x">3059</int>
					</object>
					<object id="pampas_1_1308213477385">
						<int id="w">21</int>
						<int id="z">50</int>
						<int id="h">26</int>
						<int id="y">809</int>
						<str id="sprite_class">pampas_1</str>
						<str id="name">pampas_1_1307731442969</str>
						<int id="x">287</int>
						<bool id="h_flip">true</bool>
					</object>
					<object id="lens_grass_1_1307731442918">
						<int id="w">98</int>
						<int id="z">23</int>
						<int id="h">19</int>
						<int id="y">747</int>
						<str id="sprite_class">lens_grass_1</str>
						<str id="name">lens_grass_1_1307725023671</str>
						<int id="x">4484</int>
					</object>
					<object id="lens_grass_1_1308107342200">
						<int id="w">147</int>
						<int id="z">58</int>
						<int id="h">29</int>
						<int id="y">803</int>
						<str id="sprite_class">lens_grass_1</str>
						<str id="name">lens_grass_1_1307725023671</str>
						<int id="x">2345</int>
					</object>
					<object id="lens_grass_2_1307725023693">
						<int id="w">1400</int>
						<int id="z">7</int>
						<int id="r">2</int>
						<int id="h">102</int>
						<int id="y">853</int>
						<str id="sprite_class">lens_grass_2</str>
						<str id="name">lens_grass_2_1307725023672</str>
						<int id="x">388</int>
					</object>
					<object id="lens_grass_2_1307725023695">
						<int id="w">1400</int>
						<int id="z">9</int>
						<int id="r">-1</int>
						<int id="h">102</int>
						<int id="y">863</int>
						<str id="sprite_class">lens_grass_2</str>
						<str id="name">lens_grass_2_1307725023672</str>
						<int id="x">1599</int>
					</object>
					<object id="lens_grass_1_1308107342198">
						<int id="w">147</int>
						<int id="z">60</int>
						<int id="h">29</int>
						<int id="y">819</int>
						<str id="sprite_class">lens_grass_1</str>
						<str id="name">lens_grass_1_1307725023671</str>
						<int id="x">2195</int>
					</object>
					<object id="lens_grass_1_1308107342209">
						<int id="w">147</int>
						<int id="z">48</int>
						<int id="h">29</int>
						<int id="y">826</int>
						<str id="sprite_class">lens_grass_1</str>
						<str id="name">lens_grass_1_1307725023671</str>
						<int id="x">168</int>
					</object>
				</object>
				<str id="name">bg_1</str>
				<int id="w">5700</int>
				<int id="h">1000</int>
				<int id="z">-2</int>
				<object id="filtersNEW">
					<object id="contrast">
						<int id="value">0</int>
					</object>
					<object id="brightness">
						<int id="value">13</int>
					</object>
					<object id="saturation">
						<int id="value">13</int>
					</object>
				</object>
			</object>
			<object id="T_1307725023668">
				<object id="decos">
					<object id="tree_acacia_3_1307731442869">
						<int id="w">242</int>
						<int id="z">18</int>
						<int id="h">111</int>
						<int id="y">761</int>
						<str id="sprite_class">tree_acacia_3</str>
						<str id="name">tree_acacia_3_1307731442854</str>
						<int id="x">3250</int>
					</object>
					<object id="lens_grass_2_1307725023714">
						<int id="w">888</int>
						<int id="z">15</int>
						<int id="r">-3</int>
						<int id="h">65</int>
						<int id="y">783</int>
						<str id="sprite_class">lens_grass_2</str>
						<str id="name">lens_grass_2_1307725023672</str>
						<int id="x">5155</int>
					</object>
					<object id="lens_grass_1_1307731442932">
						<int id="w">63</int>
						<int id="z">37</int>
						<int id="h">12</int>
						<int id="y">738</int>
						<str id="sprite_class">lens_grass_1</str>
						<str id="name">lens_grass_1_1307725023671</str>
						<int id="x">5466</int>
					</object>
					<object id="lens_grass_2_1307725023711">
						<int id="w">888</int>
						<int id="z">4</int>
						<int id="h">65</int>
						<int id="y">773</int>
						<str id="sprite_class">lens_grass_2</str>
						<str id="name">lens_grass_2_1307725023672</str>
						<int id="x">3948</int>
					</object>
					<object id="tree_acacia_3_1308041830197">
						<int id="w">230</int>
						<int id="z">19</int>
						<int id="h">105</int>
						<int id="y">750</int>
						<str id="sprite_class">tree_acacia_3</str>
						<str id="name">tree_acacia_3_1307731442854</str>
						<int id="x">780</int>
					</object>
					<object id="lens_grass_2_1307725023710">
						<int id="w">888</int>
						<int id="z">5</int>
						<int id="r">-2</int>
						<int id="h">65</int>
						<int id="y">793</int>
						<str id="sprite_class">lens_grass_2</str>
						<str id="name">lens_grass_2_1307725023672</str>
						<int id="x">3526</int>
					</object>
					<object id="lens_grass_1_1307731442929">
						<int id="w">63</int>
						<int id="z">34</int>
						<int id="h">12</int>
						<int id="y">724</int>
						<str id="sprite_class">lens_grass_1</str>
						<str id="name">lens_grass_1_1307725023671</str>
						<int id="x">5408</int>
					</object>
					<object id="lens_grass_2_1307725023709">
						<int id="w">888</int>
						<int id="z">7</int>
						<int id="r">2</int>
						<int id="h">65</int>
						<int id="y">798</int>
						<str id="sprite_class">lens_grass_2</str>
						<str id="name">lens_grass_2_1307725023672</str>
						<int id="x">3070</int>
					</object>
					<object id="lens_grass_2_1307725023703">
						<int id="w">888</int>
						<int id="z">11</int>
						<int id="r">1</int>
						<int id="h">65</int>
						<int id="y">803</int>
						<str id="sprite_class">lens_grass_2</str>
						<str id="name">lens_grass_2_1307725023672</str>
						<int id="x">735</int>
					</object>
					<object id="lens_grass_2_1307725023708">
						<int id="w">888</int>
						<int id="z">6</int>
						<int id="r">1</int>
						<int id="h">65</int>
						<int id="y">788</int>
						<str id="sprite_class">lens_grass_2</str>
						<str id="name">lens_grass_2_1307725023672</str>
						<int id="x">2650</int>
					</object>
					<object id="lens_grass_2_1307725023702">
						<int id="w">888</int>
						<int id="z">10</int>
						<int id="r">1</int>
						<int id="h">65</int>
						<int id="y">783</int>
						<str id="sprite_class">lens_grass_2</str>
						<str id="name">lens_grass_2_1307725023672</str>
						<int id="x">238</int>
					</object>
					<object id="lens_grass_1_1307731442931">
						<int id="w">63</int>
						<int id="z">36</int>
						<int id="h">12</int>
						<int id="y">736</int>
						<str id="sprite_class">lens_grass_1</str>
						<str id="name">lens_grass_1_1307725023671</str>
						<int id="x">5437</int>
					</object>
					<object id="lens_grass_1_1307731442907">
						<int id="w">68</int>
						<int id="z">24</int>
						<int id="h">13</int>
						<int id="y">736</int>
						<str id="sprite_class">lens_grass_1</str>
						<str id="name">lens_grass_1_1307725023671</str>
						<int id="x">2482</int>
					</object>
					<object id="pampas_2_1308041830218">
						<int id="w">7</int>
						<int id="z">40</int>
						<int id="h">11</int>
						<int id="y">725</int>
						<str id="sprite_class">pampas_2</str>
						<str id="name">pampas_2_1307731442968</str>
						<int id="x">5470</int>
					</object>
					<object id="lens_grass_1_1307731442910">
						<int id="w">68</int>
						<int id="z">27</int>
						<int id="h">13</int>
						<int id="y">754</int>
						<str id="sprite_class">lens_grass_1</str>
						<str id="name">lens_grass_1_1307725023671</str>
						<int id="x">2516</int>
					</object>
					<object id="lens_grass_1_1307731442903">
						<int id="w">68</int>
						<int id="z">20</int>
						<int id="h">13</int>
						<int id="y">748</int>
						<str id="sprite_class">lens_grass_1</str>
						<str id="name">lens_grass_1_1307725023671</str>
						<int id="x">715</int>
					</object>
					<object id="lens_grass_1_1307731442927">
						<int id="w">63</int>
						<int id="z">32</int>
						<int id="h">12</int>
						<int id="y">746</int>
						<str id="sprite_class">lens_grass_1</str>
						<str id="name">lens_grass_1_1307725023671</str>
						<int id="x">5148</int>
					</object>
					<object id="lens_grass_1_1307731442908">
						<int id="w">68</int>
						<int id="z">25</int>
						<int id="h">13</int>
						<int id="y">742</int>
						<str id="sprite_class">lens_grass_1</str>
						<str id="name">lens_grass_1_1307725023671</str>
						<int id="x">2501</int>
					</object>
					<object id="lens_grass_1_1307731442930">
						<int id="w">63</int>
						<int id="z">35</int>
						<int id="h">12</int>
						<int id="y">729</int>
						<str id="sprite_class">lens_grass_1</str>
						<str id="name">lens_grass_1_1307725023671</str>
						<int id="x">5436</int>
					</object>
					<object id="lens_grass_1_1307731442909">
						<int id="w">68</int>
						<int id="z">26</int>
						<int id="h">13</int>
						<int id="y">747</int>
						<str id="sprite_class">lens_grass_1</str>
						<str id="name">lens_grass_1_1307725023671</str>
						<int id="x">2535</int>
					</object>
					<object id="lens_grass_1_1307731442923">
						<int id="w">63</int>
						<int id="z">28</int>
						<int id="h">12</int>
						<int id="y">718</int>
						<str id="sprite_class">lens_grass_1</str>
						<str id="name">lens_grass_1_1307725023671</str>
						<int id="x">3894</int>
					</object>
					<object id="lens_grass_2_1307725023713">
						<int id="w">888</int>
						<int id="z">14</int>
						<int id="r">1</int>
						<int id="h">65</int>
						<int id="y">783</int>
						<str id="sprite_class">lens_grass_2</str>
						<str id="name">lens_grass_2_1307725023672</str>
						<int id="x">4799</int>
					</object>
					<object id="lens_grass_1_1307731442906">
						<int id="w">68</int>
						<int id="z">23</int>
						<int id="h">13</int>
						<int id="y">761</int>
						<str id="sprite_class">lens_grass_1</str>
						<str id="name">lens_grass_1_1307725023671</str>
						<int id="x">761</int>
					</object>
					<object id="lens_grass_2_1307725023704">
						<int id="w">888</int>
						<int id="z">12</int>
						<int id="r">1</int>
						<int id="h">65</int>
						<int id="y">808</int>
						<str id="sprite_class">lens_grass_2</str>
						<str id="name">lens_grass_2_1307725023672</str>
						<int id="x">1047</int>
					</object>
					<object id="lens_grass_2_1307725023706">
						<int id="w">888</int>
						<int id="z">9</int>
						<int id="r">-1</int>
						<int id="h">65</int>
						<int id="y">798</int>
						<str id="sprite_class">lens_grass_2</str>
						<str id="name">lens_grass_2_1307725023672</str>
						<int id="x">1853</int>
					</object>
					<object id="lens_grass_1_1307731442905">
						<int id="w">68</int>
						<int id="z">22</int>
						<int id="h">13</int>
						<int id="y">756</int>
						<str id="sprite_class">lens_grass_1</str>
						<str id="name">lens_grass_1_1307725023671</str>
						<int id="x">746</int>
					</object>
					<object id="lens_grass_2_1307725023715">
						<int id="w">888</int>
						<int id="z">16</int>
						<int id="r">1</int>
						<int id="h">65</int>
						<int id="y">783</int>
						<str id="sprite_class">lens_grass_2</str>
						<str id="name">lens_grass_2_1307725023672</str>
						<int id="x">5535</int>
					</object>
					<object id="lens_grass_1_1307731442925">
						<int id="w">63</int>
						<int id="z">29</int>
						<int id="h">12</int>
						<int id="y">717</int>
						<str id="sprite_class">lens_grass_1</str>
						<str id="name">lens_grass_1_1307725023671</str>
						<int id="x">3954</int>
					</object>
					<object id="lens_grass_1_1307731442926">
						<int id="w">63</int>
						<int id="z">31</int>
						<int id="h">12</int>
						<int id="y">726</int>
						<str id="sprite_class">lens_grass_1</str>
						<str id="name">lens_grass_1_1307725023671</str>
						<int id="x">3923</int>
					</object>
					<object id="lens_grass_1_1307731442924">
						<int id="w">63</int>
						<int id="z">30</int>
						<int id="h">12</int>
						<int id="y">721</int>
						<str id="sprite_class">lens_grass_1</str>
						<str id="name">lens_grass_1_1307725023671</str>
						<int id="x">3918</int>
					</object>
					<object id="lens_grass_1_1307731442904">
						<int id="w">68</int>
						<int id="z">21</int>
						<int id="h">13</int>
						<int id="y">749</int>
						<str id="sprite_class">lens_grass_1</str>
						<str id="name">lens_grass_1_1307725023671</str>
						<int id="x">740</int>
					</object>
					<object id="lens_grass_1_1307731442928">
						<int id="w">63</int>
						<int id="z">33</int>
						<int id="h">12</int>
						<int id="y">750</int>
						<str id="sprite_class">lens_grass_1</str>
						<str id="name">lens_grass_1_1307725023671</str>
						<int id="x">5180</int>
					</object>
					<object id="lens_grass_2_1307725023712">
						<int id="w">888</int>
						<int id="z">3</int>
						<int id="r">1</int>
						<int id="h">65</int>
						<int id="y">773</int>
						<str id="sprite_class">lens_grass_2</str>
						<str id="name">lens_grass_2_1307725023672</str>
						<int id="x">4362</int>
					</object>
					<object id="lens_grass_2_1307725023705">
						<int id="w">888</int>
						<int id="z">13</int>
						<int id="r">-1</int>
						<int id="h">65</int>
						<int id="y">804</int>
						<str id="sprite_class">lens_grass_2</str>
						<str id="name">lens_grass_2_1307725023672</str>
						<int id="x">1497</int>
					</object>
					<object id="lens_grass_2_1307725023707">
						<int id="w">888</int>
						<int id="z">8</int>
						<int id="r">-1</int>
						<int id="h">65</int>
						<int id="y">788</int>
						<str id="sprite_class">lens_grass_2</str>
						<str id="name">lens_grass_2_1307725023672</str>
						<int id="x">2221</int>
					</object>
				</object>
				<str id="name">bg_2</str>
				<int id="w">5520</int>
				<int id="h">1000</int>
				<int id="z">-3</int>
				<object id="filtersNEW">
					<object id="contrast">
						<int id="value">0</int>
					</object>
					<object id="blur">
						<int id="value">2</int>
					</object>
					<object id="brightness">
						<int id="value">20</int>
					</object>
					<object id="saturation">
						<int id="value">10</int>
					</object>
				</object>
			</object>
			<object id="T_1307725023669">
				<object id="decos">
					<object id="heights_bush_4_1308778699066">
						<int id="w">562</int>
						<int id="z">8</int>
						<int id="r">-2</int>
						<int id="h">26</int>
						<int id="y">733</int>
						<str id="sprite_class">heights_bush_4</str>
						<str id="name">heights_bush_4_1307731442857</str>
						<int id="x">1747</int>
					</object>
					<object id="cloud_fluffy_2_1308273255299">
						<int id="w">1231</int>
						<int id="z">3</int>
						<int id="h">89</int>
						<int id="y">650</int>
						<str id="sprite_class">cloud_fluffy_2</str>
						<str id="name">cloud_fluffy_2_1307725023726</str>
						<int id="x">4847</int>
					</object>
					<object id="cloud_fluffy_2_1308273255302">
						<int id="w">1231</int>
						<int id="z">0</int>
						<int id="h">89</int>
						<int id="y">569</int>
						<str id="sprite_class">cloud_fluffy_2</str>
						<str id="name">cloud_fluffy_2_1307725023726</str>
						<int id="x">3523</int>
					</object>
					<object id="heights_bush_4_1308778699067">
						<int id="w">374</int>
						<int id="z">9</int>
						<int id="h">29</int>
						<int id="y">708</int>
						<str id="sprite_class">heights_bush_4</str>
						<str id="name">heights_bush_4_1307731442857</str>
						<int id="x">4820</int>
						<bool id="h_flip">true</bool>
					</object>
					<object id="cloud_fluffy_2_1308273255300">
						<int id="w">1231</int>
						<int id="z">2</int>
						<int id="h">89</int>
						<int id="y">707</int>
						<str id="sprite_class">cloud_fluffy_2</str>
						<str id="name">cloud_fluffy_2_1307725023726</str>
						<int id="x">942</int>
					</object>
					<object id="cloud_fluffy_1_1308273255298">
						<int id="w">1009</int>
						<int id="z">4</int>
						<int id="h">95</int>
						<int id="y">664</int>
						<str id="sprite_class">cloud_fluffy_1</str>
						<str id="name">cloud_fluffy_1_1307731442949</str>
						<int id="x">3128</int>
					</object>
					<object id="cloud_fluffy_1_1308273255301">
						<int id="w">1009</int>
						<int id="z">1</int>
						<int id="h">95</int>
						<int id="y">706</int>
						<str id="sprite_class">cloud_fluffy_1</str>
						<str id="name">cloud_fluffy_1_1307731442949</str>
						<int id="x">2212</int>
					</object>
					<object id="heights_bush_4_1308778699062">
						<int id="w">662</int>
						<int id="z">5</int>
						<int id="h">24</int>
						<int id="y">730</int>
						<str id="sprite_class">heights_bush_4</str>
						<str id="name">heights_bush_4_1307731442857</str>
						<int id="x">663</int>
					</object>
				</object>
				<str id="name">sky</str>
				<int id="w">4920</int>
				<int id="h">1000</int>
				<int id="z">-5</int>
				<object id="filtersNEW">
					<object id="contrast">
						<int id="value">-10</int>
					</object>
					<object id="saturation">
						<int id="value">-60</int>
					</object>
					<object id="tintColor">
						<int id="value">16760576</int>
					</object>
					<object id="blur">
						<int id="value">3</int>
					</object>
					<object id="tintAmount">
						<int id="value">80</int>
					</object>
					<object id="brightness">
						<int id="value">19</int>
					</object>
				</object>
			</object>
			<object id="middleground">
				<object id="decos">
					<object id="lens_grass_2_1307725023676">
						<int id="w">2469</int>
						<int id="z">0</int>
						<int id="r">-1</int>
						<int id="h">219</int>
						<int id="y">45</int>
						<str id="sprite_class">lens_grass_2</str>
						<str id="name">lens_grass_2_1307725023672</str>
						<int id="x">1429</int>
					</object>
					<object id="lens_grass_1_1307731442879">
						<int id="w">269</int>
						<int id="z">18</int>
						<int id="h">53</int>
						<int id="y">-9</int>
						<str id="sprite_class">lens_grass_1</str>
						<str id="name">lens_grass_1_1307725023671</str>
						<int id="x">1185</int>
					</object>
					<object id="lens_grass_1_1308778699063">
						<int id="w">329</int>
						<int id="z">9</int>
						<int id="h">65</int>
						<int id="y">-19</int>
						<str id="sprite_class">lens_grass_1</str>
						<str id="name">lens_grass_1_1307725023671</str>
						<int id="x">-1367</int>
					</object>
					<object id="lens_grass_2_1307725023674">
						<int id="w">2536</int>
						<int id="z">1</int>
						<int id="h">219</int>
						<int id="y">48</int>
						<str id="sprite_class">lens_grass_2</str>
						<str id="name">lens_grass_2_1307725023672</str>
						<int id="x">-201</int>
					</object>
					<object id="lens_grass_2_1307725023673">
						<int id="w">2168</int>
						<int id="z">3</int>
						<int id="h">219</int>
						<int id="y">72</int>
						<str id="sprite_class">lens_grass_2</str>
						<str id="name">lens_grass_2_1307725023672</str>
						<int id="x">-1362</int>
					</object>
					<object id="lens_grass_1_1307725023688">
						<int id="w">329</int>
						<int id="z">8</int>
						<int id="h">65</int>
						<int id="y">1</int>
						<str id="sprite_class">lens_grass_1</str>
						<str id="name">lens_grass_1_1307725023671</str>
						<int id="x">-2025</int>
					</object>
					<object id="lens_grass_1_1307725023687">
						<int id="w">329</int>
						<int id="z">7</int>
						<int id="h">65</int>
						<int id="y">-21</int>
						<str id="sprite_class">lens_grass_1</str>
						<str id="name">lens_grass_1_1307725023671</str>
						<int id="x">-1994</int>
					</object>
					<object id="lens_grass_2_1307725023672">
						<int id="w">2168</int>
						<int id="z">2</int>
						<int id="h">219</int>
						<int id="y">56</int>
						<str id="sprite_class">lens_grass_2</str>
						<str id="name">lens_grass_2_1307725023672</str>
						<int id="x">-2486</int>
					</object>
					<object id="lens_grass_1_1308041830208">
						<int id="w">269</int>
						<int id="z">22</int>
						<int id="h">53</int>
						<int id="y">-3</int>
						<str id="sprite_class">lens_grass_1</str>
						<str id="name">lens_grass_1_1307725023671</str>
						<int id="x">2345</int>
					</object>
					<object id="lens_grass_1_1307731442876">
						<int id="w">269</int>
						<int id="z">19</int>
						<int id="h">53</int>
						<int id="y">-131</int>
						<str id="sprite_class">lens_grass_1</str>
						<str id="name">lens_grass_1_1307725023671</str>
						<int id="x">1610</int>
					</object>
					<object id="lens_grass_1_1307731442875">
						<int id="w">269</int>
						<int id="z">14</int>
						<int id="h">53</int>
						<int id="y">-10</int>
						<str id="sprite_class">lens_grass_1</str>
						<str id="name">lens_grass_1_1307725023671</str>
						<int id="x">345</int>
					</object>
					<object id="lens_grass_1_1308041830209">
						<int id="w">269</int>
						<int id="z">23</int>
						<int id="h">53</int>
						<int id="y">16</int>
						<str id="sprite_class">lens_grass_1</str>
						<str id="name">lens_grass_1_1307725023671</str>
						<int id="x">2238</int>
					</object>
					<object id="lens_grass_2_1307725023675">
						<int id="w">2168</int>
						<int id="z">4</int>
						<int id="h">219</int>
						<int id="y">88</int>
						<str id="sprite_class">lens_grass_2</str>
						<str id="name">lens_grass_2_1307725023672</str>
						<int id="x">702</int>
					</object>
					<object id="lens_grass_2_1307725023677">
						<int id="w">2168</int>
						<int id="z">5</int>
						<int id="r">-1</int>
						<int id="h">219</int>
						<int id="y">60</int>
						<str id="sprite_class">lens_grass_2</str>
						<str id="name">lens_grass_2_1307725023672</str>
						<int id="x">2582</int>
					</object>
					<object id="lens_grass_1_1307725023692">
						<int id="w">269</int>
						<int id="z">11</int>
						<int id="h">53</int>
						<int id="y">-8</int>
						<str id="sprite_class">lens_grass_1</str>
						<str id="name">lens_grass_1_1307725023671</str>
						<int id="x">-738</int>
					</object>
					<object id="lens_grass_1_1307725023691">
						<int id="w">223</int>
						<int id="z">10</int>
						<int id="h">33</int>
						<int id="y">-110</int>
						<str id="sprite_class">lens_grass_1</str>
						<str id="name">lens_grass_1_1307725023671</str>
						<int id="x">-1162</int>
					</object>
					<object id="lens_grass_1_1307725023671">
						<int id="w">329</int>
						<int id="z">6</int>
						<int id="h">65</int>
						<int id="y">-40</int>
						<str id="sprite_class">lens_grass_1</str>
						<str id="name">lens_grass_1_1307725023671</str>
						<int id="x">-2108</int>
					</object>
					<object id="lens_grass_1_1308041830210">
						<int id="w">269</int>
						<int id="z">24</int>
						<int id="h">53</int>
						<int id="y">31</int>
						<str id="sprite_class">lens_grass_1</str>
						<str id="name">lens_grass_1_1307725023671</str>
						<int id="x">2160</int>
					</object>
					<object id="lens_grass_1_1307731442881">
						<int id="w">269</int>
						<int id="z">25</int>
						<int id="h">53</int>
						<int id="y">5</int>
						<str id="sprite_class">lens_grass_1</str>
						<str id="name">lens_grass_1_1307725023671</str>
						<int id="x">2592</int>
					</object>
					<object id="lens_grass_1_1307731442882">
						<int id="w">269</int>
						<int id="z">26</int>
						<int id="h">53</int>
						<int id="y">-103</int>
						<str id="sprite_class">lens_grass_1</str>
						<str id="name">lens_grass_1_1307725023671</str>
						<int id="x">2905</int>
					</object>
					<object id="lens_grass_1_1307725023689">
						<int id="w">223</int>
						<int id="z">16</int>
						<int id="h">44</int>
						<int id="y">-95</int>
						<str id="sprite_class">lens_grass_1</str>
						<str id="name">lens_grass_1_1307725023671</str>
						<int id="x">-1061</int>
					</object>
					<object id="lens_grass_1_1307731442880">
						<int id="w">269</int>
						<int id="z">21</int>
						<int id="h">53</int>
						<int id="y">-10</int>
						<str id="sprite_class">lens_grass_1</str>
						<str id="name">lens_grass_1_1307725023671</str>
						<int id="x">2463</int>
					</object>
					<object id="lens_grass_1_1308041830211">
						<int id="w">269</int>
						<int id="z">27</int>
						<int id="h">53</int>
						<int id="y">27</int>
						<str id="sprite_class">lens_grass_1</str>
						<str id="name">lens_grass_1_1307725023671</str>
						<int id="x">2708</int>
					</object>
					<object id="lens_grass_1_1307731442872">
						<int id="w">269</int>
						<int id="z">12</int>
						<int id="h">53</int>
						<int id="y">-126</int>
						<str id="sprite_class">lens_grass_1</str>
						<str id="name">lens_grass_1_1307725023671</str>
						<int id="x">-97</int>
					</object>
					<object id="lens_grass_1_1307731442874">
						<int id="w">269</int>
						<int id="z">15</int>
						<int id="h">53</int>
						<int id="y">13</int>
						<str id="sprite_class">lens_grass_1</str>
						<str id="name">lens_grass_1_1307725023671</str>
						<int id="x">201</int>
					</object>
					<object id="lens_grass_1_1307731442873">
						<int id="w">269</int>
						<int id="z">13</int>
						<int id="h">53</int>
						<int id="y">-110</int>
						<str id="sprite_class">lens_grass_1</str>
						<str id="name">lens_grass_1_1307725023671</str>
						<int id="x">35</int>
					</object>
					<object id="lens_grass_1_1307731442878">
						<int id="w">271</int>
						<int id="z">17</int>
						<int id="h">35</int>
						<int id="y">-148</int>
						<str id="sprite_class">lens_grass_1</str>
						<str id="name">lens_grass_1_1307725023671</str>
						<int id="x">1474</int>
					</object>
					<object id="lens_grass_1_1307731442877">
						<int id="w">269</int>
						<int id="z">20</int>
						<int id="h">53</int>
						<int id="y">-119</int>
						<str id="sprite_class">lens_grass_1</str>
						<str id="name">lens_grass_1_1307725023671</str>
						<int id="x">1742</int>
					</object>
				</object>
				<int id="h">1000</int>
				<object id="signposts">
					<object id="signpost_1">
						<int id="y">-103</int>
						<int id="h">200</int>
						<int id="w">100</int>
						<int id="x">2780</int>
						<object id="connects">
							<object id="0">
								<str id="hub_id">91</str>
								<int id="x">-2647</int>
								<str id="mote_id">9</str>
								<int id="y">-62</int>
								<str id="swf_file_versioned">http://c2.glitch.bz/locations/groddle1/1317079592.swf</str>
								<objref id="target" tsid="LA5134PC0J52VC3" label="Rube&apos;s Way 5"/>
							</object>
							<object id="1">
								<str id="hub_id">91</str>
								<int id="x">2625</int>
								<str id="mote_id">9</str>
								<int id="y">-107</int>
								<str id="swf_file_versioned">http://c2.glitch.bz/locations/groddle1/1317079592.swf</str>
								<objref id="target" tsid="LA5136CE0J52562" label="Swain Way 3"/>
							</object>
							<object id="2">
								<str id="hub_id">91</str>
								<int id="x">-2662</int>
								<str id="mote_id">9</str>
								<int id="y">-100</int>
								<str id="swf_file_versioned">http://c2.glitch.bz/locations/groddle1/1317079592.swf</str>
								<objref id="target" tsid="LA514HDC2J52TOU" label="Swain Way 4"/>
							</object>
						</object>
					</object>
					<object id="signpost_2">
						<int id="y">-111</int>
						<int id="h">200</int>
						<int id="w">100</int>
						<int id="x">-2789</int>
						<object id="connects">
							<object id="0">
								<str id="hub_id">91</str>
								<int id="x">2648</int>
								<str id="mote_id">9</str>
								<int id="y">-122</int>
								<str id="swf_file_versioned">http://c2.glitch.bz/locations/groddle1/1317079592.swf</str>
								<objref id="target" tsid="LA513JAO0J5220P" label="Rube&apos;s Way 3"/>
							</object>
							<object id="1">
								<str id="hub_id">91</str>
								<int id="x">-2662</int>
								<str id="mote_id">9</str>
								<int id="y">-85</int>
								<str id="swf_file_versioned">http://c2.glitch.bz/locations/groddle1/1317079592.swf</str>
								<objref id="target" tsid="LA512SK50J52F8M" label="Yokel Yarn 4"/>
							</object>
							<object id="2">
								<str id="hub_id">91</str>
								<int id="x">2655</int>
								<str id="mote_id">9</str>
								<int id="y">-100</int>
								<str id="swf_file_versioned">http://c2.glitch.bz/locations/groddle1/1317079592.swf</str>
								<objref id="target" tsid="LA5140E01J52TLO" label="Yokel Yarn 3"/>
							</object>
						</object>
					</object>
				</object>
				<object id="filtersNEW">
					<object id="contrast">
						<int id="value">0</int>
					</object>
					<object id="brightness">
						<int id="value">9</int>
					</object>
					<object id="saturation">
						<int id="value">18</int>
					</object>
				</object>
				<object id="platform_lines">
					<object id="plat_1308041830237">
						<int id="platform_item_perm">-1</int>
						<object id="start">
							<int id="y">-78</int>
							<int id="x">212</int>
						</object>
						<object id="end">
							<int id="y">-72</int>
							<int id="x">404</int>
						</object>
						<int id="platform_pc_perm">-1</int>
					</object>
					<object id="plat_1308041830236">
						<int id="platform_item_perm">-1</int>
						<object id="start">
							<int id="y">-92</int>
							<int id="x">-35</int>
						</object>
						<object id="end">
							<int id="y">-78</int>
							<int id="x">212</int>
						</object>
						<int id="platform_pc_perm">-1</int>
					</object>
					<object id="plat_1308041830234">
						<int id="platform_item_perm">-1</int>
						<object id="start">
							<int id="y">-84</int>
							<int id="x">-586</int>
						</object>
						<object id="end">
							<int id="y">-99</int>
							<int id="x">-370</int>
						</object>
						<int id="platform_pc_perm">-1</int>
					</object>
					<object id="plat_1308041830249">
						<int id="platform_item_perm">-1</int>
						<object id="start">
							<int id="y">-93</int>
							<int id="x">1844</int>
						</object>
						<object id="end">
							<int id="y">-104</int>
							<int id="x">2015</int>
						</object>
						<int id="platform_pc_perm">-1</int>
					</object>
					<object id="plat_1308041830254">
						<int id="platform_item_perm">-1</int>
						<object id="start">
							<int id="y">-74</int>
							<int id="x">2871</int>
						</object>
						<object id="end">
							<int id="y">-70</int>
							<int id="x">2998</int>
						</object>
						<int id="platform_pc_perm">-1</int>
					</object>
					<object id="plat_1308041830231">
						<int id="platform_item_perm">-1</int>
						<object id="start">
							<int id="y">-86</int>
							<int id="x">-1158</int>
						</object>
						<object id="end">
							<int id="y">-62</int>
							<int id="x">-992</int>
						</object>
						<int id="platform_pc_perm">-1</int>
					</object>
					<object id="plat_1308041830226">
						<int id="platform_item_perm">-1</int>
						<object id="start">
							<int id="y">-97</int>
							<int id="x">-2073</int>
						</object>
						<object id="end">
							<int id="y">-88</int>
							<int id="x">-1993</int>
						</object>
						<int id="platform_pc_perm">-1</int>
					</object>
					<object id="plat_1308041830239">
						<int id="platform_item_perm">-1</int>
						<object id="start">
							<int id="y">-73</int>
							<int id="x">576</int>
						</object>
						<object id="end">
							<int id="y">-82</int>
							<int id="x">823</int>
						</object>
						<int id="platform_pc_perm">-1</int>
					</object>
					<object id="plat_1308213477383">
						<int id="platform_item_perm">-1</int>
						<object id="start">
							<int id="y">-111</int>
							<int id="x">1135</int>
						</object>
						<object id="end">
							<int id="y">-113</int>
							<int id="x">1273</int>
						</object>
						<int id="platform_pc_perm">-1</int>
					</object>
					<object id="plat_1308041830222">
						<int id="platform_item_perm">-1</int>
						<object id="start">
							<int id="y">-107</int>
							<int id="x">-2549</int>
						</object>
						<object id="end">
							<int id="y">-103</int>
							<int id="x">-2345</int>
						</object>
						<int id="platform_pc_perm">-1</int>
					</object>
					<object id="plat_1308041830240">
						<int id="platform_item_perm">-1</int>
						<object id="start">
							<int id="y">-82</int>
							<int id="x">823</int>
						</object>
						<object id="end">
							<int id="y">-89</int>
							<int id="x">927</int>
						</object>
						<int id="platform_pc_perm">-1</int>
					</object>
					<object id="plat_1308213477382">
						<int id="platform_item_perm">-1</int>
						<object id="start">
							<int id="y">-89</int>
							<int id="x">927</int>
						</object>
						<object id="end">
							<int id="y">-111</int>
							<int id="x">1135</int>
						</object>
						<int id="platform_pc_perm">-1</int>
					</object>
					<object id="plat_1308041830235">
						<int id="platform_item_perm">-1</int>
						<object id="start">
							<int id="y">-99</int>
							<int id="x">-370</int>
						</object>
						<object id="end">
							<int id="y">-92</int>
							<int id="x">-35</int>
						</object>
						<int id="platform_pc_perm">-1</int>
					</object>
					<object id="plat_1308041830221">
						<int id="platform_item_perm">-1</int>
						<object id="start">
							<int id="y">-97</int>
							<int id="x">-2732</int>
						</object>
						<object id="end">
							<int id="y">-107</int>
							<int id="x">-2549</int>
						</object>
						<int id="platform_pc_perm">-1</int>
					</object>
					<object id="plat_1308041830253">
						<int id="platform_item_perm">-1</int>
						<object id="start">
							<int id="y">-85</int>
							<int id="x">2757</int>
						</object>
						<object id="end">
							<int id="y">-74</int>
							<int id="x">2871</int>
						</object>
						<int id="platform_pc_perm">-1</int>
					</object>
					<object id="plat_1308041830233">
						<int id="platform_item_perm">-1</int>
						<object id="start">
							<int id="y">-67</int>
							<int id="x">-792</int>
						</object>
						<object id="end">
							<int id="y">-84</int>
							<int id="x">-586</int>
						</object>
						<int id="platform_pc_perm">-1</int>
					</object>
					<object id="plat_1308041830250">
						<int id="platform_item_perm">-1</int>
						<object id="start">
							<int id="y">-104</int>
							<int id="x">2015</int>
						</object>
						<object id="end">
							<int id="y">-110</int>
							<int id="x">2313</int>
						</object>
						<int id="platform_pc_perm">-1</int>
					</object>
					<object id="plat_1308041830251">
						<int id="platform_item_perm">-1</int>
						<object id="start">
							<int id="y">-110</int>
							<int id="x">2313</int>
						</object>
						<object id="end">
							<int id="y">-102</int>
							<int id="x">2558</int>
						</object>
						<int id="platform_pc_perm">-1</int>
					</object>
					<object id="plat_1308041830247">
						<int id="platform_item_perm">-1</int>
						<object id="start">
							<int id="y">-103</int>
							<int id="x">1438</int>
						</object>
						<object id="end">
							<int id="y">-94</int>
							<int id="x">1649</int>
						</object>
						<int id="platform_pc_perm">-1</int>
					</object>
					<object id="plat_1308041830225">
						<int id="platform_item_perm">-1</int>
						<object id="start">
							<int id="y">-96</int>
							<int id="x">-2169</int>
						</object>
						<object id="end">
							<int id="y">-97</int>
							<int id="x">-2073</int>
						</object>
						<int id="platform_pc_perm">-1</int>
					</object>
					<object id="plat_1308041830227">
						<int id="platform_item_perm">-1</int>
						<object id="start">
							<int id="y">-88</int>
							<int id="x">-1993</int>
						</object>
						<object id="end">
							<int id="y">-87</int>
							<int id="x">-1926</int>
						</object>
						<int id="platform_pc_perm">-1</int>
					</object>
					<object id="plat_1308041830252">
						<int id="platform_item_perm">-1</int>
						<object id="start">
							<int id="y">-102</int>
							<int id="x">2558</int>
						</object>
						<object id="end">
							<int id="y">-85</int>
							<int id="x">2757</int>
						</object>
						<int id="platform_pc_perm">-1</int>
					</object>
					<object id="plat_1308041830229">
						<int id="platform_item_perm">-1</int>
						<object id="start">
							<int id="y">-98</int>
							<int id="x">-1699</int>
						</object>
						<object id="end">
							<int id="y">-101</int>
							<int id="x">-1388</int>
						</object>
						<int id="platform_pc_perm">-1</int>
					</object>
					<object id="plat_1308041830230">
						<int id="platform_item_perm">-1</int>
						<object id="start">
							<int id="y">-101</int>
							<int id="x">-1388</int>
						</object>
						<object id="end">
							<int id="y">-86</int>
							<int id="x">-1158</int>
						</object>
						<int id="platform_pc_perm">-1</int>
					</object>
					<object id="plat_1308041830223">
						<int id="platform_item_perm">-1</int>
						<object id="start">
							<int id="y">-103</int>
							<int id="x">-2345</int>
						</object>
						<object id="end">
							<int id="y">-91</int>
							<int id="x">-2239</int>
						</object>
						<int id="platform_pc_perm">-1</int>
					</object>
					<object id="plat_1308041830228">
						<int id="platform_item_perm">-1</int>
						<object id="start">
							<int id="y">-87</int>
							<int id="x">-1926</int>
						</object>
						<object id="end">
							<int id="y">-98</int>
							<int id="x">-1699</int>
						</object>
						<int id="platform_pc_perm">-1</int>
					</object>
					<object id="plat_1308041830224">
						<int id="platform_item_perm">-1</int>
						<object id="start">
							<int id="y">-91</int>
							<int id="x">-2239</int>
						</object>
						<object id="end">
							<int id="y">-96</int>
							<int id="x">-2169</int>
						</object>
						<int id="platform_pc_perm">-1</int>
					</object>
					<object id="plat_1308213477384">
						<int id="platform_item_perm">-1</int>
						<object id="start">
							<int id="y">-113</int>
							<int id="x">1273</int>
						</object>
						<object id="end">
							<int id="y">-100</int>
							<int id="x">1360</int>
						</object>
						<int id="platform_pc_perm">-1</int>
					</object>
					<object id="plat_1308041830220">
						<int id="platform_item_perm">-1</int>
						<object id="start">
							<int id="y">-80</int>
							<int id="x">-2999</int>
						</object>
						<object id="end">
							<int id="y">-97</int>
							<int id="x">-2732</int>
						</object>
						<int id="platform_pc_perm">-1</int>
					</object>
					<object id="plat_1308041830232">
						<int id="platform_item_perm">-1</int>
						<object id="start">
							<int id="y">-62</int>
							<int id="x">-992</int>
						</object>
						<object id="end">
							<int id="y">-67</int>
							<int id="x">-792</int>
						</object>
						<int id="platform_pc_perm">-1</int>
					</object>
					<object id="plat_1308041830246">
						<int id="platform_item_perm">-1</int>
						<object id="start">
							<int id="y">-100</int>
							<int id="x">1360</int>
						</object>
						<object id="end">
							<int id="y">-103</int>
							<int id="x">1438</int>
						</object>
						<int id="platform_pc_perm">-1</int>
					</object>
					<object id="plat_1308041830238">
						<int id="platform_item_perm">-1</int>
						<object id="start">
							<int id="y">-72</int>
							<int id="x">404</int>
						</object>
						<object id="end">
							<int id="y">-73</int>
							<int id="x">576</int>
						</object>
						<int id="platform_pc_perm">-1</int>
					</object>
					<object id="plat_1308041830248">
						<int id="platform_item_perm">-1</int>
						<object id="start">
							<int id="y">-94</int>
							<int id="x">1649</int>
						</object>
						<object id="end">
							<int id="y">-93</int>
							<int id="x">1844</int>
						</object>
						<int id="platform_pc_perm">-1</int>
					</object>
				</object>
				<object id="walls">
				</object>
				<object id="targets">
				</object>
				<str id="name">middleground</str>
				<object id="boxes">
				</object>
				<object id="doors">
				</object>
				<int id="w">6000</int>
				<object id="ladders">
				</object>
				<int id="z">0</int>
			</object>
			<object id="T_1307725023670">
				<object id="decos">
					<object id="alakol_water_rock_1_1307731442960">
						<int id="w">72</int>
						<int id="z">2</int>
						<int id="h">19</int>
						<int id="y">687</int>
						<str id="sprite_class">alakol_water_rock_1</str>
						<str id="name">alakol_water_rock_1_1307731442935</str>
						<int id="x">5452</int>
					</object>
					<object id="alakol_water_rock_2_1307731442955">
						<int id="w">85</int>
						<int id="z">17</int>
						<int id="h">54</int>
						<int id="y">702</int>
						<str id="sprite_class">alakol_water_rock_2</str>
						<str id="name">alakol_water_rock_2_1307731442936</str>
						<int id="x">5400</int>
					</object>
					<object id="lens_grass_2_1307725023716">
						<int id="w">1158</int>
						<int id="z">5</int>
						<int id="r">1</int>
						<int id="h">47</int>
						<int id="y">757</int>
						<str id="sprite_class">lens_grass_2</str>
						<str id="name">lens_grass_2_1307725023672</str>
						<int id="x">350</int>
					</object>
					<object id="lens_grass_2_1307725023718">
						<int id="w">1158</int>
						<int id="z">6</int>
						<int id="r">1</int>
						<int id="h">47</int>
						<int id="y">770</int>
						<str id="sprite_class">lens_grass_2</str>
						<str id="name">lens_grass_2_1307725023672</str>
						<int id="x">1548</int>
					</object>
					<object id="heights_bush_1_1307731442963">
						<int id="w">28</int>
						<int id="z">22</int>
						<int id="h">16</int>
						<int id="y">710</int>
						<str id="sprite_class">heights_bush_1</str>
						<str id="name">heights_bush_1_1307731442942</str>
						<int id="x">5399</int>
					</object>
					<object id="tree_acacia_1_1307731442861">
						<int id="w">36</int>
						<int id="z">13</int>
						<int id="h">23</int>
						<int id="y">718</int>
						<str id="sprite_class">tree_acacia_1</str>
						<str id="name">tree_acacia_1_1307731442861</str>
						<int id="x">2954</int>
					</object>
					<object id="alakol_water_rock_2_1308041830121">
						<int id="w">30</int>
						<int id="z">26</int>
						<int id="r">-2</int>
						<int id="h">9</int>
						<int id="y">721</int>
						<str id="sprite_class">alakol_water_rock_2</str>
						<str id="name">alakol_water_rock_2_1307731442936</str>
						<int id="x">1825</int>
					</object>
					<object id="lens_grass_2_1307725023724">
						<int id="w">1158</int>
						<int id="z">11</int>
						<int id="r">1</int>
						<int id="h">47</int>
						<int id="y">748</int>
						<str id="sprite_class">lens_grass_2</str>
						<str id="name">lens_grass_2_1307725023672</str>
						<int id="x">4690</int>
					</object>
					<object id="tree_acacia_2_1307735717324">
						<int id="w">33</int>
						<int id="z">24</int>
						<int id="h">18</int>
						<int id="y">715</int>
						<str id="sprite_class">tree_acacia_2</str>
						<str id="name">tree_acacia_2_1307731442855</str>
						<int id="x">322</int>
					</object>
					<object id="tree_acacia_1_1308213477387">
						<int id="w">45</int>
						<int id="z">15</int>
						<int id="h">28</int>
						<int id="y">711</int>
						<str id="sprite_class">tree_acacia_1</str>
						<str id="name">tree_acacia_1_1307731442861</str>
						<int id="x">4509</int>
						<bool id="h_flip">true</bool>
					</object>
					<object id="tree_acacia_1_1307735717322">
						<int id="w">36</int>
						<int id="z">23</int>
						<int id="h">23</int>
						<int id="y">731</int>
						<str id="sprite_class">tree_acacia_1</str>
						<str id="name">tree_acacia_1_1307731442861</str>
						<int id="x">694</int>
					</object>
					<object id="alakol_water_rock_1_1307731442959">
						<int id="w">32</int>
						<int id="z">21</int>
						<int id="h">26</int>
						<int id="y">715</int>
						<str id="sprite_class">alakol_water_rock_1</str>
						<str id="name">alakol_water_rock_1_1307731442935</str>
						<int id="x">5440</int>
					</object>
					<object id="alakol_cliff_2_1307731442954">
						<int id="w">112</int>
						<int id="z">18</int>
						<int id="r">1</int>
						<int id="h">31</int>
						<int id="y">707</int>
						<str id="sprite_class">alakol_cliff_2</str>
						<str id="name">alakol_cliff_2_1307731442934</str>
						<int id="x">5414</int>
					</object>
					<object id="heights_bush_4_1308778699069">
						<int id="w">374</int>
						<int id="z">0</int>
						<int id="h">29</int>
						<int id="y">722</int>
						<str id="sprite_class">heights_bush_4</str>
						<str id="name">heights_bush_4_1307731442857</str>
						<int id="x">2572</int>
						<bool id="h_flip">true</bool>
					</object>
					<object id="lens_grass_2_1307725023722">
						<int id="w">1158</int>
						<int id="z">10</int>
						<int id="r">-1</int>
						<int id="h">47</int>
						<int id="y">748</int>
						<str id="sprite_class">lens_grass_2</str>
						<str id="name">lens_grass_2_1307725023672</str>
						<int id="x">3517</int>
					</object>
					<object id="lens_grass_2_1307725023720">
						<int id="w">1158</int>
						<int id="z">4</int>
						<int id="h">47</int>
						<int id="y">748</int>
						<str id="sprite_class">lens_grass_2</str>
						<str id="name">lens_grass_2_1307725023672</str>
						<int id="x">2351</int>
					</object>
					<object id="tree_acacia_1_1308041830219">
						<int id="w">46</int>
						<int id="z">16</int>
						<int id="h">28</int>
						<int id="y">702</int>
						<str id="sprite_class">tree_acacia_1</str>
						<str id="name">tree_acacia_1_1307731442861</str>
						<int id="x">5191</int>
					</object>
					<object id="lens_grass_2_1307725023719">
						<int id="w">1158</int>
						<int id="z">7</int>
						<int id="r">-1</int>
						<int id="h">47</int>
						<int id="y">761</int>
						<str id="sprite_class">lens_grass_2</str>
						<str id="name">lens_grass_2_1307725023672</str>
						<int id="x">1886</int>
					</object>
					<object id="alakol_water_rock_2_1307731442962">
						<int id="w">43</int>
						<int id="z">20</int>
						<int id="h">18</int>
						<int id="y">708</int>
						<str id="sprite_class">alakol_water_rock_2</str>
						<str id="name">alakol_water_rock_2_1307731442936</str>
						<int id="x">5299</int>
					</object>
					<object id="lens_grass_2_1307725023725">
						<int id="w">1158</int>
						<int id="z">12</int>
						<int id="r">-1</int>
						<int id="h">47</int>
						<int id="y">743</int>
						<str id="sprite_class">lens_grass_2</str>
						<str id="name">lens_grass_2_1307725023672</str>
						<int id="x">5130</int>
					</object>
					<object id="heights_bush_4_1308778699068">
						<int id="w">374</int>
						<int id="z">1</int>
						<int id="h">29</int>
						<int id="y">722</int>
						<str id="sprite_class">heights_bush_4</str>
						<str id="name">heights_bush_4_1307731442857</str>
						<int id="x">2798</int>
					</object>
					<object id="lens_grass_2_1307725023723">
						<int id="w">1158</int>
						<int id="z">3</int>
						<int id="h">47</int>
						<int id="y">733</int>
						<str id="sprite_class">lens_grass_2</str>
						<str id="name">lens_grass_2_1307725023672</str>
						<int id="x">4029</int>
					</object>
					<object id="tree_acacia_1_1308041830195">
						<int id="w">36</int>
						<int id="z">14</int>
						<int id="h">22</int>
						<int id="y">705</int>
						<str id="sprite_class">tree_acacia_1</str>
						<str id="name">tree_acacia_1_1307731442861</str>
						<int id="x">4537</int>
					</object>
					<object id="alakol_water_rock_2_1307731442956">
						<int id="w">109</int>
						<int id="z">19</int>
						<int id="h">30</int>
						<int id="y">713</int>
						<str id="sprite_class">alakol_water_rock_2</str>
						<str id="name">alakol_water_rock_2_1307731442936</str>
						<int id="x">5353</int>
					</object>
					<object id="lens_grass_2_1307725023717">
						<int id="w">1158</int>
						<int id="z">8</int>
						<int id="r">1</int>
						<int id="h">47</int>
						<int id="y">771</int>
						<str id="sprite_class">lens_grass_2</str>
						<str id="name">lens_grass_2_1307725023672</str>
						<int id="x">1027</int>
					</object>
					<object id="alakol_water_rock_1_1308213477386">
						<int id="w">35</int>
						<int id="z">27</int>
						<int id="h">10</int>
						<int id="y">736</int>
						<str id="sprite_class">alakol_water_rock_1</str>
						<str id="name">alakol_water_rock_1_1307731442935</str>
						<int id="x">812</int>
					</object>
					<object id="lens_grass_2_1307725023721">
						<int id="w">1158</int>
						<int id="z">9</int>
						<int id="r">1</int>
						<int id="h">47</int>
						<int id="y">758</int>
						<str id="sprite_class">lens_grass_2</str>
						<str id="name">lens_grass_2_1307725023672</str>
						<int id="x">2980</int>
					</object>
					<object id="alakol_water_rock_2_1308041830116">
						<int id="w">25</int>
						<int id="z">25</int>
						<int id="h">10</int>
						<int id="y">735</int>
						<str id="sprite_class">alakol_water_rock_2</str>
						<str id="name">alakol_water_rock_2_1307731442936</str>
						<int id="x">821</int>
					</object>
				</object>
				<str id="name">bg_3</str>
				<int id="w">5280</int>
				<int id="h">1000</int>
				<int id="z">-4</int>
				<object id="filtersNEW">
					<object id="contrast">
						<int id="value">0</int>
					</object>
					<object id="blur">
						<int id="value">3</int>
					</object>
					<object id="brightness">
						<int id="value">25</int>
					</object>
					<object id="saturation">
						<int id="value">6</int>
					</object>
				</object>
			</object>
		</object>
		<null id="physics"/>
		<null id="img_file_versioned"/>
		<null id="loading_label"/>
		<int id="ground_y">0</int>
		<str id="tsid">LA513NJQ0J523F2</str>
		<int id="rookable_type">0</int>
		<str id="swf_file_versioned">http://c2.glitch.bz/locations/groddle1/1317079592.swf</str>
		<object id="gradient">
			<str id="top">678EB8</str>
			<str id="bottom">FFCF54</str>
		</object>
		<object id="sources">
			<int id="LA513JAO0J5220P">1</int>
			<int id="LA514HDC2J52TOU">1</int>
			<int id="LA5136CE0J52562">1</int>
			<int id="LA5140E01J52TLO">1</int>
			<int id="LA512SK50J52F8M">1</int>
			<int id="LA5134PC0J52VC3">1</int>
		</object>
		<str id="music_file"></str>
		<bool id="wall_jump">false</bool>
		<bool id="no_zoom">false</bool>
	</object>
</game_object>
