<game_object tsid="GA515H6TSC424T9" ts="1337668990507" label="Dust Path 1B" class_tsid="" lastUpdateTime="1337668980439" upd_gs="gs8" load_time="2012-05-21 22:58:37.380" upd_time="2012-05-21 23:38:50.665">
	<object id="dynamic">
		<int id="l">-3000</int>
		<int id="r">3000</int>
		<int id="t">-1000</int>
		<int id="b">0</int>
		<str id="label">Dust Path 1B</str>
		<str id="swf_file">groddle1.swf</str>
		<object id="layers">
			<object id="T_1307741552441">
				<object id="decos">
					<object id="cloud_fluffy_2_1307984015710">
						<int id="w">1069</int>
						<str id="sprite_class">cloud_fluffy_2</str>
						<int id="x">3181</int>
						<int id="y">720</int>
						<int id="h">114</int>
						<str id="name">cloud_fluffy_2_1307749098529</str>
						<int id="z">13</int>
					</object>
					<object id="heights_bush_4_1308041830263">
						<int id="w">678</int>
						<str id="sprite_class">heights_bush_4</str>
						<int id="x">905</int>
						<int id="y">770</int>
						<int id="h">25</int>
						<str id="name">heights_bush_4_1307741552494</str>
						<int id="z">9</int>
					</object>
					<object id="cloud_fluffy_2_1307984015709">
						<int id="w">964</int>
						<str id="sprite_class">cloud_fluffy_2</str>
						<int id="x">1321</int>
						<int id="y">751</int>
						<int id="h">82</int>
						<str id="name">cloud_fluffy_2_1307749098529</str>
						<int id="z">19</int>
					</object>
					<object id="heights_bush_3_1307749098533">
						<int id="w">114</int>
						<str id="sprite_class">heights_bush_3</str>
						<int id="x">4683</int>
						<int id="y">793</int>
						<int id="h">40</int>
						<str id="name">heights_bush_3_1307741552495</str>
						<int id="z">5</int>
					</object>
					<object id="cloud_fluffy_1_1307984015706">
						<int id="w">539</int>
						<str id="sprite_class">cloud_fluffy_1</str>
						<int id="x">3601</int>
						<int id="y">743</int>
						<int id="h">59</int>
						<str id="name">cloud_fluffy_1_1307749098737</str>
						<int id="z">15</int>
					</object>
					<object id="heights_bush_4_1307749098536">
						<int id="w">340</int>
						<str id="sprite_class">heights_bush_4</str>
						<int id="x">4569</int>
						<int id="y">791</int>
						<int id="h">37</int>
						<str id="name">heights_bush_4_1307741552494</str>
						<int id="z">2</int>
					</object>
					<object id="heights_bush_4_1307749098584">
						<int id="w">340</int>
						<str id="sprite_class">heights_bush_4</str>
						<int id="r">3</int>
						<int id="x">3684</int>
						<int id="y">787</int>
						<int id="h">37</int>
						<str id="name">heights_bush_4_1307741552494</str>
						<int id="z">3</int>
					</object>
					<object id="heights_bush_4_1307749098587">
						<bool id="h_flip">true</bool>
						<int id="w">423</int>
						<str id="sprite_class">heights_bush_4</str>
						<int id="r">2</int>
						<int id="x">4138</int>
						<int id="y">785</int>
						<int id="h">24</int>
						<str id="name">heights_bush_4_1307741552494</str>
						<int id="z">7</int>
					</object>
					<object id="heights_bush_4_1307749098699">
						<int id="w">340</int>
						<str id="sprite_class">heights_bush_4</str>
						<int id="r">2</int>
						<int id="x">627</int>
						<int id="y">780</int>
						<int id="h">37</int>
						<str id="name">heights_bush_4_1307741552494</str>
						<int id="z">8</int>
					</object>
					<object id="cloud_fluffy_1_1307984015705">
						<int id="w">798</int>
						<str id="sprite_class">cloud_fluffy_1</str>
						<int id="x">2339</int>
						<int id="y">729</int>
						<int id="h">119</int>
						<str id="name">cloud_fluffy_1_1307749098737</str>
						<int id="z">16</int>
					</object>
					<object id="cloud_fluffy_2_1307984015711">
						<int id="w">1069</int>
						<str id="sprite_class">cloud_fluffy_2</str>
						<int id="x">4644</int>
						<int id="y">733</int>
						<int id="h">114</int>
						<str id="name">cloud_fluffy_2_1307749098529</str>
						<int id="z">12</int>
					</object>
					<object id="cloud_fluffy_1_1307984015708">
						<int id="w">944</int>
						<str id="sprite_class">cloud_fluffy_1</str>
						<int id="x">465</int>
						<int id="y">743</int>
						<int id="h">119</int>
						<str id="name">cloud_fluffy_1_1307749098737</str>
						<int id="z">14</int>
					</object>
					<object id="heights_bush_4_1307749098585">
						<int id="w">381</int>
						<str id="sprite_class">heights_bush_4</str>
						<int id="x">3863</int>
						<int id="y">779</int>
						<int id="h">25</int>
						<str id="name">heights_bush_4_1307741552494</str>
						<int id="z">4</int>
					</object>
					<object id="heights_bush_4_1307749098535">
						<int id="w">340</int>
						<str id="sprite_class">heights_bush_4</str>
						<int id="x">4742</int>
						<int id="y">788</int>
						<int id="h">37</int>
						<str id="name">heights_bush_4_1307741552494</str>
						<int id="z">1</int>
					</object>
					<object id="heights_bush_4_1307749098534">
						<int id="w">340</int>
						<str id="sprite_class">heights_bush_4</str>
						<int id="r">2</int>
						<int id="x">4996</int>
						<int id="y">789</int>
						<int id="h">37</int>
						<str id="name">heights_bush_4_1307741552494</str>
						<int id="z">0</int>
					</object>
					<object id="heights_bush_4_1307987031097">
						<int id="w">453</int>
						<str id="sprite_class">heights_bush_4</str>
						<int id="x">1567</int>
						<int id="y">777</int>
						<int id="h">22</int>
						<str id="name">heights_bush_4_1307741552494</str>
						<int id="z">17</int>
					</object>
					<object id="heights_bush_3_1307749098537">
						<int id="w">114</int>
						<str id="sprite_class">heights_bush_3</str>
						<int id="x">4941</int>
						<int id="y">794</int>
						<int id="h">40</int>
						<str id="name">heights_bush_3_1307741552495</str>
						<int id="z">6</int>
					</object>
					<object id="heights_bush_4_1307749098700">
						<int id="w">502</int>
						<str id="sprite_class">heights_bush_4</str>
						<int id="r">-2</int>
						<int id="x">353</int>
						<int id="y">768</int>
						<int id="h">28</int>
						<str id="name">heights_bush_4_1307741552494</str>
						<int id="z">11</int>
					</object>
					<object id="heights_bush_4_1308041830333">
						<bool id="h_flip">true</bool>
						<int id="w">490</int>
						<str id="sprite_class">heights_bush_4</str>
						<int id="x">1313</int>
						<int id="y">777</int>
						<int id="h">26</int>
						<str id="name">heights_bush_4_1307741552494</str>
						<int id="z">18</int>
					</object>
				</object>
				<int id="w">5160</int>
				<int id="h">1000</int>
				<int id="z">-5</int>
				<str id="name">sky</str>
				<object id="filtersNEW">
					<object id="saturation">
						<int id="value">-60</int>
					</object>
					<object id="tintColor">
						<int id="value">16763904</int>
					</object>
					<object id="blur">
						<int id="value">3</int>
					</object>
					<object id="brightness">
						<int id="value">19</int>
					</object>
					<object id="contrast">
						<int id="value">-10</int>
					</object>
					<object id="tintAmount">
						<int id="value">80</int>
					</object>
				</object>
			</object>
			<object id="T_1307741552440">
				<object id="decos">
					<object id="lens_grass_1_1307741552465">
						<int id="w">1317</int>
						<str id="sprite_class">lens_grass_1</str>
						<int id="r">1</int>
						<int id="x">871</int>
						<int id="y">861</int>
						<int id="h">86</int>
						<str id="name">lens_grass_1_1307741552445</str>
						<int id="z">8</int>
					</object>
					<object id="alakol_water_rock_2_1308041830262">
						<int id="w">62</int>
						<str id="sprite_class">alakol_water_rock_2</str>
						<int id="x">3860</int>
						<int id="y">798</int>
						<int id="h">26</int>
						<str id="name">alakol_water_rock_2_1307749098574</str>
						<int id="z">45</int>
					</object>
					<object id="lens_grass_2_1307749098467">
						<int id="w">1280</int>
						<str id="sprite_class">lens_grass_2</str>
						<int id="r">1</int>
						<int id="x">4675</int>
						<int id="y">869</int>
						<int id="h">73</int>
						<str id="name">lens_grass_2_1307741552444</str>
						<int id="z">14</int>
					</object>
					<object id="lens_grass_2_1307741552468">
						<int id="w">1392</int>
						<str id="sprite_class">lens_grass_2</str>
						<int id="x">1421</int>
						<int id="y">855</int>
						<int id="h">75</int>
						<str id="name">lens_grass_2_1307741552444</str>
						<int id="z">5</int>
					</object>
					<object id="lens_grass_1_1307992844141">
						<int id="w">103</int>
						<str id="sprite_class">lens_grass_1</str>
						<int id="x">3608</int>
						<int id="y">820</int>
						<int id="h">16</int>
						<str id="name">lens_grass_1_1307987031014</str>
						<int id="z">51</int>
					</object>
					<object id="lens_grass_2_1307741552470">
						<int id="w">1348</int>
						<str id="sprite_class">lens_grass_2</str>
						<int id="r">1</int>
						<int id="x">2667</int>
						<int id="y">863</int>
						<int id="h">73</int>
						<str id="name">lens_grass_2_1307741552444</str>
						<int id="z">4</int>
					</object>
					<object id="lens_grass_1_1307987031065">
						<int id="w">125</int>
						<str id="sprite_class">lens_grass_1</str>
						<int id="x">4932</int>
						<int id="y">828</int>
						<int id="h">20</int>
						<str id="name">lens_grass_1_1307987031014</str>
						<int id="z">40</int>
					</object>
					<object id="lens_grass_1_1307987031043">
						<int id="w">125</int>
						<str id="sprite_class">lens_grass_1</str>
						<int id="x">703</int>
						<int id="y">792</int>
						<int id="h">20</int>
						<str id="name">lens_grass_1_1307987031014</str>
						<int id="z">9</int>
					</object>
					<object id="pampas_2_1308041830332">
						<int id="w">9</int>
						<str id="sprite_class">pampas_2</str>
						<int id="r">20</int>
						<int id="x">369</int>
						<int id="y">786</int>
						<int id="h">14</int>
						<str id="name">pampas_2_1307749098499</str>
						<int id="z">18</int>
					</object>
					<object id="lens_grass_1_1307992844139">
						<int id="w">103</int>
						<str id="sprite_class">lens_grass_1</str>
						<int id="x">3551</int>
						<int id="y">816</int>
						<int id="h">16</int>
						<str id="name">lens_grass_1_1307987031014</str>
						<int id="z">50</int>
					</object>
					<object id="lens_grass_1_1307741552469">
						<int id="w">1229</int>
						<str id="sprite_class">lens_grass_1</str>
						<int id="x">3174</int>
						<int id="y">865</int>
						<int id="h">66</int>
						<str id="name">lens_grass_1_1307741552445</str>
						<int id="z">13</int>
					</object>
					<object id="pampas_2_1307749098555">
						<int id="w">10</int>
						<str id="sprite_class">pampas_2</str>
						<int id="x">4565</int>
						<int id="y">801</int>
						<int id="h">15</int>
						<str id="name">pampas_2_1307749098499</str>
						<int id="z">20</int>
					</object>
					<object id="lens_grass_1_1307987031066">
						<int id="w">125</int>
						<str id="sprite_class">lens_grass_1</str>
						<int id="x">4978</int>
						<int id="y">833</int>
						<int id="h">20</int>
						<str id="name">lens_grass_1_1307987031014</str>
						<int id="z">41</int>
					</object>
					<object id="tree_acacia_2_1308041830336">
						<int id="w">338</int>
						<str id="sprite_class">tree_acacia_2</str>
						<int id="x">2720</int>
						<int id="y">809</int>
						<int id="h">189</int>
						<str id="name">tree_acacia_2_1307749098540</str>
						<int id="z">35</int>
					</object>
					<object id="alakol_water_rock_2_1307992844133">
						<int id="w">61</int>
						<str id="sprite_class">alakol_water_rock_2</str>
						<int id="x">3847</int>
						<int id="y">806</int>
						<int id="h">27</int>
						<str id="name">alakol_water_rock_2_1307749098574</str>
						<int id="z">46</int>
					</object>
					<object id="lens_grass_2_1307741552466">
						<int id="w">1202</int>
						<str id="sprite_class">lens_grass_2</str>
						<int id="x">232</int>
						<int id="y">838</int>
						<int id="h">72</int>
						<str id="name">lens_grass_2_1307741552444</str>
						<int id="z">7</int>
					</object>
					<object id="lens_grass_1_1307987031062">
						<int id="w">125</int>
						<str id="sprite_class">lens_grass_1</str>
						<int id="x">5009</int>
						<int id="y">815</int>
						<int id="h">20</int>
						<str id="name">lens_grass_1_1307987031014</str>
						<int id="z">37</int>
					</object>
					<object id="pampas_2_1308041830330">
						<int id="w">32</int>
						<str id="sprite_class">pampas_2</str>
						<int id="x">725</int>
						<int id="y">538</int>
						<int id="h">49</int>
						<str id="name">pampas_2_1307749098499</str>
						<int id="z">55</int>
					</object>
					<object id="lens_grass_1_1307987031067">
						<int id="w">125</int>
						<str id="sprite_class">lens_grass_1</str>
						<int id="x">4763</int>
						<int id="y">835</int>
						<int id="h">20</int>
						<str id="name">lens_grass_1_1307987031014</str>
						<int id="z">42</int>
					</object>
					<object id="tree_acacia_2_1307749098706">
						<int id="w">300</int>
						<str id="sprite_class">tree_acacia_2</str>
						<int id="x">364</int>
						<int id="y">790</int>
						<int id="h">168</int>
						<str id="name">tree_acacia_2_1307749098540</str>
						<int id="z">34</int>
					</object>
					<object id="lens_grass_1_1307749098466">
						<int id="w">1282</int>
						<str id="sprite_class">lens_grass_1</str>
						<int id="r">1</int>
						<int id="x">5326</int>
						<int id="y">875</int>
						<int id="h">80</int>
						<str id="name">lens_grass_1_1307741552445</str>
						<int id="z">1</int>
					</object>
					<object id="lens_grass_1_1307987031044">
						<int id="w">125</int>
						<str id="sprite_class">lens_grass_1</str>
						<int id="x">769</int>
						<int id="y">797</int>
						<int id="h">20</int>
						<str id="name">lens_grass_1_1307987031014</str>
						<int id="z">10</int>
					</object>
					<object id="lens_grass_1_1307992844143">
						<int id="w">103</int>
						<str id="sprite_class">lens_grass_1</str>
						<int id="x">3633</int>
						<int id="y">821</int>
						<int id="h">16</int>
						<str id="name">lens_grass_1_1307987031014</str>
						<int id="z">52</int>
					</object>
					<object id="alakol_water_rock_1_1307992844134">
						<int id="w">28</int>
						<str id="sprite_class">alakol_water_rock_1</str>
						<int id="x">3868</int>
						<int id="y">806</int>
						<int id="h">23</int>
						<str id="name">alakol_water_rock_1_1307749098577</str>
						<int id="z">48</int>
					</object>
					<object id="tree_acacia_2_1307992844131">
						<int id="w">301</int>
						<str id="sprite_class">tree_acacia_2</str>
						<int id="x">4481</int>
						<int id="y">816</int>
						<int id="h">169</int>
						<str id="name">tree_acacia_2_1307749098540</str>
						<int id="z">44</int>
					</object>
					<object id="pampas_2_1308041830331">
						<bool id="h_flip">true</bool>
						<int id="w">10</int>
						<str id="sprite_class">pampas_2</str>
						<int id="r">-10</int>
						<int id="x">350</int>
						<int id="y">790</int>
						<int id="h">15</int>
						<str id="name">pampas_2_1307749098499</str>
						<int id="z">56</int>
					</object>
					<object id="pampas_1_1307749098547">
						<int id="w">8</int>
						<str id="sprite_class">pampas_1</str>
						<int id="x">5464</int>
						<int id="y">824</int>
						<int id="h">11</int>
						<str id="name">pampas_1_1307749098498</str>
						<int id="z">15</int>
					</object>
					<object id="pampas_2_1307749098558">
						<int id="w">13</int>
						<str id="sprite_class">pampas_2</str>
						<int id="x">4489</int>
						<int id="y">814</int>
						<int id="h">20</int>
						<str id="name">pampas_2_1307749098499</str>
						<int id="z">21</int>
					</object>
					<object id="tree_acacia_4_1307749098568">
						<int id="w">228</int>
						<str id="sprite_class">tree_acacia_4</str>
						<int id="x">4537</int>
						<int id="y">802</int>
						<int id="h">174</int>
						<str id="name">tree_acacia_4_1307749098538</str>
						<int id="z">17</int>
					</object>
					<object id="lens_grass_1_1307741552471">
						<int id="w">1172</int>
						<str id="sprite_class">lens_grass_1</str>
						<int id="x">4124</int>
						<int id="y">856</int>
						<int id="h">71</int>
						<str id="name">lens_grass_1_1307741552445</str>
						<int id="z">3</int>
					</object>
					<object id="lens_grass_1_1307987031064">
						<int id="w">125</int>
						<str id="sprite_class">lens_grass_1</str>
						<int id="x">4871</int>
						<int id="y">820</int>
						<int id="h">20</int>
						<str id="name">lens_grass_1_1307987031014</str>
						<int id="z">38</int>
					</object>
					<object id="lens_grass_1_1307987031063">
						<int id="w">125</int>
						<str id="sprite_class">lens_grass_1</str>
						<int id="x">4952</int>
						<int id="y">822</int>
						<int id="h">20</int>
						<str id="name">lens_grass_1_1307987031014</str>
						<int id="z">39</int>
					</object>
					<object id="lens_grass_1_1307987031046">
						<int id="w">97</int>
						<str id="sprite_class">lens_grass_1</str>
						<int id="x">799</int>
						<int id="y">815</int>
						<int id="h">24</int>
						<str id="name">lens_grass_1_1307987031014</str>
						<int id="z">12</int>
					</object>
					<object id="lens_grass_1_1307992844142">
						<int id="w">103</int>
						<str id="sprite_class">lens_grass_1</str>
						<int id="x">3582</int>
						<int id="y">827</int>
						<int id="h">16</int>
						<str id="name">lens_grass_1_1307987031014</str>
						<int id="z">53</int>
					</object>
					<object id="lens_grass_1_1307987031045">
						<int id="w">97</int>
						<str id="sprite_class">lens_grass_1</str>
						<int id="x">760</int>
						<int id="y">808</int>
						<int id="h">24</int>
						<str id="name">lens_grass_1_1307987031014</str>
						<int id="z">11</int>
					</object>
					<object id="alakol_water_rock_1_1307992844132">
						<int id="w">44</int>
						<str id="sprite_class">alakol_water_rock_1</str>
						<int id="x">3878</int>
						<int id="y">806</int>
						<int id="h">23</int>
						<str id="name">alakol_water_rock_1_1307749098577</str>
						<int id="z">47</int>
					</object>
					<object id="lens_grass_1_1307987031049">
						<int id="w">117</int>
						<str id="sprite_class">lens_grass_1</str>
						<int id="x">260</int>
						<int id="y">785</int>
						<int id="h">17</int>
						<str id="name">lens_grass_1_1307987031014</str>
						<int id="z">30</int>
					</object>
					<object id="lens_grass_1_1307992844138">
						<int id="w">103</int>
						<str id="sprite_class">lens_grass_1</str>
						<int id="x">3498</int>
						<int id="y">813</int>
						<int id="h">16</int>
						<str id="name">lens_grass_1_1307987031014</str>
						<int id="z">49</int>
					</object>
					<object id="heights_bush_2_1307992844144">
						<bool id="h_flip">true</bool>
						<int id="w">27</int>
						<str id="sprite_class">heights_bush_2</str>
						<int id="x">3849</int>
						<int id="y">805</int>
						<int id="h">13</int>
						<str id="name">heights_bush_2_1307741552493</str>
						<int id="z">54</int>
					</object>
					<object id="gravel_2_1307749098656">
						<int id="w">24</int>
						<str id="sprite_class">gravel_2</str>
						<int id="x">78</int>
						<int id="y">796</int>
						<int id="h">13</int>
						<str id="name">gravel_2_1307741552484</str>
						<int id="z">29</int>
					</object>
					<object id="lens_grass_2_1307741552472">
						<int id="w">1242</int>
						<str id="sprite_class">lens_grass_2</str>
						<int id="r">-2</int>
						<int id="x">3671</int>
						<int id="y">851</int>
						<int id="h">59</int>
						<str id="name">lens_grass_2_1307741552444</str>
						<int id="z">2</int>
					</object>
					<object id="lens_grass_1_1307987031048">
						<int id="w">97</int>
						<str id="sprite_class">lens_grass_1</str>
						<int id="x">305</int>
						<int id="y">793</int>
						<int id="h">24</int>
						<str id="name">lens_grass_1_1307987031014</str>
						<int id="z">31</int>
					</object>
					<object id="lens_grass_1_1307741552467">
						<int id="w">1426</int>
						<str id="sprite_class">lens_grass_1</str>
						<int id="r">1</int>
						<int id="x">2073</int>
						<int id="y">860</int>
						<int id="h">77</int>
						<str id="name">lens_grass_1_1307741552445</str>
						<int id="z">6</int>
					</object>
					<object id="lens_grass_1_1307987031051">
						<int id="w">99</int>
						<str id="sprite_class">lens_grass_1</str>
						<int id="x">186</int>
						<int id="y">790</int>
						<int id="h">22</int>
						<str id="name">lens_grass_1_1307987031014</str>
						<int id="z">33</int>
					</object>
					<object id="lens_grass_1_1307987031050">
						<int id="w">99</int>
						<str id="sprite_class">lens_grass_1</str>
						<int id="x">302</int>
						<int id="y">807</int>
						<int id="h">27</int>
						<str id="name">lens_grass_1_1307987031014</str>
						<int id="z">32</int>
					</object>
				</object>
				<int id="w">5640</int>
				<int id="h">1000</int>
				<int id="z">-2</int>
				<str id="name">bg_2</str>
				<object id="filtersNEW">
					<object id="brightness">
						<int id="value">20</int>
					</object>
					<object id="saturation">
						<int id="value">10</int>
					</object>
					<object id="tintColor">
						<int id="value">0</int>
					</object>
					<object id="contrast">
						<int id="value">0</int>
					</object>
					<object id="blur">
						<int id="value">1</int>
					</object>
				</object>
			</object>
			<object id="T_1307741552442">
				<object id="decos">
					<object id="alakol_water_rock_1_1308041830327">
						<int id="w">71</int>
						<str id="sprite_class">alakol_water_rock_1</str>
						<int id="x">-98</int>
						<int id="y">747</int>
						<int id="h">21</int>
						<str id="name">alakol_water_rock_1_1307749098577</str>
						<int id="z">30</int>
					</object>
					<object id="lens_grass_2_1307749098468">
						<int id="w">1035</int>
						<str id="sprite_class">lens_grass_2</str>
						<int id="r">1</int>
						<int id="x">5247</int>
						<int id="y">850</int>
						<int id="h">71</int>
						<str id="name">lens_grass_2_1307741552444</str>
						<int id="z">2</int>
					</object>
					<object id="heights_bush_1_1307987031091">
						<int id="w">14</int>
						<str id="sprite_class">heights_bush_1</str>
						<int id="x">3148</int>
						<int id="y">786</int>
						<int id="h">8</int>
						<str id="name">heights_bush_1_1307741552492</str>
						<int id="z">40</int>
					</object>
					<object id="tree_acacia_3_1307749098588">
						<int id="w">75</int>
						<str id="sprite_class">tree_acacia_3</str>
						<int id="x">4419</int>
						<int id="y">782</int>
						<int id="h">34</int>
						<str id="name">tree_acacia_3_1307749098496</str>
						<int id="z">21</int>
					</object>
					<object id="tree_acacia_3_1308041830335">
						<int id="w">75</int>
						<str id="sprite_class">tree_acacia_3</str>
						<int id="x">3149</int>
						<int id="y">782</int>
						<int id="h">34</int>
						<str id="name">tree_acacia_3_1307749098496</str>
						<int id="z">39</int>
					</object>
					<object id="tree_acacia_1_1307749098703">
						<int id="w">38</int>
						<str id="sprite_class">tree_acacia_1</str>
						<int id="x">183</int>
						<int id="y">758</int>
						<int id="h">24</int>
						<str id="name">tree_acacia_1_1307749098552</str>
						<int id="z">22</int>
					</object>
					<object id="lens_grass_1_1307749098469">
						<int id="w">1140</int>
						<str id="sprite_class">lens_grass_1</str>
						<int id="x">4776</int>
						<int id="y">857</int>
						<int id="h">78</int>
						<str id="name">lens_grass_1_1307741552445</str>
						<int id="z">3</int>
					</object>
					<object id="heights_bush_2_1307987031092">
						<int id="w">18</int>
						<str id="sprite_class">heights_bush_2</str>
						<int id="x">3157</int>
						<int id="y">786</int>
						<int id="h">8</int>
						<str id="name">heights_bush_2_1307741552493</str>
						<int id="z">27</int>
					</object>
					<object id="alakol_water_rock_1_1307749098579">
						<int id="w">31</int>
						<str id="sprite_class">alakol_water_rock_1</str>
						<int id="x">2063</int>
						<int id="y">778</int>
						<int id="h">9</int>
						<str id="name">alakol_water_rock_1_1307749098577</str>
						<int id="z">20</int>
					</object>
					<object id="tree_acacia_2_1307749098589">
						<int id="w">61</int>
						<str id="sprite_class">tree_acacia_2</str>
						<int id="x">3831</int>
						<int id="y">775</int>
						<int id="h">34</int>
						<str id="name">tree_acacia_2_1307749098540</str>
						<int id="z">17</int>
					</object>
					<object id="lens_grass_2_1307749098475">
						<int id="w">1009</int>
						<str id="sprite_class">lens_grass_2</str>
						<int id="x">3136</int>
						<int id="y">831</int>
						<int id="h">55</int>
						<str id="name">lens_grass_2_1307741552444</str>
						<int id="z">5</int>
					</object>
					<object id="lens_grass_2_1307749098479">
						<int id="w">1152</int>
						<str id="sprite_class">lens_grass_2</str>
						<int id="r">1</int>
						<int id="x">1435</int>
						<int id="y">828</int>
						<int id="h">68</int>
						<str id="name">lens_grass_2_1307741552444</str>
						<int id="z">8</int>
					</object>
					<object id="alakol_water_rock_2_1307749098576">
						<int id="w">42</int>
						<str id="sprite_class">alakol_water_rock_2</str>
						<int id="x">2075</int>
						<int id="y">777</int>
						<int id="h">10</int>
						<str id="name">alakol_water_rock_2_1307749098574</str>
						<int id="z">19</int>
					</object>
					<object id="heights_bush_1_1307987031093">
						<int id="w">12</int>
						<str id="sprite_class">heights_bush_1</str>
						<int id="x">3139</int>
						<int id="y">785</int>
						<int id="h">6</int>
						<str id="name">heights_bush_1_1307741552492</str>
						<int id="z">28</int>
					</object>
					<object id="alakol_cliff_1_1308041830325">
						<int id="w">283</int>
						<str id="sprite_class">alakol_cliff_1</str>
						<int id="r">-1</int>
						<int id="x">-2</int>
						<int id="y">761</int>
						<int id="h">26</int>
						<str id="name">alakol_cliff_1_1307749098572</str>
						<int id="z">32</int>
					</object>
					<object id="alakol_water_rock_1_1307987031088">
						<int id="w">38</int>
						<str id="sprite_class">alakol_water_rock_1</str>
						<int id="x">2086</int>
						<int id="y">780</int>
						<int id="h">11</int>
						<str id="name">alakol_water_rock_1_1307749098577</str>
						<int id="z">24</int>
					</object>
					<object id="alakol_water_rock_2_1308041830322">
						<int id="w">66</int>
						<str id="sprite_class">alakol_water_rock_2</str>
						<int id="x">127</int>
						<int id="y">765</int>
						<int id="h">15</int>
						<str id="name">alakol_water_rock_2_1307749098574</str>
						<int id="z">35</int>
					</object>
					<object id="alakol_water_rock_2_1308041830323">
						<int id="w">72</int>
						<str id="sprite_class">alakol_water_rock_2</str>
						<int id="x">-70</int>
						<int id="y">767</int>
						<int id="h">28</int>
						<str id="name">alakol_water_rock_2_1307749098574</str>
						<int id="z">34</int>
					</object>
					<object id="tree_acacia_1_1307749098541">
						<int id="w">61</int>
						<str id="sprite_class">tree_acacia_1</str>
						<int id="x">4811</int>
						<int id="y">783</int>
						<int id="h">38</int>
						<str id="name">tree_acacia_1_1307749098541</str>
						<int id="z">18</int>
					</object>
					<object id="tree_acacia_4_1308041830339">
						<int id="w">46</int>
						<str id="sprite_class">tree_acacia_4</str>
						<int id="r">1</int>
						<int id="x">2572</int>
						<int id="y">777</int>
						<int id="h">38</int>
						<str id="name">tree_acacia_4_1307749098538</str>
						<int id="z">14</int>
					</object>
					<object id="lens_grass_2_1307749098481">
						<int id="w">934</int>
						<str id="sprite_class">lens_grass_2</str>
						<int id="r">1</int>
						<int id="x">67</int>
						<int id="y">816</int>
						<int id="h">71</int>
						<str id="name">lens_grass_2_1307741552444</str>
						<int id="z">10</int>
					</object>
					<object id="alakol_water_rock_1_1308037220491">
						<int id="w">35</int>
						<str id="sprite_class">alakol_water_rock_1</str>
						<int id="x">1427</int>
						<int id="y">776</int>
						<int id="h">10</int>
						<str id="name">alakol_water_rock_1_1307749098577</str>
						<int id="z">26</int>
					</object>
					<object id="alakol_water_rock_1_1308041830328">
						<int id="w">45</int>
						<str id="sprite_class">alakol_water_rock_1</str>
						<int id="x">66</int>
						<int id="y">733</int>
						<int id="h">28</int>
						<str id="name">alakol_water_rock_1_1307749098577</str>
						<int id="z">29</int>
					</object>
					<object id="heights_bush_2_1308041830319">
						<int id="w">26</int>
						<str id="sprite_class">heights_bush_2</str>
						<int id="x">-170</int>
						<int id="y">764</int>
						<int id="h">12</int>
						<str id="name">heights_bush_2_1307741552493</str>
						<int id="z">38</int>
					</object>
					<object id="tree_acacia_4_1307749098539">
						<int id="w">46</int>
						<str id="sprite_class">tree_acacia_4</str>
						<int id="x">5267</int>
						<int id="y">785</int>
						<int id="h">35</int>
						<str id="name">tree_acacia_4_1307749098538</str>
						<int id="z">15</int>
					</object>
					<object id="alakol_water_rock_1_1308041830321">
						<int id="w">28</int>
						<str id="sprite_class">alakol_water_rock_1</str>
						<int id="x">-159</int>
						<int id="y">763</int>
						<int id="h">23</int>
						<str id="name">alakol_water_rock_1_1307749098577</str>
						<int id="z">36</int>
					</object>
					<object id="tree_acacia_4_1307987031068">
						<bool id="h_flip">true</bool>
						<int id="w">44</int>
						<str id="sprite_class">tree_acacia_4</str>
						<int id="r">1</int>
						<int id="x">3761</int>
						<int id="y">775</int>
						<int id="h">37</int>
						<str id="name">tree_acacia_4_1307749098538</str>
						<int id="z">13</int>
					</object>
					<object id="lens_grass_1_1307749098480">
						<int id="w">1063</int>
						<str id="sprite_class">lens_grass_1</str>
						<int id="x">449</int>
						<int id="y">838</int>
						<int id="h">85</int>
						<str id="name">lens_grass_1_1307741552445</str>
						<int id="z">11</int>
					</object>
					<object id="alakol_water_rock_1_1308041830340">
						<int id="w">30</int>
						<str id="sprite_class">alakol_water_rock_1</str>
						<int id="x">2582</int>
						<int id="y">779</int>
						<int id="h">8</int>
						<str id="name">alakol_water_rock_1_1307749098577</str>
						<int id="z">25</int>
					</object>
					<object id="tree_acacia_3_1307749098704">
						<int id="w">61</int>
						<str id="sprite_class">tree_acacia_3</str>
						<int id="x">442</int>
						<int id="y">758</int>
						<int id="h">28</int>
						<str id="name">tree_acacia_3_1307749098496</str>
						<int id="z">23</int>
					</object>
					<object id="alakol_water_rock_1_1308041830320">
						<int id="w">44</int>
						<str id="sprite_class">alakol_water_rock_1</str>
						<int id="x">45</int>
						<int id="y">764</int>
						<int id="h">13</int>
						<str id="name">alakol_water_rock_1_1307749098577</str>
						<int id="z">37</int>
					</object>
					<object id="lens_grass_1_1307749098472">
						<int id="w">1289</int>
						<str id="sprite_class">lens_grass_1</str>
						<int id="x">3702</int>
						<int id="y">850</int>
						<int id="h">81</int>
						<str id="name">lens_grass_1_1307741552445</str>
						<int id="z">4</int>
					</object>
					<object id="alakol_cliff_2_1308041830324">
						<int id="w">96</int>
						<str id="sprite_class">alakol_cliff_2</str>
						<int id="x">59</int>
						<int id="y">742</int>
						<int id="h">18</int>
						<str id="name">alakol_cliff_2_1307749098573</str>
						<int id="z">33</int>
					</object>
					<object id="lens_grass_1_1307749098478">
						<int id="w">1089</int>
						<str id="sprite_class">lens_grass_1</str>
						<int id="x">892</int>
						<int id="y">827</int>
						<int id="h">69</int>
						<str id="name">lens_grass_1_1307741552445</str>
						<int id="z">9</int>
					</object>
					<object id="lens_grass_2_1307749098477">
						<int id="w">1106</int>
						<str id="sprite_class">lens_grass_2</str>
						<int id="r">1</int>
						<int id="x">2474</int>
						<int id="y">806</int>
						<int id="h">36</int>
						<str id="name">lens_grass_2_1307741552444</str>
						<int id="z">0</int>
					</object>
					<object id="alakol_water_rock_2_1308041830326">
						<int id="w">89</int>
						<str id="sprite_class">alakol_water_rock_2</str>
						<int id="x">29</int>
						<int id="y">743</int>
						<int id="h">35</int>
						<str id="name">alakol_water_rock_2_1307749098574</str>
						<int id="z">31</int>
					</object>
					<object id="lens_grass_2_1307749098473">
						<int id="w">1258</int>
						<str id="sprite_class">lens_grass_2</str>
						<int id="r">1</int>
						<int id="x">4283</int>
						<int id="y">841</int>
						<int id="h">71</int>
						<str id="name">lens_grass_2_1307741552444</str>
						<int id="z">1</int>
					</object>
					<object id="tree_acacia_2_1307749098540">
						<int id="w">62</int>
						<str id="sprite_class">tree_acacia_2</str>
						<int id="x">4865</int>
						<int id="y">787</int>
						<int id="h">35</int>
						<str id="name">tree_acacia_2_1307749098540</str>
						<int id="z">16</int>
					</object>
					<object id="lens_grass_1_1307749098476">
						<int id="w">1212</int>
						<str id="sprite_class">lens_grass_1</str>
						<int id="x">1869</int>
						<int id="y">832</int>
						<int id="h">68</int>
						<str id="name">lens_grass_1_1307741552445</str>
						<int id="z">7</int>
					</object>
					<object id="lens_grass_1_1307749098474">
						<int id="w">1322</int>
						<str id="sprite_class">lens_grass_1</str>
						<int id="x">2721</int>
						<int id="y">860</int>
						<int id="h">85</int>
						<str id="name">lens_grass_1_1307741552445</str>
						<int id="z">6</int>
					</object>
					<object id="tree_acacia_4_1307749098591">
						<bool id="h_flip">true</bool>
						<int id="w">54</int>
						<str id="sprite_class">tree_acacia_4</str>
						<int id="x">3857</int>
						<int id="y">778</int>
						<int id="h">52</int>
						<str id="name">tree_acacia_4_1307749098538</str>
						<int id="z">12</int>
					</object>
				</object>
				<int id="w">5400</int>
				<int id="h">1000</int>
				<int id="z">-3</int>
				<str id="name">bg_3</str>
				<object id="filtersNEW">
					<object id="brightness">
						<int id="value">25</int>
					</object>
					<object id="saturation">
						<int id="value">6</int>
					</object>
					<object id="tintColor">
						<int id="value">0</int>
					</object>
					<object id="contrast">
						<int id="value">0</int>
					</object>
					<object id="blur">
						<int id="value">2</int>
					</object>
				</object>
			</object>
			<object id="middleground">
				<object id="doors">
				</object>
				<int id="h">1000</int>
				<object id="boxes">
				</object>
				<object id="signposts">
					<object id="signpost_1">
						<int id="y">-102</int>
						<object id="connects">
							<object id="0">
								<str id="swf_file_versioned">http://c2.glitch.bz/locations/groddle1/1316726082.swf</str>
								<int id="x">2540</int>
								<int id="y">-140</int>
								<str id="mote_id">9</str>
								<str id="hub_id">86</str>
								<objref id="target" tsid="LA5THPDOLK42GRD" label="Stake Claim Rd C"/>
							</object>
							<object id="1">
								<str id="swf_file_versioned">http://c2.glitch.bz/locations/groddle1/1316726082.swf</str>
								<int id="x">-2580</int>
								<int id="y">-420</int>
								<str id="mote_id">9</str>
								<str id="hub_id">86</str>
								<objref id="target" tsid="LA51DET7GF42FKO" label="Dust Path 1C"/>
							</object>
							<object id="2">
								<str id="swf_file_versioned">http://c2.glitch.bz/locations/groddle1/1316726082.swf</str>
								<int id="x">-2730</int>
								<int id="y">-115</int>
								<str id="mote_id">9</str>
								<str id="hub_id">86</str>
								<objref id="target" tsid="LA5147JHJC424OI" label="Stake Claim Rd D"/>
							</object>
						</object>
						<int id="h">200</int>
						<str id="id">signpost_1</str>
						<int id="w">100</int>
						<int id="x">2585</int>
					</object>
					<object id="signpost_2">
						<int id="y">-70</int>
						<object id="connects">
							<object id="0">
								<str id="swf_file_versioned">http://c2.glitch.bz/locations/groddle1/1316726082.swf</str>
								<int id="x">2480</int>
								<int id="y">-105</int>
								<str id="mote_id">9</str>
								<str id="hub_id">86</str>
								<objref id="target" tsid="LA5P9MNTJK42IJS" label="Dust Path 1A"/>
							</object>
						</object>
						<int id="h">200</int>
						<str id="id">signpost_2</str>
						<int id="w">100</int>
						<int id="x">-2887</int>
					</object>
				</object>
				<object id="filtersNEW">
					<object id="brightness">
						<int id="value">9</int>
					</object>
					<object id="saturation">
						<int id="value">18</int>
					</object>
					<object id="tintColor">
						<int id="value">0</int>
					</object>
					<object id="contrast">
						<int id="value">0</int>
					</object>
				</object>
				<str id="name">middleground</str>
				<object id="targets">
				</object>
				<object id="decos">
					<object id="lens_grass_1_1308041830295">
						<int id="w">465</int>
						<str id="sprite_class">lens_grass_1</str>
						<int id="x">2551</int>
						<int id="y">-4</int>
						<int id="h">78</int>
						<str id="name">lens_grass_1_1307987031014</str>
						<int id="z">25</int>
					</object>
					<object id="lens_grass_1_1307987031061">
						<int id="w">285</int>
						<str id="sprite_class">lens_grass_1</str>
						<int id="r">3</int>
						<int id="x">361</int>
						<int id="y">-81</int>
						<int id="h">55</int>
						<str id="name">lens_grass_1_1307987031014</str>
						<int id="z">21</int>
					</object>
					<object id="lens_grass_1_1307987031029">
						<int id="w">278</int>
						<str id="sprite_class">lens_grass_1</str>
						<int id="x">789</int>
						<int id="y">-14</int>
						<int id="h">54</int>
						<str id="name">lens_grass_1_1307987031014</str>
						<int id="z">18</int>
					</object>
					<object id="lens_grass_1_1307741552445">
						<int id="w">2026</int>
						<str id="sprite_class">lens_grass_1</str>
						<int id="x">-1389</int>
						<int id="y">68</int>
						<int id="h">202</int>
						<str id="name">lens_grass_1_1307741552445</str>
						<int id="z">11</int>
					</object>
					<object id="lens_grass_1_1308041830293">
						<int id="w">465</int>
						<str id="sprite_class">lens_grass_1</str>
						<int id="x">2639</int>
						<int id="y">-29</int>
						<int id="h">78</int>
						<str id="name">lens_grass_1_1307987031014</str>
						<int id="z">6</int>
					</object>
					<object id="lens_grass_2_1307741552446">
						<int id="w">2108</int>
						<str id="sprite_class">lens_grass_2</str>
						<int id="x">-359</int>
						<int id="y">92</int>
						<int id="h">161</int>
						<str id="name">lens_grass_2_1307741552444</str>
						<int id="z">12</int>
					</object>
					<object id="lens_grass_1_1307987031060">
						<int id="w">285</int>
						<str id="sprite_class">lens_grass_1</str>
						<int id="r">1</int>
						<int id="x">460</int>
						<int id="y">-89</int>
						<int id="h">55</int>
						<str id="name">lens_grass_1_1307987031014</str>
						<int id="z">20</int>
					</object>
					<object id="stalagmite_base_3_1308041830259">
						<int id="w">66</int>
						<str id="sprite_class">stalagmite_base_3</str>
						<int id="x">-99</int>
						<int id="y">-39</int>
						<int id="h">13</int>
						<str id="name">stalagmite_base_3_1307741552481</str>
						<int id="z">24</int>
					</object>
					<object id="lens_grass_2_1307741552449">
						<int id="w">2108</int>
						<str id="sprite_class">lens_grass_2</str>
						<int id="x">1543</int>
						<int id="y">90</int>
						<int id="h">161</int>
						<str id="name">lens_grass_2_1307741552444</str>
						<int id="z">14</int>
					</object>
					<object id="lens_grass_1_1308041830294">
						<int id="w">465</int>
						<str id="sprite_class">lens_grass_1</str>
						<int id="x">2910</int>
						<int id="y">-9</int>
						<int id="h">78</int>
						<str id="name">lens_grass_1_1307987031014</str>
						<int id="z">7</int>
					</object>
					<object id="tree_acacia_3_1308041830308">
						<int id="w">1091</int>
						<str id="sprite_class">tree_acacia_3</str>
						<int id="x">-1811</int>
						<int id="y">-105</int>
						<int id="h">499</int>
						<str id="name">tree_acacia_3_1307749098496</str>
						<int id="z">27</int>
					</object>
					<object id="lens_grass_2_1307741552450">
						<int id="w">2108</int>
						<str id="sprite_class">lens_grass_2</str>
						<int id="r">2</int>
						<int id="x">1593</int>
						<int id="y">52</int>
						<int id="h">161</int>
						<str id="name">lens_grass_2_1307741552444</str>
						<int id="z">8</int>
					</object>
					<object id="lens_grass_1_1307987031030">
						<int id="w">285</int>
						<str id="sprite_class">lens_grass_1</str>
						<int id="r">1</int>
						<int id="x">685</int>
						<int id="y">5</int>
						<int id="h">60</int>
						<str id="name">lens_grass_1_1307987031014</str>
						<int id="z">19</int>
					</object>
					<object id="stalagmite_base_3_1308041830260">
						<int id="w">93</int>
						<str id="sprite_class">stalagmite_base_3</str>
						<int id="x">-5</int>
						<int id="y">1</int>
						<int id="h">19</int>
						<str id="name">stalagmite_base_3_1307741552481</str>
						<int id="z">23</int>
					</object>
					<object id="lens_grass_2_1307741552454">
						<int id="w">2108</int>
						<str id="sprite_class">lens_grass_2</str>
						<int id="x">1694</int>
						<int id="y">23</int>
						<int id="h">161</int>
						<str id="name">lens_grass_2_1307741552444</str>
						<int id="z">2</int>
					</object>
					<object id="lens_grass_1_1307741552448">
						<int id="w">2026</int>
						<str id="sprite_class">lens_grass_1</str>
						<int id="x">556</int>
						<int id="y">77</int>
						<int id="h">202</int>
						<str id="name">lens_grass_1_1307741552445</str>
						<int id="z">13</int>
					</object>
					<object id="lens_grass_1_1307987031015">
						<int id="w">560</int>
						<str id="sprite_class">lens_grass_1</str>
						<int id="x">2890</int>
						<int id="y">-24</int>
						<int id="h">111</int>
						<str id="name">lens_grass_1_1307987031014</str>
						<int id="z">5</int>
					</object>
					<object id="tree_acacia_1_1308041830306">
						<int id="w">782</int>
						<str id="sprite_class">tree_acacia_1</str>
						<int id="x">-2766</int>
						<int id="y">-94</int>
						<int id="h">486</int>
						<str id="name">tree_acacia_1_1307749098552</str>
						<int id="z">26</int>
					</object>
					<object id="lens_grass_2_1307741552452">
						<int id="w">2108</int>
						<str id="sprite_class">lens_grass_2</str>
						<int id="x">2875</int>
						<int id="y">18</int>
						<int id="h">151</int>
						<str id="name">lens_grass_2_1307741552444</str>
						<int id="z">3</int>
					</object>
					<object id="lens_grass_2_1307741552455">
						<int id="w">2108</int>
						<str id="sprite_class">lens_grass_2</str>
						<int id="x">-158</int>
						<int id="y">93</int>
						<int id="h">161</int>
						<str id="name">lens_grass_2_1307741552444</str>
						<int id="z">15</int>
					</object>
					<object id="lens_grass_2_1307741552451">
						<int id="w">2108</int>
						<str id="sprite_class">lens_grass_2</str>
						<int id="x">2285</int>
						<int id="y">33</int>
						<int id="h">161</int>
						<str id="name">lens_grass_2_1307741552444</str>
						<int id="z">4</int>
					</object>
					<object id="lens_grass_2_1307741552447">
						<int id="w">2108</int>
						<str id="sprite_class">lens_grass_2</str>
						<int id="x">-73</int>
						<int id="y">25</int>
						<int id="h">161</int>
						<str id="name">lens_grass_2_1307741552444</str>
						<int id="z">9</int>
					</object>
					<object id="lens_grass_1_1307987031023">
						<int id="w">285</int>
						<str id="sprite_class">lens_grass_1</str>
						<int id="x">838</int>
						<int id="y">-70</int>
						<int id="h">60</int>
						<str id="name">lens_grass_1_1307987031014</str>
						<int id="z">16</int>
					</object>
					<object id="stalagmite_base_1_1308041830261">
						<int id="w">143</int>
						<str id="sprite_class">stalagmite_base_1</str>
						<int id="x">-160</int>
						<int id="y">-7</int>
						<int id="h">38</int>
						<str id="name">stalagmite_base_1_1307741552479</str>
						<int id="z">22</int>
					</object>
					<object id="lens_grass_1_1307987031028">
						<int id="w">285</int>
						<str id="sprite_class">lens_grass_1</str>
						<int id="x">911</int>
						<int id="y">-36</int>
						<int id="h">60</int>
						<str id="name">lens_grass_1_1307987031014</str>
						<int id="z">17</int>
					</object>
					<object id="lens_grass_2_1307741552453">
						<int id="w">2108</int>
						<str id="sprite_class">lens_grass_2</str>
						<int id="x">1004</int>
						<int id="y">21</int>
						<int id="h">161</int>
						<str id="name">lens_grass_2_1307741552444</str>
						<int id="z">1</int>
					</object>
					<object id="lens_grass_2_1307741552456">
						<int id="w">2108</int>
						<str id="sprite_class">lens_grass_2</str>
						<int id="x">-1995</int>
						<int id="y">17</int>
						<int id="h">161</int>
						<str id="name">lens_grass_2_1307741552444</str>
						<int id="z">0</int>
					</object>
					<object id="lens_grass_2_1307741552444">
						<int id="w">2108</int>
						<str id="sprite_class">lens_grass_2</str>
						<int id="x">-2527</int>
						<int id="y">19</int>
						<int id="h">161</int>
						<str id="name">lens_grass_2_1307741552444</str>
						<int id="z">10</int>
					</object>
				</object>
				<object id="platform_lines">
					<object id="plat_1308041830379">
						<int id="platform_pc_perm">-1</int>
						<int id="platform_item_perm">-1</int>
						<object id="start">
							<int id="y">-102</int>
							<int id="x">2843</int>
						</object>
						<object id="end">
							<int id="y">-101</int>
							<int id="x">2938</int>
						</object>
					</object>
					<object id="plat_1308041830370">
						<int id="platform_pc_perm">-1</int>
						<int id="platform_item_perm">-1</int>
						<object id="start">
							<int id="y">-78</int>
							<int id="x">1473</int>
						</object>
						<object id="end">
							<int id="y">-90</int>
							<int id="x">1670</int>
						</object>
					</object>
					<object id="plat_1308041830362">
						<int id="platform_pc_perm">-1</int>
						<int id="platform_item_perm">-1</int>
						<object id="start">
							<int id="y">-75</int>
							<int id="x">632</int>
						</object>
						<object id="end">
							<int id="y">-72</int>
							<int id="x">782</int>
						</object>
					</object>
					<object id="plat_1308041830357">
						<int id="platform_pc_perm">-1</int>
						<int id="platform_item_perm">-1</int>
						<object id="start">
							<int id="y">-94</int>
							<int id="x">-375</int>
						</object>
						<object id="end">
							<int id="y">-96</int>
							<int id="x">-225</int>
						</object>
					</object>
					<object id="plat_1308041830377">
						<int id="platform_pc_perm">-1</int>
						<int id="platform_item_perm">-1</int>
						<object id="start">
							<int id="y">-78</int>
							<int id="x">2503</int>
						</object>
						<object id="end">
							<int id="y">-94</int>
							<int id="x">2671</int>
						</object>
					</object>
					<object id="plat_1308041830342">
						<int id="platform_pc_perm">-1</int>
						<int id="platform_item_perm">-1</int>
						<object id="start">
							<int id="y">-91</int>
							<int id="x">-2284</int>
						</object>
						<object id="end">
							<int id="y">-70</int>
							<int id="x">-2138</int>
						</object>
					</object>
					<object id="plat_1308041830365">
						<int id="platform_pc_perm">-1</int>
						<int id="platform_item_perm">-1</int>
						<object id="start">
							<int id="y">-84</int>
							<int id="x">872</int>
						</object>
						<object id="end">
							<int id="y">-86</int>
							<int id="x">921</int>
						</object>
					</object>
					<object id="plat_1308041830353">
						<int id="platform_pc_perm">-1</int>
						<int id="platform_item_perm">-1</int>
						<object id="start">
							<int id="y">-91</int>
							<int id="x">-1075</int>
						</object>
						<object id="end">
							<int id="y">-90</int>
							<int id="x">-910</int>
						</object>
					</object>
					<object id="plat_1308041830373">
						<int id="platform_pc_perm">-1</int>
						<int id="platform_item_perm">-1</int>
						<object id="start">
							<int id="y">-101</int>
							<int id="x">1928</int>
						</object>
						<object id="end">
							<int id="y">-91</int>
							<int id="x">2076</int>
						</object>
					</object>
					<object id="plat_1308041830368">
						<int id="platform_pc_perm">-1</int>
						<int id="platform_item_perm">-1</int>
						<object id="start">
							<int id="y">-67</int>
							<int id="x">1042</int>
						</object>
						<object id="end">
							<int id="y">-67</int>
							<int id="x">1156</int>
						</object>
					</object>
					<object id="plat_1308041830355">
						<int id="platform_pc_perm">-1</int>
						<int id="platform_item_perm">-1</int>
						<object id="start">
							<int id="y">-82</int>
							<int id="x">-707</int>
						</object>
						<object id="end">
							<int id="y">-90</int>
							<int id="x">-547</int>
						</object>
					</object>
					<object id="plat_1308041830352">
						<int id="platform_pc_perm">-1</int>
						<int id="platform_item_perm">-1</int>
						<object id="start">
							<int id="y">-93</int>
							<int id="x">-1229</int>
						</object>
						<object id="end">
							<int id="y">-91</int>
							<int id="x">-1075</int>
						</object>
					</object>
					<object id="plat_1308041830371">
						<int id="platform_pc_perm">-1</int>
						<int id="platform_item_perm">-1</int>
						<object id="start">
							<int id="y">-90</int>
							<int id="x">1670</int>
						</object>
						<object id="end">
							<int id="y">-99</int>
							<int id="x">1797</int>
						</object>
					</object>
					<object id="plat_1308041830351">
						<int id="platform_pc_perm">-1</int>
						<int id="platform_item_perm">-1</int>
						<object id="start">
							<int id="y">-93</int>
							<int id="x">-1396</int>
						</object>
						<object id="end">
							<int id="y">-93</int>
							<int id="x">-1229</int>
						</object>
					</object>
					<object id="plat_1308041830374">
						<int id="platform_pc_perm">-1</int>
						<int id="platform_item_perm">-1</int>
						<object id="start">
							<int id="y">-91</int>
							<int id="x">2076</int>
						</object>
						<object id="end">
							<int id="y">-78</int>
							<int id="x">2282</int>
						</object>
					</object>
					<object id="plat_1308041830359">
						<int id="platform_pc_perm">-1</int>
						<int id="platform_item_perm">-1</int>
						<object id="start">
							<int id="y">-84</int>
							<int id="x">22</int>
						</object>
						<object id="end">
							<int id="y">-80</int>
							<int id="x">184</int>
						</object>
					</object>
					<object id="plat_1308041830361">
						<int id="platform_pc_perm">-1</int>
						<int id="platform_item_perm">-1</int>
						<object id="start">
							<int id="y">-70</int>
							<int id="x">408</int>
						</object>
						<object id="end">
							<int id="y">-75</int>
							<int id="x">632</int>
						</object>
					</object>
					<object id="plat_1308041830364">
						<int id="platform_pc_perm">-1</int>
						<int id="platform_item_perm">-1</int>
						<object id="start">
							<int id="y">-79</int>
							<int id="x">821</int>
						</object>
						<object id="end">
							<int id="y">-84</int>
							<int id="x">872</int>
						</object>
					</object>
					<object id="plat_1308041830375">
						<int id="platform_pc_perm">-1</int>
						<int id="platform_item_perm">-1</int>
						<object id="start">
							<int id="y">-78</int>
							<int id="x">2282</int>
						</object>
						<object id="end">
							<int id="y">-73</int>
							<int id="x">2413</int>
						</object>
					</object>
					<object id="plat_1308041830369">
						<int id="platform_pc_perm">-1</int>
						<int id="platform_item_perm">-1</int>
						<object id="start">
							<int id="y">-67</int>
							<int id="x">1156</int>
						</object>
						<object id="end">
							<int id="y">-78</int>
							<int id="x">1473</int>
						</object>
					</object>
					<object id="plat_1308041830380">
						<int id="platform_pc_perm">-1</int>
						<int id="platform_item_perm">-1</int>
						<object id="start">
							<int id="y">-101</int>
							<int id="x">2938</int>
						</object>
						<object id="end">
							<int id="y">-95</int>
							<int id="x">2998</int>
						</object>
					</object>
					<object id="plat_1308041830344">
						<int id="platform_pc_perm">-1</int>
						<int id="platform_item_perm">-1</int>
						<object id="start">
							<int id="y">-54</int>
							<int id="x">-2575</int>
						</object>
						<object id="end">
							<int id="y">-92</int>
							<int id="x">-2388</int>
						</object>
					</object>
					<object id="plat_1308041830367">
						<int id="platform_pc_perm">-1</int>
						<int id="platform_item_perm">-1</int>
						<object id="start">
							<int id="y">-81</int>
							<int id="x">972</int>
						</object>
						<object id="end">
							<int id="y">-67</int>
							<int id="x">1042</int>
						</object>
					</object>
					<object id="plat_1308041830349">
						<int id="platform_pc_perm">-1</int>
						<int id="platform_item_perm">-1</int>
						<object id="start">
							<int id="y">-66</int>
							<int id="x">-1759</int>
						</object>
						<object id="end">
							<int id="y">-81</int>
							<int id="x">-1596</int>
						</object>
					</object>
					<object id="plat_1308041830360">
						<int id="platform_pc_perm">-1</int>
						<int id="platform_item_perm">-1</int>
						<object id="start">
							<int id="y">-80</int>
							<int id="x">184</int>
						</object>
						<object id="end">
							<int id="y">-70</int>
							<int id="x">408</int>
						</object>
					</object>
					<object id="plat_1308041830366">
						<int id="platform_pc_perm">-1</int>
						<int id="platform_item_perm">-1</int>
						<object id="start">
							<int id="y">-86</int>
							<int id="x">921</int>
						</object>
						<object id="end">
							<int id="y">-81</int>
							<int id="x">972</int>
						</object>
					</object>
					<object id="plat_1308041830343">
						<int id="platform_pc_perm">-1</int>
						<int id="platform_item_perm">-1</int>
						<object id="start">
							<int id="y">-92</int>
							<int id="x">-2388</int>
						</object>
						<object id="end">
							<int id="y">-91</int>
							<int id="x">-2284</int>
						</object>
					</object>
					<object id="plat_1308041830378">
						<int id="platform_pc_perm">-1</int>
						<int id="platform_item_perm">-1</int>
						<object id="start">
							<int id="y">-94</int>
							<int id="x">2671</int>
						</object>
						<object id="end">
							<int id="y">-102</int>
							<int id="x">2843</int>
						</object>
					</object>
					<object id="plat_1308041830354">
						<int id="platform_pc_perm">-1</int>
						<int id="platform_item_perm">-1</int>
						<object id="start">
							<int id="y">-90</int>
							<int id="x">-910</int>
						</object>
						<object id="end">
							<int id="y">-82</int>
							<int id="x">-707</int>
						</object>
					</object>
					<object id="plat_1308041830363">
						<int id="platform_pc_perm">-1</int>
						<int id="platform_item_perm">-1</int>
						<object id="start">
							<int id="y">-72</int>
							<int id="x">782</int>
						</object>
						<object id="end">
							<int id="y">-79</int>
							<int id="x">821</int>
						</object>
					</object>
					<object id="plat_1308041830346">
						<int id="platform_pc_perm">-1</int>
						<int id="platform_item_perm">-1</int>
						<object id="start">
							<int id="y">-63</int>
							<int id="x">-2998</int>
						</object>
						<object id="end">
							<int id="y">-49</int>
							<int id="x">-2771</int>
						</object>
					</object>
					<object id="plat_1308041830350">
						<int id="platform_pc_perm">-1</int>
						<int id="platform_item_perm">-1</int>
						<object id="start">
							<int id="y">-81</int>
							<int id="x">-1596</int>
						</object>
						<object id="end">
							<int id="y">-93</int>
							<int id="x">-1396</int>
						</object>
					</object>
					<object id="plat_1308041830356">
						<int id="platform_pc_perm">-1</int>
						<int id="platform_item_perm">-1</int>
						<object id="start">
							<int id="y">-90</int>
							<int id="x">-547</int>
						</object>
						<object id="end">
							<int id="y">-94</int>
							<int id="x">-375</int>
						</object>
					</object>
					<object id="plat_1308041830376">
						<int id="platform_pc_perm">-1</int>
						<int id="platform_item_perm">-1</int>
						<object id="start">
							<int id="y">-73</int>
							<int id="x">2413</int>
						</object>
						<object id="end">
							<int id="y">-78</int>
							<int id="x">2503</int>
						</object>
					</object>
					<object id="plat_1308041830372">
						<int id="platform_pc_perm">-1</int>
						<int id="platform_item_perm">-1</int>
						<object id="start">
							<int id="y">-99</int>
							<int id="x">1797</int>
						</object>
						<object id="end">
							<int id="y">-101</int>
							<int id="x">1928</int>
						</object>
					</object>
					<object id="plat_1308041830348">
						<int id="platform_pc_perm">-1</int>
						<int id="platform_item_perm">-1</int>
						<object id="start">
							<int id="y">-60</int>
							<int id="x">-1905</int>
						</object>
						<object id="end">
							<int id="y">-66</int>
							<int id="x">-1759</int>
						</object>
					</object>
					<object id="plat_1308041830345">
						<int id="platform_pc_perm">-1</int>
						<int id="platform_item_perm">-1</int>
						<object id="start">
							<int id="y">-49</int>
							<int id="x">-2771</int>
						</object>
						<object id="end">
							<int id="y">-54</int>
							<int id="x">-2575</int>
						</object>
					</object>
					<object id="plat_1308041830347">
						<int id="platform_pc_perm">-1</int>
						<int id="platform_item_perm">-1</int>
						<object id="start">
							<int id="y">-70</int>
							<int id="x">-2138</int>
						</object>
						<object id="end">
							<int id="y">-60</int>
							<int id="x">-1905</int>
						</object>
					</object>
					<object id="plat_1308041830358">
						<int id="platform_pc_perm">-1</int>
						<int id="platform_item_perm">-1</int>
						<object id="start">
							<int id="y">-96</int>
							<int id="x">-225</int>
						</object>
						<object id="end">
							<int id="y">-84</int>
							<int id="x">22</int>
						</object>
					</object>
				</object>
				<int id="w">6000</int>
				<object id="walls">
				</object>
				<object id="ladders">
				</object>
				<int id="z">0</int>
			</object>
			<object id="T_1307741552438">
				<object id="decos">
					<object id="stalagmite_base_3_1308041830317">
						<int id="w">93</int>
						<str id="sprite_class">stalagmite_base_3</str>
						<int id="x">375</int>
						<int id="y">963</int>
						<int id="h">19</int>
						<str id="name">stalagmite_base_3_1307741552481</str>
						<int id="z">19</int>
					</object>
					<object id="lens_grass_1_1307987031021">
						<int id="w">338</int>
						<str id="sprite_class">lens_grass_1</str>
						<int id="r">1</int>
						<int id="x">4895</int>
						<int id="y">1026</int>
						<int id="h">71</int>
						<str id="name">lens_grass_1_1307987031014</str>
						<int id="z">1</int>
					</object>
					<object id="alakol_cliff_2_1308041830311">
						<int id="w">703</int>
						<str id="sprite_class">alakol_cliff_2</str>
						<int id="x">148</int>
						<int id="y">1076</int>
						<int id="h">130</int>
						<str id="name">alakol_cliff_2_1307749098573</str>
						<int id="z">14</int>
					</object>
					<object id="lens_grass_1_1307987031020">
						<int id="w">285</int>
						<str id="sprite_class">lens_grass_1</str>
						<int id="x">5054</int>
						<int id="y">1036</int>
						<int id="h">60</int>
						<str id="name">lens_grass_1_1307987031014</str>
						<int id="z">5</int>
					</object>
					<object id="tree_acacia_4_1308041830338">
						<int id="w">827</int>
						<str id="sprite_class">tree_acacia_4</str>
						<int id="x">5702</int>
						<int id="y">998</int>
						<int id="h">661</int>
						<str id="name">tree_acacia_4_1307749098538</str>
						<int id="z">21</int>
					</object>
					<object id="stalagmite_base_3_1308041830315">
						<int id="w">93</int>
						<str id="sprite_class">stalagmite_base_3</str>
						<int id="x">330</int>
						<int id="y">970</int>
						<int id="h">19</int>
						<str id="name">stalagmite_base_3_1307741552481</str>
						<int id="z">20</int>
					</object>
					<object id="pampas_2_1307749098692">
						<int id="w">48</int>
						<str id="sprite_class">pampas_2</str>
						<int id="x">4958</int>
						<int id="y">953</int>
						<int id="h">74</int>
						<str id="name">pampas_2_1307749098499</str>
						<int id="z">4</int>
					</object>
					<object id="lens_grass_1_1307987031053">
						<int id="w">365</int>
						<str id="sprite_class">lens_grass_1</str>
						<int id="x">673</int>
						<int id="y">1008</int>
						<int id="h">100</int>
						<str id="name">lens_grass_1_1307987031014</str>
						<int id="z">7</int>
					</object>
					<object id="lens_grass_1_1307987031058">
						<int id="w">365</int>
						<str id="sprite_class">lens_grass_1</str>
						<int id="x">2405</int>
						<int id="y">1021</int>
						<int id="h">90</int>
						<str id="name">lens_grass_1_1307987031014</str>
						<int id="z">12</int>
					</object>
					<object id="stalagmite_base_3_1308041830318">
						<int id="w">93</int>
						<str id="sprite_class">stalagmite_base_3</str>
						<int id="x">357</int>
						<int id="y">955</int>
						<int id="h">19</int>
						<str id="name">stalagmite_base_3_1307741552481</str>
						<int id="z">17</int>
					</object>
					<object id="stalagmite_base_3_1308041830316">
						<int id="w">93</int>
						<str id="sprite_class">stalagmite_base_3</str>
						<int id="x">330</int>
						<int id="y">958</int>
						<int id="h">19</int>
						<str id="name">stalagmite_base_3_1307741552481</str>
						<int id="z">18</int>
					</object>
					<object id="tree_acacia_2_1308041830305">
						<int id="w">1282</int>
						<str id="sprite_class">tree_acacia_2</str>
						<int id="x">683</int>
						<int id="y">965</int>
						<int id="h">686</int>
						<str id="name">tree_acacia_2_1307749098540</str>
						<int id="z">13</int>
					</object>
					<object id="lens_grass_1_1307987031057">
						<int id="w">365</int>
						<str id="sprite_class">lens_grass_1</str>
						<int id="x">2613</int>
						<int id="y">987</int>
						<int id="h">68</int>
						<str id="name">lens_grass_1_1307987031014</str>
						<int id="z">9</int>
					</object>
					<object id="pampas_2_1308041830381">
						<int id="w">46</int>
						<str id="sprite_class">pampas_2</str>
						<int id="x">5815</int>
						<int id="y">992</int>
						<int id="h">71</int>
						<str id="name">pampas_2_1307749098499</str>
						<int id="z">22</int>
					</object>
					<object id="pampas_2_1308041830312">
						<int id="w">104</int>
						<str id="sprite_class">pampas_2</str>
						<int id="x">37</int>
						<int id="y">1036</int>
						<int id="h">159</int>
						<str id="name">pampas_2_1307749098499</str>
						<int id="z">16</int>
					</object>
					<object id="lens_grass_1_1307987031022">
						<int id="w">593</int>
						<str id="sprite_class">lens_grass_1</str>
						<int id="x">4577</int>
						<int id="y">1004</int>
						<int id="h">79</int>
						<str id="name">lens_grass_1_1307987031014</str>
						<int id="z">3</int>
					</object>
					<object id="pampas_1_1307749098571">
						<int id="w">54</int>
						<str id="sprite_class">pampas_1</str>
						<int id="x">3047</int>
						<int id="y">1006</int>
						<int id="h">78</int>
						<str id="name">pampas_1_1307749098498</str>
						<int id="z">6</int>
					</object>
					<object id="stalagmite_base_3_1308041830314">
						<int id="w">196</int>
						<str id="sprite_class">stalagmite_base_3</str>
						<int id="x">57</int>
						<int id="y">981</int>
						<int id="h">40</int>
						<str id="name">stalagmite_base_3_1307741552481</str>
						<int id="z">15</int>
					</object>
					<object id="lens_grass_1_1307987031059">
						<int id="w">365</int>
						<str id="sprite_class">lens_grass_1</str>
						<int id="x">2168</int>
						<int id="y">988</int>
						<int id="h">64</int>
						<str id="name">lens_grass_1_1307987031014</str>
						<int id="z">10</int>
					</object>
					<object id="pampas_2_1308041830313">
						<int id="w">48</int>
						<str id="sprite_class">pampas_2</str>
						<int id="r">10</int>
						<int id="x">255</int>
						<int id="y">989</int>
						<int id="h">83</int>
						<str id="name">pampas_2_1307749098499</str>
						<int id="z">11</int>
					</object>
					<object id="lens_grass_1_1307987031054">
						<int id="w">365</int>
						<str id="sprite_class">lens_grass_1</str>
						<int id="x">510</int>
						<int id="y">1042</int>
						<int id="h">100</int>
						<str id="name">lens_grass_1_1307987031014</str>
						<int id="z">8</int>
					</object>
					<object id="lens_grass_1_1307987031019">
						<int id="w">285</int>
						<str id="sprite_class">lens_grass_1</str>
						<int id="x">4824</int>
						<int id="y">967</int>
						<int id="h">60</int>
						<str id="name">lens_grass_1_1307987031014</str>
						<int id="z">2</int>
					</object>
				</object>
				<int id="w">6000</int>
				<int id="h">1000</int>
				<int id="z">1</int>
				<str id="name">middleplus</str>
				<object id="filtersNEW">
					<object id="brightness">
						<int id="value">9</int>
					</object>
					<object id="saturation">
						<int id="value">18</int>
					</object>
					<object id="tintColor">
						<int id="value">0</int>
					</object>
					<object id="contrast">
						<int id="value">0</int>
					</object>
				</object>
			</object>
			<object id="T_1307741552439">
				<object id="decos">
					<object id="lens_grass_1_1307741552461">
						<int id="w">1681</int>
						<str id="sprite_class">lens_grass_1</str>
						<int id="x">3590</int>
						<int id="y">927</int>
						<int id="h">110</int>
						<str id="name">lens_grass_1_1307741552445</str>
						<int id="z">9</int>
					</object>
					<object id="lens_grass_1_1307741552458">
						<int id="w">1626</int>
						<str id="sprite_class">lens_grass_1</str>
						<int id="x">207</int>
						<int id="y">918</int>
						<int id="h">110</int>
						<str id="name">lens_grass_1_1307741552445</str>
						<int id="z">2</int>
					</object>
					<object id="lens_grass_2_1307741552460">
						<int id="w">1612</int>
						<str id="sprite_class">lens_grass_2</str>
						<int id="x">2620</int>
						<int id="y">907</int>
						<int id="h">95</int>
						<str id="name">lens_grass_2_1307741552444</str>
						<int id="z">3</int>
					</object>
					<object id="lens_grass_1_1307987031042">
						<int id="w">186</int>
						<str id="sprite_class">lens_grass_1</str>
						<int id="x">1876</int>
						<int id="y">842</int>
						<int id="h">28</int>
						<str id="name">lens_grass_1_1307987031014</str>
						<int id="z">17</int>
					</object>
					<object id="lens_grass_1_1307741552463">
						<int id="w">1718</int>
						<str id="sprite_class">lens_grass_1</str>
						<int id="r">-1</int>
						<int id="x">5299</int>
						<int id="y">912</int>
						<int id="h">89</int>
						<str id="name">lens_grass_1_1307741552445</str>
						<int id="z">10</int>
					</object>
					<object id="pampas_2_1307749098731">
						<int id="w">21</int>
						<str id="sprite_class">pampas_2</str>
						<int id="x">1770</int>
						<int id="y">864</int>
						<int id="h">28</int>
						<str id="name">pampas_2_1307749098499</str>
						<int id="z">19</int>
					</object>
					<object id="lens_grass_1_1307987031069">
						<int id="w">241</int>
						<str id="sprite_class">lens_grass_1</str>
						<int id="x">4106</int>
						<int id="y">853</int>
						<int id="h">39</int>
						<str id="name">lens_grass_1_1307987031014</str>
						<int id="z">21</int>
					</object>
					<object id="lens_grass_2_1307741552457">
						<int id="w">1670</int>
						<str id="sprite_class">lens_grass_2</str>
						<int id="x">977</int>
						<int id="y">904</int>
						<int id="h">99</int>
						<str id="name">lens_grass_2_1307741552444</str>
						<int id="z">1</int>
					</object>
					<object id="lens_grass_1_1307987031040">
						<int id="w">190</int>
						<str id="sprite_class">lens_grass_1</str>
						<int id="x">2750</int>
						<int id="y">847</int>
						<int id="h">40</int>
						<str id="name">lens_grass_1_1307987031014</str>
						<int id="z">14</int>
					</object>
					<object id="lens_grass_1_1307987031032">
						<int id="w">190</int>
						<str id="sprite_class">lens_grass_1</str>
						<int id="x">2332</int>
						<int id="y">897</int>
						<int id="h">40</int>
						<str id="name">lens_grass_1_1307987031014</str>
						<int id="z">6</int>
					</object>
					<object id="stalagmite_base_3_1307749098627">
						<int id="w">93</int>
						<str id="sprite_class">stalagmite_base_3</str>
						<int id="x">901</int>
						<int id="y">837</int>
						<int id="h">19</int>
						<str id="name">stalagmite_base_3_1307741552481</str>
						<int id="z">16</int>
					</object>
					<object id="pampas_2_1308041830329">
						<int id="w">17</int>
						<str id="sprite_class">pampas_2</str>
						<int id="x">816</int>
						<int id="y">835</int>
						<int id="h">26</int>
						<str id="name">pampas_2_1307749098499</str>
						<int id="z">24</int>
					</object>
					<object id="lens_grass_2_1307741552462">
						<int id="w">2075</int>
						<str id="sprite_class">lens_grass_2</str>
						<int id="x">4457</int>
						<int id="y">913</int>
						<int id="h">97</int>
						<str id="name">lens_grass_2_1307741552444</str>
						<int id="z">8</int>
					</object>
					<object id="pampas_2_1307749098499">
						<int id="w">21</int>
						<str id="sprite_class">pampas_2</str>
						<int id="x">5033</int>
						<int id="y">864</int>
						<int id="h">32</int>
						<str id="name">pampas_2_1307749098499</str>
						<int id="z">13</int>
					</object>
					<object id="tree_acacia_1_1307992844130">
						<int id="w">491</int>
						<str id="sprite_class">tree_acacia_1</str>
						<int id="x">4287</int>
						<int id="y">815</int>
						<int id="h">306</int>
						<str id="name">tree_acacia_1_1307749098541</str>
						<int id="z">0</int>
					</object>
					<object id="lens_grass_1_1307987031033">
						<int id="w">190</int>
						<str id="sprite_class">lens_grass_1</str>
						<int id="x">2237</int>
						<int id="y">904</int>
						<int id="h">40</int>
						<str id="name">lens_grass_1_1307987031014</str>
						<int id="z">7</int>
					</object>
					<object id="lens_grass_1_1307987031031">
						<int id="w">190</int>
						<str id="sprite_class">lens_grass_1</str>
						<int id="x">2477</int>
						<int id="y">884</int>
						<int id="h">40</int>
						<str id="name">lens_grass_1_1307987031014</str>
						<int id="z">5</int>
					</object>
					<object id="lens_grass_1_1307987031039">
						<int id="w">190</int>
						<str id="sprite_class">lens_grass_1</str>
						<int id="x">2886</int>
						<int id="y">855</int>
						<int id="h">40</int>
						<str id="name">lens_grass_1_1307987031014</str>
						<int id="z">15</int>
					</object>
					<object id="tree_acacia_3_1307749098496">
						<int id="w">863</int>
						<str id="sprite_class">tree_acacia_3</str>
						<int id="x">5032</int>
						<int id="y">861</int>
						<int id="h">395</int>
						<str id="name">tree_acacia_3_1307749098496</str>
						<int id="z">11</int>
					</object>
					<object id="lens_grass_1_1307741552459">
						<int id="w">1578</int>
						<str id="sprite_class">lens_grass_1</str>
						<int id="x">1745</int>
						<int id="y">911</int>
						<int id="h">104</int>
						<str id="name">lens_grass_1_1307741552445</str>
						<int id="z">4</int>
					</object>
					<object id="lens_grass_1_1307987031070">
						<int id="w">241</int>
						<str id="sprite_class">lens_grass_1</str>
						<int id="x">4186</int>
						<int id="y">862</int>
						<int id="h">39</int>
						<str id="name">lens_grass_1_1307987031014</str>
						<int id="z">22</int>
					</object>
					<object id="lens_grass_1_1307987031052">
						<int id="w">213</int>
						<str id="sprite_class">lens_grass_1</str>
						<int id="x">3</int>
						<int id="y">856</int>
						<int id="h">45</int>
						<str id="name">lens_grass_1_1307987031014</str>
						<int id="z">20</int>
					</object>
					<object id="tree_acacia_2_1308041830310">
						<int id="w">405</int>
						<str id="sprite_class">tree_acacia_2</str>
						<int id="x">813</int>
						<int id="y">835</int>
						<int id="h">226</int>
						<str id="name">tree_acacia_2_1307749098540</str>
						<int id="z">23</int>
					</object>
					<object id="lens_grass_1_1307987031095">
						<int id="w">186</int>
						<str id="sprite_class">lens_grass_1</str>
						<int id="x">1817</int>
						<int id="y">852</int>
						<int id="h">28</int>
						<str id="name">lens_grass_1_1307987031014</str>
						<int id="z">18</int>
					</object>
				</object>
				<int id="w">5820</int>
				<int id="h">1000</int>
				<int id="z">-1</int>
				<str id="name">bg_1</str>
				<object id="filtersNEW">
					<object id="brightness">
						<int id="value">13</int>
					</object>
					<object id="saturation">
						<int id="value">13</int>
					</object>
					<object id="tintColor">
						<int id="value">0</int>
					</object>
					<object id="contrast">
						<int id="value">0</int>
					</object>
				</object>
			</object>
		</object>
		<null id="loading_label"/>
		<int id="ground_y">0</int>
		<int id="rookable_type">0</int>
		<null id="physics"/>
		<null id="img_file_versioned"/>
		<str id="tsid">LA515H6TSC424T9</str>
		<str id="swf_file_versioned">http://c2.glitch.bz/locations/groddle1/1316726082.swf</str>
		<object id="gradient">
			<str id="top">7395BF</str>
			<str id="bottom">FFD859</str>
		</object>
		<object id="sources">
			<int id="LA5P9MNTJK42IJS">1</int>
			<int id="LA5147JHJC424OI">1</int>
			<int id="LA5THPDOLK42GRD">1</int>
			<int id="LA51DET7GF42FKO">1</int>
		</object>
		<str id="music_file"></str>
		<bool id="wall_jump">false</bool>
		<bool id="no_zoom">false</bool>
	</object>
</game_object>
