<game_object tsid="GA5131390J52DJR" ts="1346349400049" label="Boor Bane B" class_tsid="" lastUpdateTime="1346349389" upd_gs="gs11" load_time="2012-08-30 10:44:58.000" upd_time="2012-08-30 10:56:26.870">
	<object id="dynamic">
		<int id="l">-3000</int>
		<int id="r">3000</int>
		<int id="t">-1000</int>
		<int id="b">0</int>
		<str id="label">Boor Bane B</str>
		<str id="swf_file">groddle1.swf</str>
		<object id="layers">
			<object id="T_1307741552438">
				<object id="decos">
					<object id="pampas_2_1308179353012">
						<int id="w">68</int>
						<int id="z">14</int>
						<str id="sprite_class">pampas_2</str>
						<int id="x">175</int>
						<int id="y">951</int>
						<int id="h">105</int>
						<str id="name">pampas_2_1307749098499</str>
					</object>
					<object id="lens_topper_1_1309204450272">
						<int id="w">133</int>
						<int id="z">20</int>
						<str id="sprite_class">lens_topper_1</str>
						<int id="x">5603</int>
						<int id="y">984</int>
						<int id="h">35</int>
						<str id="name">lens_topper_1_1309204450269</str>
					</object>
					<object id="lens_topper_1_1309204450277">
						<int id="w">133</int>
						<int id="z">22</int>
						<str id="sprite_class">lens_topper_1</str>
						<int id="x">5715</int>
						<int id="y">991</int>
						<int id="h">35</int>
						<str id="name">lens_topper_1_1309204450269</str>
					</object>
					<object id="lens_topper_1_1309204450271">
						<int id="w">133</int>
						<int id="z">19</int>
						<str id="sprite_class">lens_topper_1</str>
						<int id="x">5479</int>
						<int id="y">981</int>
						<int id="h">35</int>
						<str id="name">lens_topper_1_1309204450269</str>
					</object>
					<object id="lens_grass_1_1307987031022">
						<int id="w">593</int>
						<int id="z">4</int>
						<str id="sprite_class">lens_grass_1</str>
						<int id="x">4474</int>
						<int id="y">1011</int>
						<int id="h">79</int>
						<str id="name">lens_grass_1_1307987031014</str>
					</object>
					<object id="lens_topper_1_1309204450273">
						<int id="w">133</int>
						<int id="z">21</int>
						<str id="sprite_class">lens_topper_1</str>
						<int id="x">5198</int>
						<int id="y">961</int>
						<int id="h">35</int>
						<str id="name">lens_topper_1_1309204450269</str>
					</object>
					<object id="lens_grass_1_1308179352928">
						<int id="w">365</int>
						<int id="z">15</int>
						<str id="sprite_class">lens_grass_1</str>
						<int id="x">59</int>
						<int id="y">1026</int>
						<int id="h">100</int>
						<str id="name">lens_grass_1_1307987031014</str>
					</object>
					<object id="pampas_2_1309204450355">
						<int id="w">97</int>
						<int id="z">23</int>
						<str id="sprite_class">pampas_2</str>
						<int id="x">2410</int>
						<int id="y">1015</int>
						<int id="h">148</int>
						<str id="name">pampas_2_1309204450355</str>
					</object>
					<object id="lens_topper_1_1309204450270">
						<int id="w">133</int>
						<int id="z">18</int>
						<str id="sprite_class">lens_topper_1</str>
						<int id="x">5375</int>
						<int id="y">992</int>
						<int id="h">35</int>
						<str id="name">lens_topper_1_1309204450269</str>
					</object>
					<object id="lens_grass_1_1307987031053">
						<int id="w">365</int>
						<int id="z">11</int>
						<str id="sprite_class">lens_grass_1</str>
						<int id="x">673</int>
						<int id="y">1008</int>
						<int id="h">85</int>
						<str id="name">lens_grass_1_1307987031014</str>
					</object>
					<object id="pampas_2_1309204450359">
						<int id="w">70</int>
						<int id="z">26</int>
						<str id="sprite_class">pampas_2</str>
						<int id="x">4735</int>
						<int id="y">994</int>
						<int id="h">107</int>
						<str id="name">pampas_2_1309204450355</str>
					</object>
					<object id="pampas_1_1309204450356">
						<int id="w">106</int>
						<int id="z">25</int>
						<str id="sprite_class">pampas_1</str>
						<int id="x">2341</int>
						<int id="y">1031</int>
						<int id="h">154</int>
						<str id="name">pampas_1_1309204450356</str>
					</object>
					<object id="pampas_2_1307749098692">
						<int id="w">61</int>
						<int id="z">8</int>
						<str id="sprite_class">pampas_2</str>
						<int id="x">4955</int>
						<int id="y">963</int>
						<int id="h">94</int>
						<str id="name">pampas_2_1307749098499</str>
					</object>
					<object id="lens_grass_1_1307987031054">
						<int id="w">365</int>
						<int id="z">13</int>
						<str id="sprite_class">lens_grass_1</str>
						<int id="x">510</int>
						<int id="y">1042</int>
						<int id="h">100</int>
						<str id="name">lens_grass_1_1307987031014</str>
					</object>
					<object id="lens_grass_1_1309204450365">
						<int id="w">593</int>
						<int id="z">5</int>
						<str id="sprite_class">lens_grass_1</str>
						<int id="x">4236</int>
						<int id="y">1035</int>
						<int id="h">79</int>
						<str id="name">lens_grass_1_1307987031014</str>
					</object>
					<object id="lens_grass_1_1309204450266">
						<int id="w">285</int>
						<int id="z">10</int>
						<str id="sprite_class">lens_grass_1</str>
						<int id="x">5264</int>
						<int id="y">1008</int>
						<int id="h">60</int>
						<str id="name">lens_grass_1_1307987031014</str>
					</object>
					<object id="lens_topper_1_1309204450269">
						<int id="w">133</int>
						<int id="z">17</int>
						<str id="sprite_class">lens_topper_1</str>
						<int id="x">5400</int>
						<int id="y">1008</int>
						<int id="h">35</int>
						<str id="name">lens_topper_1_1309204450269</str>
					</object>
					<object id="pampas_2_1309204450357">
						<int id="w">62</int>
						<int id="z">24</int>
						<str id="sprite_class">pampas_2</str>
						<int id="x">2839</int>
						<int id="y">973</int>
						<int id="h">94</int>
						<str id="name">pampas_2_1309204450355</str>
					</object>
					<object id="pampas_1_1309204450358">
						<int id="w">79</int>
						<int id="z">27</int>
						<str id="sprite_class">pampas_1</str>
						<int id="x">4692</int>
						<int id="y">1030</int>
						<int id="h">115</int>
						<str id="name">pampas_1_1309204450356</str>
					</object>
					<object id="lens_grass_1_1307987031020">
						<int id="w">285</int>
						<int id="z">9</int>
						<str id="sprite_class">lens_grass_1</str>
						<int id="x">5105</int>
						<int id="y">988</int>
						<int id="h">60</int>
						<str id="name">lens_grass_1_1307987031014</str>
					</object>
					<object id="lens_grass_1_1307987031021">
						<int id="w">338</int>
						<int id="z">2</int>
						<str id="sprite_class">lens_grass_1</str>
						<int id="x">5069</int>
						<int id="y">971</int>
						<int id="h">53</int>
						<str id="name">lens_grass_1_1307987031014</str>
						<int id="r">1</int>
					</object>
					<object id="ug_ground_heights_1309204450281">
						<int id="w">496</int>
						<int id="z">0</int>
						<str id="sprite_class">ug_ground_heights</str>
						<int id="x">4859</int>
						<int id="y">1021</int>
						<int id="h">69</int>
						<str id="name">ug_ground_heights_1309204450281</str>
					</object>
					<object id="lens_grass_1_1308179352992">
						<int id="w">593</int>
						<int id="z">6</int>
						<str id="sprite_class">lens_grass_1</str>
						<int id="x">5926</int>
						<int id="y">1020</int>
						<int id="h">79</int>
						<str id="name">lens_grass_1_1307987031014</str>
					</object>
					<object id="lens_grass_1_1309204450267">
						<int id="w">593</int>
						<int id="z">7</int>
						<str id="sprite_class">lens_grass_1</str>
						<int id="x">5544</int>
						<int id="y">1045</int>
						<int id="h">79</int>
						<str id="name">lens_grass_1_1307987031014</str>
					</object>
					<object id="ug_ground_heights_1309204450282">
						<int id="w">496</int>
						<int id="z">1</int>
						<str id="sprite_class">ug_ground_heights</str>
						<int id="x">5238</int>
						<int id="y">1029</int>
						<int id="h">69</int>
						<str id="name">ug_ground_heights_1309204450281</str>
					</object>
					<object id="lens_grass_1_1309204450366">
						<int id="w">365</int>
						<int id="z">28</int>
						<str id="sprite_class">lens_grass_1</str>
						<int id="x">775</int>
						<int id="y">1032</int>
						<int id="h">85</int>
						<str id="name">lens_grass_1_1307987031014</str>
						<int id="r">-5</int>
					</object>
					<object id="lens_grass_1_1307987031019">
						<int id="w">285</int>
						<int id="z">3</int>
						<str id="sprite_class">lens_grass_1</str>
						<int id="x">4803</int>
						<int id="y">978</int>
						<int id="h">57</int>
						<str id="name">lens_grass_1_1307987031014</str>
					</object>
					<object id="pampas_1_1308179353008">
						<int id="w">71</int>
						<int id="z">12</int>
						<str id="sprite_class">pampas_1</str>
						<int id="x">515</int>
						<int id="y">960</int>
						<int id="h">103</int>
						<str id="name">pampas_1_1308179353005</str>
					</object>
					<object id="lens_grass_1_1308179352929">
						<int id="w">351</int>
						<int id="z">16</int>
						<str id="sprite_class">lens_grass_1</str>
						<int id="x">254</int>
						<int id="y">1061</int>
						<int id="h">114</int>
						<str id="name">lens_grass_1_1307987031014</str>
					</object>
				</object>
				<int id="w">6000</int>
				<int id="h">1000</int>
				<int id="z">1</int>
				<object id="filtersNEW">
					<object id="saturation">
						<int id="value">18</int>
					</object>
					<object id="tintColor">
						<int id="value">0</int>
					</object>
					<object id="contrast">
						<int id="value">0</int>
					</object>
					<object id="brightness">
						<int id="value">9</int>
					</object>
				</object>
				<str id="name">middleplus</str>
			</object>
			<object id="T_1307741552442">
				<object id="decos">
					<object id="alakol_cliff_1_1309204450319">
						<int id="w">135</int>
						<int id="z">2</int>
						<str id="sprite_class">alakol_cliff_1</str>
						<int id="x">3107</int>
						<int id="y">789</int>
						<int id="h">18</int>
						<str id="name">alakol_cliff_1_1307749098572</str>
						<int id="r">1</int>
					</object>
					<object id="alakol_cliff_1_1309204450317">
						<int id="w">135</int>
						<int id="z">4</int>
						<str id="sprite_class">alakol_cliff_1</str>
						<int id="x">2884</int>
						<int id="y">785</int>
						<int id="h">18</int>
						<str id="name">alakol_cliff_1_1307749098572</str>
						<bool id="h_flip">true</bool>
						<int id="r">1</int>
					</object>
					<object id="alakol_cliff_1_1309204450294">
						<int id="w">135</int>
						<int id="z">7</int>
						<str id="sprite_class">alakol_cliff_1</str>
						<int id="x">2646</int>
						<int id="y">779</int>
						<int id="h">18</int>
						<str id="name">alakol_cliff_1_1307749098572</str>
						<int id="r">1</int>
					</object>
					<object id="lens_grass_2_1307749098475">
						<int id="w">1009</int>
						<int id="z">20</int>
						<str id="sprite_class">lens_grass_2</str>
						<int id="x">3136</int>
						<int id="y">831</int>
						<int id="h">55</int>
						<str id="name">lens_grass_2_1307741552444</str>
					</object>
					<object id="alakol_cliff_1_1309204450290">
						<int id="w">135</int>
						<int id="z">12</int>
						<str id="sprite_class">alakol_cliff_1</str>
						<int id="x">1661</int>
						<int id="y">771</int>
						<int id="h">18</int>
						<str id="name">alakol_cliff_1_1307749098572</str>
						<int id="r">1</int>
					</object>
					<object id="tree_acacia_3_1309204450313">
						<int id="w">57</int>
						<int id="z">35</int>
						<str id="sprite_class">tree_acacia_3</str>
						<int id="x">516</int>
						<int id="y">764</int>
						<int id="h">26</int>
						<str id="name">tree_acacia_3_1307749098496</str>
					</object>
					<object id="tree_acacia_3_1309204450315">
						<int id="w">57</int>
						<int id="z">37</int>
						<str id="sprite_class">tree_acacia_3</str>
						<int id="x">688</int>
						<int id="y">769</int>
						<int id="h">26</int>
						<str id="name">tree_acacia_3_1307749098496</str>
					</object>
					<object id="lens_grass_2_1307749098477">
						<int id="w">1106</int>
						<int id="z">15</int>
						<str id="sprite_class">lens_grass_2</str>
						<int id="x">2474</int>
						<int id="y">806</int>
						<int id="h">36</int>
						<str id="name">lens_grass_2_1307741552444</str>
						<int id="r">1</int>
					</object>
					<object id="lens_grass_1_1307749098476">
						<int id="w">1212</int>
						<int id="z">22</int>
						<str id="sprite_class">lens_grass_1</str>
						<int id="x">1869</int>
						<int id="y">832</int>
						<int id="h">68</int>
						<str id="name">lens_grass_1_1307741552445</str>
					</object>
					<object id="alakol_cliff_1_1309204450289">
						<int id="w">135</int>
						<int id="z">11</int>
						<str id="sprite_class">alakol_cliff_1</str>
						<int id="x">1775</int>
						<int id="y">773</int>
						<int id="h">18</int>
						<str id="name">alakol_cliff_1_1307749098572</str>
						<int id="r">1</int>
					</object>
					<object id="alakol_cliff_1_1309204450321">
						<int id="w">135</int>
						<int id="z">0</int>
						<str id="sprite_class">alakol_cliff_1</str>
						<int id="x">3228</int>
						<int id="y">788</int>
						<int id="h">18</int>
						<str id="name">alakol_cliff_1_1307749098572</str>
						<bool id="h_flip">true</bool>
						<int id="r">1</int>
					</object>
					<object id="lens_grass_2_1307749098481">
						<int id="w">934</int>
						<int id="z">25</int>
						<str id="sprite_class">lens_grass_2</str>
						<int id="x">67</int>
						<int id="y">816</int>
						<int id="h">71</int>
						<str id="name">lens_grass_2_1307741552444</str>
						<int id="r">1</int>
					</object>
					<object id="lens_grass_1_1307749098474">
						<int id="w">1322</int>
						<int id="z">21</int>
						<str id="sprite_class">lens_grass_1</str>
						<int id="x">2721</int>
						<int id="y">860</int>
						<int id="h">85</int>
						<str id="name">lens_grass_1_1307741552445</str>
					</object>
					<object id="tree_acacia_1_1309204450314">
						<int id="w">35</int>
						<int id="z">34</int>
						<str id="sprite_class">tree_acacia_1</str>
						<int id="x">667</int>
						<int id="y">767</int>
						<int id="h">21</int>
						<str id="name">tree_acacia_1_1307749098552</str>
					</object>
					<object id="alakol_cliff_1_1309204450322">
						<int id="w">135</int>
						<int id="z">1</int>
						<str id="sprite_class">alakol_cliff_1</str>
						<int id="x">3338</int>
						<int id="y">789</int>
						<int id="h">18</int>
						<str id="name">alakol_cliff_1_1307749098572</str>
						<bool id="h_flip">true</bool>
						<int id="r">1</int>
					</object>
					<object id="tree_acacia_3_1307749098588">
						<int id="w">67</int>
						<int id="z">31</int>
						<str id="sprite_class">tree_acacia_3</str>
						<int id="x">4401</int>
						<int id="y">796</int>
						<int id="h">31</int>
						<str id="name">tree_acacia_3_1307749098496</str>
					</object>
					<object id="alakol_cliff_1_1309204450291">
						<int id="w">135</int>
						<int id="z">13</int>
						<str id="sprite_class">alakol_cliff_1</str>
						<int id="x">1552</int>
						<int id="y">769</int>
						<int id="h">18</int>
						<str id="name">alakol_cliff_1_1307749098572</str>
						<bool id="h_flip">true</bool>
						<int id="r">1</int>
					</object>
					<object id="lens_grass_1_1307749098480">
						<int id="w">1063</int>
						<int id="z">26</int>
						<str id="sprite_class">lens_grass_1</str>
						<int id="x">449</int>
						<int id="y">838</int>
						<int id="h">85</int>
						<str id="name">lens_grass_1_1307741552445</str>
					</object>
					<object id="alakol_cliff_1_1309204450295">
						<int id="w">135</int>
						<int id="z">5</int>
						<str id="sprite_class">alakol_cliff_1</str>
						<int id="x">2765</int>
						<int id="y">782</int>
						<int id="h">12</int>
						<str id="name">alakol_cliff_1_1307749098572</str>
						<int id="r">1</int>
					</object>
					<object id="alakol_cliff_1_1309204450292">
						<int id="w">135</int>
						<int id="z">9</int>
						<str id="sprite_class">alakol_cliff_1</str>
						<int id="x">2423</int>
						<int id="y">775</int>
						<int id="h">18</int>
						<str id="name">alakol_cliff_1_1307749098572</str>
						<bool id="h_flip">true</bool>
						<int id="r">1</int>
					</object>
					<object id="tree_acacia_1_1307749098541">
						<int id="w">56</int>
						<int id="z">30</int>
						<str id="sprite_class">tree_acacia_1</str>
						<int id="x">4433</int>
						<int id="y">796</int>
						<int id="h">35</int>
						<str id="name">tree_acacia_1_1307749098541</str>
					</object>
					<object id="alakol_water_rock_1_1308179352914">
						<int id="w">29</int>
						<int id="z">14</int>
						<str id="sprite_class">alakol_water_rock_1</str>
						<int id="x">1974</int>
						<int id="y">770</int>
						<int id="h">9</int>
						<str id="name">alakol_water_rock_1_1307749098577</str>
					</object>
					<object id="lens_grass_1_1307749098478">
						<int id="w">1089</int>
						<int id="z">24</int>
						<str id="sprite_class">lens_grass_1</str>
						<int id="x">892</int>
						<int id="y">827</int>
						<int id="h">69</int>
						<str id="name">lens_grass_1_1307741552445</str>
					</object>
					<object id="tree_acacia_1_1309204450316">
						<int id="w">35</int>
						<int id="z">36</int>
						<str id="sprite_class">tree_acacia_1</str>
						<int id="x">839</int>
						<int id="y">768</int>
						<int id="h">21</int>
						<str id="name">tree_acacia_1_1307749098552</str>
					</object>
					<object id="lens_grass_2_1307749098468">
						<int id="w">1035</int>
						<int id="z">17</int>
						<str id="sprite_class">lens_grass_2</str>
						<int id="x">5247</int>
						<int id="y">850</int>
						<int id="h">71</int>
						<str id="name">lens_grass_2_1307741552444</str>
						<int id="r">1</int>
					</object>
					<object id="tree_acacia_3_1307749098704">
						<int id="w">57</int>
						<int id="z">33</int>
						<str id="sprite_class">tree_acacia_3</str>
						<int id="x">2025</int>
						<int id="y">778</int>
						<int id="h">26</int>
						<str id="name">tree_acacia_3_1307749098496</str>
					</object>
					<object id="lens_grass_1_1307749098469">
						<int id="w">1140</int>
						<int id="z">18</int>
						<str id="sprite_class">lens_grass_1</str>
						<int id="x">4776</int>
						<int id="y">857</int>
						<int id="h">78</int>
						<str id="name">lens_grass_1_1307741552445</str>
					</object>
					<object id="tree_acacia_4_1307749098591">
						<int id="w">44</int>
						<int id="z">27</int>
						<str id="sprite_class">tree_acacia_4</str>
						<int id="x">4032</int>
						<int id="y">789</int>
						<int id="h">33</int>
						<str id="name">tree_acacia_4_1307749098538</str>
						<bool id="h_flip">true</bool>
					</object>
					<object id="alakol_cliff_1_1309204450293">
						<int id="w">135</int>
						<int id="z">8</int>
						<str id="sprite_class">alakol_cliff_1</str>
						<int id="x">2532</int>
						<int id="y">777</int>
						<int id="h">18</int>
						<str id="name">alakol_cliff_1_1307749098572</str>
						<int id="r">1</int>
					</object>
					<object id="alakol_cliff_1_1309204450318">
						<int id="w">135</int>
						<int id="z">3</int>
						<str id="sprite_class">alakol_cliff_1</str>
						<int id="x">2993</int>
						<int id="y">787</int>
						<int id="h">18</int>
						<str id="name">alakol_cliff_1_1307749098572</str>
						<int id="r">1</int>
					</object>
					<object id="lens_grass_2_1307749098479">
						<int id="w">1152</int>
						<int id="z">23</int>
						<str id="sprite_class">lens_grass_2</str>
						<int id="x">1437</int>
						<int id="y">822</int>
						<int id="h">68</int>
						<str id="name">lens_grass_2_1307741552444</str>
						<int id="r">1</int>
					</object>
					<object id="tree_acacia_4_1307987031068">
						<int id="w">37</int>
						<int id="z">28</int>
						<str id="sprite_class">tree_acacia_4</str>
						<int id="x">3532</int>
						<int id="y">788</int>
						<int id="h">31</int>
						<str id="name">tree_acacia_4_1307749098538</str>
						<bool id="h_flip">true</bool>
						<int id="r">-4</int>
					</object>
					<object id="tree_acacia_2_1307749098589">
						<int id="w">54</int>
						<int id="z">29</int>
						<str id="sprite_class">tree_acacia_2</str>
						<int id="x">4141</int>
						<int id="y">785</int>
						<int id="h">31</int>
						<str id="name">tree_acacia_2_1307749098540</str>
					</object>
					<object id="tree_acacia_1_1307749098703">
						<int id="w">35</int>
						<int id="z">32</int>
						<str id="sprite_class">tree_acacia_1</str>
						<int id="x">2176</int>
						<int id="y">781</int>
						<int id="h">21</int>
						<str id="name">tree_acacia_1_1307749098552</str>
					</object>
					<object id="alakol_cliff_1_1307987031086">
						<int id="w">135</int>
						<int id="z">10</int>
						<str id="sprite_class">alakol_cliff_1</str>
						<int id="x">1892</int>
						<int id="y">770</int>
						<int id="h">12</int>
						<str id="name">alakol_cliff_1_1307749098572</str>
						<int id="r">1</int>
					</object>
					<object id="lens_grass_1_1307749098472">
						<int id="w">1289</int>
						<int id="z">19</int>
						<str id="sprite_class">lens_grass_1</str>
						<int id="x">3633</int>
						<int id="y">849</int>
						<int id="h">81</int>
						<str id="name">lens_grass_1_1307741552445</str>
					</object>
					<object id="lens_grass_2_1307749098473">
						<int id="w">1258</int>
						<int id="z">16</int>
						<str id="sprite_class">lens_grass_2</str>
						<int id="x">4283</int>
						<int id="y">841</int>
						<int id="h">71</int>
						<str id="name">lens_grass_2_1307741552444</str>
						<int id="r">1</int>
					</object>
					<object id="alakol_cliff_1_1309204450296">
						<int id="w">135</int>
						<int id="z">6</int>
						<str id="sprite_class">alakol_cliff_1</str>
						<int id="x">2358</int>
						<int id="y">774</int>
						<int id="h">12</int>
						<str id="name">alakol_cliff_1_1307749098572</str>
						<int id="r">1</int>
					</object>
				</object>
				<int id="w">5400</int>
				<int id="h">1000</int>
				<int id="z">-3</int>
				<object id="filtersNEW">
					<object id="saturation">
						<int id="value">6</int>
					</object>
					<object id="tintColor">
						<int id="value">0</int>
					</object>
					<object id="contrast">
						<int id="value">0</int>
					</object>
					<object id="blur">
						<int id="value">3</int>
					</object>
					<object id="brightness">
						<int id="value">25</int>
					</object>
				</object>
				<str id="name">bg_3</str>
			</object>
			<object id="T_1307741552441">
				<object id="decos">
					<object id="cloud_fluffy_1_1307984015708">
						<int id="w">1176</int>
						<int id="z">14</int>
						<str id="sprite_class">cloud_fluffy_1</str>
						<int id="x">1128</int>
						<int id="y">721</int>
						<int id="h">80</int>
						<str id="name">cloud_fluffy_1_1307749098737</str>
					</object>
					<object id="mountain_trees_darker_1_1309204450297">
						<int id="w">664</int>
						<int id="z">3</int>
						<str id="sprite_class">mountain_trees_darker_1</str>
						<int id="x">713</int>
						<int id="y">823</int>
						<int id="h">105</int>
						<str id="name">mountain_trees_darker_1_1307749098702</str>
						<int id="r">1</int>
					</object>
					<object id="mountain_trees_darker_1_1309204450298">
						<int id="w">664</int>
						<int id="z">4</int>
						<str id="sprite_class">mountain_trees_darker_1</str>
						<int id="x">1016</int>
						<int id="y">821</int>
						<int id="h">105</int>
						<str id="name">mountain_trees_darker_1_1307749098702</str>
						<int id="r">1</int>
					</object>
					<object id="heights_bush_4_1307749098585">
						<int id="w">444</int>
						<int id="z">5</int>
						<str id="sprite_class">heights_bush_4</str>
						<int id="x">4017</int>
						<int id="y">786</int>
						<int id="h">27</int>
						<str id="name">heights_bush_4_1307741552494</str>
						<int id="r">1</int>
					</object>
					<object id="cloud_fluffy_1_1307984015705">
						<int id="w">1392</int>
						<int id="z">17</int>
						<str id="sprite_class">cloud_fluffy_1</str>
						<int id="x">1448</int>
						<int id="y">710</int>
						<int id="h">119</int>
						<str id="name">cloud_fluffy_1_1307749098737</str>
					</object>
					<object id="cloud_fluffy_1_1307984015706">
						<int id="w">539</int>
						<int id="z">16</int>
						<str id="sprite_class">cloud_fluffy_1</str>
						<int id="x">2881</int>
						<int id="y">743</int>
						<int id="h">59</int>
						<str id="name">cloud_fluffy_1_1307749098737</str>
					</object>
					<object id="groddle_light_pool_1309204450302">
						<int id="w">675</int>
						<int id="z">8</int>
						<str id="sprite_class">groddle_light_pool</str>
						<int id="x">3577</int>
						<int id="y">790</int>
						<int id="h">41</int>
						<str id="name">groddle_light_pool_1309204450301</str>
					</object>
					<object id="mountain_trees_darker_1_1307987031101">
						<int id="w">454</int>
						<int id="z">1</int>
						<str id="sprite_class">mountain_trees_darker_1</str>
						<int id="x">5014</int>
						<int id="y">816</int>
						<int id="h">72</int>
						<str id="name">mountain_trees_darker_1_1307749098702</str>
						<int id="r">1</int>
					</object>
					<object id="heights_bush_4_1307749098699">
						<int id="w">635</int>
						<int id="z">9</int>
						<str id="sprite_class">heights_bush_4</str>
						<int id="x">117</int>
						<int id="y">768</int>
						<int id="h">27</int>
						<str id="name">heights_bush_4_1307741552494</str>
					</object>
					<object id="cloud_fluffy_1_1307984015707">
						<int id="w">1093</int>
						<int id="z">15</int>
						<str id="sprite_class">cloud_fluffy_1</str>
						<int id="x">3211</int>
						<int id="y">536</int>
						<int id="h">163</int>
						<str id="name">cloud_fluffy_1_1307749098737</str>
					</object>
					<object id="groddle_light_pool_1309204450303">
						<int id="w">675</int>
						<int id="z">19</int>
						<str id="sprite_class">groddle_light_pool</str>
						<int id="x">120</int>
						<int id="y">770</int>
						<int id="h">41</int>
						<str id="name">groddle_light_pool_1309204450301</str>
					</object>
					<object id="cloud_fluffy_2_1307984015709">
						<int id="w">1025</int>
						<int id="z">18</int>
						<str id="sprite_class">cloud_fluffy_2</str>
						<int id="x">671</int>
						<int id="y">742</int>
						<int id="h">40</int>
						<str id="name">cloud_fluffy_2_1307749098529</str>
					</object>
					<object id="cloud_fluffy_2_1308107342108">
						<int id="w">1384</int>
						<int id="z">12</int>
						<str id="sprite_class">cloud_fluffy_2</str>
						<int id="x">3189</int>
						<int id="y">717</int>
						<int id="h">29</int>
						<str id="name">cloud_fluffy_2_1307749098529</str>
					</object>
					<object id="cloud_fluffy_2_1307984015711">
						<int id="w">1384</int>
						<int id="z">11</int>
						<str id="sprite_class">cloud_fluffy_2</str>
						<int id="x">3899</int>
						<int id="y">763</int>
						<int id="h">46</int>
						<str id="name">cloud_fluffy_2_1307749098529</str>
					</object>
					<object id="mountain_trees_darker_1_1309204450300">
						<int id="w">454</int>
						<int id="z">2</int>
						<str id="sprite_class">mountain_trees_darker_1</str>
						<int id="x">4463</int>
						<int id="y">816</int>
						<int id="h">72</int>
						<str id="name">mountain_trees_darker_1_1307749098702</str>
						<int id="r">1</int>
					</object>
					<object id="cloud_fluffy_2_1307984015710">
						<int id="w">1372</int>
						<int id="z">13</int>
						<str id="sprite_class">cloud_fluffy_2</str>
						<int id="x">1942</int>
						<int id="y">748</int>
						<int id="h">46</int>
						<str id="name">cloud_fluffy_2_1307749098529</str>
					</object>
					<object id="groddle_light_pool_1309204450301">
						<int id="w">675</int>
						<int id="z">6</int>
						<str id="sprite_class">groddle_light_pool</str>
						<int id="x">4041</int>
						<int id="y">789</int>
						<int id="h">41</int>
						<str id="name">groddle_light_pool_1309204450301</str>
					</object>
					<object id="heights_bush_4_1307749098587">
						<int id="w">564</int>
						<int id="z">7</int>
						<str id="sprite_class">heights_bush_4</str>
						<int id="x">3665</int>
						<int id="y">785</int>
						<int id="h">22</int>
						<str id="name">heights_bush_4_1307741552494</str>
						<bool id="h_flip">true</bool>
						<int id="r">2</int>
					</object>
					<object id="heights_bush_4_1307749098700">
						<int id="w">537</int>
						<int id="z">10</int>
						<str id="sprite_class">heights_bush_4</str>
						<int id="x">-354</int>
						<int id="y">764</int>
						<int id="h">28</int>
						<str id="name">heights_bush_4_1307741552494</str>
						<int id="r">-1</int>
					</object>
					<object id="mountain_trees_darker_1_1309204450299">
						<int id="w">618</int>
						<int id="z">0</int>
						<str id="sprite_class">mountain_trees_darker_1</str>
						<int id="x">4687</int>
						<int id="y">865</int>
						<int id="h">138</int>
						<str id="name">mountain_trees_darker_1_1307749098702</str>
						<int id="r">1</int>
					</object>
				</object>
				<int id="w">5160</int>
				<int id="h">1000</int>
				<int id="z">-5</int>
				<object id="filtersNEW">
					<object id="saturation">
						<int id="value">-60</int>
					</object>
					<object id="tintColor">
						<int id="value">16763904</int>
					</object>
					<object id="tintAmount">
						<int id="value">80</int>
					</object>
					<object id="blur">
						<int id="value">3</int>
					</object>
					<object id="brightness">
						<int id="value">19</int>
					</object>
					<object id="contrast">
						<int id="value">-10</int>
					</object>
				</object>
				<str id="name">sky</str>
			</object>
			<object id="T_1307741552440">
				<object id="decos">
					<object id="lens_grass_1_1307987031046">
						<int id="w">97</int>
						<int id="z">11</int>
						<str id="sprite_class">lens_grass_1</str>
						<int id="x">613</int>
						<int id="y">815</int>
						<int id="h">24</int>
						<str id="name">lens_grass_1_1307987031014</str>
					</object>
					<object id="pampas_1_1309204450345">
						<int id="w">15</int>
						<int id="z">58</int>
						<str id="sprite_class">pampas_1</str>
						<int id="x">5454</int>
						<int id="y">816</int>
						<int id="h">22</int>
						<str id="name">pampas_1_1309204450332</str>
					</object>
					<object id="lens_grass_1_1308179352924">
						<int id="w">125</int>
						<int id="z">38</int>
						<str id="sprite_class">lens_grass_1</str>
						<int id="x">1467</int>
						<int id="y">798</int>
						<int id="h">20</int>
						<str id="name">lens_grass_1_1307987031014</str>
					</object>
					<object id="pampas_1_1309204450339">
						<int id="w">16</int>
						<int id="z">50</int>
						<str id="sprite_class">pampas_1</str>
						<int id="x">521</int>
						<int id="y">799</int>
						<int id="h">23</int>
						<str id="name">pampas_1_1308179353005</str>
					</object>
					<object id="alakol_water_rock_2_1308179352905">
						<int id="w">79</int>
						<int id="z">35</int>
						<str id="sprite_class">alakol_water_rock_2</str>
						<int id="x">2475</int>
						<int id="y">800</int>
						<int id="h">21</int>
						<str id="name">alakol_water_rock_2_1307749098574</str>
					</object>
					<object id="pampas_1_1309204450330">
						<int id="w">16</int>
						<int id="z">47</int>
						<str id="sprite_class">pampas_1</str>
						<int id="x">3512</int>
						<int id="y">813</int>
						<int id="h">23</int>
						<str id="name">pampas_1_1308179353005</str>
					</object>
					<object id="pampas_1_1309204450351">
						<int id="w">14</int>
						<int id="z">60</int>
						<str id="sprite_class">pampas_1</str>
						<int id="x">4440</int>
						<int id="y">802</int>
						<int id="h">20</int>
						<str id="name">pampas_1_1308179353005</str>
					</object>
					<object id="lens_grass_1_1307987031048">
						<int id="w">97</int>
						<int id="z">15</int>
						<str id="sprite_class">lens_grass_1</str>
						<int id="x">305</int>
						<int id="y">793</int>
						<int id="h">24</int>
						<str id="name">lens_grass_1_1307987031014</str>
					</object>
					<object id="lens_grass_2_1307749098467">
						<int id="w">1280</int>
						<int id="z">13</int>
						<str id="sprite_class">lens_grass_2</str>
						<int id="x">4675</int>
						<int id="y">869</int>
						<int id="h">73</int>
						<str id="name">lens_grass_2_1307741552444</str>
						<int id="r">1</int>
					</object>
					<object id="alakol_water_rock_1_1308179352920">
						<int id="w">24</int>
						<int id="z">33</int>
						<str id="sprite_class">alakol_water_rock_1</str>
						<int id="x">2537</int>
						<int id="y">802</int>
						<int id="h">15</int>
						<str id="name">alakol_water_rock_1_1307749098577</str>
					</object>
					<object id="pampas_1_1309204450333">
						<int id="w">13</int>
						<int id="z">49</int>
						<str id="sprite_class">pampas_1</str>
						<int id="x">2524</int>
						<int id="y">800</int>
						<int id="h">19</int>
						<str id="name">pampas_1_1309204450332</str>
					</object>
					<object id="alakol_water_rock_1_1308179352917">
						<int id="w">36</int>
						<int id="z">32</int>
						<str id="sprite_class">alakol_water_rock_1</str>
						<int id="x">2630</int>
						<int id="y">803</int>
						<int id="h">23</int>
						<str id="name">alakol_water_rock_1_1307749098577</str>
					</object>
					<object id="lens_grass_1_1308179352939">
						<int id="w">85</int>
						<int id="z">44</int>
						<str id="sprite_class">lens_grass_1</str>
						<int id="x">1167</int>
						<int id="y">814</int>
						<int id="h">18</int>
						<str id="name">lens_grass_1_1307987031014</str>
					</object>
					<object id="lens_grass_1_1307987031067">
						<int id="w">125</int>
						<int id="z">24</int>
						<str id="sprite_class">lens_grass_1</str>
						<int id="x">4785</int>
						<int id="y">820</int>
						<int id="h">20</int>
						<str id="name">lens_grass_1_1307987031014</str>
					</object>
					<object id="lens_grass_1_1307992844141">
						<int id="w">103</int>
						<int id="z">28</int>
						<str id="sprite_class">lens_grass_1</str>
						<int id="x">3608</int>
						<int id="y">820</int>
						<int id="h">16</int>
						<str id="name">lens_grass_1_1307987031014</str>
					</object>
					<object id="pampas_1_1309204450346">
						<int id="w">16</int>
						<int id="z">57</int>
						<str id="sprite_class">pampas_1</str>
						<int id="x">5804</int>
						<int id="y">812</int>
						<int id="h">23</int>
						<str id="name">pampas_1_1308179353005</str>
					</object>
					<object id="lens_grass_1_1308179352936">
						<int id="w">125</int>
						<int id="z">41</int>
						<str id="sprite_class">lens_grass_1</str>
						<int id="x">3053</int>
						<int id="y">815</int>
						<int id="h">20</int>
						<str id="name">lens_grass_1_1307987031014</str>
					</object>
					<object id="lens_grass_1_1308179352937">
						<int id="w">125</int>
						<int id="z">43</int>
						<str id="sprite_class">lens_grass_1</str>
						<int id="x">3117</int>
						<int id="y">820</int>
						<int id="h">20</int>
						<str id="name">lens_grass_1_1307987031014</str>
					</object>
					<object id="lens_grass_1_1307987031043">
						<int id="w">125</int>
						<int id="z">8</int>
						<str id="sprite_class">lens_grass_1</str>
						<int id="x">517</int>
						<int id="y">792</int>
						<int id="h">20</int>
						<str id="name">lens_grass_1_1307987031014</str>
					</object>
					<object id="lens_grass_1_1307987031064">
						<int id="w">125</int>
						<int id="z">20</int>
						<str id="sprite_class">lens_grass_1</str>
						<int id="x">4260</int>
						<int id="y">808</int>
						<int id="h">20</int>
						<str id="name">lens_grass_1_1307987031014</str>
					</object>
					<object id="lens_grass_1_1308179352923">
						<int id="w">125</int>
						<int id="z">37</int>
						<str id="sprite_class">lens_grass_1</str>
						<int id="x">1326</int>
						<int id="y">799</int>
						<int id="h">20</int>
						<str id="name">lens_grass_1_1307987031014</str>
					</object>
					<object id="pampas_1_1309204450340">
						<int id="w">16</int>
						<int id="z">51</int>
						<str id="sprite_class">pampas_1</str>
						<int id="x">238</int>
						<int id="y">784</int>
						<int id="h">23</int>
						<str id="name">pampas_1_1308179353005</str>
					</object>
					<object id="pampas_1_1309204450336">
						<int id="w">15</int>
						<int id="z">54</int>
						<str id="sprite_class">pampas_1</str>
						<int id="x">1375</int>
						<int id="y">795</int>
						<int id="h">22</int>
						<str id="name">pampas_1_1309204450332</str>
					</object>
					<object id="lens_grass_1_1307741552469">
						<int id="w">1229</int>
						<int id="z">12</int>
						<str id="sprite_class">lens_grass_1</str>
						<int id="x">3174</int>
						<int id="y">865</int>
						<int id="h">66</int>
						<str id="name">lens_grass_1_1307741552445</str>
					</object>
					<object id="lens_grass_1_1307987031044">
						<int id="w">125</int>
						<int id="z">9</int>
						<str id="sprite_class">lens_grass_1</str>
						<int id="x">583</int>
						<int id="y">797</int>
						<int id="h">20</int>
						<str id="name">lens_grass_1_1307987031014</str>
					</object>
					<object id="lens_grass_1_1307992844143">
						<int id="w">103</int>
						<int id="z">29</int>
						<str id="sprite_class">lens_grass_1</str>
						<int id="x">3633</int>
						<int id="y">821</int>
						<int id="h">16</int>
						<str id="name">lens_grass_1_1307987031014</str>
					</object>
					<object id="lens_grass_1_1307992844142">
						<int id="w">103</int>
						<int id="z">30</int>
						<str id="sprite_class">lens_grass_1</str>
						<int id="x">3582</int>
						<int id="y">827</int>
						<int id="h">16</int>
						<str id="name">lens_grass_1_1307987031014</str>
					</object>
					<object id="lens_grass_1_1307987031049">
						<int id="w">117</int>
						<int id="z">14</int>
						<str id="sprite_class">lens_grass_1</str>
						<int id="x">260</int>
						<int id="y">785</int>
						<int id="h">17</int>
						<str id="name">lens_grass_1_1307987031014</str>
					</object>
					<object id="lens_grass_1_1308179352925">
						<int id="w">125</int>
						<int id="z">40</int>
						<str id="sprite_class">lens_grass_1</str>
						<int id="x">1456</int>
						<int id="y">808</int>
						<int id="h">20</int>
						<str id="name">lens_grass_1_1307987031014</str>
					</object>
					<object id="tree_acacia_2_1307992844131">
						<int id="w">276</int>
						<int id="z">25</int>
						<str id="sprite_class">tree_acacia_2</str>
						<int id="x">3823</int>
						<int id="y">813</int>
						<int id="h">155</int>
						<str id="name">tree_acacia_2_1307749098540</str>
					</object>
					<object id="lens_grass_1_1307987031063">
						<int id="w">125</int>
						<int id="z">21</int>
						<str id="sprite_class">lens_grass_1</str>
						<int id="x">4341</int>
						<int id="y">810</int>
						<int id="h">20</int>
						<str id="name">lens_grass_1_1307987031014</str>
					</object>
					<object id="pampas_1_1309204450337">
						<int id="w">16</int>
						<int id="z">53</int>
						<str id="sprite_class">pampas_1</str>
						<int id="x">1579</int>
						<int id="y">802</int>
						<int id="h">23</int>
						<str id="name">pampas_1_1308179353005</str>
					</object>
					<object id="alakol_cliff_2_1308179352907">
						<int id="w">118</int>
						<int id="z">31</int>
						<str id="sprite_class">alakol_cliff_2</str>
						<int id="x">2550</int>
						<int id="y">798</int>
						<int id="h">24</int>
						<str id="name">alakol_cliff_2_1307749098573</str>
						<int id="r">1</int>
					</object>
					<object id="lens_grass_1_1307987031045">
						<int id="w">97</int>
						<int id="z">10</int>
						<str id="sprite_class">lens_grass_1</str>
						<int id="x">574</int>
						<int id="y">808</int>
						<int id="h">24</int>
						<str id="name">lens_grass_1_1307987031014</str>
					</object>
					<object id="pampas_1_1309204450352">
						<int id="w">13</int>
						<int id="z">59</int>
						<str id="sprite_class">pampas_1</str>
						<int id="x">4214</int>
						<int id="y">805</int>
						<int id="h">19</int>
						<str id="name">pampas_1_1308179353005</str>
					</object>
					<object id="lens_grass_1_1307741552467">
						<int id="w">1426</int>
						<int id="z">5</int>
						<str id="sprite_class">lens_grass_1</str>
						<int id="x">2073</int>
						<int id="y">860</int>
						<int id="h">77</int>
						<str id="name">lens_grass_1_1307741552445</str>
						<int id="r">1</int>
					</object>
					<object id="pampas_1_1309204450350">
						<int id="w">16</int>
						<int id="z">61</int>
						<str id="sprite_class">pampas_1</str>
						<int id="x">4777</int>
						<int id="y">821</int>
						<int id="h">23</int>
						<str id="name">pampas_1_1308179353005</str>
					</object>
					<object id="lens_grass_1_1307992844138">
						<int id="w">103</int>
						<int id="z">26</int>
						<str id="sprite_class">lens_grass_1</str>
						<int id="x">3498</int>
						<int id="y">813</int>
						<int id="h">16</int>
						<str id="name">lens_grass_1_1307987031014</str>
					</object>
					<object id="lens_grass_2_1307741552470">
						<int id="w">1348</int>
						<int id="z">3</int>
						<str id="sprite_class">lens_grass_2</str>
						<int id="x">2667</int>
						<int id="y">863</int>
						<int id="h">73</int>
						<str id="name">lens_grass_2_1307741552444</str>
						<int id="r">1</int>
					</object>
					<object id="pampas_1_1309204450338">
						<int id="w">16</int>
						<int id="z">52</int>
						<str id="sprite_class">pampas_1</str>
						<int id="x">1389</int>
						<int id="y">794</int>
						<int id="h">23</int>
						<str id="name">pampas_1_1308179353005</str>
					</object>
					<object id="lens_grass_1_1308179352922">
						<int id="w">125</int>
						<int id="z">36</int>
						<str id="sprite_class">lens_grass_1</str>
						<int id="x">1388</int>
						<int id="y">793</int>
						<int id="h">20</int>
						<str id="name">lens_grass_1_1307987031014</str>
					</object>
					<object id="tree_acacia_3_1308179352934">
						<int id="w">288</int>
						<int id="z">16</int>
						<str id="sprite_class">tree_acacia_3</str>
						<int id="x">348</int>
						<int id="y">791</int>
						<int id="h">132</int>
						<str id="name">tree_acacia_3_1307749098496</str>
					</object>
					<object id="lens_grass_1_1308179352926">
						<int id="w">125</int>
						<int id="z">39</int>
						<str id="sprite_class">lens_grass_1</str>
						<int id="x">1542</int>
						<int id="y">803</int>
						<int id="h">20</int>
						<str id="name">lens_grass_1_1307987031014</str>
					</object>
					<object id="pampas_1_1309204450347">
						<int id="w">16</int>
						<int id="z">56</int>
						<str id="sprite_class">pampas_1</str>
						<int id="x">5468</int>
						<int id="y">815</int>
						<int id="h">23</int>
						<str id="name">pampas_1_1308179353005</str>
					</object>
					<object id="lens_grass_1_1307987031051">
						<int id="w">99</int>
						<int id="z">18</int>
						<str id="sprite_class">lens_grass_1</str>
						<int id="x">186</int>
						<int id="y">790</int>
						<int id="h">22</int>
						<str id="name">lens_grass_1_1307987031014</str>
					</object>
					<object id="pampas_1_1309204450349">
						<int id="w">13</int>
						<int id="z">62</int>
						<str id="sprite_class">pampas_1</str>
						<int id="x">4426</int>
						<int id="y">803</int>
						<int id="h">19</int>
						<str id="name">pampas_1_1309204450332</str>
					</object>
					<object id="lens_grass_1_1308179352938">
						<int id="w">125</int>
						<int id="z">42</int>
						<str id="sprite_class">lens_grass_1</str>
						<int id="x">3203</int>
						<int id="y">816</int>
						<int id="h">20</int>
						<str id="name">lens_grass_1_1307987031014</str>
					</object>
					<object id="lens_grass_2_1307741552468">
						<int id="w">1392</int>
						<int id="z">4</int>
						<str id="sprite_class">lens_grass_2</str>
						<int id="x">1421</int>
						<int id="y">855</int>
						<int id="h">75</int>
						<str id="name">lens_grass_2_1307741552444</str>
					</object>
					<object id="pampas_1_1309204450348">
						<int id="w">16</int>
						<int id="z">55</int>
						<str id="sprite_class">pampas_1</str>
						<int id="x">5292</int>
						<int id="y">814</int>
						<int id="h">23</int>
						<str id="name">pampas_1_1308179353005</str>
					</object>
					<object id="lens_grass_1_1307741552465">
						<int id="w">1317</int>
						<int id="z">7</int>
						<str id="sprite_class">lens_grass_1</str>
						<int id="x">871</int>
						<int id="y">861</int>
						<int id="h">86</int>
						<str id="name">lens_grass_1_1307741552445</str>
						<int id="r">1</int>
					</object>
					<object id="lens_grass_1_1307992844139">
						<int id="w">103</int>
						<int id="z">27</int>
						<str id="sprite_class">lens_grass_1</str>
						<int id="x">3551</int>
						<int id="y">816</int>
						<int id="h">16</int>
						<str id="name">lens_grass_1_1307987031014</str>
					</object>
					<object id="lens_grass_1_1307987031065">
						<int id="w">125</int>
						<int id="z">22</int>
						<str id="sprite_class">lens_grass_1</str>
						<int id="x">5368</int>
						<int id="y">814</int>
						<int id="h">20</int>
						<str id="name">lens_grass_1_1307987031014</str>
					</object>
					<object id="alakol_water_rock_1_1308179352921">
						<int id="w">30</int>
						<int id="z">34</int>
						<str id="sprite_class">alakol_water_rock_1</str>
						<int id="x">2425</int>
						<int id="y">799</int>
						<int id="h">23</int>
						<str id="name">alakol_water_rock_1_1307749098577</str>
					</object>
					<object id="pampas_1_1309204450329">
						<int id="w">14</int>
						<int id="z">46</int>
						<str id="sprite_class">pampas_1</str>
						<int id="x">3175</int>
						<int id="y">816</int>
						<int id="h">20</int>
						<str id="name">pampas_1_1308179353005</str>
					</object>
					<object id="pampas_1_1309204450332">
						<int id="w">12</int>
						<int id="z">48</int>
						<str id="sprite_class">pampas_1</str>
						<int id="x">3160</int>
						<int id="y">817</int>
						<int id="h">18</int>
						<str id="name">pampas_1_1309204450332</str>
					</object>
					<object id="lens_grass_2_1307741552466">
						<int id="w">1202</int>
						<int id="z">6</int>
						<str id="sprite_class">lens_grass_2</str>
						<int id="x">232</int>
						<int id="y">838</int>
						<int id="h">72</int>
						<str id="name">lens_grass_2_1307741552444</str>
					</object>
					<object id="lens_grass_1_1307741552471">
						<int id="w">1172</int>
						<int id="z">2</int>
						<str id="sprite_class">lens_grass_1</str>
						<int id="x">4124</int>
						<int id="y">856</int>
						<int id="h">71</int>
						<str id="name">lens_grass_1_1307741552445</str>
					</object>
					<object id="lens_grass_2_1307741552472">
						<int id="w">1242</int>
						<int id="z">1</int>
						<str id="sprite_class">lens_grass_2</str>
						<int id="x">3671</int>
						<int id="y">851</int>
						<int id="h">59</int>
						<str id="name">lens_grass_2_1307741552444</str>
						<int id="r">-2</int>
					</object>
					<object id="lens_grass_1_1307987031066">
						<int id="w">125</int>
						<int id="z">23</int>
						<str id="sprite_class">lens_grass_1</str>
						<int id="x">5414</int>
						<int id="y">819</int>
						<int id="h">20</int>
						<str id="name">lens_grass_1_1307987031014</str>
					</object>
					<object id="lens_grass_1_1307987031050">
						<int id="w">99</int>
						<int id="z">17</int>
						<str id="sprite_class">lens_grass_1</str>
						<int id="x">302</int>
						<int id="y">807</int>
						<int id="h">27</int>
						<str id="name">lens_grass_1_1307987031014</str>
					</object>
					<object id="lens_grass_1_1307749098466">
						<int id="w">1282</int>
						<int id="z">0</int>
						<str id="sprite_class">lens_grass_1</str>
						<int id="x">5326</int>
						<int id="y">875</int>
						<int id="h">80</int>
						<str id="name">lens_grass_1_1307741552445</str>
						<int id="r">1</int>
					</object>
					<object id="pampas_1_1309204450328">
						<int id="w">13</int>
						<int id="z">45</int>
						<str id="sprite_class">pampas_1</str>
						<int id="x">2998</int>
						<int id="y">815</int>
						<int id="h">19</int>
						<str id="name">pampas_1_1308179353005</str>
					</object>
					<object id="lens_grass_1_1307987031062">
						<int id="w">125</int>
						<int id="z">19</int>
						<str id="sprite_class">lens_grass_1</str>
						<int id="x">4398</int>
						<int id="y">803</int>
						<int id="h">20</int>
						<str id="name">lens_grass_1_1307987031014</str>
					</object>
				</object>
				<int id="w">5640</int>
				<int id="h">1000</int>
				<int id="z">-2</int>
				<object id="filtersNEW">
					<object id="saturation">
						<int id="value">10</int>
					</object>
					<object id="tintColor">
						<int id="value">0</int>
					</object>
					<object id="contrast">
						<int id="value">0</int>
					</object>
					<object id="blur">
						<int id="value">2</int>
					</object>
					<object id="brightness">
						<int id="value">20</int>
					</object>
				</object>
				<str id="name">bg_2</str>
			</object>
			<object id="T_1307741552439">
				<object id="decos">
					<object id="lens_grass_1_1307987031040">
						<int id="w">190</int>
						<int id="z">10</int>
						<str id="sprite_class">lens_grass_1</str>
						<int id="x">2704</int>
						<int id="y">836</int>
						<int id="h">28</int>
						<str id="name">lens_grass_1_1307987031014</str>
					</object>
					<object id="pampas_1_1309204450341">
						<int id="w">27</int>
						<int id="z">35</int>
						<str id="sprite_class">pampas_1</str>
						<int id="x">785</int>
						<int id="y">828</int>
						<int id="h">40</int>
						<str id="name">pampas_1_1309204450332</str>
					</object>
					<object id="lens_grass_1_1308179352949">
						<int id="w">190</int>
						<int id="z">28</int>
						<str id="sprite_class">lens_grass_1</str>
						<int id="x">4256</int>
						<int id="y">878</int>
						<int id="h">40</int>
						<str id="name">lens_grass_1_1307987031014</str>
					</object>
					<object id="lens_grass_1_1308179352900">
						<int id="w">241</int>
						<int id="z">19</int>
						<str id="sprite_class">lens_grass_1</str>
						<int id="x">5810</int>
						<int id="y">890</int>
						<int id="h">39</int>
						<str id="name">lens_grass_1_1307987031014</str>
					</object>
					<object id="lens_grass_1_1307741552461">
						<int id="w">1681</int>
						<int id="z">8</int>
						<str id="sprite_class">lens_grass_1</str>
						<int id="x">3590</int>
						<int id="y">927</int>
						<int id="h">110</int>
						<str id="name">lens_grass_1_1307741552445</str>
					</object>
					<object id="lens_grass_1_1308179352899">
						<int id="w">241</int>
						<int id="z">18</int>
						<str id="sprite_class">lens_grass_1</str>
						<int id="x">5840</int>
						<int id="y">871</int>
						<int id="h">39</int>
						<str id="name">lens_grass_1_1307987031014</str>
					</object>
					<object id="tree_acacia_1_1307992844130">
						<int id="w">633</int>
						<int id="z">20</int>
						<str id="sprite_class">tree_acacia_1</str>
						<int id="x">3659</int>
						<int id="y">836</int>
						<int id="h">395</int>
						<str id="name">tree_acacia_1_1307749098541</str>
					</object>
					<object id="lens_grass_1_1307987031039">
						<int id="w">190</int>
						<int id="z">11</int>
						<str id="sprite_class">lens_grass_1</str>
						<int id="x">2785</int>
						<int id="y">852</int>
						<int id="h">40</int>
						<str id="name">lens_grass_1_1307987031014</str>
					</object>
					<object id="pampas_1_1309204450354">
						<int id="w">38</int>
						<int id="z">37</int>
						<str id="sprite_class">pampas_1</str>
						<int id="x">5712</int>
						<int id="y">860</int>
						<int id="h">56</int>
						<str id="name">pampas_1_1309204450332</str>
					</object>
					<object id="lens_grass_1_1308179352940">
						<int id="w">197</int>
						<int id="z">22</int>
						<str id="sprite_class">lens_grass_1</str>
						<int id="x">861</int>
						<int id="y">840</int>
						<int id="h">41</int>
						<str id="name">lens_grass_1_1307987031014</str>
					</object>
					<object id="pampas_1_1309204450335">
						<int id="w">23</int>
						<int id="z">33</int>
						<str id="sprite_class">pampas_1</str>
						<int id="x">2688</int>
						<int id="y">838</int>
						<int id="h">34</int>
						<str id="name">pampas_1_1309204450332</str>
					</object>
					<object id="lens_grass_1_1307987031033">
						<int id="w">190</int>
						<int id="z">6</int>
						<str id="sprite_class">lens_grass_1</str>
						<int id="x">2237</int>
						<int id="y">904</int>
						<int id="h">40</int>
						<str id="name">lens_grass_1_1307987031014</str>
					</object>
					<object id="lens_grass_1_1307987031052">
						<int id="w">213</int>
						<int id="z">14</int>
						<str id="sprite_class">lens_grass_1</str>
						<int id="x">3</int>
						<int id="y">856</int>
						<int id="h">45</int>
						<str id="name">lens_grass_1_1307987031014</str>
					</object>
					<object id="lens_grass_1_1307987031095">
						<int id="w">186</int>
						<int id="z">13</int>
						<str id="sprite_class">lens_grass_1</str>
						<int id="x">1817</int>
						<int id="y">852</int>
						<int id="h">28</int>
						<str id="name">lens_grass_1_1307987031014</str>
					</object>
					<object id="lens_grass_2_1307741552462">
						<int id="w">2075</int>
						<int id="z">7</int>
						<str id="sprite_class">lens_grass_2</str>
						<int id="x">4457</int>
						<int id="y">913</int>
						<int id="h">97</int>
						<str id="name">lens_grass_2_1307741552444</str>
					</object>
					<object id="lens_grass_1_1307987031042">
						<int id="w">186</int>
						<int id="z">12</int>
						<str id="sprite_class">lens_grass_1</str>
						<int id="x">1876</int>
						<int id="y">842</int>
						<int id="h">28</int>
						<str id="name">lens_grass_1_1307987031014</str>
					</object>
					<object id="lens_grass_1_1307741552463">
						<int id="w">1718</int>
						<int id="z">9</int>
						<str id="sprite_class">lens_grass_1</str>
						<int id="x">5299</int>
						<int id="y">912</int>
						<int id="h">89</int>
						<str id="name">lens_grass_1_1307741552445</str>
						<int id="r">-1</int>
					</object>
					<object id="pampas_1_1309204450343">
						<int id="w">30</int>
						<int id="z">36</int>
						<str id="sprite_class">pampas_1</str>
						<int id="x">1958</int>
						<int id="y">838</int>
						<int id="h">44</int>
						<str id="name">pampas_1_1309204450332</str>
					</object>
					<object id="lens_grass_1_1308179352961">
						<int id="w">190</int>
						<int id="z">31</int>
						<str id="sprite_class">lens_grass_1</str>
						<int id="x">3219</int>
						<int id="y">890</int>
						<int id="h">40</int>
						<str id="name">lens_grass_1_1307987031014</str>
					</object>
					<object id="lens_grass_1_1308179352959">
						<int id="w">190</int>
						<int id="z">29</int>
						<str id="sprite_class">lens_grass_1</str>
						<int id="x">2901</int>
						<int id="y">863</int>
						<int id="h">40</int>
						<str id="name">lens_grass_1_1307987031014</str>
					</object>
					<object id="pampas_1_1309204450342">
						<int id="w">34</int>
						<int id="z">34</int>
						<str id="sprite_class">pampas_1</str>
						<int id="x">932</int>
						<int id="y">845</int>
						<int id="h">50</int>
						<str id="name">pampas_1_1309204450332</str>
					</object>
					<object id="lens_grass_1_1307987031032">
						<int id="w">190</int>
						<int id="z">5</int>
						<str id="sprite_class">lens_grass_1</str>
						<int id="x">2332</int>
						<int id="y">897</int>
						<int id="h">40</int>
						<str id="name">lens_grass_1_1307987031014</str>
					</object>
					<object id="lens_grass_1_1307987031069">
						<int id="w">241</int>
						<int id="z">15</int>
						<str id="sprite_class">lens_grass_1</str>
						<int id="x">4662</int>
						<int id="y">850</int>
						<int id="h">39</int>
						<str id="name">lens_grass_1_1307987031014</str>
					</object>
					<object id="lens_grass_2_1307741552457">
						<int id="w">1670</int>
						<int id="z">0</int>
						<str id="sprite_class">lens_grass_2</str>
						<int id="x">977</int>
						<int id="y">904</int>
						<int id="h">99</int>
						<str id="name">lens_grass_2_1307741552444</str>
					</object>
					<object id="tree_acacia_2_1308179352933">
						<int id="w">675</int>
						<int id="z">21</int>
						<str id="sprite_class">tree_acacia_2</str>
						<int id="x">2014</int>
						<int id="y">841</int>
						<int id="h">379</int>
						<str id="name">tree_acacia_2_1307749098540</str>
					</object>
					<object id="lens_grass_1_1308179352948">
						<int id="w">190</int>
						<int id="z">27</int>
						<str id="sprite_class">lens_grass_1</str>
						<int id="x">4226</int>
						<int id="y">864</int>
						<int id="h">40</int>
						<str id="name">lens_grass_1_1307987031014</str>
					</object>
					<object id="lens_grass_1_1308179352898">
						<int id="w">241</int>
						<int id="z">17</int>
						<str id="sprite_class">lens_grass_1</str>
						<int id="x">5765</int>
						<int id="y">860</int>
						<int id="h">39</int>
						<str id="name">lens_grass_1_1307987031014</str>
					</object>
					<object id="lens_grass_1_1307741552459">
						<int id="w">1578</int>
						<int id="z">3</int>
						<str id="sprite_class">lens_grass_1</str>
						<int id="x">1745</int>
						<int id="y">911</int>
						<int id="h">104</int>
						<str id="name">lens_grass_1_1307741552445</str>
					</object>
					<object id="lens_grass_1_1307987031031">
						<int id="w">190</int>
						<int id="z">4</int>
						<str id="sprite_class">lens_grass_1</str>
						<int id="x">2477</int>
						<int id="y">884</int>
						<int id="h">40</int>
						<str id="name">lens_grass_1_1307987031014</str>
					</object>
					<object id="lens_grass_1_1307741552458">
						<int id="w">1626</int>
						<int id="z">1</int>
						<str id="sprite_class">lens_grass_1</str>
						<int id="x">207</int>
						<int id="y">918</int>
						<int id="h">110</int>
						<str id="name">lens_grass_1_1307741552445</str>
					</object>
					<object id="lens_grass_1_1308179352946">
						<int id="w">190</int>
						<int id="z">25</int>
						<str id="sprite_class">lens_grass_1</str>
						<int id="x">3506</int>
						<int id="y">850</int>
						<int id="h">40</int>
						<str id="name">lens_grass_1_1307987031014</str>
					</object>
					<object id="lens_grass_1_1307987031070">
						<int id="w">241</int>
						<int id="z">16</int>
						<str id="sprite_class">lens_grass_1</str>
						<int id="x">4742</int>
						<int id="y">859</int>
						<int id="h">39</int>
						<str id="name">lens_grass_1_1307987031014</str>
					</object>
					<object id="pampas_1_1309204450334">
						<int id="w">34</int>
						<int id="z">32</int>
						<str id="sprite_class">pampas_1</str>
						<int id="x">2837</int>
						<int id="y">855</int>
						<int id="h">50</int>
						<str id="name">pampas_1_1309204450332</str>
					</object>
					<object id="lens_grass_1_1308179352960">
						<int id="w">190</int>
						<int id="z">30</int>
						<str id="sprite_class">lens_grass_1</str>
						<int id="x">3127</int>
						<int id="y">875</int>
						<int id="h">40</int>
						<str id="name">lens_grass_1_1307987031014</str>
					</object>
					<object id="lens_grass_1_1308179352941">
						<int id="w">197</int>
						<int id="z">23</int>
						<str id="sprite_class">lens_grass_1</str>
						<int id="x">991</int>
						<int id="y">848</int>
						<int id="h">41</int>
						<str id="name">lens_grass_1_1307987031014</str>
					</object>
					<object id="lens_grass_1_1308179352942">
						<int id="w">197</int>
						<int id="z">24</int>
						<str id="sprite_class">lens_grass_1</str>
						<int id="x">1030</int>
						<int id="y">863</int>
						<int id="h">41</int>
						<str id="name">lens_grass_1_1307987031014</str>
					</object>
					<object id="lens_grass_2_1307741552460">
						<int id="w">1612</int>
						<int id="z">2</int>
						<str id="sprite_class">lens_grass_2</str>
						<int id="x">2620</int>
						<int id="y">907</int>
						<int id="h">95</int>
						<str id="name">lens_grass_2_1307741552444</str>
					</object>
					<object id="pampas_1_1309204450353">
						<int id="w">30</int>
						<int id="z">38</int>
						<str id="sprite_class">pampas_1</str>
						<int id="x">4839</int>
						<int id="y">850</int>
						<int id="h">44</int>
						<str id="name">pampas_1_1309204450332</str>
					</object>
					<object id="lens_grass_1_1308179352947">
						<int id="w">190</int>
						<int id="z">26</int>
						<str id="sprite_class">lens_grass_1</str>
						<int id="x">4138</int>
						<int id="y">852</int>
						<int id="h">40</int>
						<str id="name">lens_grass_1_1307987031014</str>
					</object>
				</object>
				<int id="w">5820</int>
				<int id="h">1000</int>
				<int id="z">-1</int>
				<object id="filtersNEW">
					<object id="saturation">
						<int id="value">13</int>
					</object>
					<object id="tintColor">
						<int id="value">0</int>
					</object>
					<object id="contrast">
						<int id="value">0</int>
					</object>
					<object id="brightness">
						<int id="value">13</int>
					</object>
				</object>
				<str id="name">bg_1</str>
			</object>
			<object id="middleground">
				<object id="signposts">
					<object id="signpost_2">
						<int id="y">-72</int>
						<object id="connects">
							<object id="0">
								<str id="mote_id">9</str>
								<str id="hub_id">91</str>
								<str id="swf_file_versioned">http://c2.glitch.bz/locations/groddle1/1316726082.swf</str>
								<int id="x">-2647</int>
								<int id="y">-100</int>
								<objref id="target" tsid="LA512V480J52NMN" label="Boor Bane C"/>
							</object>
							<object id="1">
								<str id="mote_id">9</str>
								<str id="hub_id">91</str>
								<str id="swf_file_versioned">http://c2.glitch.bz/locations/groddle1/1316726082.swf</str>
								<int id="x">2685</int>
								<int id="y">-145</int>
								<objref id="target" tsid="LA5138OK0J526HB" label="Chuff Chase 1"/>
							</object>
							<object id="2">
								<str id="mote_id">9</str>
								<str id="hub_id">91</str>
								<str id="swf_file_versioned">http://c2.glitch.bz/locations/groddle1/1316726082.swf</str>
								<int id="x">-2670</int>
								<int id="y">-130</int>
								<objref id="target" tsid="LA5145S31J52BA2" label="Chuff Chase 2"/>
							</object>
						</object>
						<int id="h">200</int>
						<str id="id">signpost_2</str>
						<int id="w">100</int>
						<int id="x">2826</int>
					</object>
					<object id="signpost_1">
						<int id="y">-81</int>
						<object id="connects">
							<object id="0">
								<str id="mote_id">9</str>
								<str id="hub_id">91</str>
								<str id="swf_file_versioned">http://c2.glitch.bz/locations/groddle1/1316726082.swf</str>
								<int id="x">2693</int>
								<int id="y">-77</int>
								<objref id="target" tsid="LA5132LA0J526JJ" label="Boor Bane A"/>
							</object>
							<object id="1">
								<str id="mote_id">9</str>
								<str id="hub_id">91</str>
								<str id="swf_file_versioned">http://c2.glitch.bz/locations/groddle1/1316726082.swf</str>
								<int id="x">2708</int>
								<int id="y">-107</int>
								<objref id="target" tsid="LA5137QE0J52UB8" label="Cornfed Crt A"/>
							</object>
							<object id="2">
								<str id="mote_id">9</str>
								<str id="hub_id">91</str>
								<str id="swf_file_versioned">http://c2.glitch.bz/locations/groddle1/1316726082.swf</str>
								<int id="x">-2692</int>
								<int id="y">-370</int>
								<objref id="target" tsid="LA5148N71J5237C" label="Cornfed Crt B"/>
							</object>
						</object>
						<int id="h">200</int>
						<int id="w">100</int>
						<int id="x">-2767</int>
					</object>
				</object>
				<int id="h">1000</int>
				<object id="platform_lines">
					<object id="plat_1307749098677">
						<int id="platform_pc_perm">-1</int>
						<int id="platform_item_perm">-1</int>
						<object id="start">
							<int id="y">-80</int>
							<int id="x">-640</int>
						</object>
						<object id="end">
							<int id="y">-104</int>
							<int id="x">-242</int>
						</object>
					</object>
					<object id="plat_1308179352990">
						<int id="platform_pc_perm">-1</int>
						<int id="platform_item_perm">-1</int>
						<object id="start">
							<int id="y">-69</int>
							<int id="x">2372</int>
						</object>
						<object id="end">
							<int id="y">-50</int>
							<int id="x">2596</int>
						</object>
					</object>
					<object id="plat_1307749098685">
						<int id="platform_pc_perm">-1</int>
						<int id="platform_item_perm">-1</int>
						<object id="start">
							<int id="y">-93</int>
							<int id="x">1341</int>
						</object>
						<object id="end">
							<int id="y">-106</int>
							<int id="x">1590</int>
						</object>
					</object>
					<object id="plat_1307749098675">
						<int id="platform_pc_perm">-1</int>
						<int id="platform_item_perm">-1</int>
						<object id="start">
							<int id="y">-83</int>
							<int id="x">-1146</int>
						</object>
						<object id="end">
							<int id="y">-78</int>
							<int id="x">-1007</int>
						</object>
					</object>
					<object id="plat_1308179352969">
						<int id="platform_pc_perm">-1</int>
						<int id="platform_item_perm">-1</int>
						<object id="start">
							<int id="y">-91</int>
							<int id="x">1097</int>
						</object>
						<object id="end">
							<int id="y">-85</int>
							<int id="x">1156</int>
						</object>
					</object>
					<object id="plat_1308179352978">
						<int id="platform_pc_perm">-1</int>
						<int id="platform_item_perm">-1</int>
						<object id="start">
							<int id="y">-98</int>
							<int id="x">-119</int>
						</object>
						<object id="end">
							<int id="y">-87</int>
							<int id="x">-24</int>
						</object>
					</object>
					<object id="plat_1307749098670">
						<int id="platform_pc_perm">-1</int>
						<int id="platform_item_perm">-1</int>
						<object id="start">
							<int id="y">-84</int>
							<int id="x">-2190</int>
						</object>
						<object id="end">
							<int id="y">-75</int>
							<int id="x">-1833</int>
						</object>
					</object>
					<object id="plat_1307749098678">
						<int id="platform_pc_perm">-1</int>
						<int id="platform_item_perm">-1</int>
						<object id="start">
							<int id="y">-91</int>
							<int id="x">60</int>
						</object>
						<object id="end">
							<int id="y">-84</int>
							<int id="x">214</int>
						</object>
					</object>
					<object id="plat_1307749098674">
						<int id="platform_pc_perm">-1</int>
						<int id="platform_item_perm">-1</int>
						<object id="start">
							<int id="y">-59</int>
							<int id="x">-1625</int>
						</object>
						<object id="end">
							<int id="y">-83</int>
							<int id="x">-1146</int>
						</object>
					</object>
					<object id="plat_1308179352971">
						<int id="platform_pc_perm">-1</int>
						<int id="platform_item_perm">-1</int>
						<object id="start">
							<int id="y">-80</int>
							<int id="x">923</int>
						</object>
						<object id="end">
							<int id="y">-81</int>
							<int id="x">1067</int>
						</object>
					</object>
					<object id="plat_1308179352979">
						<int id="platform_pc_perm">-1</int>
						<int id="platform_item_perm">-1</int>
						<object id="start">
							<int id="y">-104</int>
							<int id="x">-242</int>
						</object>
						<object id="end">
							<int id="y">-98</int>
							<int id="x">-119</int>
						</object>
					</object>
					<object id="plat_1307749098680">
						<int id="platform_pc_perm">-1</int>
						<int id="platform_item_perm">-1</int>
						<object id="start">
							<int id="y">-84</int>
							<int id="x">214</int>
						</object>
						<object id="end">
							<int id="y">-79</int>
							<int id="x">374</int>
						</object>
					</object>
					<object id="plat_1307749098668">
						<int id="platform_pc_perm">-1</int>
						<int id="platform_item_perm">-1</int>
						<object id="start">
							<int id="y">-75</int>
							<int id="x">-2999</int>
						</object>
						<object id="end">
							<int id="y">-61</int>
							<int id="x">-2617</int>
						</object>
					</object>
					<object id="plat_1308179352977">
						<int id="platform_pc_perm">-1</int>
						<int id="platform_item_perm">-1</int>
						<object id="start">
							<int id="y">-87</int>
							<int id="x">-24</int>
						</object>
						<object id="end">
							<int id="y">-91</int>
							<int id="x">60</int>
						</object>
					</object>
					<object id="plat_1307749098681">
						<int id="platform_pc_perm">-1</int>
						<int id="platform_item_perm">-1</int>
						<object id="start">
							<int id="y">-79</int>
							<int id="x">374</int>
						</object>
						<object id="end">
							<int id="y">-80</int>
							<int id="x">923</int>
						</object>
					</object>
					<object id="plat_1308179352970">
						<int id="platform_pc_perm">-1</int>
						<int id="platform_item_perm">-1</int>
						<object id="start">
							<int id="y">-81</int>
							<int id="x">1067</int>
						</object>
						<object id="end">
							<int id="y">-91</int>
							<int id="x">1097</int>
						</object>
					</object>
					<object id="plat_1307749098676">
						<int id="platform_pc_perm">-1</int>
						<int id="platform_item_perm">-1</int>
						<object id="start">
							<int id="y">-78</int>
							<int id="x">-1007</int>
						</object>
						<object id="end">
							<int id="y">-80</int>
							<int id="x">-640</int>
						</object>
					</object>
					<object id="plat_1308179352968">
						<int id="platform_pc_perm">-1</int>
						<int id="platform_item_perm">-1</int>
						<object id="start">
							<int id="y">-85</int>
							<int id="x">1156</int>
						</object>
						<object id="end">
							<int id="y">-93</int>
							<int id="x">1341</int>
						</object>
					</object>
					<object id="plat_1307749098669">
						<int id="platform_pc_perm">-1</int>
						<int id="platform_item_perm">-1</int>
						<object id="start">
							<int id="y">-61</int>
							<int id="x">-2617</int>
						</object>
						<object id="end">
							<int id="y">-84</int>
							<int id="x">-2190</int>
						</object>
					</object>
					<object id="plat_1307749098686">
						<int id="platform_pc_perm">-1</int>
						<int id="platform_item_perm">-1</int>
						<object id="start">
							<int id="y">-106</int>
							<int id="x">1590</int>
						</object>
						<object id="end">
							<int id="y">-69</int>
							<int id="x">2372</int>
						</object>
					</object>
					<object id="plat_1308179352991">
						<int id="platform_pc_perm">-1</int>
						<int id="platform_item_perm">-1</int>
						<object id="start">
							<int id="y">-50</int>
							<int id="x">2596</int>
						</object>
						<object id="end">
							<int id="y">-65</int>
							<int id="x">2999</int>
						</object>
					</object>
					<object id="plat_1307749098671">
						<int id="platform_pc_perm">-1</int>
						<int id="platform_item_perm">-1</int>
						<object id="start">
							<int id="y">-75</int>
							<int id="x">-1833</int>
						</object>
						<object id="end">
							<int id="y">-59</int>
							<int id="x">-1625</int>
						</object>
					</object>
				</object>
				<object id="walls">
				</object>
				<object id="targets">
				</object>
				<str id="name">middleground</str>
				<object id="boxes">
				</object>
				<int id="w">6000</int>
				<object id="doors">
				</object>
				<object id="ladders">
				</object>
				<object id="filtersNEW">
					<object id="saturation">
						<int id="value">18</int>
					</object>
					<object id="tintColor">
						<int id="value">0</int>
					</object>
					<object id="contrast">
						<int id="value">0</int>
					</object>
					<object id="brightness">
						<int id="value">9</int>
					</object>
				</object>
				<int id="z">0</int>
				<object id="decos">
					<object id="lens_topper_1_1309204450265">
						<int id="w">133</int>
						<int id="z">28</int>
						<str id="sprite_class">lens_topper_1</str>
						<int id="x">1082</int>
						<int id="y">-60</int>
						<int id="h">35</int>
						<str id="name">lens_topper_1_1309204450262</str>
					</object>
					<object id="lens_grass_1_1308179352896">
						<int id="w">285</int>
						<int id="z">9</int>
						<str id="sprite_class">lens_grass_1</str>
						<int id="x">2537</int>
						<int id="y">-87</int>
						<int id="h">55</int>
						<str id="name">lens_grass_1_1307987031014</str>
						<int id="r">3</int>
					</object>
					<object id="ug_ground_heights_1309204450285">
						<int id="w">496</int>
						<int id="z">15</int>
						<str id="sprite_class">ug_ground_heights</str>
						<int id="x">-15</int>
						<int id="y">11</int>
						<int id="h">69</int>
						<str id="name">ug_ground_heights_1309204450284</str>
					</object>
					<object id="tree_acacia_1_1309204450312">
						<int id="w">1169</int>
						<int id="z">43</int>
						<str id="sprite_class">tree_acacia_1</str>
						<int id="x">2254</int>
						<int id="y">-91</int>
						<int id="h">732</int>
						<str id="name">tree_acacia_1_1308179352930</str>
					</object>
					<object id="ug_ground_heights_1309204450284">
						<int id="w">496</int>
						<int id="z">14</int>
						<str id="sprite_class">ug_ground_heights</str>
						<int id="x">-404</int>
						<int id="y">29</int>
						<int id="h">69</int>
						<str id="name">ug_ground_heights_1309204450284</str>
					</object>
					<object id="lens_grass_2_1307741552444">
						<int id="w">2108</int>
						<int id="z">5</int>
						<str id="sprite_class">lens_grass_2</str>
						<int id="x">-2527</int>
						<int id="y">19</int>
						<int id="h">161</int>
						<str id="name">lens_grass_2_1307741552444</str>
					</object>
					<object id="lens_topper_1_1309204450264">
						<int id="w">133</int>
						<int id="z">27</int>
						<str id="sprite_class">lens_topper_1</str>
						<int id="x">1168</int>
						<int id="y">-52</int>
						<int id="h">35</int>
						<str id="name">lens_topper_1_1309204450262</str>
					</object>
					<object id="lens_grass_2_1307741552456">
						<int id="w">2108</int>
						<int id="z">0</int>
						<str id="sprite_class">lens_grass_2</str>
						<int id="x">-1995</int>
						<int id="y">17</int>
						<int id="h">161</int>
						<str id="name">lens_grass_2_1307741552444</str>
					</object>
					<object id="lens_grass_2_1307741552452">
						<int id="w">2108</int>
						<int id="z">2</int>
						<str id="sprite_class">lens_grass_2</str>
						<int id="x">2868</int>
						<int id="y">16</int>
						<int id="h">151</int>
						<str id="name">lens_grass_2_1307741552444</str>
					</object>
					<object id="lens_grass_1_1308179352975">
						<int id="w">138</int>
						<int id="z">11</int>
						<str id="sprite_class">lens_grass_1</str>
						<int id="x">1324</int>
						<int id="y">-99</int>
						<int id="h">27</int>
						<str id="name">lens_grass_1_1307987031014</str>
					</object>
					<object id="lens_grass_2_1309204450259">
						<int id="w">675</int>
						<int id="z">22</int>
						<str id="sprite_class">lens_grass_2</str>
						<int id="x">543</int>
						<int id="y">-15</int>
						<int id="h">110</int>
						<str id="name">lens_grass_2_1309204450256</str>
					</object>
					<object id="lens_grass_1_1309204450309">
						<int id="w">593</int>
						<int id="z">41</int>
						<str id="sprite_class">lens_grass_1</str>
						<int id="x">2924</int>
						<int id="y">-15</int>
						<int id="h">79</int>
						<str id="name">lens_grass_1_1307987031014</str>
					</object>
					<object id="lens_grass_1_1308179352982">
						<int id="w">142</int>
						<int id="z">13</int>
						<str id="sprite_class">lens_grass_1</str>
						<int id="x">22</int>
						<int id="y">-102</int>
						<int id="h">32</int>
						<str id="name">lens_grass_1_1307987031014</str>
					</object>
					<object id="lens_grass_2_1309204450326">
						<int id="w">675</int>
						<int id="z">33</int>
						<str id="sprite_class">lens_grass_2</str>
						<int id="x">-1693</int>
						<int id="y">64</int>
						<int id="h">110</int>
						<str id="name">lens_grass_2_1309204450256</str>
					</object>
					<object id="lens_grass_2_1307741552450">
						<int id="w">2108</int>
						<int id="z">4</int>
						<str id="sprite_class">lens_grass_2</str>
						<int id="x">1593</int>
						<int id="y">52</int>
						<int id="h">161</int>
						<str id="name">lens_grass_2_1307741552444</str>
						<int id="r">2</int>
					</object>
					<object id="lens_topper_1_1309204450305">
						<int id="w">133</int>
						<int id="z">38</int>
						<str id="sprite_class">lens_topper_1</str>
						<int id="x">2529</int>
						<int id="y">-55</int>
						<int id="h">35</int>
						<str id="name">lens_topper_1_1309204450269</str>
					</object>
					<object id="lens_grass_1_1307741552445">
						<int id="w">2026</int>
						<int id="z">6</int>
						<str id="sprite_class">lens_grass_1</str>
						<int id="x">-1389</int>
						<int id="y">68</int>
						<int id="h">202</int>
						<str id="name">lens_grass_1_1307741552445</str>
					</object>
					<object id="lens_grass_1_1308179352973">
						<int id="w">386</int>
						<int id="z">12</int>
						<str id="sprite_class">lens_grass_1</str>
						<int id="x">1014</int>
						<int id="y">-94</int>
						<int id="h">40</int>
						<str id="name">lens_grass_1_1307987031014</str>
					</object>
					<object id="pampas_1_1309204450311">
						<int id="w">62</int>
						<int id="z">44</int>
						<str id="sprite_class">pampas_1</str>
						<int id="x">2334</int>
						<int id="y">-100</int>
						<int id="h">90</int>
						<str id="name">pampas_1_1308179353005</str>
					</object>
					<object id="lens_grass_2_1309204450257">
						<int id="w">675</int>
						<int id="z">29</int>
						<str id="sprite_class">lens_grass_2</str>
						<int id="x">-649</int>
						<int id="y">2</int>
						<int id="h">110</int>
						<str id="name">lens_grass_2_1309204450256</str>
					</object>
					<object id="lens_topper_1_1309204450262">
						<int id="w">133</int>
						<int id="z">25</int>
						<str id="sprite_class">lens_topper_1</str>
						<int id="x">973</int>
						<int id="y">-55</int>
						<int id="h">35</int>
						<str id="name">lens_topper_1_1309204450262</str>
					</object>
					<object id="lens_grass_2_1309204450256">
						<int id="w">675</int>
						<int id="z">21</int>
						<str id="sprite_class">lens_grass_2</str>
						<int id="x">-435</int>
						<int id="y">-20</int>
						<int id="h">110</int>
						<str id="name">lens_grass_2_1309204450256</str>
					</object>
					<object id="lens_grass_2_1307741552449">
						<int id="w">2108</int>
						<int id="z">7</int>
						<str id="sprite_class">lens_grass_2</str>
						<int id="x">1543</int>
						<int id="y">90</int>
						<int id="h">161</int>
						<str id="name">lens_grass_2_1307741552444</str>
					</object>
					<object id="lens_grass_2_1309204450324">
						<int id="w">675</int>
						<int id="z">31</int>
						<str id="sprite_class">lens_grass_2</str>
						<int id="x">-1243</int>
						<int id="y">41</int>
						<int id="h">110</int>
						<str id="name">lens_grass_2_1309204450256</str>
					</object>
					<object id="lens_topper_1_1309204450364">
						<int id="w">133</int>
						<int id="z">46</int>
						<str id="sprite_class">lens_topper_1</str>
						<int id="x">2806</int>
						<int id="y">-33</int>
						<int id="h">35</int>
						<str id="name">lens_topper_1_1309204450269</str>
					</object>
					<object id="lens_grass_2_1309204450325">
						<int id="w">675</int>
						<int id="z">32</int>
						<str id="sprite_class">lens_grass_2</str>
						<int id="x">-1453</int>
						<int id="y">58</int>
						<int id="h">110</int>
						<str id="name">lens_grass_2_1309204450256</str>
					</object>
					<object id="lens_grass_2_1309204450323">
						<int id="w">675</int>
						<int id="z">30</int>
						<str id="sprite_class">lens_grass_2</str>
						<int id="x">-984</int>
						<int id="y">27</int>
						<int id="h">110</int>
						<str id="name">lens_grass_2_1309204450256</str>
					</object>
					<object id="ug_ground_heights_1309204450286">
						<int id="w">496</int>
						<int id="z">16</int>
						<str id="sprite_class">ug_ground_heights</str>
						<int id="x">406</int>
						<int id="y">19</int>
						<int id="h">69</int>
						<str id="name">ug_ground_heights_1309204450284</str>
					</object>
					<object id="lens_grass_2_1309204450287">
						<int id="w">675</int>
						<int id="z">17</int>
						<str id="sprite_class">lens_grass_2</str>
						<int id="x">299</int>
						<int id="y">-56</int>
						<int id="h">82</int>
						<str id="name">lens_grass_2_1309204450256</str>
					</object>
					<object id="lens_topper_1_1308179352984">
						<int id="w">67</int>
						<int id="z">20</int>
						<str id="sprite_class">lens_topper_1</str>
						<int id="x">-14</int>
						<int id="y">-117</int>
						<int id="h">12</int>
						<str id="name">lens_topper_1_1308179352984</str>
					</object>
					<object id="lens_grass_2_1309204450260">
						<int id="w">675</int>
						<int id="z">23</int>
						<str id="sprite_class">lens_grass_2</str>
						<int id="x">776</int>
						<int id="y">9</int>
						<int id="h">110</int>
						<str id="name">lens_grass_2_1309204450256</str>
					</object>
					<object id="lens_topper_1_1309204450361">
						<int id="w">133</int>
						<int id="z">45</int>
						<str id="sprite_class">lens_topper_1</str>
						<int id="x">2701</int>
						<int id="y">-39</int>
						<int id="h">35</int>
						<str id="name">lens_topper_1_1309204450360</str>
					</object>
					<object id="lens_topper_1_1309204450307">
						<int id="w">133</int>
						<int id="z">34</int>
						<str id="sprite_class">lens_topper_1</str>
						<int id="x">2304</int>
						<int id="y">-57</int>
						<int id="h">35</int>
						<str id="name">lens_topper_1_1309204450269</str>
					</object>
					<object id="lens_grass_1_1309204450310">
						<int id="w">593</int>
						<int id="z">42</int>
						<str id="sprite_class">lens_grass_1</str>
						<int id="x">2464</int>
						<int id="y">3</int>
						<int id="h">79</int>
						<str id="name">lens_grass_1_1307987031014</str>
					</object>
					<object id="lens_grass_2_1309204450258">
						<int id="w">675</int>
						<int id="z">19</int>
						<str id="sprite_class">lens_grass_2</str>
						<int id="x">11</int>
						<int id="y">-40</int>
						<int id="h">82</int>
						<str id="name">lens_grass_2_1309204450256</str>
					</object>
					<object id="lens_grass_1_1308179352897">
						<int id="w">285</int>
						<int id="z">8</int>
						<str id="sprite_class">lens_grass_1</str>
						<int id="x">2636</int>
						<int id="y">-95</int>
						<int id="h">55</int>
						<str id="name">lens_grass_1_1307987031014</str>
						<int id="r">1</int>
					</object>
					<object id="lens_grass_1_1308179352974">
						<int id="w">138</int>
						<int id="z">10</int>
						<str id="sprite_class">lens_grass_1</str>
						<int id="x">1226</int>
						<int id="y">-107</int>
						<int id="h">24</int>
						<str id="name">lens_grass_1_1307987031014</str>
					</object>
					<object id="lens_grass_2_1307741552454">
						<int id="w">2108</int>
						<int id="z">1</int>
						<str id="sprite_class">lens_grass_2</str>
						<int id="x">1694</int>
						<int id="y">23</int>
						<int id="h">161</int>
						<str id="name">lens_grass_2_1307741552444</str>
					</object>
					<object id="lens_topper_1_1309204450306">
						<int id="w">133</int>
						<int id="z">37</int>
						<str id="sprite_class">lens_topper_1</str>
						<int id="x">2416</int>
						<int id="y">-55</int>
						<int id="h">35</int>
						<str id="name">lens_topper_1_1309204450269</str>
					</object>
					<object id="lens_topper_1_1309204450263">
						<int id="w">133</int>
						<int id="z">26</int>
						<str id="sprite_class">lens_topper_1</str>
						<int id="x">1076</int>
						<int id="y">-52</int>
						<int id="h">35</int>
						<str id="name">lens_topper_1_1309204450262</str>
					</object>
					<object id="lens_grass_1_1309204450308">
						<int id="w">593</int>
						<int id="z">40</int>
						<str id="sprite_class">lens_grass_1</str>
						<int id="x">2740</int>
						<int id="y">5</int>
						<int id="h">79</int>
						<str id="name">lens_grass_1_1307987031014</str>
					</object>
					<object id="lens_topper_1_1309204450363">
						<int id="w">133</int>
						<int id="z">36</int>
						<str id="sprite_class">lens_topper_1</str>
						<int id="x">2091</int>
						<int id="y">-64</int>
						<int id="h">35</int>
						<str id="name">lens_topper_1_1309204450269</str>
					</object>
					<object id="lens_grass_2_1307741552451">
						<int id="w">2108</int>
						<int id="z">3</int>
						<str id="sprite_class">lens_grass_2</str>
						<int id="x">2285</int>
						<int id="y">20</int>
						<int id="h">161</int>
						<str id="name">lens_grass_2_1307741552444</str>
					</object>
					<object id="lens_topper_1_1309204450362">
						<int id="w">133</int>
						<int id="z">35</int>
						<str id="sprite_class">lens_topper_1</str>
						<int id="x">2187</int>
						<int id="y">-60</int>
						<int id="h">35</int>
						<str id="name">lens_topper_1_1309204450269</str>
					</object>
					<object id="lens_grass_2_1309204450288">
						<int id="w">675</int>
						<int id="z">18</int>
						<str id="sprite_class">lens_grass_2</str>
						<int id="x">-227</int>
						<int id="y">-50</int>
						<int id="h">82</int>
						<str id="name">lens_grass_2_1309204450256</str>
					</object>
					<object id="lens_grass_2_1309204450261">
						<int id="w">675</int>
						<int id="z">24</int>
						<str id="sprite_class">lens_grass_2</str>
						<int id="x">1041</int>
						<int id="y">43</int>
						<int id="h">110</int>
						<str id="name">lens_grass_2_1309204450256</str>
					</object>
					<object id="lens_topper_1_1309204450304">
						<int id="w">133</int>
						<int id="z">39</int>
						<str id="sprite_class">lens_topper_1</str>
						<int id="x">2597</int>
						<int id="y">-52</int>
						<int id="h">35</int>
						<str id="name">lens_topper_1_1309204450269</str>
					</object>
				</object>
			</object>
		</object>
		<null id="loading_label"/>
		<int id="ground_y">0</int>
		<int id="rookable_type">0</int>
		<null id="physics"/>
		<null id="img_file_versioned"/>
		<str id="tsid">LA5131390J52DJR</str>
		<str id="swf_file_versioned">http://c2.glitch.bz/locations/groddle1/1316726082.swf</str>
		<object id="gradient">
			<str id="top">7395BF</str>
			<str id="bottom">FFD859</str>
		</object>
		<object id="sources">
			<int id="LA5132LA0J526JJ">1</int>
			<int id="LA5145S31J52BA2">1</int>
			<int id="LA5148N71J5237C">1</int>
			<int id="LA5138OK0J526HB">1</int>
			<int id="LA512V480J52NMN">1</int>
			<int id="LA5137QE0J52UB8">1</int>
		</object>
		<str id="music_file"></str>
		<bool id="wall_jump">false</bool>
		<bool id="no_zoom">false</bool>
	</object>
</game_object>
