<game_object tsid="GA513CDN0J52ND9" ts="1337675081018" label="Boor Bane E" class_tsid="" lastUpdateTime="1337675070999" upd_gs="gs8" load_time="2012-05-22 01:05:18.219" upd_time="2012-05-22 01:20:17.725">
	<object id="dynamic">
		<int id="l">-3000</int>
		<int id="r">3000</int>
		<int id="t">-1000</int>
		<int id="b">0</int>
		<str id="label">Boor Bane E</str>
		<str id="swf_file">groddle1.swf</str>
		<object id="layers">
			<object id="T_1307725023670">
				<object id="decos">
					<object id="alakol_water_rock_2_1308193052433">
						<int id="w">34</int>
						<int id="z">41</int>
						<str id="sprite_class">alakol_water_rock_2</str>
						<int id="x">862</int>
						<int id="y">730</int>
						<int id="h">9</int>
						<str id="name">alakol_water_rock_2_1307731442936</str>
					</object>
					<object id="alakol_water_rock_2_1307731442956">
						<int id="w">109</int>
						<int id="z">32</int>
						<str id="sprite_class">alakol_water_rock_2</str>
						<int id="x">5353</int>
						<int id="y">713</int>
						<int id="h">30</int>
						<str id="name">alakol_water_rock_2_1307731442936</str>
					</object>
					<object id="lens_grass_2_1307725023717">
						<int id="w">1158</int>
						<int id="z">17</int>
						<str id="sprite_class">lens_grass_2</str>
						<int id="x">1027</int>
						<int id="y">771</int>
						<int id="h">47</int>
						<str id="name">lens_grass_2_1307725023672</str>
						<int id="r">1</int>
					</object>
					<object id="tree_acacia_1_1307735717322">
						<int id="w">34</int>
						<int id="z">36</int>
						<str id="sprite_class">tree_acacia_1</str>
						<int id="x">658</int>
						<int id="y">730</int>
						<int id="h">21</int>
						<str id="name">tree_acacia_1_1307731442861</str>
					</object>
					<object id="alakol_water_rock_2_1307731442955">
						<int id="w">85</int>
						<int id="z">30</int>
						<str id="sprite_class">alakol_water_rock_2</str>
						<int id="x">5400</int>
						<int id="y">702</int>
						<int id="h">54</int>
						<str id="name">alakol_water_rock_2_1307731442936</str>
					</object>
					<object id="heights_bush_1_1307731442963">
						<int id="w">28</int>
						<int id="z">35</int>
						<str id="sprite_class">heights_bush_1</str>
						<int id="x">5399</int>
						<int id="y">710</int>
						<int id="h">16</int>
						<str id="name">heights_bush_1_1307731442942</str>
					</object>
					<object id="tree_acacia_1_1308041830128">
						<int id="w">36</int>
						<int id="z">24</int>
						<str id="sprite_class">tree_acacia_1</str>
						<int id="x">3568</int>
						<int id="y">709</int>
						<int id="h">23</int>
						<str id="name">tree_acacia_1_1307731442861</str>
					</object>
					<object id="lens_grass_2_1307725023719">
						<int id="w">1158</int>
						<int id="z">16</int>
						<str id="sprite_class">lens_grass_2</str>
						<int id="x">1886</int>
						<int id="y">761</int>
						<int id="h">47</int>
						<str id="name">lens_grass_2_1307725023672</str>
						<int id="r">-1</int>
					</object>
					<object id="alakol_water_rock_1_1307731442959">
						<int id="w">32</int>
						<int id="z">34</int>
						<str id="sprite_class">alakol_water_rock_1</str>
						<int id="x">5440</int>
						<int id="y">715</int>
						<int id="h">26</int>
						<str id="name">alakol_water_rock_1_1307731442935</str>
					</object>
					<object id="heights_bush_4_1308041830120">
						<int id="w">480</int>
						<int id="z">8</int>
						<str id="sprite_class">heights_bush_4</str>
						<int id="x">1235</int>
						<int id="y">734</int>
						<int id="h">20</int>
						<str id="name">heights_bush_4_1307731442857</str>
						<bool id="h_flip">true</bool>
						<int id="r">-1</int>
					</object>
					<object id="pampas_1_1307735717350">
						<int id="w">5</int>
						<int id="z">48</int>
						<str id="sprite_class">pampas_1</str>
						<int id="x">1842</int>
						<int id="y">725</int>
						<int id="h">7</int>
						<str id="name">pampas_1_1307731442969</str>
					</object>
					<object id="tree_acacia_4_1307735717330">
						<int id="w">35</int>
						<int id="z">40</int>
						<str id="sprite_class">tree_acacia_4</str>
						<int id="x">637</int>
						<int id="y">727</int>
						<int id="h">27</int>
						<str id="name">tree_acacia_4_1307731442853</str>
					</object>
					<object id="tree_acacia_3_1307741552436">
						<int id="w">44</int>
						<int id="z">46</int>
						<str id="sprite_class">tree_acacia_3</str>
						<int id="x">2221</int>
						<int id="y">709</int>
						<int id="h">20</int>
						<str id="name">tree_acacia_3_1307731442854</str>
					</object>
					<object id="alakol_water_rock_2_1308041830121">
						<int id="w">28</int>
						<int id="z">45</int>
						<str id="sprite_class">alakol_water_rock_2</str>
						<int id="x">1839</int>
						<int id="y">725</int>
						<int id="h">8</int>
						<str id="name">alakol_water_rock_2_1307731442936</str>
						<int id="r">-2</int>
					</object>
					<object id="alakol_water_rock_1_1307731442938">
						<int id="w">20</int>
						<int id="z">0</int>
						<str id="sprite_class">alakol_water_rock_1</str>
						<int id="x">2610</int>
						<int id="y">712</int>
						<int id="h">12</int>
						<str id="name">alakol_water_rock_1_1307731442935</str>
					</object>
					<object id="lens_grass_2_1307725023718">
						<int id="w">1158</int>
						<int id="z">15</int>
						<str id="sprite_class">lens_grass_2</str>
						<int id="x">1548</int>
						<int id="y">770</int>
						<int id="h">47</int>
						<str id="name">lens_grass_2_1307725023672</str>
						<int id="r">1</int>
					</object>
					<object id="tree_acacia_3_1307735717328">
						<int id="w">46</int>
						<int id="z">47</int>
						<str id="sprite_class">tree_acacia_3</str>
						<int id="x">356</int>
						<int id="y">714</int>
						<int id="h">21</int>
						<str id="name">tree_acacia_3_1307731442854</str>
					</object>
					<object id="lens_grass_2_1307725023721">
						<int id="w">1158</int>
						<int id="z">18</int>
						<str id="sprite_class">lens_grass_2</str>
						<int id="x">2980</int>
						<int id="y">758</int>
						<int id="h">47</int>
						<str id="name">lens_grass_2_1307725023672</str>
						<int id="r">1</int>
					</object>
					<object id="tree_acacia_1_1307735717323">
						<int id="w">37</int>
						<int id="z">37</int>
						<str id="sprite_class">tree_acacia_1</str>
						<int id="x">321</int>
						<int id="y">713</int>
						<int id="h">23</int>
						<str id="name">tree_acacia_1_1307731442861</str>
					</object>
					<object id="heights_bush_4_1307731442857">
						<int id="w">374</int>
						<int id="z">2</int>
						<str id="sprite_class">heights_bush_4</str>
						<int id="x">143</int>
						<int id="y">723</int>
						<int id="h">29</int>
						<str id="name">heights_bush_4_1307731442857</str>
					</object>
					<object id="tree_acacia_1_1308041830195">
						<int id="w">40</int>
						<int id="z">25</int>
						<str id="sprite_class">tree_acacia_1</str>
						<int id="x">4535</int>
						<int id="y">706</int>
						<int id="h">25</int>
						<str id="name">tree_acacia_1_1307731442861</str>
					</object>
					<object id="alakol_cliff_2_1307731442954">
						<int id="w">112</int>
						<int id="z">31</int>
						<str id="sprite_class">alakol_cliff_2</str>
						<int id="x">5414</int>
						<int id="y">707</int>
						<int id="h">31</int>
						<str id="name">alakol_cliff_2_1307731442934</str>
						<int id="r">1</int>
					</object>
					<object id="lens_grass_2_1307725023724">
						<int id="w">1158</int>
						<int id="z">20</int>
						<str id="sprite_class">lens_grass_2</str>
						<int id="x">4690</int>
						<int id="y">748</int>
						<int id="h">47</int>
						<str id="name">lens_grass_2_1307725023672</str>
						<int id="r">1</int>
					</object>
					<object id="heights_bush_4_1308041830124">
						<int id="w">374</int>
						<int id="z">6</int>
						<str id="sprite_class">heights_bush_4</str>
						<int id="x">2595</int>
						<int id="y">722</int>
						<int id="h">29</int>
						<str id="name">heights_bush_4_1307731442857</str>
						<bool id="h_flip">true</bool>
					</object>
					<object id="tree_acacia_4_1307741552435">
						<int id="w">34</int>
						<int id="z">43</int>
						<str id="sprite_class">tree_acacia_4</str>
						<int id="x">2246</int>
						<int id="y">709</int>
						<int id="h">27</int>
						<str id="name">tree_acacia_4_1307731442868</str>
					</object>
					<object id="lens_grass_2_1307725023722">
						<int id="w">1158</int>
						<int id="z">19</int>
						<str id="sprite_class">lens_grass_2</str>
						<int id="x">3517</int>
						<int id="y">748</int>
						<int id="h">47</int>
						<str id="name">lens_grass_2_1307725023672</str>
						<int id="r">-1</int>
					</object>
					<object id="alakol_water_rock_2_1307731442945">
						<int id="w">26</int>
						<int id="z">22</int>
						<str id="sprite_class">alakol_water_rock_2</str>
						<int id="x">2627</int>
						<int id="y">714</int>
						<int id="h">8</int>
						<str id="name">alakol_water_rock_2_1307731442936</str>
					</object>
					<object id="tree_acacia_2_1307735717324">
						<int id="w">45</int>
						<int id="z">38</int>
						<str id="sprite_class">tree_acacia_2</str>
						<int id="x">22</int>
						<int id="y">717</int>
						<int id="h">25</int>
						<str id="name">tree_acacia_2_1307731442855</str>
					</object>
					<object id="alakol_cliff_2_1308193052434">
						<int id="w">26</int>
						<int id="z">29</int>
						<str id="sprite_class">alakol_cliff_2</str>
						<int id="x">847</int>
						<int id="y">730</int>
						<int id="h">7</int>
						<str id="name">alakol_cliff_2_1307731442934</str>
						<int id="r">1</int>
					</object>
					<object id="lens_grass_2_1307725023720">
						<int id="w">1158</int>
						<int id="z">13</int>
						<str id="sprite_class">lens_grass_2</str>
						<int id="x">2351</int>
						<int id="y">748</int>
						<int id="h">47</int>
						<str id="name">lens_grass_2_1307725023672</str>
					</object>
					<object id="heights_bush_4_1308041830125">
						<int id="w">374</int>
						<int id="z">7</int>
						<str id="sprite_class">heights_bush_4</str>
						<int id="x">5200</int>
						<int id="y">708</int>
						<int id="h">29</int>
						<str id="name">heights_bush_4_1307731442857</str>
						<bool id="h_flip">true</bool>
					</object>
					<object id="alakol_cliff_2_1307731442934">
						<int id="w">44</int>
						<int id="z">27</int>
						<str id="sprite_class">alakol_cliff_2</str>
						<int id="x">2602</int>
						<int id="y">717</int>
						<int id="h">12</int>
						<str id="name">alakol_cliff_2_1307731442934</str>
					</object>
					<object id="lens_grass_2_1307725023723">
						<int id="w">1158</int>
						<int id="z">12</int>
						<str id="sprite_class">lens_grass_2</str>
						<int id="x">4029</int>
						<int id="y">733</int>
						<int id="h">47</int>
						<str id="name">lens_grass_2_1307725023672</str>
					</object>
					<object id="alakol_water_rock_1_1307731442960">
						<int id="w">72</int>
						<int id="z">10</int>
						<str id="sprite_class">alakol_water_rock_1</str>
						<int id="x">5452</int>
						<int id="y">687</int>
						<int id="h">19</int>
						<str id="name">alakol_water_rock_1_1307731442935</str>
					</object>
					<object id="heights_bush_4_1307731442858">
						<int id="w">435</int>
						<int id="z">1</int>
						<str id="sprite_class">heights_bush_4</str>
						<int id="x">324</int>
						<int id="y">724</int>
						<int id="h">24</int>
						<str id="name">heights_bush_4_1307731442857</str>
						<int id="r">1</int>
					</object>
					<object id="heights_bush_4_1308041830114">
						<int id="w">517</int>
						<int id="z">4</int>
						<str id="sprite_class">heights_bush_4</str>
						<int id="x">1387</int>
						<int id="y">731</int>
						<int id="h">22</int>
						<str id="name">heights_bush_4_1307731442857</str>
						<int id="r">-2</int>
					</object>
					<object id="heights_bush_4_1308041830115">
						<int id="w">495</int>
						<int id="z">3</int>
						<str id="sprite_class">heights_bush_4</str>
						<int id="x">1763</int>
						<int id="y">727</int>
						<int id="h">17</int>
						<str id="name">heights_bush_4_1307731442857</str>
						<int id="r">-1</int>
					</object>
					<object id="heights_bush_4_1308041830123">
						<int id="w">374</int>
						<int id="z">5</int>
						<str id="sprite_class">heights_bush_4</str>
						<int id="x">2769</int>
						<int id="y">722</int>
						<int id="h">29</int>
						<str id="name">heights_bush_4_1307731442857</str>
					</object>
					<object id="lens_grass_2_1307725023716">
						<int id="w">1158</int>
						<int id="z">14</int>
						<str id="sprite_class">lens_grass_2</str>
						<int id="x">350</int>
						<int id="y">757</int>
						<int id="h">47</int>
						<str id="name">lens_grass_2_1307725023672</str>
						<int id="r">1</int>
					</object>
					<object id="alakol_cliff_1_1307731442933">
						<int id="w">73</int>
						<int id="z">26</int>
						<str id="sprite_class">alakol_cliff_1</str>
						<int id="x">2571</int>
						<int id="y">712</int>
						<int id="h">12</int>
						<str id="name">alakol_cliff_1_1307731442933</str>
						<int id="r">1</int>
					</object>
					<object id="alakol_water_rock_2_1308041830116">
						<int id="w">23</int>
						<int id="z">44</int>
						<str id="sprite_class">alakol_water_rock_2</str>
						<int id="x">850</int>
						<int id="y">732</int>
						<int id="h">9</int>
						<str id="name">alakol_water_rock_2_1307731442936</str>
					</object>
					<object id="tree_acacia_3_1307735717326">
						<int id="w">43</int>
						<int id="z">39</int>
						<str id="sprite_class">tree_acacia_3</str>
						<int id="x">612</int>
						<int id="y">725</int>
						<int id="h">20</int>
						<str id="name">tree_acacia_3_1307731442854</str>
					</object>
					<object id="alakol_water_rock_2_1307731442962">
						<int id="w">43</int>
						<int id="z">33</int>
						<str id="sprite_class">alakol_water_rock_2</str>
						<int id="x">5299</int>
						<int id="y">708</int>
						<int id="h">18</int>
						<str id="name">alakol_water_rock_2_1307731442936</str>
					</object>
					<object id="lens_grass_2_1307725023725">
						<int id="w">1158</int>
						<int id="z">21</int>
						<str id="sprite_class">lens_grass_2</str>
						<int id="x">5130</int>
						<int id="y">743</int>
						<int id="h">47</int>
						<str id="name">lens_grass_2_1307725023672</str>
						<int id="r">-1</int>
					</object>
					<object id="tree_acacia_1_1307731442861">
						<int id="w">42</int>
						<int id="z">23</int>
						<str id="sprite_class">tree_acacia_1</str>
						<int id="x">2955</int>
						<int id="y">717</int>
						<int id="h">26</int>
						<str id="name">tree_acacia_1_1307731442861</str>
					</object>
				</object>
				<int id="w">5280</int>
				<int id="h">1000</int>
				<int id="z">-4</int>
				<object id="filtersNEW">
					<object id="saturation">
						<int id="value">6</int>
					</object>
					<object id="tintColor">
						<int id="value">0</int>
					</object>
					<object id="contrast">
						<int id="value">0</int>
					</object>
					<object id="blur">
						<int id="value">3</int>
					</object>
					<object id="brightness">
						<int id="value">25</int>
					</object>
				</object>
				<str id="name">bg_3</str>
			</object>
			<object id="T_1307725023669">
				<object id="decos">
					<object id="cloud_fluffy_1_1308273255286">
						<int id="w">1009</int>
						<int id="z">3</int>
						<str id="sprite_class">cloud_fluffy_1</str>
						<int id="x">2741</int>
						<int id="y">664</int>
						<int id="h">95</int>
						<str id="name">cloud_fluffy_1_1307731442949</str>
					</object>
					<object id="cloud_fluffy_2_1308273255285">
						<int id="w">1231</int>
						<int id="z">2</int>
						<str id="sprite_class">cloud_fluffy_2</str>
						<int id="x">842</int>
						<int id="y">707</int>
						<int id="h">89</int>
						<str id="name">cloud_fluffy_2_1307725023726</str>
					</object>
					<object id="cloud_fluffy_1_1307731442952">
						<int id="w">1009</int>
						<int id="z">1</int>
						<str id="sprite_class">cloud_fluffy_1</str>
						<int id="x">2112</int>
						<int id="y">706</int>
						<int id="h">95</int>
						<str id="name">cloud_fluffy_1_1307731442949</str>
					</object>
					<object id="cloud_fluffy_2_1308273255287">
						<int id="w">1231</int>
						<int id="z">4</int>
						<str id="sprite_class">cloud_fluffy_2</str>
						<int id="x">4283</int>
						<int id="y">650</int>
						<int id="h">89</int>
						<str id="name">cloud_fluffy_2_1307725023726</str>
					</object>
					<object id="cloud_fluffy_2_1307731442948">
						<int id="w">1231</int>
						<int id="z">0</int>
						<str id="sprite_class">cloud_fluffy_2</str>
						<int id="x">3423</int>
						<int id="y">569</int>
						<int id="h">89</int>
						<str id="name">cloud_fluffy_2_1307725023726</str>
					</object>
				</object>
				<int id="w">4800</int>
				<int id="h">1000</int>
				<int id="z">-5</int>
				<object id="filtersNEW">
					<object id="saturation">
						<int id="value">-60</int>
					</object>
					<object id="tintColor">
						<int id="value">16763904</int>
					</object>
					<object id="tintAmount">
						<int id="value">80</int>
					</object>
					<object id="blur">
						<int id="value">3</int>
					</object>
					<object id="brightness">
						<int id="value">19</int>
					</object>
					<object id="contrast">
						<int id="value">-10</int>
					</object>
				</object>
				<str id="name">sky</str>
			</object>
			<object id="T_1307725023668">
				<object id="decos">
					<object id="lens_grass_1_1307731442909">
						<int id="w">68</int>
						<int id="z">25</int>
						<str id="sprite_class">lens_grass_1</str>
						<int id="x">2535</int>
						<int id="y">747</int>
						<int id="h">13</int>
						<str id="name">lens_grass_1_1307725023671</str>
					</object>
					<object id="lens_grass_1_1307731442906">
						<int id="w">68</int>
						<int id="z">22</int>
						<str id="sprite_class">lens_grass_1</str>
						<int id="x">761</int>
						<int id="y">761</int>
						<int id="h">13</int>
						<str id="name">lens_grass_1_1307725023671</str>
					</object>
					<object id="lens_grass_2_1307725023703">
						<int id="w">888</int>
						<int id="z">11</int>
						<str id="sprite_class">lens_grass_2</str>
						<int id="x">735</int>
						<int id="y">803</int>
						<int id="h">65</int>
						<str id="name">lens_grass_2_1307725023672</str>
						<int id="r">1</int>
					</object>
					<object id="lens_grass_1_1307731442927">
						<int id="w">63</int>
						<int id="z">31</int>
						<str id="sprite_class">lens_grass_1</str>
						<int id="x">5148</int>
						<int id="y">746</int>
						<int id="h">12</int>
						<str id="name">lens_grass_1_1307725023671</str>
					</object>
					<object id="lens_grass_1_1307731442925">
						<int id="w">63</int>
						<int id="z">28</int>
						<str id="sprite_class">lens_grass_1</str>
						<int id="x">3954</int>
						<int id="y">717</int>
						<int id="h">12</int>
						<str id="name">lens_grass_1_1307725023671</str>
					</object>
					<object id="lens_grass_1_1307731442929">
						<int id="w">63</int>
						<int id="z">33</int>
						<str id="sprite_class">lens_grass_1</str>
						<int id="x">5408</int>
						<int id="y">724</int>
						<int id="h">12</int>
						<str id="name">lens_grass_1_1307725023671</str>
					</object>
					<object id="lens_grass_1_1307731442903">
						<int id="w">68</int>
						<int id="z">19</int>
						<str id="sprite_class">lens_grass_1</str>
						<int id="x">715</int>
						<int id="y">748</int>
						<int id="h">13</int>
						<str id="name">lens_grass_1_1307725023671</str>
					</object>
					<object id="lens_grass_2_1307725023702">
						<int id="w">888</int>
						<int id="z">10</int>
						<str id="sprite_class">lens_grass_2</str>
						<int id="x">238</int>
						<int id="y">783</int>
						<int id="h">65</int>
						<str id="name">lens_grass_2_1307725023672</str>
						<int id="r">1</int>
					</object>
					<object id="lens_grass_1_1307731442928">
						<int id="w">63</int>
						<int id="z">32</int>
						<str id="sprite_class">lens_grass_1</str>
						<int id="x">5180</int>
						<int id="y">750</int>
						<int id="h">12</int>
						<str id="name">lens_grass_1_1307725023671</str>
					</object>
					<object id="lens_grass_1_1307731442904">
						<int id="w">68</int>
						<int id="z">20</int>
						<str id="sprite_class">lens_grass_1</str>
						<int id="x">740</int>
						<int id="y">749</int>
						<int id="h">13</int>
						<str id="name">lens_grass_1_1307725023671</str>
					</object>
					<object id="tree_acacia_4_1307731442868">
						<int id="w">133</int>
						<int id="z">17</int>
						<str id="sprite_class">tree_acacia_4</str>
						<int id="x">3016</int>
						<int id="y">739</int>
						<int id="h">102</int>
						<str id="name">tree_acacia_4_1307731442868</str>
					</object>
					<object id="lens_grass_2_1307725023706">
						<int id="w">888</int>
						<int id="z">9</int>
						<str id="sprite_class">lens_grass_2</str>
						<int id="x">1853</int>
						<int id="y">798</int>
						<int id="h">65</int>
						<str id="name">lens_grass_2_1307725023672</str>
						<int id="r">-1</int>
					</object>
					<object id="tree_acacia_3_1307731442869">
						<int id="w">251</int>
						<int id="z">18</int>
						<str id="sprite_class">tree_acacia_3</str>
						<int id="x">3246</int>
						<int id="y">761</int>
						<int id="h">115</int>
						<str id="name">tree_acacia_3_1307731442854</str>
					</object>
					<object id="lens_grass_2_1307725023709">
						<int id="w">888</int>
						<int id="z">7</int>
						<str id="sprite_class">lens_grass_2</str>
						<int id="x">3070</int>
						<int id="y">798</int>
						<int id="h">65</int>
						<str id="name">lens_grass_2_1307725023672</str>
						<int id="r">2</int>
					</object>
					<object id="lens_grass_1_1307731442926">
						<int id="w">63</int>
						<int id="z">30</int>
						<str id="sprite_class">lens_grass_1</str>
						<int id="x">3923</int>
						<int id="y">726</int>
						<int id="h">12</int>
						<str id="name">lens_grass_1_1307725023671</str>
					</object>
					<object id="lens_grass_2_1307725023708">
						<int id="w">888</int>
						<int id="z">6</int>
						<str id="sprite_class">lens_grass_2</str>
						<int id="x">2650</int>
						<int id="y">788</int>
						<int id="h">65</int>
						<str id="name">lens_grass_2_1307725023672</str>
						<int id="r">1</int>
					</object>
					<object id="lens_grass_2_1307725023712">
						<int id="w">888</int>
						<int id="z">3</int>
						<str id="sprite_class">lens_grass_2</str>
						<int id="x">4362</int>
						<int id="y">773</int>
						<int id="h">65</int>
						<str id="name">lens_grass_2_1307725023672</str>
						<int id="r">1</int>
					</object>
					<object id="lens_grass_1_1307731442905">
						<int id="w">68</int>
						<int id="z">21</int>
						<str id="sprite_class">lens_grass_1</str>
						<int id="x">746</int>
						<int id="y">756</int>
						<int id="h">13</int>
						<str id="name">lens_grass_1_1307725023671</str>
					</object>
					<object id="lens_grass_2_1307725023711">
						<int id="w">888</int>
						<int id="z">4</int>
						<str id="sprite_class">lens_grass_2</str>
						<int id="x">3948</int>
						<int id="y">773</int>
						<int id="h">65</int>
						<str id="name">lens_grass_2_1307725023672</str>
					</object>
					<object id="lens_grass_1_1307731442908">
						<int id="w">68</int>
						<int id="z">24</int>
						<str id="sprite_class">lens_grass_1</str>
						<int id="x">2501</int>
						<int id="y">742</int>
						<int id="h">13</int>
						<str id="name">lens_grass_1_1307725023671</str>
					</object>
					<object id="lens_grass_1_1307731442923">
						<int id="w">63</int>
						<int id="z">27</int>
						<str id="sprite_class">lens_grass_1</str>
						<int id="x">3894</int>
						<int id="y">718</int>
						<int id="h">12</int>
						<str id="name">lens_grass_1_1307725023671</str>
					</object>
					<object id="lens_grass_2_1307725023714">
						<int id="w">888</int>
						<int id="z">15</int>
						<str id="sprite_class">lens_grass_2</str>
						<int id="x">5155</int>
						<int id="y">783</int>
						<int id="h">65</int>
						<str id="name">lens_grass_2_1307725023672</str>
						<int id="r">-3</int>
					</object>
					<object id="lens_grass_1_1307731442924">
						<int id="w">63</int>
						<int id="z">29</int>
						<str id="sprite_class">lens_grass_1</str>
						<int id="x">3918</int>
						<int id="y">721</int>
						<int id="h">12</int>
						<str id="name">lens_grass_1_1307725023671</str>
					</object>
					<object id="lens_grass_2_1307725023710">
						<int id="w">888</int>
						<int id="z">5</int>
						<str id="sprite_class">lens_grass_2</str>
						<int id="x">3526</int>
						<int id="y">793</int>
						<int id="h">65</int>
						<str id="name">lens_grass_2_1307725023672</str>
						<int id="r">-2</int>
					</object>
					<object id="lens_grass_2_1307725023713">
						<int id="w">888</int>
						<int id="z">14</int>
						<str id="sprite_class">lens_grass_2</str>
						<int id="x">4799</int>
						<int id="y">783</int>
						<int id="h">65</int>
						<str id="name">lens_grass_2_1307725023672</str>
						<int id="r">1</int>
					</object>
					<object id="lens_grass_2_1307725023715">
						<int id="w">888</int>
						<int id="z">16</int>
						<str id="sprite_class">lens_grass_2</str>
						<int id="x">5535</int>
						<int id="y">783</int>
						<int id="h">65</int>
						<str id="name">lens_grass_2_1307725023672</str>
						<int id="r">1</int>
					</object>
					<object id="lens_grass_1_1307731442907">
						<int id="w">68</int>
						<int id="z">23</int>
						<str id="sprite_class">lens_grass_1</str>
						<int id="x">2482</int>
						<int id="y">736</int>
						<int id="h">13</int>
						<str id="name">lens_grass_1_1307725023671</str>
					</object>
					<object id="lens_grass_2_1307725023705">
						<int id="w">888</int>
						<int id="z">13</int>
						<str id="sprite_class">lens_grass_2</str>
						<int id="x">1497</int>
						<int id="y">804</int>
						<int id="h">65</int>
						<str id="name">lens_grass_2_1307725023672</str>
						<int id="r">-1</int>
					</object>
					<object id="lens_grass_1_1307731442930">
						<int id="w">63</int>
						<int id="z">34</int>
						<str id="sprite_class">lens_grass_1</str>
						<int id="x">5436</int>
						<int id="y">729</int>
						<int id="h">12</int>
						<str id="name">lens_grass_1_1307725023671</str>
					</object>
					<object id="lens_grass_2_1307725023704">
						<int id="w">888</int>
						<int id="z">12</int>
						<str id="sprite_class">lens_grass_2</str>
						<int id="x">1047</int>
						<int id="y">808</int>
						<int id="h">65</int>
						<str id="name">lens_grass_2_1307725023672</str>
						<int id="r">1</int>
					</object>
					<object id="lens_grass_2_1307725023707">
						<int id="w">888</int>
						<int id="z">8</int>
						<str id="sprite_class">lens_grass_2</str>
						<int id="x">2221</int>
						<int id="y">788</int>
						<int id="h">65</int>
						<str id="name">lens_grass_2_1307725023672</str>
						<int id="r">-1</int>
					</object>
					<object id="lens_grass_1_1307731442931">
						<int id="w">63</int>
						<int id="z">35</int>
						<str id="sprite_class">lens_grass_1</str>
						<int id="x">5437</int>
						<int id="y">736</int>
						<int id="h">12</int>
						<str id="name">lens_grass_1_1307725023671</str>
					</object>
					<object id="lens_grass_1_1307731442910">
						<int id="w">68</int>
						<int id="z">26</int>
						<str id="sprite_class">lens_grass_1</str>
						<int id="x">2516</int>
						<int id="y">754</int>
						<int id="h">13</int>
						<str id="name">lens_grass_1_1307725023671</str>
					</object>
					<object id="lens_grass_1_1307731442932">
						<int id="w">63</int>
						<int id="z">36</int>
						<str id="sprite_class">lens_grass_1</str>
						<int id="x">5466</int>
						<int id="y">738</int>
						<int id="h">12</int>
						<str id="name">lens_grass_1_1307725023671</str>
					</object>
				</object>
				<int id="w">5520</int>
				<int id="h">1000</int>
				<int id="z">-3</int>
				<object id="filtersNEW">
					<object id="saturation">
						<int id="value">10</int>
					</object>
					<object id="contrast">
						<int id="value">0</int>
					</object>
					<object id="blur">
						<int id="value">2</int>
					</object>
					<object id="brightness">
						<int id="value">20</int>
					</object>
				</object>
				<str id="name">bg_2</str>
			</object>
			<object id="T_1307741552414">
				<object id="decos">
					<object id="pampas_2_1308041830174">
						<int id="w">59</int>
						<int id="z">2</int>
						<str id="sprite_class">pampas_2</str>
						<int id="x">2314</int>
						<int id="y">960</int>
						<int id="h">91</int>
						<str id="name">pampas_2_1307731442968</str>
					</object>
					<object id="pampas_2_1307741552419">
						<int id="w">136</int>
						<int id="z">0</int>
						<str id="sprite_class">pampas_2</str>
						<int id="x">1853</int>
						<int id="y">1073</int>
						<int id="h">209</int>
						<str id="name">pampas_2_1307731442968</str>
					</object>
					<object id="pampas_2_1308782226242">
						<int id="w">136</int>
						<int id="z">0</int>
						<str id="sprite_class">pampas_2</str>
						<int id="x">1784</int>
						<int id="y">1068</int>
						<int id="h">209</int>
						<str id="name">pampas_2_1307731442968</str>
						<int id="r">-30</int>
					</object>
					<object id="pampas_2_1307741552420">
						<int id="w">66</int>
						<int id="z">1</int>
						<str id="sprite_class">pampas_2</str>
						<int id="x">3446</int>
						<int id="y">984</int>
						<int id="h">102</int>
						<str id="name">pampas_2_1307731442968</str>
					</object>
					<object id="tree_acacia_1_1308041830159">
						<int id="w">1290</int>
						<int id="z">5</int>
						<str id="sprite_class">tree_acacia_1</str>
						<int id="x">2256</int>
						<int id="y">991</int>
						<int id="h">808</int>
						<str id="name">tree_acacia_1_1307731442861</str>
					</object>
					<object id="pampas_2_1308782226241">
						<int id="w">136</int>
						<int id="z">0</int>
						<str id="sprite_class">pampas_2</str>
						<int id="x">1828</int>
						<int id="y">1067</int>
						<int id="h">209</int>
						<str id="name">pampas_2_1307731442968</str>
						<int id="r">-20</int>
					</object>
					<object id="pampas_2_1307741552428">
						<int id="w">61</int>
						<int id="z">4</int>
						<str id="sprite_class">pampas_2</str>
						<int id="x">813</int>
						<int id="y">955</int>
						<int id="h">94</int>
						<str id="name">pampas_2_1307731442968</str>
					</object>
					<object id="pampas_2_1307741552427">
						<int id="w">60</int>
						<int id="z">3</int>
						<str id="sprite_class">pampas_2</str>
						<int id="x">4945</int>
						<int id="y">939</int>
						<int id="h">92</int>
						<str id="name">pampas_2_1307731442968</str>
					</object>
				</object>
				<int id="w">6000</int>
				<int id="h">1000</int>
				<int id="z">1</int>
				<object id="filtersNEW">
					<object id="saturation">
						<int id="value">25</int>
					</object>
					<object id="contrast">
						<int id="value">0</int>
					</object>
					<object id="brightness">
						<int id="value">-7</int>
					</object>
				</object>
				<str id="name">middleplus</str>
			</object>
			<object id="middleground">
				<object id="signposts">
					<object id="signpost_2">
						<int id="y">-83</int>
						<object id="connects">
							<object id="0">
								<str id="mote_id">9</str>
								<str id="hub_id">91</str>
								<str id="swf_file_versioned">http://c2.glitch.bz/locations/groddle1/1316726082.swf</str>
								<int id="x">-2640</int>
								<int id="y">-85</int>
								<objref id="target" tsid="LA513S9U0J52SKD" label="Boor Bane F"/>
							</object>
							<object id="1">
								<str id="mote_id">9</str>
								<str id="hub_id">91</str>
								<str id="swf_file_versioned">http://c2.glitch.bz/locations/groddle1/1316726082.swf</str>
								<int id="x">-2662</int>
								<int id="y">-77</int>
								<objref id="target" tsid="LA513TDU0J524CU" label="Rustic Rd N"/>
							</object>
							<object id="2">
								<str id="mote_id">9</str>
								<str id="hub_id">91</str>
								<str id="swf_file_versioned">http://c2.glitch.bz/locations/groddle1/1316726082.swf</str>
								<int id="x">2678</int>
								<int id="y">-100</int>
								<objref id="target" tsid="LA513LMP0J52V1C" label="Rustic Rd NW"/>
							</object>
						</object>
						<int id="h">200</int>
						<str id="id">signpost_2</str>
						<int id="w">100</int>
						<int id="x">2783</int>
					</object>
					<object id="signpost_1">
						<int id="y">-108</int>
						<object id="connects">
							<object id="0">
								<str id="mote_id">9</str>
								<str id="hub_id">91</str>
								<str id="swf_file_versioned">http://c2.glitch.bz/locations/groddle1/1316726082.swf</str>
								<int id="x">2678</int>
								<int id="y">-100</int>
								<objref id="target" tsid="LA5139FL0J52SP5" label="Boor Bane D"/>
							</object>
							<object id="1">
								<str id="mote_id">9</str>
								<str id="hub_id">91</str>
								<str id="swf_file_versioned">http://c2.glitch.bz/locations/groddle1/1316726082.swf</str>
								<int id="x">-2672</int>
								<int id="y">-85</int>
								<objref id="target" tsid="LA512T760J52JMS" label="Loutish Ln B"/>
							</object>
							<object id="2">
								<str id="mote_id">9</str>
								<str id="hub_id">91</str>
								<str id="swf_file_versioned">http://c2.glitch.bz/locations/groddle1/1316726082.swf</str>
								<int id="x">2665</int>
								<int id="y">-105</int>
								<objref id="target" tsid="LA513A7M0J521F2" label="Loutish Ln A"/>
							</object>
						</object>
						<int id="h">200</int>
						<int id="w">100</int>
						<int id="x">-2772</int>
					</object>
				</object>
				<int id="h">1000</int>
				<object id="platform_lines">
					<object id="plat_1308041830188">
						<int id="platform_pc_perm">-1</int>
						<int id="platform_item_perm">-1</int>
						<object id="start">
							<int id="y">-88</int>
							<int id="x">1736</int>
						</object>
						<object id="end">
							<int id="y">-78</int>
							<int id="x">1843</int>
						</object>
					</object>
					<object id="plat_1308041830178">
						<int id="platform_pc_perm">-1</int>
						<int id="platform_item_perm">-1</int>
						<object id="start">
							<int id="y">-90</int>
							<int id="x">209</int>
						</object>
						<object id="end">
							<int id="y">-86</int>
							<int id="x">421</int>
						</object>
					</object>
					<object id="plat_1308041830162">
						<int id="platform_pc_perm">-1</int>
						<int id="platform_item_perm">-1</int>
						<object id="start">
							<int id="y">-201</int>
							<int id="x">1031</int>
						</object>
						<object id="end">
							<int id="y">-210</int>
							<int id="x">1067</int>
						</object>
					</object>
					<object id="plat_1308041830183">
						<int id="platform_pc_perm">-1</int>
						<int id="platform_item_perm">-1</int>
						<object id="start">
							<int id="y">-75</int>
							<int id="x">1053</int>
						</object>
						<object id="end">
							<int id="y">-76</int>
							<int id="x">1161</int>
						</object>
					</object>
					<object id="plat_1308041830164">
						<int id="platform_pc_perm">-1</int>
						<int id="platform_item_perm">-1</int>
						<object id="start">
							<int id="y">-102</int>
							<int id="x">-2997</int>
						</object>
						<object id="end">
							<int id="y">-93</int>
							<int id="x">-2885</int>
						</object>
					</object>
					<object id="plat_1308041830173">
						<int id="platform_pc_perm">-1</int>
						<int id="platform_item_perm">-1</int>
						<object id="start">
							<int id="y">-83</int>
							<int id="x">-924</int>
						</object>
						<object id="end">
							<int id="y">-89</int>
							<int id="x">-663</int>
						</object>
					</object>
					<object id="plat_1308041830169">
						<int id="platform_pc_perm">-1</int>
						<int id="platform_item_perm">-1</int>
						<object id="start">
							<int id="y">-99</int>
							<int id="x">-1887</int>
						</object>
						<object id="end">
							<int id="y">-86</int>
							<int id="x">-1722</int>
						</object>
					</object>
					<object id="plat_1308041830175">
						<int id="platform_pc_perm">-1</int>
						<int id="platform_item_perm">-1</int>
						<object id="start">
							<int id="y">-89</int>
							<int id="x">-663</int>
						</object>
						<object id="end">
							<int id="y">-87</int>
							<int id="x">-376</int>
						</object>
					</object>
					<object id="plat_1308041830194">
						<int id="platform_pc_perm">-1</int>
						<int id="platform_item_perm">-1</int>
						<object id="start">
							<int id="y">-60</int>
							<int id="x">2850</int>
						</object>
						<object id="end">
							<int id="y">-56</int>
							<int id="x">2999</int>
						</object>
					</object>
					<object id="plat_1308041830170">
						<int id="platform_pc_perm">-1</int>
						<int id="platform_item_perm">-1</int>
						<object id="start">
							<int id="y">-86</int>
							<int id="x">-1722</int>
						</object>
						<object id="end">
							<int id="y">-82</int>
							<int id="x">-1359</int>
						</object>
					</object>
					<object id="plat_1308041830171">
						<int id="platform_pc_perm">-1</int>
						<int id="platform_item_perm">-1</int>
						<object id="start">
							<int id="y">-82</int>
							<int id="x">-1359</int>
						</object>
						<object id="end">
							<int id="y">-76</int>
							<int id="x">-1151</int>
						</object>
					</object>
					<object id="plat_1308041830185">
						<int id="platform_pc_perm">-1</int>
						<int id="platform_item_perm">-1</int>
						<object id="start">
							<int id="y">-99</int>
							<int id="x">1273</int>
						</object>
						<object id="end">
							<int id="y">-105</int>
							<int id="x">1364</int>
						</object>
					</object>
					<object id="plat_1308041830187">
						<int id="platform_pc_perm">-1</int>
						<int id="platform_item_perm">-1</int>
						<object id="start">
							<int id="y">-97</int>
							<int id="x">1499</int>
						</object>
						<object id="end">
							<int id="y">-88</int>
							<int id="x">1736</int>
						</object>
					</object>
					<object id="plat_1308041830180">
						<int id="platform_pc_perm">-1</int>
						<int id="platform_item_perm">-1</int>
						<object id="start">
							<int id="y">-83</int>
							<int id="x">630</int>
						</object>
						<object id="end">
							<int id="y">-93</int>
							<int id="x">862</int>
						</object>
					</object>
					<object id="plat_1308041830161">
						<int id="platform_pc_perm">-1</int>
						<int id="platform_item_perm">-1</int>
						<object id="start">
							<int id="y">-152</int>
							<int id="x">969</int>
						</object>
						<object id="end">
							<int id="y">-159</int>
							<int id="x">1003</int>
						</object>
					</object>
					<object id="plat_1308041830190">
						<int id="platform_pc_perm">-1</int>
						<int id="platform_item_perm">-1</int>
						<object id="start">
							<int id="y">-75</int>
							<int id="x">1975</int>
						</object>
						<object id="end">
							<int id="y">-76</int>
							<int id="x">2198</int>
						</object>
					</object>
					<object id="plat_1308041830193">
						<int id="platform_pc_perm">-1</int>
						<int id="platform_item_perm">-1</int>
						<object id="start">
							<int id="y">-76</int>
							<int id="x">2706</int>
						</object>
						<object id="end">
							<int id="y">-60</int>
							<int id="x">2850</int>
						</object>
					</object>
					<object id="plat_1308041830182">
						<int id="platform_pc_perm">-1</int>
						<int id="platform_item_perm">-1</int>
						<object id="start">
							<int id="y">-87</int>
							<int id="x">959</int>
						</object>
						<object id="end">
							<int id="y">-75</int>
							<int id="x">1053</int>
						</object>
					</object>
					<object id="plat_1308041830176">
						<int id="platform_pc_perm">-1</int>
						<int id="platform_item_perm">-1</int>
						<object id="start">
							<int id="y">-87</int>
							<int id="x">-376</int>
						</object>
						<object id="end">
							<int id="y">-80</int>
							<int id="x">-42</int>
						</object>
					</object>
					<object id="plat_1308041830168">
						<int id="platform_pc_perm">-1</int>
						<int id="platform_item_perm">-1</int>
						<object id="start">
							<int id="y">-107</int>
							<int id="x">-2092</int>
						</object>
						<object id="end">
							<int id="y">-99</int>
							<int id="x">-1887</int>
						</object>
					</object>
					<object id="plat_1308041830166">
						<int id="platform_pc_perm">-1</int>
						<int id="platform_item_perm">-1</int>
						<object id="start">
							<int id="y">-93</int>
							<int id="x">-2573</int>
						</object>
						<object id="end">
							<int id="y">-103</int>
							<int id="x">-2288</int>
						</object>
					</object>
					<object id="plat_1308041830179">
						<int id="platform_pc_perm">-1</int>
						<int id="platform_item_perm">-1</int>
						<object id="start">
							<int id="y">-86</int>
							<int id="x">421</int>
						</object>
						<object id="end">
							<int id="y">-83</int>
							<int id="x">630</int>
						</object>
					</object>
					<object id="plat_1308041830186">
						<int id="platform_pc_perm">-1</int>
						<int id="platform_item_perm">-1</int>
						<object id="start">
							<int id="y">-105</int>
							<int id="x">1364</int>
						</object>
						<object id="end">
							<int id="y">-97</int>
							<int id="x">1499</int>
						</object>
					</object>
					<object id="plat_1308041830165">
						<int id="platform_pc_perm">-1</int>
						<int id="platform_item_perm">-1</int>
						<object id="start">
							<int id="y">-93</int>
							<int id="x">-2885</int>
						</object>
						<object id="end">
							<int id="y">-93</int>
							<int id="x">-2573</int>
						</object>
					</object>
					<object id="plat_1308041830177">
						<int id="platform_pc_perm">-1</int>
						<int id="platform_item_perm">-1</int>
						<object id="start">
							<int id="y">-80</int>
							<int id="x">-42</int>
						</object>
						<object id="end">
							<int id="y">-90</int>
							<int id="x">209</int>
						</object>
					</object>
					<object id="plat_1308041830163">
						<int id="platform_pc_perm">-1</int>
						<int id="platform_item_perm">-1</int>
						<object id="start">
							<int id="y">-210</int>
							<int id="x">1067</int>
						</object>
						<object id="end">
							<int id="y">-209</int>
							<int id="x">1113</int>
						</object>
					</object>
					<object id="plat_1308041830191">
						<int id="platform_pc_perm">-1</int>
						<int id="platform_item_perm">-1</int>
						<object id="start">
							<int id="y">-76</int>
							<int id="x">2198</int>
						</object>
						<object id="end">
							<int id="y">-82</int>
							<int id="x">2429</int>
						</object>
					</object>
					<object id="plat_1309015701954">
						<null id="platform_pc_perm"/>
						<int id="platform_item_perm">-1</int>
						<object id="start">
							<int id="y">-689</int>
							<int id="x">-1014</int>
						</object>
						<object id="end">
							<int id="y">-687</int>
							<int id="x">-709</int>
						</object>
					</object>
					<object id="plat_1308041830181">
						<int id="platform_pc_perm">-1</int>
						<int id="platform_item_perm">-1</int>
						<object id="start">
							<int id="y">-93</int>
							<int id="x">862</int>
						</object>
						<object id="end">
							<int id="y">-87</int>
							<int id="x">959</int>
						</object>
					</object>
					<object id="plat_1308041830172">
						<int id="platform_pc_perm">-1</int>
						<int id="platform_item_perm">-1</int>
						<object id="start">
							<int id="y">-76</int>
							<int id="x">-1151</int>
						</object>
						<object id="end">
							<int id="y">-83</int>
							<int id="x">-924</int>
						</object>
					</object>
					<object id="plat_1308041830189">
						<int id="platform_pc_perm">-1</int>
						<int id="platform_item_perm">-1</int>
						<object id="start">
							<int id="y">-78</int>
							<int id="x">1843</int>
						</object>
						<object id="end">
							<int id="y">-75</int>
							<int id="x">1975</int>
						</object>
					</object>
					<object id="plat_1308041830192">
						<int id="platform_pc_perm">-1</int>
						<int id="platform_item_perm">-1</int>
						<object id="start">
							<int id="y">-82</int>
							<int id="x">2429</int>
						</object>
						<object id="end">
							<int id="y">-76</int>
							<int id="x">2706</int>
						</object>
					</object>
					<object id="plat_1308041830184">
						<int id="platform_pc_perm">-1</int>
						<int id="platform_item_perm">-1</int>
						<object id="start">
							<int id="y">-76</int>
							<int id="x">1161</int>
						</object>
						<object id="end">
							<int id="y">-99</int>
							<int id="x">1273</int>
						</object>
					</object>
					<object id="plat_1308041830167">
						<int id="platform_pc_perm">-1</int>
						<int id="platform_item_perm">-1</int>
						<object id="start">
							<int id="y">-103</int>
							<int id="x">-2288</int>
						</object>
						<object id="end">
							<int id="y">-107</int>
							<int id="x">-2092</int>
						</object>
					</object>
				</object>
				<object id="walls">
				</object>
				<object id="targets">
				</object>
				<str id="name">middleground</str>
				<object id="boxes">
				</object>
				<int id="w">6000</int>
				<object id="doors">
				</object>
				<object id="ladders">
				</object>
				<object id="filtersNEW">
					<object id="saturation">
						<int id="value">18</int>
					</object>
					<object id="contrast">
						<int id="value">0</int>
					</object>
					<object id="brightness">
						<int id="value">9</int>
					</object>
				</object>
				<int id="z">0</int>
				<object id="decos">
					<object id="lens_grass_2_1307725023674">
						<int id="w">2536</int>
						<int id="z">1</int>
						<str id="sprite_class">lens_grass_2</str>
						<int id="x">-201</int>
						<int id="y">48</int>
						<int id="h">219</int>
						<str id="name">lens_grass_2_1307725023672</str>
					</object>
					<object id="lens_grass_1_1307731442875">
						<int id="w">269</int>
						<int id="z">13</int>
						<str id="sprite_class">lens_grass_1</str>
						<int id="x">345</int>
						<int id="y">-10</int>
						<int id="h">53</int>
						<str id="name">lens_grass_1_1307725023671</str>
					</object>
					<object id="lens_grass_2_1307725023675">
						<int id="w">2168</int>
						<int id="z">4</int>
						<str id="sprite_class">lens_grass_2</str>
						<int id="x">702</int>
						<int id="y">88</int>
						<int id="h">219</int>
						<str id="name">lens_grass_2_1307725023672</str>
					</object>
					<object id="lens_grass_1_1307731442878">
						<int id="w">271</int>
						<int id="z">16</int>
						<str id="sprite_class">lens_grass_1</str>
						<int id="x">1474</int>
						<int id="y">-148</int>
						<int id="h">35</int>
						<str id="name">lens_grass_1_1307725023671</str>
					</object>
					<object id="lens_grass_1_1307731442880">
						<int id="w">269</int>
						<int id="z">20</int>
						<str id="sprite_class">lens_grass_1</str>
						<int id="x">2463</int>
						<int id="y">-10</int>
						<int id="h">53</int>
						<str id="name">lens_grass_1_1307725023671</str>
					</object>
					<object id="lens_grass_1_1307731442882">
						<int id="w">269</int>
						<int id="z">22</int>
						<str id="sprite_class">lens_grass_1</str>
						<int id="x">2905</int>
						<int id="y">-103</int>
						<int id="h">53</int>
						<str id="name">lens_grass_1_1307725023671</str>
					</object>
					<object id="lens_grass_1_1307731442873">
						<int id="w">269</int>
						<int id="z">12</int>
						<str id="sprite_class">lens_grass_1</str>
						<int id="x">35</int>
						<int id="y">-110</int>
						<int id="h">53</int>
						<str id="name">lens_grass_1_1307725023671</str>
					</object>
					<object id="lens_grass_1_1307731442874">
						<int id="w">269</int>
						<int id="z">14</int>
						<str id="sprite_class">lens_grass_1</str>
						<int id="x">201</int>
						<int id="y">13</int>
						<int id="h">53</int>
						<str id="name">lens_grass_1_1307725023671</str>
					</object>
					<object id="lens_grass_1_1307731442872">
						<int id="w">269</int>
						<int id="z">11</int>
						<str id="sprite_class">lens_grass_1</str>
						<int id="x">-97</int>
						<int id="y">-126</int>
						<int id="h">53</int>
						<str id="name">lens_grass_1_1307725023671</str>
					</object>
					<object id="lens_grass_1_1307731442877">
						<int id="w">269</int>
						<int id="z">19</int>
						<str id="sprite_class">lens_grass_1</str>
						<int id="x">1742</int>
						<int id="y">-119</int>
						<int id="h">53</int>
						<str id="name">lens_grass_1_1307725023671</str>
					</object>
					<object id="alakol_water_rock_2_1308041830160">
						<int id="w">340</int>
						<int id="z">24</int>
						<str id="sprite_class">alakol_water_rock_2</str>
						<int id="x">1079</int>
						<int id="y">-91</int>
						<int id="h">131</int>
						<str id="name">alakol_water_rock_2_1308041830160</str>
					</object>
					<object id="lens_grass_1_1307731442881">
						<int id="w">269</int>
						<int id="z">21</int>
						<str id="sprite_class">lens_grass_1</str>
						<int id="x">2592</int>
						<int id="y">5</int>
						<int id="h">53</int>
						<str id="name">lens_grass_1_1307725023671</str>
					</object>
					<object id="lens_grass_2_1307725023677">
						<int id="w">2168</int>
						<int id="z">5</int>
						<str id="sprite_class">lens_grass_2</str>
						<int id="x">2582</int>
						<int id="y">60</int>
						<int id="h">219</int>
						<str id="name">lens_grass_2_1307725023672</str>
						<int id="r">-1</int>
					</object>
					<object id="lens_grass_1_1307731442876">
						<int id="w">269</int>
						<int id="z">18</int>
						<str id="sprite_class">lens_grass_1</str>
						<int id="x">1610</int>
						<int id="y">-131</int>
						<int id="h">53</int>
						<str id="name">lens_grass_1_1307725023671</str>
					</object>
					<object id="lens_grass_1_1307725023692">
						<int id="w">269</int>
						<int id="z">10</int>
						<str id="sprite_class">lens_grass_1</str>
						<int id="x">-738</int>
						<int id="y">-8</int>
						<int id="h">53</int>
						<str id="name">lens_grass_1_1307725023671</str>
					</object>
					<object id="lens_grass_1_1307725023688">
						<int id="w">329</int>
						<int id="z">8</int>
						<str id="sprite_class">lens_grass_1</str>
						<int id="x">-2025</int>
						<int id="y">1</int>
						<int id="h">65</int>
						<str id="name">lens_grass_1_1307725023671</str>
					</object>
					<object id="lens_grass_1_1307725023687">
						<int id="w">329</int>
						<int id="z">7</int>
						<str id="sprite_class">lens_grass_1</str>
						<int id="x">-1994</int>
						<int id="y">-21</int>
						<int id="h">65</int>
						<str id="name">lens_grass_1_1307725023671</str>
					</object>
					<object id="lens_grass_2_1307725023676">
						<int id="w">2469</int>
						<int id="z">0</int>
						<str id="sprite_class">lens_grass_2</str>
						<int id="x">1429</int>
						<int id="y">45</int>
						<int id="h">219</int>
						<str id="name">lens_grass_2_1307725023672</str>
						<int id="r">-1</int>
					</object>
					<object id="lens_grass_1_1307731442879">
						<int id="w">269</int>
						<int id="z">17</int>
						<str id="sprite_class">lens_grass_1</str>
						<int id="x">1185</int>
						<int id="y">-9</int>
						<int id="h">53</int>
						<str id="name">lens_grass_1_1307725023671</str>
					</object>
					<object id="lens_grass_1_1307725023691">
						<int id="w">223</int>
						<int id="z">9</int>
						<str id="sprite_class">lens_grass_1</str>
						<int id="x">-1162</int>
						<int id="y">-110</int>
						<int id="h">33</int>
						<str id="name">lens_grass_1_1307725023671</str>
					</object>
					<object id="lens_grass_1_1307725023689">
						<int id="w">223</int>
						<int id="z">15</int>
						<str id="sprite_class">lens_grass_1</str>
						<int id="x">-1061</int>
						<int id="y">-95</int>
						<int id="h">44</int>
						<str id="name">lens_grass_1_1307725023671</str>
					</object>
					<object id="lens_grass_2_1307725023672">
						<int id="w">2168</int>
						<int id="z">2</int>
						<str id="sprite_class">lens_grass_2</str>
						<int id="x">-2486</int>
						<int id="y">56</int>
						<int id="h">219</int>
						<str id="name">lens_grass_2_1307725023672</str>
					</object>
					<object id="lens_grass_2_1307725023673">
						<int id="w">2168</int>
						<int id="z">3</int>
						<str id="sprite_class">lens_grass_2</str>
						<int id="x">-1362</int>
						<int id="y">72</int>
						<int id="h">219</int>
						<str id="name">lens_grass_2_1307725023672</str>
					</object>
					<object id="lens_grass_1_1307725023671">
						<int id="w">329</int>
						<int id="z">6</int>
						<str id="sprite_class">lens_grass_1</str>
						<int id="x">-2108</int>
						<int id="y">-40</int>
						<int id="h">65</int>
						<str id="name">lens_grass_1_1307725023671</str>
					</object>
				</object>
			</object>
			<object id="T_1307725023667">
				<object id="decos">
					<object id="lens_grass_1_1308107342174">
						<int id="w">147</int>
						<int id="z">51</int>
						<str id="sprite_class">lens_grass_1</str>
						<int id="x">3775</int>
						<int id="y">826</int>
						<int id="h">29</int>
						<str id="name">lens_grass_1_1307725023671</str>
					</object>
					<object id="lens_grass_1_1307731442911">
						<int id="w">98</int>
						<int id="z">5</int>
						<str id="sprite_class">lens_grass_1</str>
						<int id="x">2056</int>
						<int id="y">775</int>
						<int id="h">19</int>
						<str id="name">lens_grass_1_1307725023671</str>
					</object>
					<object id="lens_grass_1_1307731442919">
						<int id="w">98</int>
						<int id="z">23</int>
						<str id="sprite_class">lens_grass_1</str>
						<int id="x">4509</int>
						<int id="y">750</int>
						<int id="h">19</int>
						<str id="name">lens_grass_1_1307725023671</str>
					</object>
					<object id="pampas_1_1308107342180">
						<int id="w">37</int>
						<int id="z">45</int>
						<str id="sprite_class">pampas_1</str>
						<int id="x">154</int>
						<int id="y">812</int>
						<int id="h">53</int>
						<str id="name">pampas_1_1307731442969</str>
						<bool id="h_flip">true</bool>
					</object>
					<object id="lens_grass_2_1308107342188">
						<int id="w">1763</int>
						<int id="z">37</int>
						<str id="sprite_class">lens_grass_2</str>
						<int id="x">3991</int>
						<int id="y">976</int>
						<int id="h">178</int>
						<str id="name">lens_grass_2_1307725023672</str>
					</object>
					<object id="lens_grass_1_1308107342175">
						<int id="w">147</int>
						<int id="z">50</int>
						<str id="sprite_class">lens_grass_1</str>
						<int id="x">5078</int>
						<int id="y">831</int>
						<int id="h">29</int>
						<str id="name">lens_grass_1_1307725023671</str>
					</object>
					<object id="lens_grass_1_1307731442918">
						<int id="w">98</int>
						<int id="z">22</int>
						<str id="sprite_class">lens_grass_1</str>
						<int id="x">4484</int>
						<int id="y">747</int>
						<int id="h">19</int>
						<str id="name">lens_grass_1_1307725023671</str>
					</object>
					<object id="lens_grass_2_1308107342189">
						<int id="w">1763</int>
						<int id="z">36</int>
						<str id="sprite_class">lens_grass_2</str>
						<int id="x">2942</int>
						<int id="y">960</int>
						<int id="h">178</int>
						<str id="name">lens_grass_2_1307725023672</str>
						<int id="r">1</int>
					</object>
					<object id="lens_grass_2_1307725023697">
						<int id="w">1400</int>
						<int id="z">3</int>
						<str id="sprite_class">lens_grass_2</str>
						<int id="x">3288</int>
						<int id="y">874</int>
						<int id="h">102</int>
						<str id="name">lens_grass_2_1307725023672</str>
						<int id="r">5</int>
					</object>
					<object id="lens_grass_2_1307725023693">
						<int id="w">1400</int>
						<int id="z">7</int>
						<str id="sprite_class">lens_grass_2</str>
						<int id="x">388</int>
						<int id="y">853</int>
						<int id="h">102</int>
						<str id="name">lens_grass_2_1307725023672</str>
						<int id="r">2</int>
					</object>
					<object id="lens_grass_1_1307731442917">
						<int id="w">98</int>
						<int id="z">21</int>
						<str id="sprite_class">lens_grass_1</str>
						<int id="x">3074</int>
						<int id="y">785</int>
						<int id="h">19</int>
						<str id="name">lens_grass_1_1307725023671</str>
					</object>
					<object id="lens_grass_2_1308107342192">
						<int id="w">1763</int>
						<int id="z">33</int>
						<str id="sprite_class">lens_grass_2</str>
						<int id="x">897</int>
						<int id="y">974</int>
						<int id="h">178</int>
						<str id="name">lens_grass_2_1307725023672</str>
						<int id="r">2</int>
					</object>
					<object id="lens_grass_1_1307731442913">
						<int id="w">98</int>
						<int id="z">17</int>
						<str id="sprite_class">lens_grass_1</str>
						<int id="x">3059</int>
						<int id="y">771</int>
						<int id="h">19</int>
						<str id="name">lens_grass_1_1307725023671</str>
					</object>
					<object id="lens_grass_1_1308107342184">
						<int id="w">147</int>
						<int id="z">41</int>
						<str id="sprite_class">lens_grass_1</str>
						<int id="x">307</int>
						<int id="y">804</int>
						<int id="h">29</int>
						<str id="name">lens_grass_1_1307725023671</str>
					</object>
					<object id="lens_grass_1_1308107342172">
						<int id="w">147</int>
						<int id="z">53</int>
						<str id="sprite_class">lens_grass_1</str>
						<int id="x">2441</int>
						<int id="y">803</int>
						<int id="h">29</int>
						<str id="name">lens_grass_1_1307725023671</str>
					</object>
					<object id="tree_acacia_2_1307731442855">
						<int id="w">368</int>
						<int id="z">28</int>
						<str id="sprite_class">tree_acacia_2</str>
						<int id="x">1565</int>
						<int id="y">781</int>
						<int id="h">206</int>
						<str id="name">tree_acacia_2_1307731442855</str>
					</object>
					<object id="lens_grass_1_1308107342173">
						<int id="w">147</int>
						<int id="z">52</int>
						<str id="sprite_class">lens_grass_1</str>
						<int id="x">3707</int>
						<int id="y">835</int>
						<int id="h">29</int>
						<str id="name">lens_grass_1_1307725023671</str>
					</object>
					<object id="lens_grass_2_1308107342195">
						<int id="w">1763</int>
						<int id="z">30</int>
						<str id="sprite_class">lens_grass_2</str>
						<int id="x">4382</int>
						<int id="y">943</int>
						<int id="h">178</int>
						<str id="name">lens_grass_2_1307725023672</str>
						<int id="r">-1</int>
					</object>
					<object id="tree_acacia_2_1307731442870">
						<int id="w">399</int>
						<int id="z">11</int>
						<str id="sprite_class">tree_acacia_2</str>
						<int id="x">5343</int>
						<int id="y">756</int>
						<int id="h">224</int>
						<str id="name">tree_acacia_2_1307731442855</str>
					</object>
					<object id="lens_grass_1_1308107342185">
						<int id="w">147</int>
						<int id="z">40</int>
						<str id="sprite_class">lens_grass_1</str>
						<int id="x">222</int>
						<int id="y">816</int>
						<int id="h">29</int>
						<str id="name">lens_grass_1_1307725023671</str>
					</object>
					<object id="lens_grass_2_1308107342194">
						<int id="w">1763</int>
						<int id="z">31</int>
						<str id="sprite_class">lens_grass_2</str>
						<int id="x">5130</int>
						<int id="y">963</int>
						<int id="h">178</int>
						<str id="name">lens_grass_2_1307725023672</str>
					</object>
					<object id="lens_grass_2_1308107342191">
						<int id="w">1763</int>
						<int id="z">34</int>
						<str id="sprite_class">lens_grass_2</str>
						<int id="x">1630</int>
						<int id="y">969</int>
						<int id="h">178</int>
						<str id="name">lens_grass_2_1307725023672</str>
						<int id="r">-1</int>
					</object>
					<object id="lens_grass_1_1307731442916">
						<int id="w">98</int>
						<int id="z">20</int>
						<str id="sprite_class">lens_grass_1</str>
						<int id="x">3199</int>
						<int id="y">789</int>
						<int id="h">19</int>
						<str id="name">lens_grass_1_1307725023671</str>
					</object>
					<object id="lens_grass_2_1308107342190">
						<int id="w">1763</int>
						<int id="z">35</int>
						<str id="sprite_class">lens_grass_2</str>
						<int id="x">2419</int>
						<int id="y">955</int>
						<int id="h">178</int>
						<str id="name">lens_grass_2_1307725023672</str>
						<int id="r">-1</int>
					</object>
					<object id="lens_grass_2_1307725023695">
						<int id="w">1400</int>
						<int id="z">9</int>
						<str id="sprite_class">lens_grass_2</str>
						<int id="x">1599</int>
						<int id="y">863</int>
						<int id="h">102</int>
						<str id="name">lens_grass_2_1307725023672</str>
						<int id="r">-1</int>
					</object>
					<object id="lens_grass_2_1307725023700">
						<int id="w">1400</int>
						<int id="z">1</int>
						<str id="sprite_class">lens_grass_2</str>
						<int id="x">4658</int>
						<int id="y">838</int>
						<int id="h">102</int>
						<str id="name">lens_grass_2_1307725023672</str>
						<int id="r">2</int>
					</object>
					<object id="lens_grass_1_1307731442914">
						<int id="w">98</int>
						<int id="z">18</int>
						<str id="sprite_class">lens_grass_1</str>
						<int id="x">3104</int>
						<int id="y">778</int>
						<int id="h">19</int>
						<str id="name">lens_grass_1_1307725023671</str>
					</object>
					<object id="lens_grass_1_1308107342182">
						<int id="w">147</int>
						<int id="z">43</int>
						<str id="sprite_class">lens_grass_1</str>
						<int id="x">292</int>
						<int id="y">815</int>
						<int id="h">29</int>
						<str id="name">lens_grass_1_1307725023671</str>
					</object>
					<object id="lens_grass_2_1307725023696">
						<int id="w">1400</int>
						<int id="z">4</int>
						<str id="sprite_class">lens_grass_2</str>
						<int id="x">2344</int>
						<int id="y">848</int>
						<int id="h">102</int>
						<str id="name">lens_grass_2_1307725023672</str>
						<int id="r">-1</int>
					</object>
					<object id="lens_grass_1_1308107342171">
						<int id="w">147</int>
						<int id="z">54</int>
						<str id="sprite_class">lens_grass_1</str>
						<int id="x">2386</int>
						<int id="y">812</int>
						<int id="h">29</int>
						<str id="name">lens_grass_1_1307725023671</str>
					</object>
					<object id="lens_grass_1_1307731442922">
						<int id="w">98</int>
						<int id="z">26</int>
						<str id="sprite_class">lens_grass_1</str>
						<int id="x">4531</int>
						<int id="y">772</int>
						<int id="h">19</int>
						<str id="name">lens_grass_1_1307725023671</str>
					</object>
					<object id="lens_grass_1_1308107342181">
						<int id="w">147</int>
						<int id="z">44</int>
						<str id="sprite_class">lens_grass_1</str>
						<int id="x">264</int>
						<int id="y">826</int>
						<int id="h">29</int>
						<str id="name">lens_grass_1_1307725023671</str>
					</object>
					<object id="tree_acacia_1_1308107342178">
						<int id="w">793</int>
						<int id="z">47</int>
						<str id="sprite_class">tree_acacia_1</str>
						<int id="x">4726</int>
						<int id="y">812</int>
						<int id="h">497</int>
						<str id="name">tree_acacia_1_1307731442861</str>
					</object>
					<object id="lens_grass_1_1307731442899">
						<int id="w">107</int>
						<int id="z">15</int>
						<str id="sprite_class">lens_grass_1</str>
						<int id="x">1228</int>
						<int id="y">795</int>
						<int id="h">21</int>
						<str id="name">lens_grass_1_1307725023671</str>
					</object>
					<object id="lens_grass_1_1308107342186">
						<int id="w">147</int>
						<int id="z">39</int>
						<str id="sprite_class">lens_grass_1</str>
						<int id="x">178</int>
						<int id="y">804</int>
						<int id="h">29</int>
						<str id="name">lens_grass_1_1307725023671</str>
					</object>
					<object id="pampas_1_1308107342179">
						<int id="w">37</int>
						<int id="z">46</int>
						<str id="sprite_class">pampas_1</str>
						<int id="x">4688</int>
						<int id="y">796</int>
						<int id="h">54</int>
						<str id="name">pampas_1_1307731442969</str>
						<bool id="h_flip">true</bool>
					</object>
					<object id="pampas_2_1307731443044">
						<int id="w">21</int>
						<int id="z">58</int>
						<str id="sprite_class">pampas_2</str>
						<int id="x">1576</int>
						<int id="y">780</int>
						<int id="h">32</int>
						<str id="name">pampas_2_1307731442968</str>
					</object>
					<object id="lens_grass_1_1307731442902">
						<int id="w">107</int>
						<int id="z">16</int>
						<str id="sprite_class">lens_grass_1</str>
						<int id="x">1359</int>
						<int id="y">792</int>
						<int id="h">21</int>
						<str id="name">lens_grass_1_1307725023671</str>
					</object>
					<object id="lens_grass_1_1308107342183">
						<int id="w">147</int>
						<int id="z">42</int>
						<str id="sprite_class">lens_grass_1</str>
						<int id="x">408</int>
						<int id="y">810</int>
						<int id="h">29</int>
						<str id="name">lens_grass_1_1307725023671</str>
					</object>
					<object id="lens_grass_2_1308107342187">
						<int id="w">1763</int>
						<int id="z">38</int>
						<str id="sprite_class">lens_grass_2</str>
						<int id="x">5735</int>
						<int id="y">953</int>
						<int id="h">178</int>
						<str id="name">lens_grass_2_1307725023672</str>
						<int id="r">-1</int>
					</object>
					<object id="lens_grass_1_1308107342176">
						<int id="w">147</int>
						<int id="z">49</int>
						<str id="sprite_class">lens_grass_1</str>
						<int id="x">5146</int>
						<int id="y">824</int>
						<int id="h">29</int>
						<str id="name">lens_grass_1_1307725023671</str>
					</object>
					<object id="lens_grass_1_1307731442900">
						<int id="w">107</int>
						<int id="z">14</int>
						<str id="sprite_class">lens_grass_1</str>
						<int id="x">1303</int>
						<int id="y">790</int>
						<int id="h">21</int>
						<str id="name">lens_grass_1_1307725023671</str>
					</object>
					<object id="tree_acacia_2_1308041830126">
						<int id="w">308</int>
						<int id="z">29</int>
						<str id="sprite_class">tree_acacia_2</str>
						<int id="x">2778</int>
						<int id="y">763</int>
						<int id="h">173</int>
						<str id="name">tree_acacia_2_1307731442855</str>
					</object>
					<object id="lens_grass_2_1308107342193">
						<int id="w">1763</int>
						<int id="z">32</int>
						<str id="sprite_class">lens_grass_2</str>
						<int id="x">198</int>
						<int id="y">952</int>
						<int id="h">178</int>
						<str id="name">lens_grass_2_1307725023672</str>
					</object>
					<object id="pampas_1_1307741552430">
						<int id="w">26</int>
						<int id="z">59</int>
						<str id="sprite_class">pampas_1</str>
						<int id="x">5346</int>
						<int id="y">754</int>
						<int id="h">38</int>
						<str id="name">pampas_1_1307731442969</str>
						<bool id="h_flip">true</bool>
					</object>
					<object id="pampas_1_1308107342168">
						<int id="w">38</int>
						<int id="z">57</int>
						<str id="sprite_class">pampas_1</str>
						<int id="x">4760</int>
						<int id="y">808</int>
						<int id="h">55</int>
						<str id="name">pampas_1_1307731442969</str>
					</object>
					<object id="lens_grass_2_1307725023701">
						<int id="w">1400</int>
						<int id="z">0</int>
						<str id="sprite_class">lens_grass_2</str>
						<int id="x">5510</int>
						<int id="y">843</int>
						<int id="h">102</int>
						<str id="name">lens_grass_2_1307725023672</str>
					</object>
					<object id="pampas_2_1307731442986">
						<int id="w">17</int>
						<int id="z">27</int>
						<str id="sprite_class">pampas_2</str>
						<int id="x">4467</int>
						<int id="y">745</int>
						<int id="h">26</int>
						<str id="name">pampas_2_1307731442968</str>
					</object>
					<object id="lens_grass_1_1308107342169">
						<int id="w">147</int>
						<int id="z">56</int>
						<str id="sprite_class">lens_grass_1</str>
						<int id="x">2474</int>
						<int id="y">819</int>
						<int id="h">29</int>
						<str id="name">lens_grass_1_1307725023671</str>
					</object>
					<object id="lens_grass_1_1308107342170">
						<int id="w">147</int>
						<int id="z">55</int>
						<str id="sprite_class">lens_grass_1</str>
						<int id="x">2291</int>
						<int id="y">819</int>
						<int id="h">29</int>
						<str id="name">lens_grass_1_1307725023671</str>
					</object>
					<object id="lens_grass_1_1307731442915">
						<int id="w">98</int>
						<int id="z">19</int>
						<str id="sprite_class">lens_grass_1</str>
						<int id="x">3167</int>
						<int id="y">781</int>
						<int id="h">19</int>
						<str id="name">lens_grass_1_1307725023671</str>
					</object>
					<object id="lens_grass_1_1307731442920">
						<int id="w">98</int>
						<int id="z">24</int>
						<str id="sprite_class">lens_grass_1</str>
						<int id="x">4563</int>
						<int id="y">755</int>
						<int id="h">19</int>
						<str id="name">lens_grass_1_1307725023671</str>
					</object>
					<object id="lens_grass_1_1307731442901">
						<int id="w">107</int>
						<int id="z">13</int>
						<str id="sprite_class">lens_grass_1</str>
						<int id="x">1374</int>
						<int id="y">784</int>
						<int id="h">21</int>
						<str id="name">lens_grass_1_1307725023671</str>
					</object>
					<object id="lens_grass_1_1307731442912">
						<int id="w">98</int>
						<int id="z">6</int>
						<str id="sprite_class">lens_grass_1</str>
						<int id="x">2010</int>
						<int id="y">781</int>
						<int id="h">19</int>
						<str id="name">lens_grass_1_1307725023671</str>
					</object>
					<object id="lens_grass_1_1308107342177">
						<int id="w">147</int>
						<int id="z">48</int>
						<str id="sprite_class">lens_grass_1</str>
						<int id="x">5210</int>
						<int id="y">816</int>
						<int id="h">29</int>
						<str id="name">lens_grass_1_1307725023671</str>
					</object>
					<object id="tree_acacia_2_1308041830127">
						<int id="w">479</int>
						<int id="z">12</int>
						<str id="sprite_class">tree_acacia_2</str>
						<int id="x">3999</int>
						<int id="y">766</int>
						<int id="h">269</int>
						<str id="name">tree_acacia_2_1307731442855</str>
					</object>
					<object id="lens_grass_2_1307725023694">
						<int id="w">1400</int>
						<int id="z">8</int>
						<str id="sprite_class">lens_grass_2</str>
						<int id="x">1089</int>
						<int id="y">869</int>
						<int id="h">102</int>
						<str id="name">lens_grass_2_1307725023672</str>
						<int id="r">3</int>
					</object>
					<object id="lens_grass_2_1307725023699">
						<int id="w">1400</int>
						<int id="z">2</int>
						<str id="sprite_class">lens_grass_2</str>
						<int id="x">4145</int>
						<int id="y">838</int>
						<int id="h">102</int>
						<str id="name">lens_grass_2_1307725023672</str>
					</object>
					<object id="lens_grass_1_1307731442921">
						<int id="w">98</int>
						<int id="z">25</int>
						<str id="sprite_class">lens_grass_1</str>
						<int id="x">4558</int>
						<int id="y">764</int>
						<int id="h">19</int>
						<str id="name">lens_grass_1_1307725023671</str>
					</object>
					<object id="lens_grass_2_1307725023698">
						<int id="w">1400</int>
						<int id="z">10</int>
						<str id="sprite_class">lens_grass_2</str>
						<int id="x">3650</int>
						<int id="y">868</int>
						<int id="h">102</int>
						<str id="name">lens_grass_2_1307725023672</str>
						<int id="r">-1</int>
					</object>
				</object>
				<int id="w">5700</int>
				<int id="h">1000</int>
				<int id="z">-2</int>
				<object id="filtersNEW">
					<object id="saturation">
						<int id="value">13</int>
					</object>
					<object id="contrast">
						<int id="value">0</int>
					</object>
					<object id="brightness">
						<int id="value">13</int>
					</object>
				</object>
				<str id="name">bg_1</str>
			</object>
		</object>
		<null id="physics"/>
		<null id="img_file_versioned"/>
		<null id="loading_label"/>
		<int id="ground_y">0</int>
		<str id="tsid">LA513CDN0J52ND9</str>
		<int id="rookable_type">0</int>
		<str id="swf_file_versioned">http://c2.glitch.bz/locations/groddle1/1316726082.swf</str>
		<object id="gradient">
			<str id="top">678EB8</str>
			<str id="bottom">FFCF54</str>
		</object>
		<object id="sources">
			<int id="LA513A7M0J521F2">1</int>
			<int id="LA512T760J52JMS">1</int>
			<int id="LA5139FL0J52SP5">1</int>
			<int id="LA513LMP0J52V1C">1</int>
			<int id="LA513TDU0J524CU">1</int>
			<int id="LA513S9U0J52SKD">1</int>
		</object>
		<str id="music_file"></str>
		<bool id="wall_jump">false</bool>
		<bool id="no_zoom">false</bool>
	</object>
</game_object>
