<game_object tsid="GA513S9U0J52SKD" ts="1337675081018" label="Boor Bane F" class_tsid="" lastUpdateTime="1337675070999" upd_gs="gs8" load_time="2012-05-22 01:23:55.551" upd_time="2012-05-22 01:20:17.725">
	<object id="dynamic">
		<int id="l">-3000</int>
		<int id="r">3000</int>
		<int id="t">-1000</int>
		<int id="b">0</int>
		<str id="label">Boor Bane F</str>
		<str id="swf_file">groddle1.swf</str>
		<object id="layers">
			<object id="T_1307741552438">
				<object id="decos">
					<object id="lens_grass_1_1309211497290">
						<int id="w">365</int>
						<int id="z">12</int>
						<str id="sprite_class">lens_grass_1</str>
						<int id="x">151</int>
						<int id="y">1034</int>
						<int id="h">100</int>
						<str id="name">lens_grass_1_1307987031014</str>
					</object>
					<object id="stalagmite_base_1_1307992844146">
						<int id="w">143</int>
						<int id="z">13</int>
						<str id="sprite_class">stalagmite_base_1</str>
						<int id="x">3023</int>
						<int id="y">949</int>
						<int id="h">38</int>
						<str id="name">stalagmite_base_1_1307741552479</str>
					</object>
					<object id="lens_grass_1_1309211497265">
						<int id="w">378</int>
						<int id="z">9</int>
						<str id="sprite_class">lens_grass_1</str>
						<int id="x">5182</int>
						<int id="y">1011</int>
						<int id="h">92</int>
						<str id="name">lens_grass_1_1307987031014</str>
					</object>
					<object id="stalagmite_base_3_1307992844147">
						<int id="w">93</int>
						<int id="z">14</int>
						<str id="sprite_class">stalagmite_base_3</str>
						<int id="x">3198</int>
						<int id="y">951</int>
						<int id="h">19</int>
						<str id="name">stalagmite_base_3_1307741552481</str>
					</object>
					<object id="stalagmite_base_3_1307749098619">
						<int id="w">94</int>
						<int id="z">1</int>
						<str id="sprite_class">stalagmite_base_3</str>
						<int id="x">1108</int>
						<int id="y">968</int>
						<int id="h">22</int>
						<str id="name">stalagmite_base_3_1307741552481</str>
					</object>
					<object id="stalagmite_base_3_1307749098617">
						<int id="w">236</int>
						<int id="z">0</int>
						<str id="sprite_class">stalagmite_base_3</str>
						<int id="x">2009</int>
						<int id="y">954</int>
						<int id="h">43</int>
						<str id="name">stalagmite_base_3_1307741552481</str>
					</object>
					<object id="lens_grass_1_1307987031054">
						<int id="w">365</int>
						<int id="z">11</int>
						<str id="sprite_class">lens_grass_1</str>
						<int id="x">727</int>
						<int id="y">1030</int>
						<int id="h">100</int>
						<str id="name">lens_grass_1_1307987031014</str>
					</object>
					<object id="lens_grass_1_1307987031022">
						<int id="w">593</int>
						<int id="z">8</int>
						<str id="sprite_class">lens_grass_1</str>
						<int id="x">4577</int>
						<int id="y">1004</int>
						<int id="h">79</int>
						<str id="name">lens_grass_1_1307987031014</str>
					</object>
					<object id="stalagmite_base_1_1307749098618">
						<int id="w">82</int>
						<int id="z">4</int>
						<str id="sprite_class">stalagmite_base_1</str>
						<int id="x">1912</int>
						<int id="y">952</int>
						<int id="h">22</int>
						<str id="name">stalagmite_base_1_1307741552479</str>
					</object>
					<object id="gravel_2_1307749098653">
						<int id="w">24</int>
						<int id="z">5</int>
						<str id="sprite_class">gravel_2</str>
						<int id="x">415</int>
						<int id="y">992</int>
						<int id="h">13</int>
						<str id="name">gravel_2_1307741552484</str>
					</object>
					<object id="stalagmite_base_3_1307992844148">
						<int id="w">66</int>
						<int id="z">15</int>
						<str id="sprite_class">stalagmite_base_3</str>
						<int id="x">3108</int>
						<int id="y">964</int>
						<int id="h">13</int>
						<str id="name">stalagmite_base_3_1307741552481</str>
					</object>
					<object id="gravel_2_1307749098654">
						<int id="w">44</int>
						<int id="z">6</int>
						<str id="sprite_class">gravel_2</str>
						<int id="x">1905</int>
						<int id="y">973</int>
						<int id="h">24</int>
						<str id="name">gravel_2_1307741552484</str>
					</object>
					<object id="heights_bush_1_1309211497269">
						<int id="w">256</int>
						<int id="z">17</int>
						<str id="sprite_class">heights_bush_1</str>
						<int id="x">5620</int>
						<int id="y">1097</int>
						<int id="h">155</int>
						<str id="name">heights_bush_1_1309211497252</str>
						<int id="r">15</int>
					</object>
					<object id="stalagmite_base_1_1307749098616">
						<int id="w">186</int>
						<int id="z">3</int>
						<str id="sprite_class">stalagmite_base_1</str>
						<int id="x">485</int>
						<int id="y">995</int>
						<int id="h">50</int>
						<str id="name">stalagmite_base_1_1307741552479</str>
					</object>
					<object id="lens_grass_1_1309211497267">
						<int id="w">378</int>
						<int id="z">10</int>
						<str id="sprite_class">lens_grass_1</str>
						<int id="x">5820</int>
						<int id="y">1043</int>
						<int id="h">92</int>
						<str id="name">lens_grass_1_1307987031014</str>
					</object>
					<object id="gravel_2_1307749098655">
						<int id="w">24</int>
						<int id="z">7</int>
						<str id="sprite_class">gravel_2</str>
						<int id="x">1885</int>
						<int id="y">971</int>
						<int id="h">13</int>
						<str id="name">gravel_2_1307741552484</str>
					</object>
					<object id="stalagmite_base_2_1307749098615">
						<int id="w">227</int>
						<int id="z">2</int>
						<str id="sprite_class">stalagmite_base_2</str>
						<int id="x">1941</int>
						<int id="y">967</int>
						<int id="h">34</int>
						<str id="name">stalagmite_base_2_1307741552480</str>
					</object>
					<object id="heights_bush_1_1309211497268">
						<int id="w">256</int>
						<int id="z">16</int>
						<str id="sprite_class">heights_bush_1</str>
						<int id="x">5489</int>
						<int id="y">1097</int>
						<int id="h">155</int>
						<str id="name">heights_bush_1_1309211497252</str>
					</object>
				</object>
				<int id="w">6000</int>
				<int id="h">1000</int>
				<int id="z">1</int>
				<object id="filtersNEW">
					<object id="saturation">
						<int id="value">18</int>
					</object>
					<object id="tintColor">
						<int id="value">0</int>
					</object>
					<object id="contrast">
						<int id="value">0</int>
					</object>
					<object id="brightness">
						<int id="value">9</int>
					</object>
				</object>
				<str id="name">middleplus</str>
			</object>
			<object id="T_1307741552442">
				<object id="decos">
					<object id="alakol_water_rock_2_1308213477391">
						<int id="w">22</int>
						<int id="z">21</int>
						<str id="sprite_class">alakol_water_rock_2</str>
						<int id="x">5165</int>
						<int id="y">785</int>
						<int id="h">9</int>
						<str id="name">alakol_water_rock_2_1307749098574</str>
					</object>
					<object id="heights_bush_2_1307749098542">
						<int id="w">16</int>
						<int id="z">17</int>
						<str id="sprite_class">heights_bush_2</str>
						<int id="x">4815</int>
						<int id="y">784</int>
						<int id="h">7</int>
						<str id="name">heights_bush_2_1307741552493</str>
					</object>
					<object id="lens_grass_2_1307749098473">
						<int id="w">1258</int>
						<int id="z">3</int>
						<str id="sprite_class">lens_grass_2</str>
						<int id="x">4283</int>
						<int id="y">841</int>
						<int id="h">71</int>
						<str id="name">lens_grass_2_1307741552444</str>
						<int id="r">1</int>
					</object>
					<object id="alakol_water_rock_1_1309211497296">
						<int id="w">17</int>
						<int id="z">0</int>
						<str id="sprite_class">alakol_water_rock_1</str>
						<int id="x">2089</int>
						<int id="y">772</int>
						<int id="h">11</int>
						<str id="name">alakol_water_rock_1_1307749098577</str>
					</object>
					<object id="alakol_water_rock_2_1307749098574">
						<int id="w">38</int>
						<int id="z">19</int>
						<str id="sprite_class">alakol_water_rock_2</str>
						<int id="x">2327</int>
						<int id="y">773</int>
						<int id="h">9</int>
						<str id="name">alakol_water_rock_2_1307749098574</str>
					</object>
					<object id="tree_acacia_1_1309211497259">
						<int id="w">58</int>
						<int id="z">1</int>
						<str id="sprite_class">tree_acacia_1</str>
						<int id="x">2327</int>
						<int id="y">773</int>
						<int id="h">36</int>
						<str id="name">tree_acacia_1_1307749098552</str>
					</object>
					<object id="lens_grass_2_1307749098477">
						<int id="w">1106</int>
						<int id="z">2</int>
						<str id="sprite_class">lens_grass_2</str>
						<int id="x">2474</int>
						<int id="y">806</int>
						<int id="h">36</int>
						<str id="name">lens_grass_2_1307741552444</str>
						<int id="r">1</int>
					</object>
					<object id="alakol_water_rock_2_1308213477390">
						<int id="w">22</int>
						<int id="z">20</int>
						<str id="sprite_class">alakol_water_rock_2</str>
						<int id="x">5160</int>
						<int id="y">783</int>
						<int id="h">9</int>
						<str id="name">alakol_water_rock_2_1307749098574</str>
					</object>
					<object id="heights_bush_1_1307749098581">
						<int id="w">17</int>
						<int id="z">22</int>
						<str id="sprite_class">heights_bush_1</str>
						<int id="x">2317</int>
						<int id="y">772</int>
						<int id="h">10</int>
						<str id="name">heights_bush_1_1307741552492</str>
					</object>
					<object id="lens_grass_2_1307749098481">
						<int id="w">934</int>
						<int id="z">12</int>
						<str id="sprite_class">lens_grass_2</str>
						<int id="x">67</int>
						<int id="y">816</int>
						<int id="h">71</int>
						<str id="name">lens_grass_2_1307741552444</str>
						<int id="r">1</int>
					</object>
					<object id="lens_grass_1_1307749098480">
						<int id="w">1063</int>
						<int id="z">13</int>
						<str id="sprite_class">lens_grass_1</str>
						<int id="x">449</int>
						<int id="y">838</int>
						<int id="h">85</int>
						<str id="name">lens_grass_1_1307741552445</str>
					</object>
					<object id="alakol_water_rock_1_1307987031088">
						<int id="w">21</int>
						<int id="z">24</int>
						<str id="sprite_class">alakol_water_rock_1</str>
						<int id="x">2281</int>
						<int id="y">775</int>
						<int id="h">11</int>
						<str id="name">alakol_water_rock_1_1307749098577</str>
					</object>
					<object id="alakol_water_rock_2_1309211497295">
						<int id="w">33</int>
						<int id="z">29</int>
						<str id="sprite_class">alakol_water_rock_2</str>
						<int id="x">2051</int>
						<int id="y">773</int>
						<int id="h">12</int>
						<str id="name">alakol_water_rock_2_1307749098574</str>
					</object>
					<object id="tree_acacia_4_1309211497278">
						<int id="w">59</int>
						<int id="z">25</int>
						<str id="sprite_class">tree_acacia_4</str>
						<int id="x">115</int>
						<int id="y">755</int>
						<int id="h">45</int>
						<str id="name">tree_acacia_4_1307749098538</str>
					</object>
					<object id="tree_acacia_3_1307749098588">
						<int id="w">79</int>
						<int id="z">23</int>
						<str id="sprite_class">tree_acacia_3</str>
						<int id="x">4407</int>
						<int id="y">781</int>
						<int id="h">36</int>
						<str id="name">tree_acacia_3_1307749098496</str>
					</object>
					<object id="tree_acacia_4_1307749098539">
						<int id="w">47</int>
						<int id="z">14</int>
						<str id="sprite_class">tree_acacia_4</str>
						<int id="x">4806</int>
						<int id="y">782</int>
						<int id="h">36</int>
						<str id="name">tree_acacia_4_1307749098538</str>
					</object>
					<object id="lens_grass_1_1307749098474">
						<int id="w">1322</int>
						<int id="z">8</int>
						<str id="sprite_class">lens_grass_1</str>
						<int id="x">2721</int>
						<int id="y">860</int>
						<int id="h">85</int>
						<str id="name">lens_grass_1_1307741552445</str>
					</object>
					<object id="lens_grass_1_1307749098476">
						<int id="w">1212</int>
						<int id="z">9</int>
						<str id="sprite_class">lens_grass_1</str>
						<int id="x">1869</int>
						<int id="y">832</int>
						<int id="h">68</int>
						<str id="name">lens_grass_1_1307741552445</str>
					</object>
					<object id="alakol_water_rock_2_1309211497291">
						<int id="w">30</int>
						<int id="z">26</int>
						<str id="sprite_class">alakol_water_rock_2</str>
						<int id="x">2100</int>
						<int id="y">774</int>
						<int id="h">7</int>
						<str id="name">alakol_water_rock_2_1307749098574</str>
					</object>
					<object id="lens_grass_1_1307749098478">
						<int id="w">1089</int>
						<int id="z">11</int>
						<str id="sprite_class">lens_grass_1</str>
						<int id="x">892</int>
						<int id="y">827</int>
						<int id="h">69</int>
						<str id="name">lens_grass_1_1307741552445</str>
					</object>
					<object id="alakol_water_rock_2_1309211497294">
						<int id="w">30</int>
						<int id="z">28</int>
						<str id="sprite_class">alakol_water_rock_2</str>
						<int id="x">2140</int>
						<int id="y">774</int>
						<int id="h">7</int>
						<str id="name">alakol_water_rock_2_1307749098574</str>
					</object>
					<object id="alakol_water_rock_2_1309211497293">
						<int id="w">30</int>
						<int id="z">27</int>
						<str id="sprite_class">alakol_water_rock_2</str>
						<int id="x">2082</int>
						<int id="y">774</int>
						<int id="h">7</int>
						<str id="name">alakol_water_rock_2_1307749098574</str>
					</object>
					<object id="tree_acacia_1_1307749098541">
						<int id="w">44</int>
						<int id="z">16</int>
						<str id="sprite_class">tree_acacia_1</str>
						<int id="x">4789</int>
						<int id="y">785</int>
						<int id="h">27</int>
						<str id="name">tree_acacia_1_1307749098541</str>
					</object>
					<object id="lens_grass_1_1307749098469">
						<int id="w">1140</int>
						<int id="z">5</int>
						<str id="sprite_class">lens_grass_1</str>
						<int id="x">4776</int>
						<int id="y">857</int>
						<int id="h">78</int>
						<str id="name">lens_grass_1_1307741552445</str>
					</object>
					<object id="alakol_water_rock_1_1309211497292">
						<int id="w">17</int>
						<int id="z">30</int>
						<str id="sprite_class">alakol_water_rock_1</str>
						<int id="x">2132</int>
						<int id="y">775</int>
						<int id="h">11</int>
						<str id="name">alakol_water_rock_1_1307749098577</str>
					</object>
					<object id="lens_grass_2_1307749098468">
						<int id="w">1035</int>
						<int id="z">4</int>
						<str id="sprite_class">lens_grass_2</str>
						<int id="x">5247</int>
						<int id="y">850</int>
						<int id="h">71</int>
						<str id="name">lens_grass_2_1307741552444</str>
						<int id="r">1</int>
					</object>
					<object id="lens_grass_2_1307749098479">
						<int id="w">1152</int>
						<int id="z">10</int>
						<str id="sprite_class">lens_grass_2</str>
						<int id="x">1435</int>
						<int id="y">828</int>
						<int id="h">68</int>
						<str id="name">lens_grass_2_1307741552444</str>
						<int id="r">1</int>
					</object>
					<object id="tree_acacia_2_1307749098589">
						<int id="w">67</int>
						<int id="z">15</int>
						<str id="sprite_class">tree_acacia_2</str>
						<int id="x">3827</int>
						<int id="y">776</int>
						<int id="h">38</int>
						<str id="name">tree_acacia_2_1307749098540</str>
					</object>
					<object id="alakol_water_rock_2_1308213477392">
						<int id="w">22</int>
						<int id="z">18</int>
						<str id="sprite_class">alakol_water_rock_2</str>
						<int id="x">5172</int>
						<int id="y">783</int>
						<int id="h">9</int>
						<str id="name">alakol_water_rock_2_1307749098574</str>
					</object>
					<object id="lens_grass_1_1307749098472">
						<int id="w">1289</int>
						<int id="z">6</int>
						<str id="sprite_class">lens_grass_1</str>
						<int id="x">3702</int>
						<int id="y">850</int>
						<int id="h">81</int>
						<str id="name">lens_grass_1_1307741552445</str>
					</object>
					<object id="lens_grass_2_1307749098475">
						<int id="w">1009</int>
						<int id="z">7</int>
						<str id="sprite_class">lens_grass_2</str>
						<int id="x">3136</int>
						<int id="y">831</int>
						<int id="h">55</int>
						<str id="name">lens_grass_2_1307741552444</str>
					</object>
				</object>
				<int id="w">5400</int>
				<int id="h">1000</int>
				<int id="z">-3</int>
				<object id="filtersNEW">
					<object id="saturation">
						<int id="value">6</int>
					</object>
					<object id="tintColor">
						<int id="value">0</int>
					</object>
					<object id="contrast">
						<int id="value">0</int>
					</object>
					<object id="blur">
						<int id="value">3</int>
					</object>
					<object id="brightness">
						<int id="value">25</int>
					</object>
				</object>
				<str id="name">bg_3</str>
			</object>
			<object id="T_1307741552441">
				<object id="decos">
					<object id="cloud_fluffy_1_1307984015708">
						<int id="w">798</int>
						<int id="z">8</int>
						<str id="sprite_class">cloud_fluffy_1</str>
						<int id="x">872</int>
						<int id="y">582</int>
						<int id="h">119</int>
						<str id="name">cloud_fluffy_1_1307749098737</str>
					</object>
					<object id="cloud_fluffy_1_1307984015705">
						<int id="w">798</int>
						<int id="z">10</int>
						<str id="sprite_class">cloud_fluffy_1</str>
						<int id="x">1956</int>
						<int id="y">729</int>
						<int id="h">119</int>
						<str id="name">cloud_fluffy_1_1307749098737</str>
					</object>
					<object id="cloud_fluffy_1_1307984015706">
						<int id="w">807</int>
						<int id="z">9</int>
						<str id="sprite_class">cloud_fluffy_1</str>
						<int id="x">3143</int>
						<int id="y">766</int>
						<int id="h">59</int>
						<str id="name">cloud_fluffy_1_1307749098737</str>
					</object>
					<object id="heights_bush_4_1309211497258">
						<int id="w">647</int>
						<int id="z">13</int>
						<str id="sprite_class">heights_bush_4</str>
						<int id="x">4530</int>
						<int id="y">784</int>
						<int id="h">20</int>
						<str id="name">heights_bush_4_1307741552494</str>
					</object>
					<object id="heights_bush_4_1307749098585">
						<int id="w">508</int>
						<int id="z">2</int>
						<str id="sprite_class">heights_bush_4</str>
						<int id="x">3845</int>
						<int id="y">775</int>
						<int id="h">27</int>
						<str id="name">heights_bush_4_1307741552494</str>
						<int id="r">-1</int>
					</object>
					<object id="heights_bush_4_1307749098699">
						<int id="w">584</int>
						<int id="z">4</int>
						<str id="sprite_class">heights_bush_4</str>
						<int id="x">145</int>
						<int id="y">755</int>
						<int id="h">27</int>
						<str id="name">heights_bush_4_1307741552494</str>
						<int id="r">2</int>
					</object>
					<object id="cloud_fluffy_2_1307984015709">
						<int id="w">771</int>
						<int id="z">11</int>
						<str id="sprite_class">cloud_fluffy_2</str>
						<int id="x">1345</int>
						<int id="y">753</int>
						<int id="h">82</int>
						<str id="name">cloud_fluffy_2_1307749098529</str>
					</object>
					<object id="heights_bush_4_1307749098584">
						<int id="w">647</int>
						<int id="z">1</int>
						<str id="sprite_class">heights_bush_4</str>
						<int id="x">3539</int>
						<int id="y">773</int>
						<int id="h">20</int>
						<str id="name">heights_bush_4_1307741552494</str>
					</object>
					<object id="cloud_fluffy_2_1307984015711">
						<int id="w">1069</int>
						<int id="z">6</int>
						<str id="sprite_class">cloud_fluffy_2</str>
						<int id="x">4712</int>
						<int id="y">771</int>
						<int id="h">114</int>
						<str id="name">cloud_fluffy_2_1307749098529</str>
					</object>
					<object id="cloud_fluffy_2_1309211497297">
						<int id="w">1069</int>
						<int id="z">7</int>
						<str id="sprite_class">cloud_fluffy_2</str>
						<int id="x">3745</int>
						<int id="y">717</int>
						<int id="h">114</int>
						<str id="name">cloud_fluffy_2_1307749098529</str>
					</object>
					<object id="cloud_fluffy_2_1309211497298">
						<int id="w">771</int>
						<int id="z">12</int>
						<str id="sprite_class">cloud_fluffy_2</str>
						<int id="x">441</int>
						<int id="y">731</int>
						<int id="h">82</int>
						<str id="name">cloud_fluffy_2_1307749098529</str>
					</object>
					<object id="mountain_trees_darker_1_1309211497257">
						<int id="w">731</int>
						<int id="z">0</int>
						<str id="sprite_class">mountain_trees_darker_1</str>
						<int id="x">3980</int>
						<int id="y">811</int>
						<int id="h">107</int>
						<str id="name">mountain_trees_darker_1_1309211497256</str>
						<int id="r">2</int>
					</object>
					<object id="heights_bush_4_1307749098587">
						<int id="w">573</int>
						<int id="z">3</int>
						<str id="sprite_class">heights_bush_4</str>
						<int id="x">4217</int>
						<int id="y">780</int>
						<int id="h">19</int>
						<str id="name">heights_bush_4_1307741552494</str>
						<bool id="h_flip">true</bool>
						<int id="r">4</int>
					</object>
					<object id="heights_bush_4_1307749098700">
						<int id="w">543</int>
						<int id="z">5</int>
						<str id="sprite_class">heights_bush_4</str>
						<int id="x">344</int>
						<int id="y">761</int>
						<int id="h">28</int>
						<str id="name">heights_bush_4_1307741552494</str>
					</object>
				</object>
				<int id="w">5160</int>
				<int id="h">992</int>
				<int id="z">-5</int>
				<object id="filtersNEW">
					<object id="saturation">
						<int id="value">-60</int>
					</object>
					<object id="tintColor">
						<int id="value">16763904</int>
					</object>
					<object id="tintAmount">
						<int id="value">80</int>
					</object>
					<object id="blur">
						<int id="value">3</int>
					</object>
					<object id="brightness">
						<int id="value">19</int>
					</object>
					<object id="contrast">
						<int id="value">-10</int>
					</object>
				</object>
				<str id="name">sky</str>
			</object>
			<object id="T_1307741552440">
				<object id="decos">
					<object id="alakol_water_rock_2_1309211497281">
						<int id="w">49</int>
						<int id="z">49</int>
						<str id="sprite_class">alakol_water_rock_2</str>
						<int id="x">1722</int>
						<int id="y">795</int>
						<int id="h">26</int>
						<str id="name">alakol_water_rock_2_1307749098574</str>
					</object>
					<object id="gravel_2_1309211497272">
						<int id="w">24</int>
						<int id="z">42</int>
						<str id="sprite_class">gravel_2</str>
						<int id="x">1089</int>
						<int id="y">805</int>
						<int id="h">13</int>
						<str id="name">gravel_2_1307741552484</str>
					</object>
					<object id="lens_grass_1_1307987031046">
						<int id="w">97</int>
						<int id="z">11</int>
						<str id="sprite_class">lens_grass_1</str>
						<int id="x">799</int>
						<int id="y">815</int>
						<int id="h">24</int>
						<str id="name">lens_grass_1_1307987031014</str>
					</object>
					<object id="heights_bush_1_1309211497287">
						<int id="w">26</int>
						<int id="z">48</int>
						<str id="sprite_class">heights_bush_1</str>
						<int id="x">1563</int>
						<int id="y">790</int>
						<int id="h">16</int>
						<str id="name">heights_bush_1_1309211497252</str>
					</object>
					<object id="heights_bush_2_1309211497261">
						<int id="w">42</int>
						<int id="z">37</int>
						<str id="sprite_class">heights_bush_2</str>
						<int id="x">3293</int>
						<int id="y">808</int>
						<int id="h">18</int>
						<str id="name">heights_bush_2_1307741552493</str>
					</object>
					<object id="lens_grass_1_1307987031064">
						<int id="w">125</int>
						<int id="z">20</int>
						<str id="sprite_class">lens_grass_1</str>
						<int id="x">4871</int>
						<int id="y">820</int>
						<int id="h">20</int>
						<str id="name">lens_grass_1_1307987031014</str>
					</object>
					<object id="lens_grass_1_1307987031048">
						<int id="w">97</int>
						<int id="z">15</int>
						<str id="sprite_class">lens_grass_1</str>
						<int id="x">305</int>
						<int id="y">793</int>
						<int id="h">24</int>
						<str id="name">lens_grass_1_1307987031014</str>
					</object>
					<object id="lens_grass_2_1307749098467">
						<int id="w">1280</int>
						<int id="z">13</int>
						<str id="sprite_class">lens_grass_2</str>
						<int id="x">4675</int>
						<int id="y">869</int>
						<int id="h">73</int>
						<str id="name">lens_grass_2_1307741552444</str>
						<int id="r">1</int>
					</object>
					<object id="lens_grass_1_1307992844141">
						<int id="w">103</int>
						<int id="z">30</int>
						<str id="sprite_class">lens_grass_1</str>
						<int id="x">3608</int>
						<int id="y">820</int>
						<int id="h">16</int>
						<str id="name">lens_grass_1_1307987031014</str>
					</object>
					<object id="heights_bush_1_1309211497253">
						<int id="w">33</int>
						<int id="z">35</int>
						<str id="sprite_class">heights_bush_1</str>
						<int id="x">5582</int>
						<int id="y">813</int>
						<int id="h">20</int>
						<str id="name">heights_bush_1_1309211497252</str>
					</object>
					<object id="tree_acacia_2_1307992844131">
						<int id="w">301</int>
						<int id="z">25</int>
						<str id="sprite_class">tree_acacia_2</str>
						<int id="x">4709</int>
						<int id="y">813</int>
						<int id="h">169</int>
						<str id="name">tree_acacia_2_1307749098540</str>
					</object>
					<object id="lens_grass_1_1307987031067">
						<int id="w">125</int>
						<int id="z">24</int>
						<str id="sprite_class">lens_grass_1</str>
						<int id="x">4763</int>
						<int id="y">835</int>
						<int id="h">20</int>
						<str id="name">lens_grass_1_1307987031014</str>
					</object>
					<object id="heights_bush_1_1309211497285">
						<int id="w">26</int>
						<int id="z">46</int>
						<str id="sprite_class">heights_bush_1</str>
						<int id="x">1699</int>
						<int id="y">788</int>
						<int id="h">16</int>
						<str id="name">heights_bush_1_1309211497252</str>
					</object>
					<object id="alakol_water_rock_1_1309211497282">
						<int id="w">29</int>
						<int id="z">43</int>
						<str id="sprite_class">alakol_water_rock_1</str>
						<int id="x">1570</int>
						<int id="y">789</int>
						<int id="h">35</int>
						<str id="name">alakol_water_rock_1_1307749098577</str>
					</object>
					<object id="lens_grass_1_1307987031043">
						<int id="w">125</int>
						<int id="z">8</int>
						<str id="sprite_class">lens_grass_1</str>
						<int id="x">703</int>
						<int id="y">792</int>
						<int id="h">20</int>
						<str id="name">lens_grass_1_1307987031014</str>
					</object>
					<object id="lens_grass_1_1307987031044">
						<int id="w">125</int>
						<int id="z">9</int>
						<str id="sprite_class">lens_grass_1</str>
						<int id="x">769</int>
						<int id="y">797</int>
						<int id="h">20</int>
						<str id="name">lens_grass_1_1307987031014</str>
					</object>
					<object id="lens_grass_1_1307992844142">
						<int id="w">103</int>
						<int id="z">32</int>
						<str id="sprite_class">lens_grass_1</str>
						<int id="x">3582</int>
						<int id="y">827</int>
						<int id="h">16</int>
						<str id="name">lens_grass_1_1307987031014</str>
					</object>
					<object id="lens_grass_1_1307741552469">
						<int id="w">1229</int>
						<int id="z">12</int>
						<str id="sprite_class">lens_grass_1</str>
						<int id="x">3174</int>
						<int id="y">865</int>
						<int id="h">66</int>
						<str id="name">lens_grass_1_1307741552445</str>
					</object>
					<object id="tree_acacia_2_1308213477389">
						<int id="w">268</int>
						<int id="z">18</int>
						<str id="sprite_class">tree_acacia_2</str>
						<int id="x">3263</int>
						<int id="y">803</int>
						<int id="h">150</int>
						<str id="name">tree_acacia_2_1307749098540</str>
					</object>
					<object id="alakol_water_rock_2_1307992844133">
						<int id="w">85</int>
						<int id="z">27</int>
						<str id="sprite_class">alakol_water_rock_2</str>
						<int id="x">3279</int>
						<int id="y">808</int>
						<int id="h">23</int>
						<str id="name">alakol_water_rock_2_1307749098574</str>
					</object>
					<object id="lens_grass_1_1307992844143">
						<int id="w">103</int>
						<int id="z">31</int>
						<str id="sprite_class">lens_grass_1</str>
						<int id="x">3633</int>
						<int id="y">821</int>
						<int id="h">16</int>
						<str id="name">lens_grass_1_1307987031014</str>
					</object>
					<object id="heights_bush_2_1309211497255">
						<int id="w">42</int>
						<int id="z">26</int>
						<str id="sprite_class">heights_bush_2</str>
						<int id="x">4726</int>
						<int id="y">814</int>
						<int id="h">18</int>
						<str id="name">heights_bush_2_1307741552493</str>
					</object>
					<object id="lens_grass_1_1307987031049">
						<int id="w">117</int>
						<int id="z">14</int>
						<str id="sprite_class">lens_grass_1</str>
						<int id="x">260</int>
						<int id="y">785</int>
						<int id="h">17</int>
						<str id="name">lens_grass_1_1307987031014</str>
					</object>
					<object id="heights_bush_1_1309211497289">
						<int id="w">13</int>
						<int id="z">53</int>
						<str id="sprite_class">heights_bush_1</str>
						<int id="x">112</int>
						<int id="y">757</int>
						<int id="h">8</int>
						<str id="name">heights_bush_1_1309211497252</str>
					</object>
					<object id="tree_acacia_2_1309211497273">
						<int id="w">251</int>
						<int id="z">39</int>
						<str id="sprite_class">tree_acacia_2</str>
						<int id="x">1011</int>
						<int id="y">801</int>
						<int id="h">162</int>
						<str id="name">tree_acacia_2_1307749098540</str>
					</object>
					<object id="lens_grass_1_1307987031063">
						<int id="w">125</int>
						<int id="z">21</int>
						<str id="sprite_class">lens_grass_1</str>
						<int id="x">4952</int>
						<int id="y">822</int>
						<int id="h">20</int>
						<str id="name">lens_grass_1_1307987031014</str>
					</object>
					<object id="heights_bush_2_1309211497288">
						<int id="w">31</int>
						<int id="z">51</int>
						<str id="sprite_class">heights_bush_2</str>
						<int id="x">1644</int>
						<int id="y">792</int>
						<int id="h">13</int>
						<str id="name">heights_bush_2_1307741552493</str>
					</object>
					<object id="tree_acacia_4_1309211497271">
						<int id="w">254</int>
						<int id="z">41</int>
						<str id="sprite_class">tree_acacia_4</str>
						<int id="x">1080</int>
						<int id="y">803</int>
						<int id="h">195</int>
						<str id="name">tree_acacia_4_1307749098538</str>
					</object>
					<object id="lens_grass_1_1307987031045">
						<int id="w">97</int>
						<int id="z">10</int>
						<str id="sprite_class">lens_grass_1</str>
						<int id="x">760</int>
						<int id="y">808</int>
						<int id="h">24</int>
						<str id="name">lens_grass_1_1307987031014</str>
					</object>
					<object id="heights_bush_1_1309211497284">
						<int id="w">26</int>
						<int id="z">50</int>
						<str id="sprite_class">heights_bush_1</str>
						<int id="x">1733</int>
						<int id="y">795</int>
						<int id="h">16</int>
						<str id="name">heights_bush_1_1309211497252</str>
					</object>
					<object id="heights_bush_1_1309211497254">
						<int id="w">33</int>
						<int id="z">36</int>
						<str id="sprite_class">heights_bush_1</str>
						<int id="x">5600</int>
						<int id="y">818</int>
						<int id="h">20</int>
						<str id="name">heights_bush_1_1309211497252</str>
					</object>
					<object id="tree_acacia_3_1309211497251">
						<int id="w">387</int>
						<int id="z">33</int>
						<str id="sprite_class">tree_acacia_3</str>
						<int id="x">5564</int>
						<int id="y">814</int>
						<int id="h">177</int>
						<str id="name">tree_acacia_3_1307749098496</str>
					</object>
					<object id="lens_grass_1_1307741552467">
						<int id="w">1426</int>
						<int id="z">5</int>
						<str id="sprite_class">lens_grass_1</str>
						<int id="x">2073</int>
						<int id="y">860</int>
						<int id="h">77</int>
						<str id="name">lens_grass_1_1307741552445</str>
						<int id="r">1</int>
					</object>
					<object id="heights_bush_1_1309211497252">
						<int id="w">33</int>
						<int id="z">34</int>
						<str id="sprite_class">heights_bush_1</str>
						<int id="x">5543</int>
						<int id="y">816</int>
						<int id="h">20</int>
						<str id="name">heights_bush_1_1309211497252</str>
					</object>
					<object id="lens_grass_1_1307992844138">
						<int id="w">103</int>
						<int id="z">28</int>
						<str id="sprite_class">lens_grass_1</str>
						<int id="x">3498</int>
						<int id="y">813</int>
						<int id="h">16</int>
						<str id="name">lens_grass_1_1307987031014</str>
					</object>
					<object id="pampas_1_1309211497276">
						<int id="w">16</int>
						<int id="z">40</int>
						<str id="sprite_class">pampas_1</str>
						<int id="x">1020</int>
						<int id="y">801</int>
						<int id="h">23</int>
						<str id="name">pampas_1_1309211497274</str>
						<int id="r">-10</int>
					</object>
					<object id="lens_grass_2_1307741552470">
						<int id="w">1348</int>
						<int id="z">3</int>
						<str id="sprite_class">lens_grass_2</str>
						<int id="x">2667</int>
						<int id="y">863</int>
						<int id="h">73</int>
						<str id="name">lens_grass_2_1307741552444</str>
						<int id="r">1</int>
					</object>
					<object id="alakol_water_rock_1_1309211497283">
						<int id="w">32</int>
						<int id="z">44</int>
						<str id="sprite_class">alakol_water_rock_1</str>
						<int id="x">1793</int>
						<int id="y">795</int>
						<int id="h">17</int>
						<str id="name">alakol_water_rock_1_1307749098577</str>
					</object>
					<object id="lens_grass_2_1307741552468">
						<int id="w">1392</int>
						<int id="z">4</int>
						<str id="sprite_class">lens_grass_2</str>
						<int id="x">1421</int>
						<int id="y">855</int>
						<int id="h">75</int>
						<str id="name">lens_grass_2_1307741552444</str>
					</object>
					<object id="lens_grass_1_1307741552465">
						<int id="w">1317</int>
						<int id="z">7</int>
						<str id="sprite_class">lens_grass_1</str>
						<int id="x">871</int>
						<int id="y">861</int>
						<int id="h">86</int>
						<str id="name">lens_grass_1_1307741552445</str>
						<int id="r">1</int>
					</object>
					<object id="heights_bush_1_1309211497286">
						<int id="w">26</int>
						<int id="z">47</int>
						<str id="sprite_class">heights_bush_1</str>
						<int id="x">1747</int>
						<int id="y">793</int>
						<int id="h">16</int>
						<str id="name">heights_bush_1_1309211497252</str>
						<bool id="h_flip">true</bool>
					</object>
					<object id="lens_grass_1_1307987031065">
						<int id="w">125</int>
						<int id="z">22</int>
						<str id="sprite_class">lens_grass_1</str>
						<int id="x">4932</int>
						<int id="y">828</int>
						<int id="h">20</int>
						<str id="name">lens_grass_1_1307987031014</str>
					</object>
					<object id="pampas_1_1309211497277">
						<int id="w">16</int>
						<int id="z">38</int>
						<str id="sprite_class">pampas_1</str>
						<int id="x">998</int>
						<int id="y">797</int>
						<int id="h">23</int>
						<str id="name">pampas_1_1309211497274</str>
						<bool id="h_flip">true</bool>
						<int id="r">-10</int>
					</object>
					<object id="lens_grass_1_1307992844139">
						<int id="w">103</int>
						<int id="z">29</int>
						<str id="sprite_class">lens_grass_1</str>
						<int id="x">3551</int>
						<int id="y">816</int>
						<int id="h">16</int>
						<str id="name">lens_grass_1_1307987031014</str>
					</object>
					<object id="lens_grass_1_1307741552471">
						<int id="w">1172</int>
						<int id="z">2</int>
						<str id="sprite_class">lens_grass_1</str>
						<int id="x">4124</int>
						<int id="y">856</int>
						<int id="h">71</int>
						<str id="name">lens_grass_1_1307741552445</str>
					</object>
					<object id="lens_grass_1_1307987031051">
						<int id="w">99</int>
						<int id="z">17</int>
						<str id="sprite_class">lens_grass_1</str>
						<int id="x">186</int>
						<int id="y">790</int>
						<int id="h">22</int>
						<str id="name">lens_grass_1_1307987031014</str>
					</object>
					<object id="lens_grass_2_1307741552466">
						<int id="w">1202</int>
						<int id="z">6</int>
						<str id="sprite_class">lens_grass_2</str>
						<int id="x">232</int>
						<int id="y">838</int>
						<int id="h">72</int>
						<str id="name">lens_grass_2_1307741552444</str>
					</object>
					<object id="alakol_water_rock_2_1309211497279">
						<int id="w">75</int>
						<int id="z">45</int>
						<str id="sprite_class">alakol_water_rock_2</str>
						<int id="x">1589</int>
						<int id="y">792</int>
						<int id="h">18</int>
						<str id="name">alakol_water_rock_2_1307749098574</str>
					</object>
					<object id="lens_grass_2_1307741552472">
						<int id="w">1242</int>
						<int id="z">1</int>
						<str id="sprite_class">lens_grass_2</str>
						<int id="x">3671</int>
						<int id="y">851</int>
						<int id="h">59</int>
						<str id="name">lens_grass_2_1307741552444</str>
						<int id="r">-2</int>
					</object>
					<object id="lens_grass_1_1307987031066">
						<int id="w">125</int>
						<int id="z">23</int>
						<str id="sprite_class">lens_grass_1</str>
						<int id="x">4978</int>
						<int id="y">833</int>
						<int id="h">20</int>
						<str id="name">lens_grass_1_1307987031014</str>
					</object>
					<object id="lens_grass_1_1307987031050">
						<int id="w">99</int>
						<int id="z">16</int>
						<str id="sprite_class">lens_grass_1</str>
						<int id="x">302</int>
						<int id="y">807</int>
						<int id="h">27</int>
						<str id="name">lens_grass_1_1307987031014</str>
					</object>
					<object id="lens_grass_1_1307749098466">
						<int id="w">1282</int>
						<int id="z">0</int>
						<str id="sprite_class">lens_grass_1</str>
						<int id="x">5326</int>
						<int id="y">875</int>
						<int id="h">80</int>
						<str id="name">lens_grass_1_1307741552445</str>
						<int id="r">1</int>
					</object>
					<object id="lens_grass_1_1307987031062">
						<int id="w">125</int>
						<int id="z">19</int>
						<str id="sprite_class">lens_grass_1</str>
						<int id="x">5009</int>
						<int id="y">815</int>
						<int id="h">20</int>
						<str id="name">lens_grass_1_1307987031014</str>
					</object>
					<object id="alakol_water_rock_1_1309211497280">
						<int id="w">41</int>
						<int id="z">52</int>
						<str id="sprite_class">alakol_water_rock_1</str>
						<int id="x">1627</int>
						<int id="y">794</int>
						<int id="h">21</int>
						<str id="name">alakol_water_rock_1_1307749098577</str>
					</object>
				</object>
				<int id="w">5640</int>
				<int id="h">1000</int>
				<int id="z">-2</int>
				<object id="filtersNEW">
					<object id="saturation">
						<int id="value">10</int>
					</object>
					<object id="tintColor">
						<int id="value">0</int>
					</object>
					<object id="contrast">
						<int id="value">0</int>
					</object>
					<object id="blur">
						<int id="value">2</int>
					</object>
					<object id="brightness">
						<int id="value">20</int>
					</object>
				</object>
				<str id="name">bg_2</str>
			</object>
			<object id="T_1307741552439">
				<object id="decos">
					<object id="lens_grass_1_1307987031070">
						<int id="w">241</int>
						<int id="z">22</int>
						<str id="sprite_class">lens_grass_1</str>
						<int id="x">4186</int>
						<int id="y">862</int>
						<int id="h">39</int>
						<str id="name">lens_grass_1_1307987031014</str>
					</object>
					<object id="lens_grass_1_1307987031040">
						<int id="w">190</int>
						<int id="z">11</int>
						<str id="sprite_class">lens_grass_1</str>
						<int id="x">2750</int>
						<int id="y">847</int>
						<int id="h">40</int>
						<str id="name">lens_grass_1_1307987031014</str>
					</object>
					<object id="tree_acacia_3_1309211497270">
						<int id="w">1096</int>
						<int id="z">15</int>
						<str id="sprite_class">tree_acacia_3</str>
						<int id="x">415</int>
						<int id="y">847</int>
						<int id="h">500</int>
						<str id="name">tree_acacia_3_1307749098496</str>
					</object>
					<object id="lens_grass_1_1307987031069">
						<int id="w">241</int>
						<int id="z">21</int>
						<str id="sprite_class">lens_grass_1</str>
						<int id="x">4106</int>
						<int id="y">853</int>
						<int id="h">39</int>
						<str id="name">lens_grass_1_1307987031014</str>
					</object>
					<object id="stalagmite_base_3_1307749098630">
						<int id="w">48</int>
						<int id="z">14</int>
						<str id="sprite_class">stalagmite_base_3</str>
						<int id="x">1119</int>
						<int id="y">808</int>
						<int id="h">11</int>
						<str id="name">stalagmite_base_3_1307741552481</str>
					</object>
					<object id="lens_grass_1_1307741552461">
						<int id="w">1681</int>
						<int id="z">9</int>
						<str id="sprite_class">lens_grass_1</str>
						<int id="x">3590</int>
						<int id="y">927</int>
						<int id="h">110</int>
						<str id="name">lens_grass_1_1307741552445</str>
					</object>
					<object id="pampas_1_1309211497275">
						<int id="w">41</int>
						<int id="z">17</int>
						<str id="sprite_class">pampas_1</str>
						<int id="x">409</int>
						<int id="y">842</int>
						<int id="h">60</int>
						<str id="name">pampas_1_1309211497274</str>
						<int id="r">-25</int>
					</object>
					<object id="tree_acacia_1_1307992844130">
						<int id="w">536</int>
						<int id="z">24</int>
						<str id="sprite_class">tree_acacia_1</str>
						<int id="x">4522</int>
						<int id="y">846</int>
						<int id="h">334</int>
						<str id="name">tree_acacia_1_1307749098541</str>
					</object>
					<object id="alakol_water_rock_2_1307749098604">
						<int id="w">117</int>
						<int id="z">13</int>
						<str id="sprite_class">alakol_water_rock_2</str>
						<int id="x">3045</int>
						<int id="y">861</int>
						<int id="h">48</int>
						<str id="name">alakol_water_rock_2_1307749098574</str>
					</object>
					<object id="lens_grass_2_1307741552462">
						<int id="w">2075</int>
						<int id="z">8</int>
						<str id="sprite_class">lens_grass_2</str>
						<int id="x">4457</int>
						<int id="y">913</int>
						<int id="h">97</int>
						<str id="name">lens_grass_2_1307741552444</str>
					</object>
					<object id="lens_grass_1_1307741552459">
						<int id="w">1578</int>
						<int id="z">4</int>
						<str id="sprite_class">lens_grass_1</str>
						<int id="x">1745</int>
						<int id="y">911</int>
						<int id="h">104</int>
						<str id="name">lens_grass_1_1307741552445</str>
					</object>
					<object id="lens_grass_1_1307987031031">
						<int id="w">190</int>
						<int id="z">5</int>
						<str id="sprite_class">lens_grass_1</str>
						<int id="x">2477</int>
						<int id="y">884</int>
						<int id="h">40</int>
						<str id="name">lens_grass_1_1307987031014</str>
					</object>
					<object id="pampas_1_1309211497274">
						<int id="w">41</int>
						<int id="z">16</int>
						<str id="sprite_class">pampas_1</str>
						<int id="x">418</int>
						<int id="y">846</int>
						<int id="h">60</int>
						<str id="name">pampas_1_1309211497274</str>
					</object>
					<object id="lens_grass_1_1307987031032">
						<int id="w">190</int>
						<int id="z">6</int>
						<str id="sprite_class">lens_grass_1</str>
						<int id="x">2332</int>
						<int id="y">897</int>
						<int id="h">40</int>
						<str id="name">lens_grass_1_1307987031014</str>
					</object>
					<object id="lens_grass_1_1307987031039">
						<int id="w">190</int>
						<int id="z">12</int>
						<str id="sprite_class">lens_grass_1</str>
						<int id="x">2886</int>
						<int id="y">855</int>
						<int id="h">40</int>
						<str id="name">lens_grass_1_1307987031014</str>
					</object>
					<object id="lens_grass_2_1307741552457">
						<int id="w">1670</int>
						<int id="z">1</int>
						<str id="sprite_class">lens_grass_2</str>
						<int id="x">977</int>
						<int id="y">904</int>
						<int id="h">99</int>
						<str id="name">lens_grass_2_1307741552444</str>
					</object>
					<object id="lens_grass_1_1307987031033">
						<int id="w">190</int>
						<int id="z">7</int>
						<str id="sprite_class">lens_grass_1</str>
						<int id="x">2237</int>
						<int id="y">904</int>
						<int id="h">40</int>
						<str id="name">lens_grass_1_1307987031014</str>
					</object>
					<object id="lens_grass_2_1307741552460">
						<int id="w">1612</int>
						<int id="z">3</int>
						<str id="sprite_class">lens_grass_2</str>
						<int id="x">2620</int>
						<int id="y">907</int>
						<int id="h">95</int>
						<str id="name">lens_grass_2_1307741552444</str>
					</object>
					<object id="lens_grass_1_1307987031052">
						<int id="w">213</int>
						<int id="z">20</int>
						<str id="sprite_class">lens_grass_1</str>
						<int id="x">3</int>
						<int id="y">856</int>
						<int id="h">45</int>
						<str id="name">lens_grass_1_1307987031014</str>
					</object>
					<object id="lens_grass_1_1307987031095">
						<int id="w">186</int>
						<int id="z">19</int>
						<str id="sprite_class">lens_grass_1</str>
						<int id="x">1817</int>
						<int id="y">852</int>
						<int id="h">28</int>
						<str id="name">lens_grass_1_1307987031014</str>
					</object>
					<object id="heights_bush_1_1309211497260">
						<int id="w">84</int>
						<int id="z">23</int>
						<str id="sprite_class">heights_bush_1</str>
						<int id="x">4475</int>
						<int id="y">836</int>
						<int id="h">51</int>
						<str id="name">heights_bush_1_1309211497252</str>
					</object>
					<object id="lens_grass_1_1307987031042">
						<int id="w">186</int>
						<int id="z">18</int>
						<str id="sprite_class">lens_grass_1</str>
						<int id="x">1876</int>
						<int id="y">842</int>
						<int id="h">28</int>
						<str id="name">lens_grass_1_1307987031014</str>
					</object>
					<object id="lens_grass_1_1307741552463">
						<int id="w">1718</int>
						<int id="z">10</int>
						<str id="sprite_class">lens_grass_1</str>
						<int id="x">5299</int>
						<int id="y">912</int>
						<int id="h">89</int>
						<str id="name">lens_grass_1_1307741552445</str>
						<int id="r">-1</int>
					</object>
					<object id="lens_grass_1_1307741552458">
						<int id="w">1626</int>
						<int id="z">2</int>
						<str id="sprite_class">lens_grass_1</str>
						<int id="x">207</int>
						<int id="y">918</int>
						<int id="h">110</int>
						<str id="name">lens_grass_1_1307741552445</str>
					</object>
					<object id="pampas_2_1307749098665">
						<int id="w">22</int>
						<int id="z">0</int>
						<str id="sprite_class">pampas_2</str>
						<int id="x">2969</int>
						<int id="y">830</int>
						<int id="h">34</int>
						<str id="name">pampas_2_1307749098499</str>
					</object>
				</object>
				<int id="w">5820</int>
				<int id="h">1000</int>
				<int id="z">-1</int>
				<object id="filtersNEW">
					<object id="saturation">
						<int id="value">13</int>
					</object>
					<object id="tintColor">
						<int id="value">0</int>
					</object>
					<object id="contrast">
						<int id="value">0</int>
					</object>
					<object id="brightness">
						<int id="value">13</int>
					</object>
				</object>
				<str id="name">bg_1</str>
			</object>
			<object id="middleground">
				<object id="signposts">
					<object id="signpost_1">
						<int id="y">-83</int>
						<object id="connects">
							<object id="0">
								<str id="mote_id">9</str>
								<str id="hub_id">91</str>
								<str id="swf_file_versioned">http://c2.glitch.bz/locations/groddle1/1316726082.swf</str>
								<int id="x">2655</int>
								<int id="y">-85</int>
								<objref id="target" tsid="LA513CDN0J52ND9" label="Boor Bane E"/>
							</object>
							<object id="1">
								<str id="mote_id">9</str>
								<str id="hub_id">91</str>
								<str id="swf_file_versioned">http://c2.glitch.bz/locations/groddle1/1316726082.swf</str>
								<int id="x">2693</int>
								<int id="y">-107</int>
								<objref id="target" tsid="LA513LMP0J52V1C" label="Rustic Rd NW"/>
							</object>
							<object id="2">
								<str id="mote_id">9</str>
								<str id="hub_id">91</str>
								<str id="swf_file_versioned">http://c2.glitch.bz/locations/groddle1/1316726082.swf</str>
								<int id="x">-2662</int>
								<int id="y">-77</int>
								<objref id="target" tsid="LA513TDU0J524CU" label="Rustic Rd N"/>
							</object>
						</object>
						<int id="h">200</int>
						<str id="id">signpost_1</str>
						<int id="w">100</int>
						<int id="x">-2769</int>
					</object>
				</object>
				<int id="h">1000</int>
				<object id="platform_lines">
					<object id="plat_1307749098675">
						<int id="platform_pc_perm">-1</int>
						<int id="platform_item_perm">-1</int>
						<object id="start">
							<int id="y">-83</int>
							<int id="x">-1146</int>
						</object>
						<object id="end">
							<int id="y">-78</int>
							<int id="x">-1007</int>
						</object>
					</object>
					<object id="plat_1307749098680">
						<int id="platform_pc_perm">-1</int>
						<int id="platform_item_perm">-1</int>
						<object id="start">
							<int id="y">-84</int>
							<int id="x">214</int>
						</object>
						<object id="end">
							<int id="y">-60</int>
							<int id="x">346</int>
						</object>
					</object>
					<object id="plat_1307749098681">
						<int id="platform_pc_perm">-1</int>
						<int id="platform_item_perm">-1</int>
						<object id="start">
							<int id="y">-60</int>
							<int id="x">346</int>
						</object>
						<object id="end">
							<int id="y">-87</int>
							<int id="x">691</int>
						</object>
					</object>
					<object id="plat_1307749098677">
						<int id="platform_pc_perm">-1</int>
						<int id="platform_item_perm">-1</int>
						<object id="start">
							<int id="y">-72</int>
							<int id="x">-727</int>
						</object>
						<object id="end">
							<int id="y">-76</int>
							<int id="x">-250</int>
						</object>
					</object>
					<object id="plat_1307749098671">
						<int id="platform_pc_perm">-1</int>
						<int id="platform_item_perm">-1</int>
						<object id="start">
							<int id="y">-59</int>
							<int id="x">-1848</int>
						</object>
						<object id="end">
							<int id="y">-46</int>
							<int id="x">-1683</int>
						</object>
					</object>
					<object id="plat_1307749098668">
						<int id="platform_pc_perm">-1</int>
						<int id="platform_item_perm">-1</int>
						<object id="start">
							<int id="y">-75</int>
							<int id="x">-2999</int>
						</object>
						<object id="end">
							<int id="y">-61</int>
							<int id="x">-2617</int>
						</object>
					</object>
					<object id="plat_1307987031026">
						<int id="platform_pc_perm">-1</int>
						<int id="platform_item_perm">-1</int>
						<object id="start">
							<int id="y">-103</int>
							<int id="x">721</int>
						</object>
						<object id="end">
							<int id="y">-117</int>
							<int id="x">829</int>
						</object>
					</object>
					<object id="plat_1307749098688">
						<int id="platform_pc_perm">-1</int>
						<int id="platform_item_perm">-1</int>
						<object id="start">
							<int id="y">-64</int>
							<int id="x">2678</int>
						</object>
						<object id="end">
							<int id="y">-61</int>
							<int id="x">2999</int>
						</object>
					</object>
					<object id="plat_1307987031027">
						<int id="platform_pc_perm">-1</int>
						<int id="platform_item_perm">-1</int>
						<object id="start">
							<int id="y">-87</int>
							<int id="x">691</int>
						</object>
						<object id="end">
							<int id="y">-103</int>
							<int id="x">721</int>
						</object>
					</object>
					<object id="plat_1307749098685">
						<int id="platform_pc_perm">-1</int>
						<int id="platform_item_perm">-1</int>
						<object id="start">
							<int id="y">-97</int>
							<int id="x">989</int>
						</object>
						<object id="end">
							<int id="y">-111</int>
							<int id="x">1590</int>
						</object>
					</object>
					<object id="plat_1308213477402">
						<int id="platform_pc_perm">-1</int>
						<int id="platform_item_perm">-1</int>
						<object id="start">
							<int id="y">-95</int>
							<int id="x">1987</int>
						</object>
						<object id="end">
							<int id="y">-100</int>
							<int id="x">2086</int>
						</object>
					</object>
					<object id="plat_1307749098672">
						<int id="platform_pc_perm">-1</int>
						<int id="platform_item_perm">-1</int>
						<object id="start">
							<int id="y">-46</int>
							<int id="x">-1683</int>
						</object>
						<object id="end">
							<int id="y">-61</int>
							<int id="x">-1544</int>
						</object>
					</object>
					<object id="plat_1308213477403">
						<int id="platform_pc_perm">-1</int>
						<int id="platform_item_perm">-1</int>
						<object id="start">
							<int id="y">-100</int>
							<int id="x">2086</int>
						</object>
						<object id="end">
							<int id="y">-95</int>
							<int id="x">2192</int>
						</object>
					</object>
					<object id="plat_1307749098670">
						<int id="platform_pc_perm">-1</int>
						<int id="platform_item_perm">-1</int>
						<object id="start">
							<int id="y">-79</int>
							<int id="x">-2190</int>
						</object>
						<object id="end">
							<int id="y">-59</int>
							<int id="x">-1848</int>
						</object>
					</object>
					<object id="plat_1308213477404">
						<int id="platform_pc_perm">-1</int>
						<int id="platform_item_perm">-1</int>
						<object id="start">
							<int id="y">-95</int>
							<int id="x">2192</int>
						</object>
						<object id="end">
							<int id="y">-70</int>
							<int id="x">2282</int>
						</object>
					</object>
					<object id="plat_1307749098686">
						<int id="platform_pc_perm">-1</int>
						<int id="platform_item_perm">-1</int>
						<object id="start">
							<int id="y">-111</int>
							<int id="x">1590</int>
						</object>
						<object id="end">
							<int id="y">-82</int>
							<int id="x">1929</int>
						</object>
					</object>
					<object id="plat_1308037220574">
						<int id="platform_pc_perm">-1</int>
						<int id="platform_item_perm">-1</int>
						<object id="start">
							<int id="y">-70</int>
							<int id="x">2282</int>
						</object>
						<object id="end">
							<int id="y">-64</int>
							<int id="x">2678</int>
						</object>
					</object>
					<object id="plat_1307749098674">
						<int id="platform_pc_perm">-1</int>
						<int id="platform_item_perm">-1</int>
						<object id="start">
							<int id="y">-61</int>
							<int id="x">-1544</int>
						</object>
						<object id="end">
							<int id="y">-83</int>
							<int id="x">-1146</int>
						</object>
					</object>
					<object id="plat_1307749098676">
						<int id="platform_pc_perm">-1</int>
						<int id="platform_item_perm">-1</int>
						<object id="start">
							<int id="y">-78</int>
							<int id="x">-1007</int>
						</object>
						<object id="end">
							<int id="y">-72</int>
							<int id="x">-727</int>
						</object>
					</object>
					<object id="plat_1308213477401">
						<int id="platform_pc_perm">-1</int>
						<int id="platform_item_perm">-1</int>
						<object id="start">
							<int id="y">-82</int>
							<int id="x">1929</int>
						</object>
						<object id="end">
							<int id="y">-95</int>
							<int id="x">1987</int>
						</object>
					</object>
					<object id="plat_1307749098669">
						<int id="platform_pc_perm">-1</int>
						<int id="platform_item_perm">-1</int>
						<object id="start">
							<int id="y">-61</int>
							<int id="x">-2617</int>
						</object>
						<object id="end">
							<int id="y">-79</int>
							<int id="x">-2190</int>
						</object>
					</object>
					<object id="plat_1307987031025">
						<int id="platform_pc_perm">-1</int>
						<int id="platform_item_perm">-1</int>
						<object id="start">
							<int id="y">-117</int>
							<int id="x">829</int>
						</object>
						<object id="end">
							<int id="y">-108</int>
							<int id="x">939</int>
						</object>
					</object>
					<object id="plat_1307749098678">
						<int id="platform_pc_perm">-1</int>
						<int id="platform_item_perm">-1</int>
						<object id="start">
							<int id="y">-76</int>
							<int id="x">-250</int>
						</object>
						<object id="end">
							<int id="y">-84</int>
							<int id="x">214</int>
						</object>
					</object>
					<object id="plat_1307987031024">
						<int id="platform_pc_perm">-1</int>
						<int id="platform_item_perm">-1</int>
						<object id="start">
							<int id="y">-108</int>
							<int id="x">939</int>
						</object>
						<object id="end">
							<int id="y">-97</int>
							<int id="x">989</int>
						</object>
					</object>
				</object>
				<object id="walls">
				</object>
				<object id="targets">
				</object>
				<str id="name">middleground</str>
				<object id="boxes">
				</object>
				<int id="w">6000</int>
				<object id="doors">
				</object>
				<object id="ladders">
				</object>
				<object id="filtersNEW">
					<object id="saturation">
						<int id="value">18</int>
					</object>
					<object id="tintColor">
						<int id="value">0</int>
					</object>
					<object id="contrast">
						<int id="value">0</int>
					</object>
					<object id="brightness">
						<int id="value">9</int>
					</object>
				</object>
				<int id="z">0</int>
				<object id="decos">
					<object id="lens_grass_1_1307987031023">
						<int id="w">285</int>
						<int id="z">13</int>
						<str id="sprite_class">lens_grass_1</str>
						<int id="x">838</int>
						<int id="y">-70</int>
						<int id="h">60</int>
						<str id="name">lens_grass_1_1307987031014</str>
					</object>
					<object id="stalagmite_base_1_1308037220573">
						<int id="w">196</int>
						<int id="z">33</int>
						<str id="sprite_class">stalagmite_base_1</str>
						<int id="x">-484</int>
						<int id="y">-35</int>
						<int id="h">36</int>
						<str id="name">stalagmite_base_1_1307741552479</str>
					</object>
					<object id="lens_grass_1_1309211497262">
						<int id="w">363</int>
						<int id="z">21</int>
						<str id="sprite_class">lens_grass_1</str>
						<int id="x">2881</int>
						<int id="y">-76</int>
						<int id="h">76</int>
						<str id="name">lens_grass_1_1307987031014</str>
					</object>
					<object id="lens_grass_2_1307741552444">
						<int id="w">2108</int>
						<int id="z">7</int>
						<str id="sprite_class">lens_grass_2</str>
						<int id="x">-2527</int>
						<int id="y">19</int>
						<int id="h">161</int>
						<str id="name">lens_grass_2_1307741552444</str>
					</object>
					<object id="lens_grass_1_1307741552448">
						<int id="w">2026</int>
						<int id="z">10</int>
						<str id="sprite_class">lens_grass_1</str>
						<int id="x">556</int>
						<int id="y">77</int>
						<int id="h">202</int>
						<str id="name">lens_grass_1_1307741552445</str>
					</object>
					<object id="stalagmite_base_2_1307987031071">
						<int id="w">122</int>
						<int id="z">27</int>
						<str id="sprite_class">stalagmite_base_2</str>
						<int id="x">-2899</int>
						<int id="y">-100</int>
						<int id="h">34</int>
						<str id="name">stalagmite_base_2_1307741552480</str>
					</object>
					<object id="lens_grass_1_1308213477398">
						<int id="w">285</int>
						<int id="z">17</int>
						<str id="sprite_class">lens_grass_1</str>
						<int id="x">964</int>
						<int id="y">-7</int>
						<int id="h">60</int>
						<str id="name">lens_grass_1_1307987031014</str>
					</object>
					<object id="stalagmite_base_2_1308037220562">
						<int id="w">238</int>
						<int id="z">31</int>
						<str id="sprite_class">stalagmite_base_2</str>
						<int id="x">-1697</int>
						<int id="y">-86</int>
						<int id="h">66</int>
						<str id="name">stalagmite_base_2_1307741552480</str>
					</object>
					<object id="gravel_2_1308037220561">
						<int id="w">39</int>
						<int id="z">32</int>
						<str id="sprite_class">gravel_2</str>
						<int id="x">-1780</int>
						<int id="y">-90</int>
						<int id="h">22</int>
						<str id="name">gravel_2_1307741552484</str>
					</object>
					<object id="stalagmite_base_2_1307987031072">
						<int id="w">65</int>
						<int id="z">28</int>
						<str id="sprite_class">stalagmite_base_2</str>
						<int id="x">-2823</int>
						<int id="y">-93</int>
						<int id="h">18</int>
						<str id="name">stalagmite_base_2_1307741552480</str>
					</object>
					<object id="lens_grass_1_1307987031029">
						<int id="w">278</int>
						<int id="z">23</int>
						<str id="sprite_class">lens_grass_1</str>
						<int id="x">789</int>
						<int id="y">-14</int>
						<int id="h">54</int>
						<str id="name">lens_grass_1_1307987031014</str>
					</object>
					<object id="lens_grass_2_1307741552452">
						<int id="w">2108</int>
						<int id="z">3</int>
						<str id="sprite_class">lens_grass_2</str>
						<int id="x">2875</int>
						<int id="y">18</int>
						<int id="h">151</int>
						<str id="name">lens_grass_2_1307741552444</str>
					</object>
					<object id="lens_grass_2_1307741552450">
						<int id="w">2108</int>
						<int id="z">5</int>
						<str id="sprite_class">lens_grass_2</str>
						<int id="x">1593</int>
						<int id="y">52</int>
						<int id="h">161</int>
						<str id="name">lens_grass_2_1307741552444</str>
						<int id="r">2</int>
					</object>
					<object id="gravel_2_1308037220568">
						<int id="w">39</int>
						<int id="z">36</int>
						<str id="sprite_class">gravel_2</str>
						<int id="x">-259</int>
						<int id="y">-103</int>
						<int id="h">22</int>
						<str id="name">gravel_2_1307741552484</str>
					</object>
					<object id="lens_grass_2_1307741552456">
						<int id="w">2108</int>
						<int id="z">0</int>
						<str id="sprite_class">lens_grass_2</str>
						<int id="x">-1995</int>
						<int id="y">17</int>
						<int id="h">161</int>
						<str id="name">lens_grass_2_1307741552444</str>
					</object>
					<object id="lens_grass_1_1308213477393">
						<int id="w">285</int>
						<int id="z">16</int>
						<str id="sprite_class">lens_grass_1</str>
						<int id="x">1042</int>
						<int id="y">-13</int>
						<int id="h">60</int>
						<str id="name">lens_grass_1_1307987031014</str>
					</object>
					<object id="lens_grass_1_1308213477395">
						<int id="w">285</int>
						<int id="z">37</int>
						<str id="sprite_class">lens_grass_1</str>
						<int id="x">902</int>
						<int id="y">10</int>
						<int id="h">60</int>
						<str id="name">lens_grass_1_1307987031014</str>
					</object>
					<object id="gravel_2_1307987031077">
						<int id="w">24</int>
						<int id="z">29</int>
						<str id="sprite_class">gravel_2</str>
						<int id="x">-2901</int>
						<int id="y">-95</int>
						<int id="h">13</int>
						<str id="name">gravel_2_1307741552484</str>
						<bool id="h_flip">true</bool>
					</object>
					<object id="lens_grass_2_1307741552449">
						<int id="w">2108</int>
						<int id="z">11</int>
						<str id="sprite_class">lens_grass_2</str>
						<int id="x">1543</int>
						<int id="y">90</int>
						<int id="h">161</int>
						<str id="name">lens_grass_2_1307741552444</str>
					</object>
					<object id="lens_grass_1_1309211497263">
						<int id="w">363</int>
						<int id="z">19</int>
						<str id="sprite_class">lens_grass_1</str>
						<int id="x">2625</int>
						<int id="y">-104</int>
						<int id="h">52</int>
						<str id="name">lens_grass_1_1307987031014</str>
					</object>
					<object id="lens_grass_1_1307741552445">
						<int id="w">2026</int>
						<int id="z">8</int>
						<str id="sprite_class">lens_grass_1</str>
						<int id="x">-1389</int>
						<int id="y">68</int>
						<int id="h">202</int>
						<str id="name">lens_grass_1_1307741552445</str>
					</object>
					<object id="lens_grass_1_1308213477396">
						<int id="w">285</int>
						<int id="z">38</int>
						<str id="sprite_class">lens_grass_1</str>
						<int id="x">1003</int>
						<int id="y">28</int>
						<int id="h">60</int>
						<str id="name">lens_grass_1_1307987031014</str>
					</object>
					<object id="lens_grass_1_1308213477397">
						<int id="w">285</int>
						<int id="z">15</int>
						<str id="sprite_class">lens_grass_1</str>
						<int id="x">921</int>
						<int id="y">-14</int>
						<int id="h">60</int>
						<str id="name">lens_grass_1_1307987031014</str>
					</object>
					<object id="stalagmite_base_2_1308037220569">
						<int id="w">238</int>
						<int id="z">35</int>
						<str id="sprite_class">stalagmite_base_2</str>
						<int id="x">-154</int>
						<int id="y">-90</int>
						<int id="h">66</int>
						<str id="name">stalagmite_base_2_1307741552480</str>
					</object>
					<object id="lens_grass_2_1307741552453">
						<int id="w">2108</int>
						<int id="z">1</int>
						<str id="sprite_class">lens_grass_2</str>
						<int id="x">1013</int>
						<int id="y">6</int>
						<int id="h">161</int>
						<str id="name">lens_grass_2_1307741552444</str>
					</object>
					<object id="lens_grass_2_1307741552447">
						<int id="w">2108</int>
						<int id="z">6</int>
						<str id="sprite_class">lens_grass_2</str>
						<int id="x">-73</int>
						<int id="y">25</int>
						<int id="h">161</int>
						<str id="name">lens_grass_2_1307741552444</str>
					</object>
					<object id="lens_grass_1_1307987031030">
						<int id="w">285</int>
						<int id="z">24</int>
						<str id="sprite_class">lens_grass_1</str>
						<int id="x">685</int>
						<int id="y">5</int>
						<int id="h">60</int>
						<str id="name">lens_grass_1_1307987031014</str>
						<int id="r">1</int>
					</object>
					<object id="lens_grass_2_1307741552446">
						<int id="w">2108</int>
						<int id="z">9</int>
						<str id="sprite_class">lens_grass_2</str>
						<int id="x">-359</int>
						<int id="y">92</int>
						<int id="h">161</int>
						<str id="name">lens_grass_2_1307741552444</str>
					</object>
					<object id="lens_grass_2_1307741552455">
						<int id="w">2108</int>
						<int id="z">12</int>
						<str id="sprite_class">lens_grass_2</str>
						<int id="x">-158</int>
						<int id="y">93</int>
						<int id="h">161</int>
						<str id="name">lens_grass_2_1307741552444</str>
					</object>
					<object id="lens_grass_1_1307987031028">
						<int id="w">285</int>
						<int id="z">14</int>
						<str id="sprite_class">lens_grass_1</str>
						<int id="x">911</int>
						<int id="y">-36</int>
						<int id="h">60</int>
						<str id="name">lens_grass_1_1307987031014</str>
					</object>
					<object id="stalagmite_base_3_1308037220570">
						<int id="w">127</int>
						<int id="z">34</int>
						<str id="sprite_class">stalagmite_base_3</str>
						<int id="x">-515</int>
						<int id="y">-22</int>
						<int id="h">36</int>
						<str id="name">stalagmite_base_3_1307741552481</str>
					</object>
					<object id="gravel_2_1307987031078">
						<int id="w">14</int>
						<int id="z">30</int>
						<str id="sprite_class">gravel_2</str>
						<int id="x">-2792</int>
						<int id="y">-95</int>
						<int id="h">8</int>
						<str id="name">gravel_2_1307741552484</str>
					</object>
					<object id="lens_grass_2_1307741552454">
						<int id="w">2108</int>
						<int id="z">2</int>
						<str id="sprite_class">lens_grass_2</str>
						<int id="x">1694</int>
						<int id="y">23</int>
						<int id="h">161</int>
						<str id="name">lens_grass_2_1307741552444</str>
					</object>
					<object id="lens_grass_1_1309211497264">
						<int id="w">214</int>
						<int id="z">20</int>
						<str id="sprite_class">lens_grass_1</str>
						<int id="x">2445</int>
						<int id="y">-88</int>
						<int id="h">55</int>
						<str id="name">lens_grass_1_1307987031014</str>
					</object>
					<object id="lens_grass_2_1307741552451">
						<int id="w">2108</int>
						<int id="z">4</int>
						<str id="sprite_class">lens_grass_2</str>
						<int id="x">2285</int>
						<int id="y">33</int>
						<int id="h">161</int>
						<str id="name">lens_grass_2_1307741552444</str>
					</object>
					<object id="lens_grass_1_1308213477394">
						<int id="w">285</int>
						<int id="z">22</int>
						<str id="sprite_class">lens_grass_1</str>
						<int id="x">1103</int>
						<int id="y">7</int>
						<int id="h">60</int>
						<str id="name">lens_grass_1_1307987031014</str>
					</object>
					<object id="lens_grass_1_1308213477400">
						<int id="w">363</int>
						<int id="z">18</int>
						<str id="sprite_class">lens_grass_1</str>
						<int id="x">2109</int>
						<int id="y">-43</int>
						<int id="h">76</int>
						<str id="name">lens_grass_1_1307987031014</str>
					</object>
					<object id="lens_grass_1_1307987031061">
						<int id="w">285</int>
						<int id="z">26</int>
						<str id="sprite_class">lens_grass_1</str>
						<int id="x">361</int>
						<int id="y">-81</int>
						<int id="h">55</int>
						<str id="name">lens_grass_1_1307987031014</str>
						<int id="r">3</int>
					</object>
					<object id="lens_grass_1_1307987031060">
						<int id="w">285</int>
						<int id="z">25</int>
						<str id="sprite_class">lens_grass_1</str>
						<int id="x">460</int>
						<int id="y">-89</int>
						<int id="h">55</int>
						<str id="name">lens_grass_1_1307987031014</str>
						<int id="r">1</int>
					</object>
				</object>
			</object>
		</object>
		<null id="loading_label"/>
		<int id="ground_y">0</int>
		<int id="rookable_type">0</int>
		<null id="physics"/>
		<null id="img_file_versioned"/>
		<str id="tsid">LA513S9U0J52SKD</str>
		<str id="swf_file_versioned">http://c2.glitch.bz/locations/groddle1/1316726082.swf</str>
		<object id="gradient">
			<str id="top">7395BF</str>
			<str id="bottom">FFD859</str>
		</object>
		<object id="sources">
			<int id="LA513TDU0J524CU">1</int>
			<int id="LA513CDN0J52ND9">1</int>
			<int id="LA513LMP0J52V1C">1</int>
		</object>
		<str id="music_file"></str>
		<bool id="wall_jump">false</bool>
		<bool id="no_zoom">false</bool>
	</object>
</game_object>
