<game_object tsid="GA5136CE0J52562" ts="1337675290788" label="Swain Way 3" class_tsid="" lastUpdateTime="1337675181512" upd_gs="gs8" load_time="2012-05-22 01:10:14.517" upd_time="2012-05-22 01:23:47.561">
	<object id="dynamic">
		<int id="l">-3000</int>
		<int id="r">3000</int>
		<int id="t">-1000</int>
		<int id="b">0</int>
		<str id="label">Swain Way 3</str>
		<str id="swf_file">groddle1.swf</str>
		<object id="layers">
			<object id="T_1307741552442">
				<int id="w">5400</int>
				<int id="h">1000</int>
				<int id="z">-3</int>
				<object id="filtersNEW">
					<object id="tintColor">
						<int id="value">0</int>
					</object>
					<object id="contrast">
						<int id="value">0</int>
					</object>
					<object id="blur">
						<int id="value">3</int>
					</object>
					<object id="brightness">
						<int id="value">25</int>
					</object>
					<object id="saturation">
						<int id="value">6</int>
					</object>
				</object>
				<str id="name">bg_3</str>
				<object id="decos">
					<object id="lens_grass_1_1307749098474">
						<int id="w">1322</int>
						<int id="x">2721</int>
						<int id="y">860</int>
						<int id="h">85</int>
						<int id="z">8</int>
						<str id="name">lens_grass_1_1307741552445</str>
						<str id="sprite_class">lens_grass_1</str>
					</object>
					<object id="alakol_water_rock_1_1308037220491">
						<int id="w">54</int>
						<int id="x">1276</int>
						<int id="y">774</int>
						<int id="h">15</int>
						<int id="z">32</int>
						<str id="name">alakol_water_rock_1_1307749098577</str>
						<str id="sprite_class">alakol_water_rock_1</str>
					</object>
					<object id="lens_grass_1_1307749098469">
						<int id="w">1140</int>
						<int id="x">4776</int>
						<int id="y">857</int>
						<int id="h">78</int>
						<int id="z">5</int>
						<str id="name">lens_grass_1_1307741552445</str>
						<str id="sprite_class">lens_grass_1</str>
					</object>
					<object id="lens_grass_1_1307749098472">
						<int id="w">1289</int>
						<int id="x">3702</int>
						<int id="y">850</int>
						<int id="h">81</int>
						<int id="z">6</int>
						<str id="name">lens_grass_1_1307741552445</str>
						<str id="sprite_class">lens_grass_1</str>
					</object>
					<object id="alakol_water_rock_1_1307749098578">
						<int id="w">24</int>
						<int id="x">3522</int>
						<int id="y">772</int>
						<int id="h">7</int>
						<int id="z">0</int>
						<str id="name">alakol_water_rock_1_1307749098577</str>
						<str id="sprite_class">alakol_water_rock_1</str>
					</object>
					<object id="alakol_water_rock_2_1307749098575">
						<int id="w">23</int>
						<int id="x">2695</int>
						<int id="y">778</int>
						<int id="h">9</int>
						<int id="z">1</int>
						<str id="name">alakol_water_rock_2_1307749098574</str>
						<str id="sprite_class">alakol_water_rock_2</str>
					</object>
					<object id="tree_acacia_2_1307749098540">
						<int id="w">76</int>
						<int id="x">4850</int>
						<int id="y">784</int>
						<int id="h">43</int>
						<int id="z">18</int>
						<str id="name">tree_acacia_2_1307749098540</str>
						<str id="sprite_class">tree_acacia_2</str>
					</object>
					<object id="tree_acacia_2_1307749098589">
						<int id="w">54</int>
						<int id="x">5272</int>
						<int id="y">790</int>
						<int id="h">31</int>
						<int id="z">19</int>
						<str id="name">tree_acacia_2_1307749098540</str>
						<str id="sprite_class">tree_acacia_2</str>
					</object>
					<object id="lens_grass_2_1307749098473">
						<int id="w">1258</int>
						<int id="r">1</int>
						<int id="x">4283</int>
						<int id="y">841</int>
						<int id="h">71</int>
						<int id="z">3</int>
						<str id="name">lens_grass_2_1307741552444</str>
						<str id="sprite_class">lens_grass_2</str>
					</object>
					<object id="lens_grass_2_1307749098479">
						<int id="w">1152</int>
						<int id="r">1</int>
						<int id="x">1435</int>
						<int id="y">828</int>
						<int id="h">68</int>
						<int id="z">10</int>
						<str id="name">lens_grass_2_1307741552444</str>
						<str id="sprite_class">lens_grass_2</str>
					</object>
					<object id="lens_grass_2_1307749098468">
						<int id="w">1035</int>
						<int id="r">1</int>
						<int id="x">5247</int>
						<int id="y">850</int>
						<int id="h">71</int>
						<int id="z">4</int>
						<str id="name">lens_grass_2_1307741552444</str>
						<str id="sprite_class">lens_grass_2</str>
					</object>
					<object id="alakol_cliff_1_1307749098572">
						<int id="w">83</int>
						<int id="r">-1</int>
						<int id="x">3538</int>
						<int id="y">777</int>
						<int id="h">8</int>
						<int id="z">21</int>
						<str id="name">alakol_cliff_1_1307749098572</str>
						<str id="sprite_class">alakol_cliff_1</str>
					</object>
					<object id="lens_grass_1_1307749098478">
						<int id="w">1089</int>
						<int id="x">892</int>
						<int id="y">827</int>
						<int id="h">69</int>
						<int id="z">11</int>
						<str id="name">lens_grass_1_1307741552445</str>
						<str id="sprite_class">lens_grass_1</str>
					</object>
					<object id="tree_acacia_4_1307987031068">
						<int id="w">37</int>
						<bool id="h_flip">true</bool>
						<int id="r">-11</int>
						<int id="x">5251</int>
						<int id="y">786</int>
						<int id="h">31</int>
						<int id="z">15</int>
						<str id="name">tree_acacia_4_1307749098538</str>
						<str id="sprite_class">tree_acacia_4</str>
					</object>
					<object id="tree_acacia_4_1307749098539">
						<int id="w">54</int>
						<int id="x">5282</int>
						<int id="y">785</int>
						<int id="h">41</int>
						<int id="z">16</int>
						<str id="name">tree_acacia_4_1307749098538</str>
						<str id="sprite_class">tree_acacia_4</str>
					</object>
					<object id="lens_grass_2_1307749098481">
						<int id="w">934</int>
						<int id="r">1</int>
						<int id="x">67</int>
						<int id="y">816</int>
						<int id="h">71</int>
						<int id="z">12</int>
						<str id="name">lens_grass_2_1307741552444</str>
						<str id="sprite_class">lens_grass_2</str>
					</object>
					<object id="alakol_cliff_2_1307749098573">
						<int id="w">39</int>
						<int id="x">2689</int>
						<int id="y">781</int>
						<int id="h">7</int>
						<int id="z">22</int>
						<str id="name">alakol_cliff_2_1307749098573</str>
						<str id="sprite_class">alakol_cliff_2</str>
					</object>
					<object id="alakol_water_rock_1_1307749098579">
						<int id="w">27</int>
						<int id="x">2673</int>
						<int id="y">784</int>
						<int id="h">8</int>
						<int id="z">26</int>
						<str id="name">alakol_water_rock_1_1307749098577</str>
						<str id="sprite_class">alakol_water_rock_1</str>
					</object>
					<object id="tree_acacia_1_1307749098541">
						<int id="w">56</int>
						<int id="x">4821</int>
						<int id="y">786</int>
						<int id="h">35</int>
						<int id="z">20</int>
						<str id="name">tree_acacia_1_1307749098541</str>
						<str id="sprite_class">tree_acacia_1</str>
					</object>
					<object id="alakol_water_rock_2_1307749098574">
						<int id="w">29</int>
						<int id="x">2981</int>
						<int id="y">785</int>
						<int id="h">11</int>
						<int id="z">23</int>
						<str id="name">alakol_water_rock_2_1307749098574</str>
						<str id="sprite_class">alakol_water_rock_2</str>
					</object>
					<object id="tree_acacia_1_1307749098703">
						<int id="w">44</int>
						<int id="x">36</int>
						<int id="y">750</int>
						<int id="h">27</int>
						<int id="z">28</int>
						<str id="name">tree_acacia_1_1307749098552</str>
						<str id="sprite_class">tree_acacia_1</str>
					</object>
					<object id="lens_grass_1_1307749098480">
						<int id="w">1063</int>
						<int id="x">449</int>
						<int id="y">838</int>
						<int id="h">85</int>
						<int id="z">13</int>
						<str id="name">lens_grass_1_1307741552445</str>
						<str id="sprite_class">lens_grass_1</str>
					</object>
					<object id="lens_grass_1_1307749098476">
						<int id="w">1212</int>
						<int id="x">1869</int>
						<int id="y">832</int>
						<int id="h">68</int>
						<int id="z">9</int>
						<str id="name">lens_grass_1_1307741552445</str>
						<str id="sprite_class">lens_grass_1</str>
					</object>
					<object id="alakol_water_rock_1_1307749098577">
						<int id="w">16</int>
						<int id="x">3558</int>
						<int id="y">781</int>
						<int id="h">13</int>
						<int id="z">25</int>
						<str id="name">alakol_water_rock_1_1307749098577</str>
						<str id="sprite_class">alakol_water_rock_1</str>
					</object>
					<object id="tree_acacia_4_1307749098591">
						<int id="w">44</int>
						<bool id="h_flip">true</bool>
						<int id="x">3835</int>
						<int id="y">779</int>
						<int id="h">33</int>
						<int id="z">14</int>
						<str id="name">tree_acacia_4_1307749098538</str>
						<str id="sprite_class">tree_acacia_4</str>
					</object>
					<object id="alakol_water_rock_1_1307987031088">
						<int id="w">41</int>
						<int id="x">2581</int>
						<int id="y">780</int>
						<int id="h">11</int>
						<int id="z">31</int>
						<str id="name">alakol_water_rock_1_1307749098577</str>
						<str id="sprite_class">alakol_water_rock_1</str>
					</object>
					<object id="alakol_water_rock_2_1307749098576">
						<int id="w">35</int>
						<int id="x">2701</int>
						<int id="y">785</int>
						<int id="h">8</int>
						<int id="z">24</int>
						<str id="name">alakol_water_rock_2_1307749098574</str>
						<str id="sprite_class">alakol_water_rock_2</str>
					</object>
					<object id="tree_acacia_3_1307749098704">
						<int id="w">66</int>
						<int id="x">788</int>
						<int id="y">764</int>
						<int id="h">30</int>
						<int id="z">29</int>
						<str id="name">tree_acacia_3_1307749098496</str>
						<str id="sprite_class">tree_acacia_3</str>
					</object>
					<object id="tree_acacia_3_1307749098588">
						<int id="w">67</int>
						<int id="x">4401</int>
						<int id="y">781</int>
						<int id="h">31</int>
						<int id="z">27</int>
						<str id="name">tree_acacia_3_1307749098496</str>
						<str id="sprite_class">tree_acacia_3</str>
					</object>
					<object id="lens_grass_2_1307749098475">
						<int id="w">1009</int>
						<int id="x">3136</int>
						<int id="y">831</int>
						<int id="h">55</int>
						<int id="z">7</int>
						<str id="name">lens_grass_2_1307741552444</str>
						<str id="sprite_class">lens_grass_2</str>
					</object>
					<object id="lens_grass_2_1307749098477">
						<int id="w">1106</int>
						<int id="r">1</int>
						<int id="x">2474</int>
						<int id="y">806</int>
						<int id="h">36</int>
						<int id="z">2</int>
						<str id="name">lens_grass_2_1307741552444</str>
						<str id="sprite_class">lens_grass_2</str>
					</object>
				</object>
			</object>
			<object id="T_1307741552439">
				<int id="w">5820</int>
				<int id="h">1000</int>
				<int id="z">-1</int>
				<object id="filtersNEW">
					<object id="tintColor">
						<int id="value">0</int>
					</object>
					<object id="contrast">
						<int id="value">0</int>
					</object>
					<object id="brightness">
						<int id="value">13</int>
					</object>
					<object id="saturation">
						<int id="value">13</int>
					</object>
				</object>
				<str id="name">bg_1</str>
				<object id="decos">
					<object id="tree_acacia_1_1307992844130">
						<int id="w">596</int>
						<int id="x">3109</int>
						<int id="y">859</int>
						<int id="h">372</int>
						<int id="z">34</int>
						<str id="name">tree_acacia_1_1307749098541</str>
						<str id="sprite_class">tree_acacia_1</str>
					</object>
					<object id="stalagmite_base_3_1307749098627">
						<int id="w">93</int>
						<int id="x">901</int>
						<int id="y">837</int>
						<int id="h">19</int>
						<int id="z">18</int>
						<str id="name">stalagmite_base_3_1307741552481</str>
						<str id="sprite_class">stalagmite_base_3</str>
					</object>
					<object id="tree_acacia_3_1307749098496">
						<int id="w">863</int>
						<int id="x">5591</int>
						<int id="y">862</int>
						<int id="h">395</int>
						<int id="z">10</int>
						<str id="name">tree_acacia_3_1307749098496</str>
						<str id="sprite_class">tree_acacia_3</str>
					</object>
					<object id="gravel_2_1307749098659">
						<int id="w">20</int>
						<int id="x">882</int>
						<int id="y">817</int>
						<int id="h">11</int>
						<int id="z">16</int>
						<str id="name">gravel_2_1307741552484</str>
						<str id="sprite_class">gravel_2</str>
					</object>
					<object id="stalagmite_base_2_1307749098625">
						<int id="w">191</int>
						<int id="x">939</int>
						<int id="y">830</int>
						<int id="h">36</int>
						<int id="z">14</int>
						<str id="name">stalagmite_base_2_1307741552480</str>
						<str id="sprite_class">stalagmite_base_2</str>
					</object>
					<object id="lens_grass_2_1307741552462">
						<int id="w">2075</int>
						<int id="x">4457</int>
						<int id="y">913</int>
						<int id="h">97</int>
						<int id="z">7</int>
						<str id="name">lens_grass_2_1307741552444</str>
						<str id="sprite_class">lens_grass_2</str>
					</object>
					<object id="lens_grass_1_1307741552459">
						<int id="w">1578</int>
						<int id="x">1745</int>
						<int id="y">911</int>
						<int id="h">104</int>
						<int id="z">3</int>
						<str id="name">lens_grass_1_1307741552445</str>
						<str id="sprite_class">lens_grass_1</str>
					</object>
					<object id="lens_grass_1_1307741552463">
						<int id="w">1718</int>
						<int id="r">-1</int>
						<int id="x">5299</int>
						<int id="y">912</int>
						<int id="h">89</int>
						<int id="z">9</int>
						<str id="name">lens_grass_1_1307741552445</str>
						<str id="sprite_class">lens_grass_1</str>
					</object>
					<object id="lens_grass_1_1307741552458">
						<int id="w">1626</int>
						<int id="x">207</int>
						<int id="y">918</int>
						<int id="h">110</int>
						<int id="z">1</int>
						<str id="name">lens_grass_1_1307741552445</str>
						<str id="sprite_class">lens_grass_1</str>
					</object>
					<object id="lens_grass_1_1307987031095">
						<int id="w">186</int>
						<int id="x">1817</int>
						<int id="y">852</int>
						<int id="h">28</int>
						<int id="z">23</int>
						<str id="name">lens_grass_1_1307987031014</str>
						<str id="sprite_class">lens_grass_1</str>
					</object>
					<object id="lens_grass_1_1307987031033">
						<int id="w">190</int>
						<int id="x">2237</int>
						<int id="y">904</int>
						<int id="h">40</int>
						<int id="z">6</int>
						<str id="name">lens_grass_1_1307987031014</str>
						<str id="sprite_class">lens_grass_1</str>
					</object>
					<object id="lens_grass_1_1307987031052">
						<int id="w">213</int>
						<int id="x">3</int>
						<int id="y">856</int>
						<int id="h">45</int>
						<int id="z">25</int>
						<str id="name">lens_grass_1_1307987031014</str>
						<str id="sprite_class">lens_grass_1</str>
					</object>
					<object id="tree_acacia_2_1308037220490">
						<int id="w">606</int>
						<int id="x">1623</int>
						<int id="y">836</int>
						<int id="h">391</int>
						<int id="z">28</int>
						<str id="name">tree_acacia_2_1307749098540</str>
						<str id="sprite_class">tree_acacia_2</str>
					</object>
					<object id="lens_grass_2_1307741552460">
						<int id="w">1612</int>
						<int id="x">2620</int>
						<int id="y">907</int>
						<int id="h">95</int>
						<int id="z">2</int>
						<str id="name">lens_grass_2_1307741552444</str>
						<str id="sprite_class">lens_grass_2</str>
					</object>
					<object id="stalagmite_base_1_1307749098628">
						<int id="w">45</int>
						<int id="x">863</int>
						<int id="y">825</int>
						<int id="h">18</int>
						<int id="z">19</int>
						<str id="name">stalagmite_base_1_1307741552479</str>
						<str id="sprite_class">stalagmite_base_1</str>
					</object>
					<object id="tree_acacia_4_1309235738893">
						<int id="w">493</int>
						<bool id="h_flip">true</bool>
						<int id="x">4849</int>
						<int id="y">854</int>
						<int id="h">374</int>
						<int id="z">33</int>
						<str id="name">tree_acacia_4_1307749098538</str>
						<str id="sprite_class">tree_acacia_4</str>
					</object>
					<object id="stalagmite_base_1_1307749098624">
						<int id="w">126</int>
						<int id="x">948</int>
						<int id="y">817</int>
						<int id="h">29</int>
						<int id="z">15</int>
						<str id="name">stalagmite_base_1_1307741552479</str>
						<str id="sprite_class">stalagmite_base_1</str>
					</object>
					<object id="stalagmite_base_3_1307749098626">
						<int id="w">93</int>
						<int id="x">865</int>
						<int id="y">833</int>
						<int id="h">19</int>
						<int id="z">17</int>
						<str id="name">stalagmite_base_3_1307741552481</str>
						<str id="sprite_class">stalagmite_base_3</str>
					</object>
					<object id="gravel_2_1307749098661">
						<int id="w">20</int>
						<int id="x">977</int>
						<int id="y">832</int>
						<int id="h">11</int>
						<int id="z">21</int>
						<str id="name">gravel_2_1307741552484</str>
						<str id="sprite_class">gravel_2</str>
					</object>
					<object id="stalagmite_base_1_1309235738882">
						<int id="w">196</int>
						<int id="x">1367</int>
						<int id="y">852</int>
						<int id="h">36</int>
						<int id="z">30</int>
						<str id="name">stalagmite_base_1_1307741552479</str>
						<str id="sprite_class">stalagmite_base_1</str>
					</object>
					<object id="lens_grass_1_1307987031042">
						<int id="w">186</int>
						<int id="x">1876</int>
						<int id="y">842</int>
						<int id="h">28</int>
						<int id="z">22</int>
						<str id="name">lens_grass_1_1307987031014</str>
						<str id="sprite_class">lens_grass_1</str>
					</object>
					<object id="stalagmite_base_1_1309235738883">
						<int id="w">196</int>
						<int id="x">1274</int>
						<int id="y">849</int>
						<int id="h">36</int>
						<int id="z">29</int>
						<str id="name">stalagmite_base_1_1307741552479</str>
						<str id="sprite_class">stalagmite_base_1</str>
					</object>
					<object id="lens_grass_1_1307987031039">
						<int id="w">190</int>
						<int id="x">2886</int>
						<int id="y">855</int>
						<int id="h">40</int>
						<int id="z">13</int>
						<str id="name">lens_grass_1_1307987031014</str>
						<str id="sprite_class">lens_grass_1</str>
					</object>
					<object id="lens_grass_1_1307987031031">
						<int id="w">190</int>
						<int id="x">2477</int>
						<int id="y">884</int>
						<int id="h">40</int>
						<int id="z">4</int>
						<str id="name">lens_grass_1_1307987031014</str>
						<str id="sprite_class">lens_grass_1</str>
					</object>
					<object id="lens_grass_1_1307987031070">
						<int id="w">241</int>
						<int id="x">4186</int>
						<int id="y">862</int>
						<int id="h">39</int>
						<int id="z">27</int>
						<str id="name">lens_grass_1_1307987031014</str>
						<str id="sprite_class">lens_grass_1</str>
					</object>
					<object id="lens_grass_1_1309235738880">
						<int id="w">97</int>
						<int id="x">1296</int>
						<int id="y">824</int>
						<int id="h">30</int>
						<int id="z">32</int>
						<str id="name">lens_grass_1_1307987031014</str>
						<str id="sprite_class">lens_grass_1</str>
					</object>
					<object id="lens_grass_1_1307987031040">
						<int id="w">190</int>
						<int id="x">2750</int>
						<int id="y">847</int>
						<int id="h">40</int>
						<int id="z">12</int>
						<str id="name">lens_grass_1_1307987031014</str>
						<str id="sprite_class">lens_grass_1</str>
					</object>
					<object id="lens_grass_2_1307741552457">
						<int id="w">1670</int>
						<int id="x">977</int>
						<int id="y">904</int>
						<int id="h">99</int>
						<int id="z">0</int>
						<str id="name">lens_grass_2_1307741552444</str>
						<str id="sprite_class">lens_grass_2</str>
					</object>
					<object id="pampas_2_1307749098665">
						<int id="w">19</int>
						<bool id="h_flip">true</bool>
						<int id="x">3095</int>
						<int id="y">857</int>
						<int id="h">29</int>
						<int id="z">35</int>
						<str id="name">pampas_2_1307749098499</str>
						<str id="sprite_class">pampas_2</str>
					</object>
					<object id="pampas_2_1307749098731">
						<int id="w">21</int>
						<int id="x">1781</int>
						<int id="y">852</int>
						<int id="h">32</int>
						<int id="z">24</int>
						<str id="name">pampas_2_1307749098499</str>
						<str id="sprite_class">pampas_2</str>
					</object>
					<object id="pampas_2_1307749098499">
						<int id="w">23</int>
						<int id="x">5601</int>
						<int id="y">862</int>
						<int id="h">35</int>
						<int id="z">11</int>
						<str id="name">pampas_2_1307749098499</str>
						<str id="sprite_class">pampas_2</str>
					</object>
					<object id="lens_grass_1_1307987031069">
						<int id="w">241</int>
						<int id="x">4106</int>
						<int id="y">853</int>
						<int id="h">39</int>
						<int id="z">26</int>
						<str id="name">lens_grass_1_1307987031014</str>
						<str id="sprite_class">lens_grass_1</str>
					</object>
					<object id="stalagmite_base_1_1309235738881">
						<int id="w">140</int>
						<int id="x">1297</int>
						<int id="y">836</int>
						<int id="h">41</int>
						<int id="z">31</int>
						<str id="name">stalagmite_base_1_1307741552479</str>
						<str id="sprite_class">stalagmite_base_1</str>
					</object>
					<object id="lens_grass_1_1307987031032">
						<int id="w">190</int>
						<int id="x">2332</int>
						<int id="y">897</int>
						<int id="h">40</int>
						<int id="z">5</int>
						<str id="name">lens_grass_1_1307987031014</str>
						<str id="sprite_class">lens_grass_1</str>
					</object>
					<object id="lens_grass_1_1307741552461">
						<int id="w">1681</int>
						<int id="x">3590</int>
						<int id="y">927</int>
						<int id="h">110</int>
						<int id="z">8</int>
						<str id="name">lens_grass_1_1307741552445</str>
						<str id="sprite_class">lens_grass_1</str>
					</object>
					<object id="stalagmite_base_3_1307749098631">
						<int id="w">48</int>
						<int id="x">1021</int>
						<int id="y">834</int>
						<int id="h">11</int>
						<int id="z">20</int>
						<str id="name">stalagmite_base_3_1307741552481</str>
						<str id="sprite_class">stalagmite_base_3</str>
					</object>
				</object>
			</object>
			<object id="middleground">
				<object id="platform_lines">
					<object id="plat_1309235738930">
						<object id="end">
							<int id="y">-82</int>
							<int id="x">-895</int>
						</object>
						<int id="platform_item_perm">-1</int>
						<int id="platform_pc_perm">-1</int>
						<object id="start">
							<int id="y">-69</int>
							<int id="x">-1111</int>
						</object>
					</object>
					<object id="plat_1309235738952">
						<object id="end">
							<int id="y">-167</int>
							<int id="x">-2315</int>
						</object>
						<int id="platform_item_perm">-1</int>
						<int id="platform_pc_perm">-1</int>
						<object id="start">
							<int id="y">-161</int>
							<int id="x">-2352</int>
						</object>
					</object>
					<object id="plat_1309235738935">
						<object id="end">
							<int id="y">-74</int>
							<int id="x">-1870</int>
						</object>
						<int id="platform_item_perm">-1</int>
						<int id="platform_pc_perm">-1</int>
						<object id="start">
							<int id="y">-77</int>
							<int id="x">-2019</int>
						</object>
					</object>
					<object id="plat_1309235738914">
						<object id="end">
							<int id="y">-71</int>
							<int id="x">1272</int>
						</object>
						<int id="platform_item_perm">-1</int>
						<int id="platform_pc_perm">-1</int>
						<object id="start">
							<int id="y">-59</int>
							<int id="x">1095</int>
						</object>
					</object>
					<object id="plat_1309235738913">
						<object id="end">
							<int id="y">-79</int>
							<int id="x">1428</int>
						</object>
						<int id="platform_item_perm">-1</int>
						<int id="platform_pc_perm">-1</int>
						<object id="start">
							<int id="y">-71</int>
							<int id="x">1272</int>
						</object>
					</object>
					<object id="plat_1309235738904">
						<object id="end">
							<int id="y">-57</int>
							<int id="x">2226</int>
						</object>
						<int id="platform_item_perm">-1</int>
						<int id="platform_pc_perm">-1</int>
						<object id="start">
							<int id="y">-68</int>
							<int id="x">2198</int>
						</object>
					</object>
					<object id="plat_1309235738897">
						<object id="end">
							<int id="y">-100</int>
							<int id="x">2912</int>
						</object>
						<int id="platform_item_perm">-1</int>
						<int id="platform_pc_perm">-1</int>
						<object id="start">
							<int id="y">-100</int>
							<int id="x">2833</int>
						</object>
					</object>
					<object id="plat_1309235738900">
						<object id="end">
							<int id="y">-68</int>
							<int id="x">2656</int>
						</object>
						<int id="platform_item_perm">-1</int>
						<int id="platform_pc_perm">-1</int>
						<object id="start">
							<int id="y">-66</int>
							<int id="x">2563</int>
						</object>
					</object>
					<object id="plat_1309235738938">
						<object id="end">
							<int id="y">-52</int>
							<int id="x">-2176</int>
						</object>
						<int id="platform_item_perm">-1</int>
						<int id="platform_pc_perm">-1</int>
						<object id="start">
							<int id="y">-62</int>
							<int id="x">-2213</int>
						</object>
					</object>
					<object id="plat_1309235738945">
						<object id="end">
							<int id="y">-57</int>
							<int id="x">-2619</int>
						</object>
						<int id="platform_item_perm">-1</int>
						<int id="platform_pc_perm">-1</int>
						<object id="start">
							<int id="y">-57</int>
							<int id="x">-2825</int>
						</object>
					</object>
					<object id="plat_1309235738936">
						<object id="end">
							<int id="y">-77</int>
							<int id="x">-2019</int>
						</object>
						<int id="platform_item_perm">-1</int>
						<int id="platform_pc_perm">-1</int>
						<object id="start">
							<int id="y">-57</int>
							<int id="x">-2119</int>
						</object>
					</object>
					<object id="plat_1309235738921">
						<object id="end">
							<int id="y">-72</int>
							<int id="x">817</int>
						</object>
						<int id="platform_item_perm">-1</int>
						<int id="platform_pc_perm">-1</int>
						<object id="start">
							<int id="y">-64</int>
							<int id="x">777</int>
						</object>
					</object>
					<object id="plat_1309235738912">
						<object id="end">
							<int id="y">-75</int>
							<int id="x">1587</int>
						</object>
						<int id="platform_item_perm">-1</int>
						<int id="platform_pc_perm">-1</int>
						<object id="start">
							<int id="y">-79</int>
							<int id="x">1428</int>
						</object>
					</object>
					<object id="plat_1309235738919">
						<object id="end">
							<int id="y">-80</int>
							<int id="x">914</int>
						</object>
						<int id="platform_item_perm">-1</int>
						<int id="platform_pc_perm">-1</int>
						<object id="start">
							<int id="y">-77</int>
							<int id="x">859</int>
						</object>
					</object>
					<object id="plat_1309235738939">
						<object id="end">
							<int id="y">-62</int>
							<int id="x">-2213</int>
						</object>
						<int id="platform_item_perm">-1</int>
						<int id="platform_pc_perm">-1</int>
						<object id="start">
							<int id="y">-61</int>
							<int id="x">-2266</int>
						</object>
					</object>
					<object id="plat_1309235738937">
						<object id="end">
							<int id="y">-57</int>
							<int id="x">-2119</int>
						</object>
						<int id="platform_item_perm">-1</int>
						<int id="platform_pc_perm">-1</int>
						<object id="start">
							<int id="y">-52</int>
							<int id="x">-2176</int>
						</object>
					</object>
					<object id="plat_1309235738918">
						<object id="end">
							<int id="y">-75</int>
							<int id="x">970</int>
						</object>
						<int id="platform_item_perm">-1</int>
						<int id="platform_pc_perm">-1</int>
						<object id="start">
							<int id="y">-80</int>
							<int id="x">914</int>
						</object>
					</object>
					<object id="plat_1309235738933">
						<object id="end">
							<int id="y">-81</int>
							<int id="x">-1521</int>
						</object>
						<int id="platform_item_perm">-1</int>
						<int id="platform_pc_perm">-1</int>
						<object id="start">
							<int id="y">-73</int>
							<int id="x">-1700</int>
						</object>
					</object>
					<object id="plat_1309235738932">
						<object id="end">
							<int id="y">-81</int>
							<int id="x">-1328</int>
						</object>
						<int id="platform_item_perm">-1</int>
						<int id="platform_pc_perm">-1</int>
						<object id="start">
							<int id="y">-81</int>
							<int id="x">-1521</int>
						</object>
					</object>
					<object id="plat_1309235738951">
						<object id="end">
							<int id="y">-167</int>
							<int id="x">-2272</int>
						</object>
						<int id="platform_item_perm">-1</int>
						<int id="platform_pc_perm">-1</int>
						<object id="start">
							<int id="y">-167</int>
							<int id="x">-2315</int>
						</object>
					</object>
					<object id="plat_1309235738898">
						<object id="end">
							<int id="y">-100</int>
							<int id="x">2833</int>
						</object>
						<int id="platform_item_perm">-1</int>
						<int id="platform_pc_perm">-1</int>
						<object id="start">
							<int id="y">-85</int>
							<int id="x">2732</int>
						</object>
					</object>
					<object id="plat_1309235738917">
						<object id="end">
							<int id="y">-64</int>
							<int id="x">1010</int>
						</object>
						<int id="platform_item_perm">-1</int>
						<int id="platform_pc_perm">-1</int>
						<object id="start">
							<int id="y">-75</int>
							<int id="x">970</int>
						</object>
					</object>
					<object id="plat_1309235738911">
						<object id="end">
							<int id="y">-67</int>
							<int id="x">1694</int>
						</object>
						<int id="platform_item_perm">-1</int>
						<int id="platform_pc_perm">-1</int>
						<object id="start">
							<int id="y">-75</int>
							<int id="x">1587</int>
						</object>
					</object>
					<object id="plat_1309235738946">
						<object id="end">
							<int id="y">-57</int>
							<int id="x">-2825</int>
						</object>
						<int id="platform_item_perm">-1</int>
						<int id="platform_pc_perm">-1</int>
						<object id="start">
							<int id="y">-60</int>
							<int id="x">-2924</int>
						</object>
					</object>
					<object id="plat_1309235738947">
						<object id="end">
							<int id="y">-60</int>
							<int id="x">-2924</int>
						</object>
						<int id="platform_item_perm">-1</int>
						<int id="platform_pc_perm">-1</int>
						<object id="start">
							<int id="y">-68</int>
							<int id="x">-3000</int>
						</object>
					</object>
					<object id="plat_1309235738920">
						<object id="end">
							<int id="y">-77</int>
							<int id="x">859</int>
						</object>
						<int id="platform_item_perm">-1</int>
						<int id="platform_pc_perm">-1</int>
						<object id="start">
							<int id="y">-72</int>
							<int id="x">817</int>
						</object>
					</object>
					<object id="plat_1309235738944">
						<object id="end">
							<int id="y">-53</int>
							<int id="x">-2470</int>
						</object>
						<int id="platform_item_perm">-1</int>
						<int id="platform_pc_perm">-1</int>
						<object id="start">
							<int id="y">-57</int>
							<int id="x">-2619</int>
						</object>
					</object>
					<object id="plat_1309235738926">
						<object id="end">
							<int id="y">-72</int>
							<int id="x">-176</int>
						</object>
						<int id="platform_item_perm">-1</int>
						<int id="platform_pc_perm">-1</int>
						<object id="start">
							<int id="y">-85</int>
							<int id="x">-324</int>
						</object>
					</object>
					<object id="plat_1309235738927">
						<object id="end">
							<int id="y">-85</int>
							<int id="x">-324</int>
						</object>
						<int id="platform_item_perm">-1</int>
						<int id="platform_pc_perm">-1</int>
						<object id="start">
							<int id="y">-89</int>
							<int id="x">-424</int>
						</object>
					</object>
					<object id="plat_1309235738906">
						<object id="end">
							<int id="y">-78</int>
							<int id="x">2131</int>
						</object>
						<int id="platform_item_perm">-1</int>
						<int id="platform_pc_perm">-1</int>
						<object id="start">
							<int id="y">-83</int>
							<int id="x">2030</int>
						</object>
					</object>
					<object id="plat_1309235738943">
						<object id="end">
							<int id="y">-61</int>
							<int id="x">-2266</int>
						</object>
						<int id="platform_item_perm">-1</int>
						<int id="platform_pc_perm">-1</int>
						<object id="start">
							<int id="y">-53</int>
							<int id="x">-2470</int>
						</object>
					</object>
					<object id="plat_1309235738922">
						<object id="end">
							<int id="y">-64</int>
							<int id="x">777</int>
						</object>
						<int id="platform_item_perm">-1</int>
						<int id="platform_pc_perm">-1</int>
						<object id="start">
							<int id="y">-66</int>
							<int id="x">673</int>
						</object>
					</object>
					<object id="plat_1309235738934">
						<object id="end">
							<int id="y">-73</int>
							<int id="x">-1700</int>
						</object>
						<int id="platform_item_perm">-1</int>
						<int id="platform_pc_perm">-1</int>
						<object id="start">
							<int id="y">-74</int>
							<int id="x">-1870</int>
						</object>
					</object>
					<object id="plat_1309235738950">
						<object id="end">
							<int id="y">-161</int>
							<int id="x">-2197</int>
						</object>
						<int id="platform_item_perm">-1</int>
						<int id="platform_pc_perm">-1</int>
						<object id="start">
							<int id="y">-167</int>
							<int id="x">-2272</int>
						</object>
					</object>
					<object id="plat_1309235738899">
						<object id="end">
							<int id="y">-85</int>
							<int id="x">2732</int>
						</object>
						<int id="platform_item_perm">-1</int>
						<int id="platform_pc_perm">-1</int>
						<object id="start">
							<int id="y">-68</int>
							<int id="x">2656</int>
						</object>
					</object>
					<object id="plat_1309235738905">
						<object id="end">
							<int id="y">-68</int>
							<int id="x">2198</int>
						</object>
						<int id="platform_item_perm">-1</int>
						<int id="platform_pc_perm">-1</int>
						<object id="start">
							<int id="y">-78</int>
							<int id="x">2131</int>
						</object>
					</object>
					<object id="plat_1309235738909">
						<object id="end">
							<int id="y">-84</int>
							<int id="x">1835</int>
						</object>
						<int id="platform_item_perm">-1</int>
						<int id="platform_pc_perm">-1</int>
						<object id="start">
							<int id="y">-76</int>
							<int id="x">1733</int>
						</object>
					</object>
					<object id="plat_1309235738916">
						<object id="end">
							<int id="y">-56</int>
							<int id="x">1035</int>
						</object>
						<int id="platform_item_perm">-1</int>
						<int id="platform_pc_perm">-1</int>
						<object id="start">
							<int id="y">-64</int>
							<int id="x">1010</int>
						</object>
					</object>
					<object id="plat_1309235738908">
						<object id="end">
							<int id="y">-86</int>
							<int id="x">1928</int>
						</object>
						<int id="platform_item_perm">-1</int>
						<int id="platform_pc_perm">-1</int>
						<object id="start">
							<int id="y">-84</int>
							<int id="x">1835</int>
						</object>
					</object>
					<object id="plat_1309235738907">
						<object id="end">
							<int id="y">-83</int>
							<int id="x">2030</int>
						</object>
						<int id="platform_item_perm">-1</int>
						<int id="platform_pc_perm">-1</int>
						<object id="start">
							<int id="y">-86</int>
							<int id="x">1928</int>
						</object>
					</object>
					<object id="plat_1309235738923">
						<object id="end">
							<int id="y">-66</int>
							<int id="x">673</int>
						</object>
						<int id="platform_item_perm">-1</int>
						<int id="platform_pc_perm">-1</int>
						<object id="start">
							<int id="y">-67</int>
							<int id="x">581</int>
						</object>
					</object>
					<object id="plat_1309235738903">
						<object id="end">
							<int id="y">-60</int>
							<int id="x">2340</int>
						</object>
						<int id="platform_item_perm">-1</int>
						<int id="platform_pc_perm">-1</int>
						<object id="start">
							<int id="y">-57</int>
							<int id="x">2226</int>
						</object>
					</object>
					<object id="plat_1309235738924">
						<object id="end">
							<int id="y">-67</int>
							<int id="x">581</int>
						</object>
						<int id="platform_item_perm">-1</int>
						<int id="platform_pc_perm">-1</int>
						<object id="start">
							<int id="y">-62</int>
							<int id="x">212</int>
						</object>
					</object>
					<object id="plat_1309235738928">
						<object id="end">
							<int id="y">-89</int>
							<int id="x">-424</int>
						</object>
						<int id="platform_item_perm">-1</int>
						<int id="platform_pc_perm">-1</int>
						<object id="start">
							<int id="y">-80</int>
							<int id="x">-703</int>
						</object>
					</object>
					<object id="plat_1309235738931">
						<object id="end">
							<int id="y">-69</int>
							<int id="x">-1111</int>
						</object>
						<int id="platform_item_perm">-1</int>
						<int id="platform_pc_perm">-1</int>
						<object id="start">
							<int id="y">-81</int>
							<int id="x">-1328</int>
						</object>
					</object>
					<object id="plat_1309235738910">
						<object id="end">
							<int id="y">-76</int>
							<int id="x">1733</int>
						</object>
						<int id="platform_item_perm">-1</int>
						<int id="platform_pc_perm">-1</int>
						<object id="start">
							<int id="y">-67</int>
							<int id="x">1694</int>
						</object>
					</object>
					<object id="plat_1309235738925">
						<object id="end">
							<int id="y">-62</int>
							<int id="x">212</int>
						</object>
						<int id="platform_item_perm">-1</int>
						<int id="platform_pc_perm">-1</int>
						<object id="start">
							<int id="y">-72</int>
							<int id="x">-176</int>
						</object>
					</object>
					<object id="plat_1309235738896">
						<object id="end">
							<int id="y">-97</int>
							<int id="x">2998</int>
						</object>
						<int id="platform_item_perm">-1</int>
						<int id="platform_pc_perm">-1</int>
						<object id="start">
							<int id="y">-100</int>
							<int id="x">2912</int>
						</object>
					</object>
					<object id="plat_1309235738929">
						<object id="end">
							<int id="y">-80</int>
							<int id="x">-703</int>
						</object>
						<int id="platform_item_perm">-1</int>
						<int id="platform_pc_perm">-1</int>
						<object id="start">
							<int id="y">-82</int>
							<int id="x">-895</int>
						</object>
					</object>
					<object id="plat_1309235738902">
						<object id="end">
							<int id="y">-62</int>
							<int id="x">2497</int>
						</object>
						<int id="platform_item_perm">-1</int>
						<int id="platform_pc_perm">-1</int>
						<object id="start">
							<int id="y">-60</int>
							<int id="x">2340</int>
						</object>
					</object>
					<object id="plat_1309235738915">
						<object id="end">
							<int id="y">-59</int>
							<int id="x">1095</int>
						</object>
						<int id="platform_item_perm">-1</int>
						<int id="platform_pc_perm">-1</int>
						<object id="start">
							<int id="y">-56</int>
							<int id="x">1035</int>
						</object>
					</object>
					<object id="plat_1309235738901">
						<object id="end">
							<int id="y">-66</int>
							<int id="x">2563</int>
						</object>
						<int id="platform_item_perm">-1</int>
						<int id="platform_pc_perm">-1</int>
						<object id="start">
							<int id="y">-62</int>
							<int id="x">2497</int>
						</object>
					</object>
					<object id="plat_1309235738949">
						<object id="end">
							<int id="y">-145</int>
							<int id="x">-2129</int>
						</object>
						<int id="platform_item_perm">-1</int>
						<int id="platform_pc_perm">-1</int>
						<object id="start">
							<int id="y">-161</int>
							<int id="x">-2197</int>
						</object>
					</object>
				</object>
				<object id="boxes">
				</object>
				<int id="h">1000</int>
				<object id="targets">
				</object>
				<object id="decos">
					<object id="gravel_2_1307987031078">
						<int id="w">14</int>
						<int id="x">-2424</int>
						<int id="y">-99</int>
						<int id="h">8</int>
						<int id="z">27</int>
						<str id="name">gravel_2_1307741552484</str>
						<str id="sprite_class">gravel_2</str>
					</object>
					<object id="lens_grass_1_1308129359290">
						<int id="w">162</int>
						<int id="x">-2240</int>
						<int id="y">-140</int>
						<int id="h">44</int>
						<int id="z">29</int>
						<str id="name">lens_grass_1_1307987031014</str>
						<str id="sprite_class">lens_grass_1</str>
					</object>
					<object id="lens_grass_1_1307741552448">
						<int id="w">2026</int>
						<int id="x">556</int>
						<int id="y">77</int>
						<int id="h">202</int>
						<int id="z">11</int>
						<str id="name">lens_grass_1_1307741552445</str>
						<str id="sprite_class">lens_grass_1</str>
					</object>
					<object id="lens_grass_1_1308884618386">
						<int id="w">285</int>
						<int id="x">1824</int>
						<int id="y">-33</int>
						<int id="h">60</int>
						<int id="z">39</int>
						<str id="name">lens_grass_1_1307987031014</str>
						<str id="sprite_class">lens_grass_1</str>
					</object>
					<object id="lens_grass_2_1307741552449">
						<int id="w">2108</int>
						<int id="x">1543</int>
						<int id="y">90</int>
						<int id="h">161</int>
						<int id="z">12</int>
						<str id="name">lens_grass_2_1307741552444</str>
						<str id="sprite_class">lens_grass_2</str>
					</object>
					<object id="stalagmite_base_2_1307987031071">
						<int id="w">122</int>
						<int id="x">-2531</int>
						<int id="y">-104</int>
						<int id="h">34</int>
						<int id="z">24</int>
						<str id="name">stalagmite_base_2_1307741552480</str>
						<str id="sprite_class">stalagmite_base_2</str>
					</object>
					<object id="lens_grass_1_1308884618387">
						<int id="w">338</int>
						<int id="r">1</int>
						<int id="x">2069</int>
						<int id="y">-29</int>
						<int id="h">71</int>
						<int id="z">38</int>
						<str id="name">lens_grass_1_1307987031014</str>
						<str id="sprite_class">lens_grass_1</str>
					</object>
					<object id="lens_grass_1_1308884618384">
						<int id="w">285</int>
						<int id="x">2105</int>
						<int id="y">-12</int>
						<int id="h">60</int>
						<int id="z">41</int>
						<str id="name">lens_grass_1_1307987031014</str>
						<str id="sprite_class">lens_grass_1</str>
					</object>
					<object id="stalagmite_base_2_1307741552480">
						<int id="w">238</int>
						<int id="x">-2148</int>
						<int id="y">-73</int>
						<int id="h">66</int>
						<int id="z">16</int>
						<str id="name">stalagmite_base_2_1307741552480</str>
						<str id="sprite_class">stalagmite_base_2</str>
					</object>
					<object id="gravel_2_1307987031077">
						<int id="w">24</int>
						<bool id="h_flip">true</bool>
						<int id="x">-2533</int>
						<int id="y">-99</int>
						<int id="h">13</int>
						<int id="z">26</int>
						<str id="name">gravel_2_1307741552484</str>
						<str id="sprite_class">gravel_2</str>
					</object>
					<object id="lens_grass_1_1308884618388">
						<int id="w">465</int>
						<int id="x">2733</int>
						<int id="y">-10</int>
						<int id="h">78</int>
						<int id="z">42</int>
						<str id="name">lens_grass_1_1307987031014</str>
						<str id="sprite_class">lens_grass_1</str>
					</object>
					<object id="lens_grass_1_1308129359282">
						<int id="w">162</int>
						<int id="x">-2214</int>
						<int id="y">-107</int>
						<int id="h">44</int>
						<int id="z">35</int>
						<str id="name">lens_grass_1_1307987031014</str>
						<str id="sprite_class">lens_grass_1</str>
					</object>
					<object id="lens_grass_1_1307987031023">
						<int id="w">285</int>
						<int id="x">838</int>
						<int id="y">-70</int>
						<int id="h">60</int>
						<int id="z">18</int>
						<str id="name">lens_grass_1_1307987031014</str>
						<str id="sprite_class">lens_grass_1</str>
					</object>
					<object id="lens_grass_1_1307741552445">
						<int id="w">2026</int>
						<int id="x">-1389</int>
						<int id="y">68</int>
						<int id="h">202</int>
						<int id="z">9</int>
						<str id="name">lens_grass_1_1307741552445</str>
						<str id="sprite_class">lens_grass_1</str>
					</object>
					<object id="lens_grass_1_1308884618389">
						<int id="w">365</int>
						<int id="x">-594</int>
						<int id="y">41</int>
						<int id="h">90</int>
						<int id="z">48</int>
						<str id="name">lens_grass_1_1307987031014</str>
						<str id="sprite_class">lens_grass_1</str>
					</object>
					<object id="lens_grass_2_1307741552451">
						<int id="w">2108</int>
						<int id="x">2285</int>
						<int id="y">33</int>
						<int id="h">161</int>
						<int id="z">4</int>
						<str id="name">lens_grass_2_1307741552444</str>
						<str id="sprite_class">lens_grass_2</str>
					</object>
					<object id="lens_grass_2_1307741552447">
						<int id="w">2108</int>
						<int id="x">-73</int>
						<int id="y">25</int>
						<int id="h">161</int>
						<int id="z">7</int>
						<str id="name">lens_grass_2_1307741552444</str>
						<str id="sprite_class">lens_grass_2</str>
					</object>
					<object id="lens_grass_1_1307987031060">
						<int id="w">285</int>
						<int id="r">1</int>
						<int id="x">460</int>
						<int id="y">-89</int>
						<int id="h">55</int>
						<int id="z">22</int>
						<str id="name">lens_grass_1_1307987031014</str>
						<str id="sprite_class">lens_grass_1</str>
					</object>
					<object id="stalagmite_base_3_1307749098436">
						<int id="w">127</int>
						<int id="x">-1768</int>
						<int id="y">-85</int>
						<int id="h">36</int>
						<int id="z">15</int>
						<str id="name">stalagmite_base_3_1307741552481</str>
						<str id="sprite_class">stalagmite_base_3</str>
					</object>
					<object id="gravel_2_1307741552484">
						<int id="w">39</int>
						<int id="x">-2321</int>
						<int id="y">-88</int>
						<int id="h">22</int>
						<int id="z">17</int>
						<str id="name">gravel_2_1307741552484</str>
						<str id="sprite_class">gravel_2</str>
					</object>
					<object id="lens_grass_1_1307987031028">
						<int id="w">285</int>
						<int id="x">911</int>
						<int id="y">-36</int>
						<int id="h">60</int>
						<int id="z">19</int>
						<str id="name">lens_grass_1_1307987031014</str>
						<str id="sprite_class">lens_grass_1</str>
					</object>
					<object id="lens_grass_1_1308884618377">
						<int id="w">365</int>
						<int id="x">-2327</int>
						<int id="y">8</int>
						<int id="h">100</int>
						<int id="z">36</int>
						<str id="name">lens_grass_1_1307987031014</str>
						<str id="sprite_class">lens_grass_1</str>
					</object>
					<object id="lens_grass_2_1307741552454">
						<int id="w">2108</int>
						<int id="x">1694</int>
						<int id="y">23</int>
						<int id="h">161</int>
						<int id="z">2</int>
						<str id="name">lens_grass_2_1307741552444</str>
						<str id="sprite_class">lens_grass_2</str>
					</object>
					<object id="stalagmite_base_2_1307987031072">
						<int id="w">65</int>
						<int id="x">-2455</int>
						<int id="y">-97</int>
						<int id="h">18</int>
						<int id="z">25</int>
						<str id="name">stalagmite_base_2_1307741552480</str>
						<str id="sprite_class">stalagmite_base_2</str>
					</object>
					<object id="lens_grass_2_1307741552453">
						<int id="w">2108</int>
						<int id="x">1004</int>
						<int id="y">21</int>
						<int id="h">161</int>
						<int id="z">1</int>
						<str id="name">lens_grass_2_1307741552444</str>
						<str id="sprite_class">lens_grass_2</str>
					</object>
					<object id="lens_grass_1_1309235738888">
						<int id="w">465</int>
						<int id="x">2860</int>
						<int id="y">34</int>
						<int id="h">78</int>
						<int id="z">44</int>
						<str id="name">lens_grass_1_1307987031014</str>
						<str id="sprite_class">lens_grass_1</str>
					</object>
					<object id="lens_grass_2_1307741552450">
						<int id="w">2108</int>
						<int id="r">2</int>
						<int id="x">1593</int>
						<int id="y">52</int>
						<int id="h">161</int>
						<int id="z">6</int>
						<str id="name">lens_grass_2_1307741552444</str>
						<str id="sprite_class">lens_grass_2</str>
					</object>
					<object id="lens_grass_1_1309235738889">
						<int id="w">465</int>
						<int id="x">2489</int>
						<int id="y">44</int>
						<int id="h">78</int>
						<int id="z">45</int>
						<str id="name">lens_grass_1_1307987031014</str>
						<str id="sprite_class">lens_grass_1</str>
					</object>
					<object id="lens_grass_1_1307987031061">
						<int id="w">285</int>
						<int id="r">3</int>
						<int id="x">361</int>
						<int id="y">-81</int>
						<int id="h">55</int>
						<int id="z">23</int>
						<str id="name">lens_grass_1_1307987031014</str>
						<str id="sprite_class">lens_grass_1</str>
					</object>
					<object id="lens_grass_1_1308884618376">
						<int id="w">365</int>
						<int id="x">-2490</int>
						<int id="y">42</int>
						<int id="h">100</int>
						<int id="z">37</int>
						<str id="name">lens_grass_1_1307987031014</str>
						<str id="sprite_class">lens_grass_1</str>
					</object>
					<object id="lens_grass_2_1307741552455">
						<int id="w">2108</int>
						<int id="x">-158</int>
						<int id="y">93</int>
						<int id="h">161</int>
						<int id="z">13</int>
						<str id="name">lens_grass_2_1307741552444</str>
						<str id="sprite_class">lens_grass_2</str>
					</object>
					<object id="gravel_2_1336065700303">
						<int id="w">24</int>
						<int id="x">-1808</int>
						<int id="y">-83</int>
						<int id="h">13</int>
						<int id="z">50</int>
						<str id="name">gravel_2_1307741552484</str>
						<str id="sprite_class">gravel_2</str>
					</object>
					<object id="lens_grass_1_1308884618385">
						<int id="w">593</int>
						<int id="x">1577</int>
						<int id="y">4</int>
						<int id="h">79</int>
						<int id="z">40</int>
						<str id="name">lens_grass_1_1307987031014</str>
						<str id="sprite_class">lens_grass_1</str>
					</object>
					<object id="lens_grass_1_1308884618391">
						<int id="w">365</int>
						<int id="x">-386</int>
						<int id="y">7</int>
						<int id="h">90</int>
						<int id="z">46</int>
						<str id="name">lens_grass_1_1307987031014</str>
						<str id="sprite_class">lens_grass_1</str>
					</object>
					<object id="lens_grass_1_1308129359291">
						<int id="w">162</int>
						<int id="x">-2283</int>
						<int id="y">-148</int>
						<int id="h">44</int>
						<int id="z">28</int>
						<str id="name">lens_grass_1_1307987031014</str>
						<str id="sprite_class">lens_grass_1</str>
					</object>
					<object id="lens_grass_1_1307987031030">
						<int id="w">285</int>
						<int id="r">1</int>
						<int id="x">685</int>
						<int id="y">5</int>
						<int id="h">60</int>
						<int id="z">21</int>
						<str id="name">lens_grass_1_1307987031014</str>
						<str id="sprite_class">lens_grass_1</str>
					</object>
					<object id="lens_grass_2_1307741552452">
						<int id="w">2108</int>
						<int id="x">2875</int>
						<int id="y">18</int>
						<int id="h">151</int>
						<int id="z">3</int>
						<str id="name">lens_grass_2_1307741552444</str>
						<str id="sprite_class">lens_grass_2</str>
					</object>
					<object id="lens_grass_1_1308129359284">
						<int id="w">162</int>
						<int id="r">3</int>
						<int id="x">-2275</int>
						<int id="y">-116</int>
						<int id="h">44</int>
						<int id="z">33</int>
						<str id="name">lens_grass_1_1307987031014</str>
						<str id="sprite_class">lens_grass_1</str>
					</object>
					<object id="lens_grass_1_1308129359286">
						<int id="w">162</int>
						<int id="x">-2298</int>
						<int id="y">-133</int>
						<int id="h">44</int>
						<int id="z">31</int>
						<str id="name">lens_grass_1_1307987031014</str>
						<str id="sprite_class">lens_grass_1</str>
					</object>
					<object id="stalagmite_base_2_1307749098435">
						<int id="w">330</int>
						<int id="x">-2259</int>
						<int id="y">-92</int>
						<int id="h">92</int>
						<int id="z">14</int>
						<str id="name">stalagmite_base_2_1307741552480</str>
						<str id="sprite_class">stalagmite_base_2</str>
					</object>
					<object id="lens_grass_1_1308129359285">
						<int id="w">162</int>
						<int id="x">-2228</int>
						<int id="y">-128</int>
						<int id="h">44</int>
						<int id="z">32</int>
						<str id="name">lens_grass_1_1307987031014</str>
						<str id="sprite_class">lens_grass_1</str>
					</object>
					<object id="stalagmite_base_3_1309235738954">
						<int id="w">66</int>
						<int id="x">610</int>
						<int id="y">-44</int>
						<int id="h">15</int>
						<int id="z">49</int>
						<str id="name">stalagmite_base_3_1307741552481</str>
						<str id="sprite_class">stalagmite_base_3</str>
					</object>
					<object id="lens_grass_2_1307741552446">
						<int id="w">2108</int>
						<int id="x">-359</int>
						<int id="y">92</int>
						<int id="h">161</int>
						<int id="z">10</int>
						<str id="name">lens_grass_2_1307741552444</str>
						<str id="sprite_class">lens_grass_2</str>
					</object>
					<object id="lens_grass_2_1307741552444">
						<int id="w">2108</int>
						<int id="x">-2527</int>
						<int id="y">19</int>
						<int id="h">161</int>
						<int id="z">8</int>
						<str id="name">lens_grass_2_1307741552444</str>
						<str id="sprite_class">lens_grass_2</str>
					</object>
					<object id="lens_grass_1_1308884618390">
						<int id="w">365</int>
						<int id="x">-831</int>
						<int id="y">8</int>
						<int id="h">75</int>
						<int id="z">47</int>
						<str id="name">lens_grass_1_1307987031014</str>
						<str id="sprite_class">lens_grass_1</str>
					</object>
					<object id="lens_grass_1_1309235738887">
						<int id="w">465</int>
						<int id="x">2586</int>
						<int id="y">13</int>
						<int id="h">78</int>
						<int id="z">43</int>
						<str id="name">lens_grass_1_1307987031014</str>
						<str id="sprite_class">lens_grass_1</str>
					</object>
					<object id="lens_grass_1_1307987031015">
						<int id="w">560</int>
						<int id="x">2890</int>
						<int id="y">-24</int>
						<int id="h">111</int>
						<int id="z">5</int>
						<str id="name">lens_grass_1_1307987031014</str>
						<str id="sprite_class">lens_grass_1</str>
					</object>
					<object id="lens_grass_1_1307987031029">
						<int id="w">278</int>
						<int id="x">789</int>
						<int id="y">-14</int>
						<int id="h">54</int>
						<int id="z">20</int>
						<str id="name">lens_grass_1_1307987031014</str>
						<str id="sprite_class">lens_grass_1</str>
					</object>
					<object id="lens_grass_1_1308129359289">
						<int id="w">162</int>
						<int id="x">-2222</int>
						<int id="y">-132</int>
						<int id="h">44</int>
						<int id="z">30</int>
						<str id="name">lens_grass_1_1307987031014</str>
						<str id="sprite_class">lens_grass_1</str>
					</object>
					<object id="lens_grass_1_1308129359283">
						<int id="w">162</int>
						<int id="x">-2184</int>
						<int id="y">-114</int>
						<int id="h">44</int>
						<int id="z">34</int>
						<str id="name">lens_grass_1_1307987031014</str>
						<str id="sprite_class">lens_grass_1</str>
					</object>
					<object id="lens_grass_2_1307741552456">
						<int id="w">2108</int>
						<int id="x">-1995</int>
						<int id="y">17</int>
						<int id="h">161</int>
						<int id="z">0</int>
						<str id="name">lens_grass_2_1307741552444</str>
						<str id="sprite_class">lens_grass_2</str>
					</object>
				</object>
				<object id="doors">
				</object>
				<int id="w">6000</int>
				<str id="name">middleground</str>
				<object id="ladders">
				</object>
				<object id="filtersNEW">
					<object id="tintColor">
						<int id="value">0</int>
					</object>
					<object id="contrast">
						<int id="value">0</int>
					</object>
					<object id="brightness">
						<int id="value">9</int>
					</object>
					<object id="saturation">
						<int id="value">18</int>
					</object>
				</object>
				<int id="z">0</int>
				<object id="walls">
				</object>
				<object id="signposts">
					<object id="signpost_1">
						<int id="y">-68</int>
						<int id="h">200</int>
						<int id="w">100</int>
						<object id="connects">
							<object id="0">
								<int id="x">2655</int>
								<str id="mote_id">9</str>
								<int id="y">-130</int>
								<str id="hub_id">91</str>
								<str id="swf_file_versioned">http://c2.glitch.bz/locations/groddle1/1335996172.swf</str>
								<objref id="target" tsid="LA513QET0J523AD" label="Swain Way 2"/>
							</object>
							<object id="1">
								<int id="x">-2767</int>
								<str id="mote_id">9</str>
								<int id="y">-332</int>
								<str id="hub_id">91</str>
								<str id="swf_file_versioned">http://c2.glitch.bz/locations/groddle1/1335996172.swf</str>
								<objref id="target" tsid="LA5147561J525G7" label="Chuff Chase 4"/>
							</object>
							<object id="2">
								<int id="x">2678</int>
								<str id="mote_id">9</str>
								<int id="y">-122</int>
								<str id="hub_id">91</str>
								<str id="swf_file_versioned">http://c2.glitch.bz/locations/groddle1/1335996172.swf</str>
								<objref id="target" tsid="LA5144431J524TC" label="Chuff Chase 3"/>
							</object>
						</object>
						<int id="x">-2789</int>
					</object>
					<object id="signpost_2">
						<int id="y">-108</int>
						<object id="connects">
							<object id="0">
								<int id="x">-2662</int>
								<str id="mote_id">9</str>
								<int id="y">-107</int>
								<str id="hub_id">91</str>
								<str id="swf_file_versioned">http://c2.glitch.bz/locations/groddle1/1335996172.swf</str>
								<objref id="target" tsid="LA514HDC2J52TOU" label="Swain Way 4"/>
							</object>
							<object id="1">
								<int id="x">-2655</int>
								<str id="mote_id">9</str>
								<int id="y">-70</int>
								<str id="hub_id">91</str>
								<str id="swf_file_versioned">http://c2.glitch.bz/locations/groddle1/1335996172.swf</str>
								<objref id="target" tsid="LA5134PC0J52VC3" label="Rube&apos;s Way 5"/>
							</object>
							<object id="2">
								<int id="x">2633</int>
								<str id="mote_id">9</str>
								<int id="y">-92</int>
								<str id="hub_id">91</str>
								<str id="swf_file_versioned">http://c2.glitch.bz/locations/groddle1/1335996172.swf</str>
								<objref id="target" tsid="LA513NJQ0J523F2" label="Rube&apos;s Way 4"/>
							</object>
						</object>
						<int id="h">200</int>
						<int id="w">100</int>
						<str id="id">signpost_2</str>
						<int id="x">2771</int>
					</object>
				</object>
			</object>
			<object id="T_1307741552438">
				<int id="w">6000</int>
				<int id="h">1000</int>
				<int id="z">1</int>
				<object id="filtersNEW">
					<object id="tintColor">
						<int id="value">0</int>
					</object>
					<object id="contrast">
						<int id="value">0</int>
					</object>
					<object id="brightness">
						<int id="value">9</int>
					</object>
					<object id="saturation">
						<int id="value">18</int>
					</object>
				</object>
				<str id="name">middleplus</str>
				<object id="decos">
					<object id="stalagmite_base_3_1307749098617">
						<int id="w">236</int>
						<int id="x">1011</int>
						<int id="y">977</int>
						<int id="h">43</int>
						<int id="z">0</int>
						<str id="name">stalagmite_base_3_1307741552481</str>
						<str id="sprite_class">stalagmite_base_3</str>
					</object>
					<object id="pampas_1_1309235738877">
						<int id="w">60</int>
						<bool id="h_flip">true</bool>
						<int id="r">-7</int>
						<int id="x">828</int>
						<int id="y">973</int>
						<int id="h">88</int>
						<int id="z">10</int>
						<str id="name">pampas_1_1307749098498</str>
						<str id="sprite_class">pampas_1</str>
					</object>
					<object id="pampas_1_1307749098690">
						<int id="w">59</int>
						<bool id="h_flip">true</bool>
						<int id="x">5929</int>
						<int id="y">964</int>
						<int id="h">86</int>
						<int id="z">7</int>
						<str id="name">pampas_1_1307749098498</str>
						<str id="sprite_class">pampas_1</str>
					</object>
					<object id="gravel_2_1307749098654">
						<int id="w">44</int>
						<int id="x">1064</int>
						<int id="y">988</int>
						<int id="h">24</int>
						<int id="z">5</int>
						<str id="name">gravel_2_1307741552484</str>
						<str id="sprite_class">gravel_2</str>
					</object>
					<object id="stalagmite_base_1_1307749098618">
						<int id="w">82</int>
						<int id="x">54</int>
						<int id="y">988</int>
						<int id="h">22</int>
						<int id="z">4</int>
						<str id="name">stalagmite_base_1_1307741552479</str>
						<str id="sprite_class">stalagmite_base_1</str>
					</object>
					<object id="stalagmite_base_3_1307749098619">
						<int id="w">94</int>
						<int id="x">31</int>
						<int id="y">982</int>
						<int id="h">22</int>
						<int id="z">1</int>
						<str id="name">stalagmite_base_3_1307741552481</str>
						<str id="sprite_class">stalagmite_base_3</str>
					</object>
					<object id="tree_acacia_3_1309235738895">
						<int id="w">1678</int>
						<int id="x">808</int>
						<int id="y">1013</int>
						<int id="h">768</int>
						<int id="z">11</int>
						<str id="name">tree_acacia_3_1307749098496</str>
						<str id="sprite_class">tree_acacia_3</str>
					</object>
					<object id="pampas_2_1307749098692">
						<int id="w">47</int>
						<int id="x">4974</int>
						<int id="y">960</int>
						<int id="h">72</int>
						<int id="z">8</int>
						<str id="name">pampas_2_1307749098499</str>
						<str id="sprite_class">pampas_2</str>
					</object>
					<object id="stalagmite_base_2_1307749098615">
						<int id="w">227</int>
						<int id="x">83</int>
						<int id="y">1003</int>
						<int id="h">34</int>
						<int id="z">2</int>
						<str id="name">stalagmite_base_2_1307741552480</str>
						<str id="sprite_class">stalagmite_base_2</str>
					</object>
					<object id="stalagmite_base_1_1307749098616">
						<int id="w">186</int>
						<int id="x">961</int>
						<int id="y">992</int>
						<int id="h">50</int>
						<int id="z">3</int>
						<str id="name">stalagmite_base_1_1307741552479</str>
						<str id="sprite_class">stalagmite_base_1</str>
					</object>
					<object id="tree_acacia_3_1307984015712">
						<int id="w">1678</int>
						<int id="x">4433</int>
						<int id="y">981</int>
						<int id="h">768</int>
						<int id="z">9</int>
						<str id="name">tree_acacia_3_1307749098496</str>
						<str id="sprite_class">tree_acacia_3</str>
					</object>
				</object>
			</object>
			<object id="T_1307741552440">
				<int id="w">5640</int>
				<int id="h">1000</int>
				<int id="z">-2</int>
				<object id="filtersNEW">
					<object id="tintColor">
						<int id="value">0</int>
					</object>
					<object id="contrast">
						<int id="value">0</int>
					</object>
					<object id="blur">
						<int id="value">2</int>
					</object>
					<object id="brightness">
						<int id="value">20</int>
					</object>
					<object id="saturation">
						<int id="value">10</int>
					</object>
				</object>
				<str id="name">bg_2</str>
				<object id="decos">
					<object id="pampas_1_1307749098549">
						<int id="w">6</int>
						<int id="x">5350</int>
						<int id="y">803</int>
						<int id="h">9</int>
						<int id="z">15</int>
						<str id="name">pampas_1_1307749098498</str>
						<str id="sprite_class">pampas_1</str>
					</object>
					<object id="lens_grass_1_1307741552469">
						<int id="w">1229</int>
						<int id="x">3174</int>
						<int id="y">865</int>
						<int id="h">66</int>
						<int id="z">12</int>
						<str id="name">lens_grass_1_1307741552445</str>
						<str id="sprite_class">lens_grass_1</str>
					</object>
					<object id="tree_acacia_2_1307749098706">
						<int id="w">222</int>
						<int id="x">548</int>
						<int id="y">792</int>
						<int id="h">124</int>
						<int id="z">20</int>
						<str id="name">tree_acacia_2_1307749098540</str>
						<str id="sprite_class">tree_acacia_2</str>
					</object>
					<object id="tree_acacia_2_1309235738894">
						<int id="w">303</int>
						<int id="x">3300</int>
						<int id="y">816</int>
						<int id="h">171</int>
						<int id="z">28</int>
						<str id="name">tree_acacia_2_1307749098540</str>
						<str id="sprite_class">tree_acacia_2</str>
					</object>
					<object id="lens_grass_1_1307987031051">
						<int id="w">99</int>
						<int id="x">186</int>
						<int id="y">790</int>
						<int id="h">22</int>
						<int id="z">19</int>
						<str id="name">lens_grass_1_1307987031014</str>
						<str id="sprite_class">lens_grass_1</str>
					</object>
					<object id="lens_grass_1_1307987031044">
						<int id="w">125</int>
						<int id="x">769</int>
						<int id="y">797</int>
						<int id="h">20</int>
						<int id="z">9</int>
						<str id="name">lens_grass_1_1307987031014</str>
						<str id="sprite_class">lens_grass_1</str>
					</object>
					<object id="lens_grass_2_1307741552468">
						<int id="w">1392</int>
						<int id="x">1421</int>
						<int id="y">855</int>
						<int id="h">75</int>
						<int id="z">4</int>
						<str id="name">lens_grass_2_1307741552444</str>
						<str id="sprite_class">lens_grass_2</str>
					</object>
					<object id="lens_grass_1_1307987031067">
						<int id="w">125</int>
						<int id="x">4763</int>
						<int id="y">835</int>
						<int id="h">20</int>
						<int id="z">26</int>
						<str id="name">lens_grass_1_1307987031014</str>
						<str id="sprite_class">lens_grass_1</str>
					</object>
					<object id="lens_grass_2_1307741552466">
						<int id="w">1202</int>
						<int id="x">232</int>
						<int id="y">838</int>
						<int id="h">72</int>
						<int id="z">6</int>
						<str id="name">lens_grass_2_1307741552444</str>
						<str id="sprite_class">lens_grass_2</str>
					</object>
					<object id="lens_grass_1_1307741552467">
						<int id="w">1426</int>
						<int id="r">1</int>
						<int id="x">2073</int>
						<int id="y">860</int>
						<int id="h">77</int>
						<int id="z">5</int>
						<str id="name">lens_grass_1_1307741552445</str>
						<str id="sprite_class">lens_grass_1</str>
					</object>
					<object id="lens_grass_1_1307749098466">
						<int id="w">1282</int>
						<int id="r">1</int>
						<int id="x">5326</int>
						<int id="y">875</int>
						<int id="h">80</int>
						<int id="z">0</int>
						<str id="name">lens_grass_1_1307741552445</str>
						<str id="sprite_class">lens_grass_1</str>
					</object>
					<object id="lens_grass_1_1307987031064">
						<int id="w">125</int>
						<int id="x">4871</int>
						<int id="y">820</int>
						<int id="h">20</int>
						<int id="z">22</int>
						<str id="name">lens_grass_1_1307987031014</str>
						<str id="sprite_class">lens_grass_1</str>
					</object>
					<object id="lens_grass_1_1307992844141">
						<int id="w">103</int>
						<int id="x">3608</int>
						<int id="y">820</int>
						<int id="h">16</int>
						<int id="z">31</int>
						<str id="name">lens_grass_1_1307987031014</str>
						<str id="sprite_class">lens_grass_1</str>
					</object>
					<object id="lens_grass_2_1307741552470">
						<int id="w">1348</int>
						<int id="r">1</int>
						<int id="x">2667</int>
						<int id="y">863</int>
						<int id="h">73</int>
						<int id="z">3</int>
						<str id="name">lens_grass_2_1307741552444</str>
						<str id="sprite_class">lens_grass_2</str>
					</object>
					<object id="lens_grass_2_1307741552472">
						<int id="w">1242</int>
						<int id="r">-2</int>
						<int id="x">3671</int>
						<int id="y">851</int>
						<int id="h">59</int>
						<int id="z">1</int>
						<str id="name">lens_grass_2_1307741552444</str>
						<str id="sprite_class">lens_grass_2</str>
					</object>
					<object id="lens_grass_1_1307987031050">
						<int id="w">99</int>
						<int id="x">302</int>
						<int id="y">807</int>
						<int id="h">27</int>
						<int id="z">18</int>
						<str id="name">lens_grass_1_1307987031014</str>
						<str id="sprite_class">lens_grass_1</str>
					</object>
					<object id="pampas_1_1307749098547">
						<int id="w">13</int>
						<int id="x">5464</int>
						<int id="y">828</int>
						<int id="h">19</int>
						<int id="z">14</int>
						<str id="name">pampas_1_1307749098498</str>
						<str id="sprite_class">pampas_1</str>
					</object>
					<object id="lens_grass_1_1307741552465">
						<int id="w">1317</int>
						<int id="r">1</int>
						<int id="x">871</int>
						<int id="y">861</int>
						<int id="h">86</int>
						<int id="z">7</int>
						<str id="name">lens_grass_1_1307741552445</str>
						<str id="sprite_class">lens_grass_1</str>
					</object>
					<object id="lens_grass_1_1307992844139">
						<int id="w">103</int>
						<int id="x">3551</int>
						<int id="y">816</int>
						<int id="h">16</int>
						<int id="z">30</int>
						<str id="name">lens_grass_1_1307987031014</str>
						<str id="sprite_class">lens_grass_1</str>
					</object>
					<object id="lens_grass_1_1307987031066">
						<int id="w">125</int>
						<int id="x">4978</int>
						<int id="y">833</int>
						<int id="h">20</int>
						<int id="z">25</int>
						<str id="name">lens_grass_1_1307987031014</str>
						<str id="sprite_class">lens_grass_1</str>
					</object>
					<object id="lens_grass_1_1307987031063">
						<int id="w">125</int>
						<int id="x">4952</int>
						<int id="y">822</int>
						<int id="h">20</int>
						<int id="z">23</int>
						<str id="name">lens_grass_1_1307987031014</str>
						<str id="sprite_class">lens_grass_1</str>
					</object>
					<object id="lens_grass_1_1307987031065">
						<int id="w">125</int>
						<int id="x">4932</int>
						<int id="y">828</int>
						<int id="h">20</int>
						<int id="z">24</int>
						<str id="name">lens_grass_1_1307987031014</str>
						<str id="sprite_class">lens_grass_1</str>
					</object>
					<object id="lens_grass_1_1307987031045">
						<int id="w">97</int>
						<int id="x">760</int>
						<int id="y">808</int>
						<int id="h">24</int>
						<int id="z">10</int>
						<str id="name">lens_grass_1_1307987031014</str>
						<str id="sprite_class">lens_grass_1</str>
					</object>
					<object id="lens_grass_1_1307992844143">
						<int id="w">103</int>
						<int id="x">3633</int>
						<int id="y">821</int>
						<int id="h">16</int>
						<int id="z">32</int>
						<str id="name">lens_grass_1_1307987031014</str>
						<str id="sprite_class">lens_grass_1</str>
					</object>
					<object id="lens_grass_1_1307987031046">
						<int id="w">97</int>
						<int id="x">799</int>
						<int id="y">815</int>
						<int id="h">24</int>
						<int id="z">11</int>
						<str id="name">lens_grass_1_1307987031014</str>
						<str id="sprite_class">lens_grass_1</str>
					</object>
					<object id="lens_grass_2_1307749098467">
						<int id="w">1280</int>
						<int id="r">1</int>
						<int id="x">4675</int>
						<int id="y">869</int>
						<int id="h">73</int>
						<int id="z">13</int>
						<str id="name">lens_grass_2_1307741552444</str>
						<str id="sprite_class">lens_grass_2</str>
					</object>
					<object id="lens_grass_1_1307987031043">
						<int id="w">125</int>
						<int id="x">703</int>
						<int id="y">792</int>
						<int id="h">20</int>
						<int id="z">8</int>
						<str id="name">lens_grass_1_1307987031014</str>
						<str id="sprite_class">lens_grass_1</str>
					</object>
					<object id="lens_grass_1_1307987031048">
						<int id="w">97</int>
						<int id="x">305</int>
						<int id="y">793</int>
						<int id="h">24</int>
						<int id="z">17</int>
						<str id="name">lens_grass_1_1307987031014</str>
						<str id="sprite_class">lens_grass_1</str>
					</object>
					<object id="lens_grass_1_1307992844142">
						<int id="w">103</int>
						<int id="x">3582</int>
						<int id="y">827</int>
						<int id="h">16</int>
						<int id="z">33</int>
						<str id="name">lens_grass_1_1307987031014</str>
						<str id="sprite_class">lens_grass_1</str>
					</object>
					<object id="lens_grass_1_1307987031049">
						<int id="w">117</int>
						<int id="x">260</int>
						<int id="y">785</int>
						<int id="h">17</int>
						<int id="z">16</int>
						<str id="name">lens_grass_1_1307987031014</str>
						<str id="sprite_class">lens_grass_1</str>
					</object>
					<object id="lens_grass_1_1307741552471">
						<int id="w">1172</int>
						<int id="x">4124</int>
						<int id="y">856</int>
						<int id="h">71</int>
						<int id="z">2</int>
						<str id="name">lens_grass_1_1307741552445</str>
						<str id="sprite_class">lens_grass_1</str>
					</object>
					<object id="tree_acacia_2_1307992844131">
						<int id="w">301</int>
						<int id="x">4860</int>
						<int id="y">825</int>
						<int id="h">169</int>
						<int id="z">27</int>
						<str id="name">tree_acacia_2_1307749098540</str>
						<str id="sprite_class">tree_acacia_2</str>
					</object>
					<object id="lens_grass_1_1307987031062">
						<int id="w">125</int>
						<int id="x">5009</int>
						<int id="y">815</int>
						<int id="h">20</int>
						<int id="z">21</int>
						<str id="name">lens_grass_1_1307987031014</str>
						<str id="sprite_class">lens_grass_1</str>
					</object>
					<object id="lens_grass_1_1307992844138">
						<int id="w">103</int>
						<int id="x">3498</int>
						<int id="y">813</int>
						<int id="h">16</int>
						<int id="z">29</int>
						<str id="name">lens_grass_1_1307987031014</str>
						<str id="sprite_class">lens_grass_1</str>
					</object>
				</object>
			</object>
			<object id="T_1307741552441">
				<int id="w">5160</int>
				<int id="h">1000</int>
				<int id="z">-5</int>
				<object id="filtersNEW">
					<object id="tintColor">
						<int id="value">16763904</int>
					</object>
					<object id="contrast">
						<int id="value">-10</int>
					</object>
					<object id="blur">
						<int id="value">3</int>
					</object>
					<object id="tintAmount">
						<int id="value">80</int>
					</object>
					<object id="brightness">
						<int id="value">19</int>
					</object>
					<object id="saturation">
						<int id="value">-60</int>
					</object>
				</object>
				<str id="name">sky</str>
				<object id="decos">
					<object id="mountain_trees_darker_1_1309235738886">
						<int id="w">219</int>
						<int id="r">1</int>
						<int id="x">2030</int>
						<int id="y">777</int>
						<int id="h">35</int>
						<int id="z">0</int>
						<str id="name">mountain_trees_darker_1_1307749098702</str>
						<str id="sprite_class">mountain_trees_darker_1</str>
					</object>
					<object id="heights_bush_4_1307749098584">
						<int id="w">715</int>
						<int id="x">3648</int>
						<int id="y">784</int>
						<int id="h">24</int>
						<int id="z">7</int>
						<str id="name">heights_bush_4_1307741552494</str>
						<str id="sprite_class">heights_bush_4</str>
					</object>
					<object id="tree_bare_bunch_1_1307992844127">
						<int id="w">47</int>
						<int id="r">-10</int>
						<int id="x">3786</int>
						<int id="y">797</int>
						<int id="h">44</int>
						<int id="z">29</int>
						<str id="name">tree_bare_bunch_1_1307992844123</str>
						<str id="sprite_class">tree_bare_bunch_1</str>
					</object>
					<object id="tree_bare_bunch_1_1307992844126">
						<int id="w">47</int>
						<int id="x">3812</int>
						<int id="y">791</int>
						<int id="h">44</int>
						<int id="z">27</int>
						<str id="name">tree_bare_bunch_1_1307992844123</str>
						<str id="sprite_class">tree_bare_bunch_1</str>
					</object>
					<object id="cloud_fluffy_1_1307984015708">
						<int id="w">1176</int>
						<int id="x">513</int>
						<int id="y">726</int>
						<int id="h">80</int>
						<int id="z">17</int>
						<str id="name">cloud_fluffy_1_1307749098737</str>
						<str id="sprite_class">cloud_fluffy_1</str>
					</object>
					<object id="cloud_fluffy_2_1307984015711">
						<int id="w">1384</int>
						<int id="x">4619</int>
						<int id="y">768</int>
						<int id="h">46</int>
						<int id="z">14</int>
						<str id="name">cloud_fluffy_2_1307749098529</str>
						<str id="sprite_class">cloud_fluffy_2</str>
					</object>
					<object id="cloud_fluffy_1_1307984015705">
						<int id="w">1392</int>
						<int id="x">2168</int>
						<int id="y">715</int>
						<int id="h">119</int>
						<int id="z">20</int>
						<str id="name">cloud_fluffy_1_1307749098737</str>
						<str id="sprite_class">cloud_fluffy_1</str>
					</object>
					<object id="cloud_fluffy_1_1307984015707">
						<int id="w">1093</int>
						<int id="x">3931</int>
						<int id="y">541</int>
						<int id="h">163</int>
						<int id="z">18</int>
						<str id="name">cloud_fluffy_1_1307749098737</str>
						<str id="sprite_class">cloud_fluffy_1</str>
					</object>
					<object id="heights_bush_4_1307987031098">
						<int id="w">591</int>
						<int id="r">-3</int>
						<int id="x">1698</int>
						<int id="y">791</int>
						<int id="h">32</int>
						<int id="z">23</int>
						<str id="name">heights_bush_4_1307741552494</str>
						<str id="sprite_class">heights_bush_4</str>
					</object>
					<object id="cloud_fluffy_2_1308107342108">
						<int id="w">1384</int>
						<int id="x">3909</int>
						<int id="y">722</int>
						<int id="h">29</int>
						<int id="z">15</int>
						<str id="name">cloud_fluffy_2_1307749098529</str>
						<str id="sprite_class">cloud_fluffy_2</str>
					</object>
					<object id="cloud_fluffy_2_1307984015710">
						<int id="w">1372</int>
						<int id="x">2662</int>
						<int id="y">753</int>
						<int id="h">46</int>
						<int id="z">16</int>
						<str id="name">cloud_fluffy_2_1307749098529</str>
						<str id="sprite_class">cloud_fluffy_2</str>
					</object>
					<object id="heights_bush_4_1309235738885">
						<int id="w">537</int>
						<int id="x">-116</int>
						<int id="y">759</int>
						<int id="h">28</int>
						<int id="z">13</int>
						<str id="name">heights_bush_4_1307741552494</str>
						<str id="sprite_class">heights_bush_4</str>
					</object>
					<object id="heights_bush_4_1307749098535">
						<int id="w">662</int>
						<int id="x">4846</int>
						<int id="y">792</int>
						<int id="h">21</int>
						<int id="z">5</int>
						<str id="name">heights_bush_4_1307741552494</str>
						<str id="sprite_class">heights_bush_4</str>
					</object>
					<object id="tree_bare_bunch_1_1307992844124">
						<int id="w">41</int>
						<int id="r">5</int>
						<int id="x">3844</int>
						<int id="y">793</int>
						<int id="h">39</int>
						<int id="z">26</int>
						<str id="name">tree_bare_bunch_1_1307992844123</str>
						<str id="sprite_class">tree_bare_bunch_1</str>
					</object>
					<object id="heights_bush_4_1307987031100">
						<int id="w">381</int>
						<int id="x">2161</int>
						<int id="y">783</int>
						<int id="h">24</int>
						<int id="z">22</int>
						<str id="name">heights_bush_4_1307741552494</str>
						<str id="sprite_class">heights_bush_4</str>
					</object>
					<object id="mountain_trees_darker_1_1309235738890">
						<int id="w">454</int>
						<int id="r">1</int>
						<int id="x">4385</int>
						<int id="y">814</int>
						<int id="h">72</int>
						<int id="z">2</int>
						<str id="name">mountain_trees_darker_1_1307749098702</str>
						<str id="sprite_class">mountain_trees_darker_1</str>
					</object>
					<object id="heights_bush_4_1307749098587">
						<int id="w">564</int>
						<bool id="h_flip">true</bool>
						<int id="r">2</int>
						<int id="x">4090</int>
						<int id="y">787</int>
						<int id="h">22</int>
						<int id="z">9</int>
						<str id="name">heights_bush_4_1307741552494</str>
						<str id="sprite_class">heights_bush_4</str>
					</object>
					<object id="heights_bush_4_1307749098585">
						<int id="w">340</int>
						<int id="x">3884</int>
						<int id="y">788</int>
						<int id="h">37</int>
						<int id="z">8</int>
						<str id="name">heights_bush_4_1307741552494</str>
						<str id="sprite_class">heights_bush_4</str>
					</object>
					<object id="heights_bush_4_1307749098534">
						<int id="w">340</int>
						<int id="r">2</int>
						<int id="x">4987</int>
						<int id="y">797</int>
						<int id="h">28</int>
						<int id="z">4</int>
						<str id="name">heights_bush_4_1307741552494</str>
						<str id="sprite_class">heights_bush_4</str>
					</object>
					<object id="mountain_trees_darker_1_1307987031101">
						<int id="w">454</int>
						<int id="r">1</int>
						<int id="x">2270</int>
						<int id="y">797</int>
						<int id="h">72</int>
						<int id="z">1</int>
						<str id="name">mountain_trees_darker_1_1307749098702</str>
						<str id="sprite_class">mountain_trees_darker_1</str>
					</object>
					<object id="heights_bush_4_1308107342107">
						<int id="w">537</int>
						<int id="x">203</int>
						<int id="y">770</int>
						<int id="h">28</int>
						<int id="z">12</int>
						<str id="name">heights_bush_4_1307741552494</str>
						<str id="sprite_class">heights_bush_4</str>
					</object>
					<object id="mountain_trees_darker_1_1307749098702">
						<int id="w">601</int>
						<int id="r">1</int>
						<int id="x">1116</int>
						<int id="y">800</int>
						<int id="h">89</int>
						<int id="z">3</int>
						<str id="name">mountain_trees_darker_1_1307749098702</str>
						<str id="sprite_class">mountain_trees_darker_1</str>
					</object>
					<object id="heights_bush_4_1307749098536">
						<int id="w">498</int>
						<int id="x">4670</int>
						<int id="y">791</int>
						<int id="h">19</int>
						<int id="z">6</int>
						<str id="name">heights_bush_4_1307741552494</str>
						<str id="sprite_class">heights_bush_4</str>
					</object>
					<object id="heights_bush_4_1307749098700">
						<int id="w">537</int>
						<int id="x">934</int>
						<int id="y">771</int>
						<int id="h">21</int>
						<int id="z">11</int>
						<str id="name">heights_bush_4_1307741552494</str>
						<str id="sprite_class">heights_bush_4</str>
					</object>
					<object id="heights_bush_4_1307749098699">
						<int id="w">635</int>
						<int id="x">1278</int>
						<int id="y">776</int>
						<int id="h">27</int>
						<int id="z">10</int>
						<str id="name">heights_bush_4_1307741552494</str>
						<str id="sprite_class">heights_bush_4</str>
					</object>
					<object id="cloud_fluffy_2_1307984015709">
						<int id="w">1025</int>
						<int id="x">1391</int>
						<int id="y">747</int>
						<int id="h">40</int>
						<int id="z">25</int>
						<str id="name">cloud_fluffy_2_1307749098529</str>
						<str id="sprite_class">cloud_fluffy_2</str>
					</object>
					<object id="cloud_fluffy_1_1307984015706">
						<int id="w">539</int>
						<int id="x">3601</int>
						<int id="y">748</int>
						<int id="h">59</int>
						<int id="z">19</int>
						<str id="name">cloud_fluffy_1_1307749098737</str>
						<str id="sprite_class">cloud_fluffy_1</str>
					</object>
					<object id="tree_bare_bunch_1_1309235738876">
						<int id="w">47</int>
						<int id="x">828</int>
						<int id="y">787</int>
						<int id="h">44</int>
						<int id="z">28</int>
						<str id="name">tree_bare_bunch_1_1307992844123</str>
						<str id="sprite_class">tree_bare_bunch_1</str>
					</object>
					<object id="heights_bush_4_1307987031097">
						<int id="w">505</int>
						<int id="x">1877</int>
						<int id="y">780</int>
						<int id="h">27</int>
						<int id="z">21</int>
						<str id="name">heights_bush_4_1307741552494</str>
						<str id="sprite_class">heights_bush_4</str>
					</object>
					<object id="heights_bush_4_1307987031102">
						<int id="w">540</int>
						<int id="r">1</int>
						<int id="x">2461</int>
						<int id="y">789</int>
						<int id="h">26</int>
						<int id="z">24</int>
						<str id="name">heights_bush_4_1307741552494</str>
						<str id="sprite_class">heights_bush_4</str>
					</object>
				</object>
			</object>
		</object>
		<null id="loading_label"/>
		<int id="ground_y">0</int>
		<int id="rookable_type">0</int>
		<null id="physics"/>
		<null id="img_file_versioned"/>
		<str id="tsid">LA5136CE0J52562</str>
		<str id="swf_file_versioned">http://c2.glitch.bz/locations/groddle1/1335996172.swf</str>
		<object id="gradient">
			<str id="top">7395BF</str>
			<str id="bottom">FFD859</str>
		</object>
		<object id="sources">
			<int id="LA514HDC2J52TOU">1</int>
			<int id="LA513QET0J523AD">1</int>
			<int id="LA5144431J524TC">1</int>
			<int id="LA5147561J525G7">1</int>
			<int id="LA5134PC0J52VC3">1</int>
			<int id="LA513NJQ0J523F2">1</int>
		</object>
		<str id="music_file"></str>
		<bool id="wall_jump">false</bool>
		<bool id="no_zoom">false</bool>
	</object>
</game_object>
