<game_object tsid="GA57JSVQRH423HV" ts="1337668977052" label="Mart&apos;s Way 2" class_tsid="" lastUpdateTime="1337668966742" upd_gs="gs8" load_time="2012-05-21 23:14:24.300" upd_time="2012-05-21 23:38:37.211">
	<object id="dynamic">
		<int id="l">-3000</int>
		<int id="r">3000</int>
		<int id="t">-1000</int>
		<int id="b">0</int>
		<str id="label">Mart's Way 2</str>
		<str id="swf_file">groddle1.swf</str>
		<object id="layers">
			<object id="middleground">
				<object id="decos">
					<object id="lens_grass_2_1307741552444">
						<int id="w">2108</int>
						<int id="z">10</int>
						<int id="x">-2527</int>
						<int id="y">19</int>
						<int id="h">161</int>
						<str id="name">lens_grass_2_1307741552444</str>
						<str id="sprite_class">lens_grass_2</str>
					</object>
					<object id="lens_grass_2_1307741552452">
						<int id="w">2108</int>
						<int id="z">5</int>
						<int id="x">2875</int>
						<int id="y">18</int>
						<int id="h">151</int>
						<str id="name">lens_grass_2_1307741552444</str>
						<str id="sprite_class">lens_grass_2</str>
					</object>
					<object id="lens_grass_1_1307987031029">
						<int id="w">278</int>
						<int id="z">18</int>
						<int id="x">789</int>
						<int id="y">-14</int>
						<int id="h">54</int>
						<str id="name">lens_grass_1_1307987031014</str>
						<str id="sprite_class">lens_grass_1</str>
					</object>
					<object id="lens_grass_2_1307741552447">
						<int id="w">2108</int>
						<int id="z">9</int>
						<int id="x">-228</int>
						<int id="y">58</int>
						<int id="h">161</int>
						<str id="name">lens_grass_2_1307741552444</str>
						<str id="sprite_class">lens_grass_2</str>
					</object>
					<object id="gravel_2_1307987031078">
						<int id="w">14</int>
						<int id="z">30</int>
						<int id="x">-2424</int>
						<int id="y">-99</int>
						<int id="h">8</int>
						<str id="name">gravel_2_1307741552484</str>
						<str id="sprite_class">gravel_2</str>
					</object>
					<object id="lens_grass_1_1307987031015">
						<int id="w">560</int>
						<int id="z">7</int>
						<int id="x">2890</int>
						<int id="y">-24</int>
						<int id="h">111</int>
						<str id="name">lens_grass_1_1307987031014</str>
						<str id="sprite_class">lens_grass_1</str>
					</object>
					<object id="lens_grass_1_1307987031060">
						<int id="w">367</int>
						<int id="z">20</int>
						<int id="r">-3</int>
						<int id="x">394</int>
						<int id="y">-82</int>
						<int id="h">53</int>
						<str id="name">lens_grass_1_1307987031014</str>
						<str id="sprite_class">lens_grass_1</str>
					</object>
					<object id="lens_grass_2_1307741552456">
						<int id="w">2108</int>
						<int id="z">2</int>
						<int id="x">-1995</int>
						<int id="y">17</int>
						<int id="h">161</int>
						<str id="name">lens_grass_2_1307741552444</str>
						<str id="sprite_class">lens_grass_2</str>
					</object>
					<object id="lens_grass_2_1307741552450">
						<int id="w">2108</int>
						<int id="z">8</int>
						<int id="r">2</int>
						<int id="x">1593</int>
						<int id="y">52</int>
						<int id="h">161</int>
						<str id="name">lens_grass_2_1307741552444</str>
						<str id="sprite_class">lens_grass_2</str>
					</object>
					<object id="lens_grass_1_1307987031030">
						<int id="w">285</int>
						<int id="z">19</int>
						<int id="r">1</int>
						<int id="x">685</int>
						<int id="y">5</int>
						<int id="h">60</int>
						<str id="name">lens_grass_1_1307987031014</str>
						<str id="sprite_class">lens_grass_1</str>
					</object>
					<object id="lens_grass_1_1308606077141">
						<int id="w">183</int>
						<int id="z">27</int>
						<int id="r">2</int>
						<int id="x">-482</int>
						<int id="y">-69</int>
						<int id="h">34</int>
						<str id="name">lens_grass_1_1307987031014</str>
						<str id="sprite_class">lens_grass_1</str>
					</object>
					<object id="pampas_2_1308606077172">
						<int id="w">44</int>
						<int id="z">0</int>
						<int id="x">122</int>
						<int id="y">-77</int>
						<int id="h">66</int>
						<str id="name">pampas_2_1307749098499</str>
						<str id="sprite_class">pampas_2</str>
					</object>
					<object id="lens_grass_1_1307741552448">
						<int id="w">2026</int>
						<int id="z">13</int>
						<int id="x">556</int>
						<int id="y">98</int>
						<int id="h">202</int>
						<str id="name">lens_grass_1_1307741552445</str>
						<str id="sprite_class">lens_grass_1</str>
					</object>
					<object id="lens_grass_1_1307987031028">
						<int id="w">285</int>
						<int id="z">17</int>
						<int id="x">911</int>
						<int id="y">-36</int>
						<int id="h">60</int>
						<str id="name">lens_grass_1_1307987031014</str>
						<str id="sprite_class">lens_grass_1</str>
					</object>
					<object id="lens_grass_2_1307741552453">
						<int id="w">2108</int>
						<int id="z">3</int>
						<int id="x">1004</int>
						<int id="y">21</int>
						<int id="h">161</int>
						<str id="name">lens_grass_2_1307741552444</str>
						<str id="sprite_class">lens_grass_2</str>
					</object>
					<object id="lens_grass_1_1307741552445">
						<int id="w">2026</int>
						<int id="z">11</int>
						<int id="x">-1389</int>
						<int id="y">68</int>
						<int id="h">202</int>
						<str id="name">lens_grass_1_1307741552445</str>
						<str id="sprite_class">lens_grass_1</str>
					</object>
					<object id="lens_grass_1_1308606077134">
						<int id="w">208</int>
						<int id="z">31</int>
						<int id="x">57</int>
						<int id="y">-60</int>
						<int id="h">32</int>
						<str id="name">lens_grass_1_1307987031014</str>
						<str id="sprite_class">lens_grass_1</str>
					</object>
					<object id="lens_grass_1_1308606077139">
						<int id="w">255</int>
						<int id="z">26</int>
						<int id="r">2</int>
						<int id="x">-874</int>
						<int id="y">-74</int>
						<int id="h">47</int>
						<str id="name">lens_grass_1_1307987031014</str>
						<str id="sprite_class">lens_grass_1</str>
					</object>
					<object id="lens_grass_1_1308606077135">
						<int id="w">250</int>
						<int id="z">23</int>
						<int id="r">2</int>
						<int id="x">-106</int>
						<int id="y">-69</int>
						<int id="h">38</int>
						<str id="name">lens_grass_1_1307987031014</str>
						<str id="sprite_class">lens_grass_1</str>
					</object>
					<object id="lens_grass_2_1307741552455">
						<int id="w">2108</int>
						<int id="z">15</int>
						<int id="x">-158</int>
						<int id="y">93</int>
						<int id="h">161</int>
						<str id="name">lens_grass_2_1307741552444</str>
						<str id="sprite_class">lens_grass_2</str>
					</object>
					<object id="lens_grass_1_1308606077137">
						<int id="w">175</int>
						<int id="z">24</int>
						<int id="x">-377</int>
						<int id="y">-77</int>
						<int id="h">37</int>
						<str id="name">lens_grass_1_1307987031014</str>
						<str id="sprite_class">lens_grass_1</str>
					</object>
					<object id="stalagmite_base_2_1307987031072">
						<int id="w">65</int>
						<int id="z">29</int>
						<int id="x">-2455</int>
						<int id="y">-97</int>
						<int id="h">18</int>
						<str id="name">stalagmite_base_2_1307741552480</str>
						<str id="sprite_class">stalagmite_base_2</str>
					</object>
					<object id="lens_grass_2_1307741552451">
						<int id="w">2108</int>
						<int id="z">6</int>
						<int id="x">2285</int>
						<int id="y">33</int>
						<int id="h">161</int>
						<str id="name">lens_grass_2_1307741552444</str>
						<str id="sprite_class">lens_grass_2</str>
					</object>
					<object id="lens_grass_2_1307741552454">
						<int id="w">2108</int>
						<int id="z">4</int>
						<int id="x">1694</int>
						<int id="y">23</int>
						<int id="h">161</int>
						<str id="name">lens_grass_2_1307741552444</str>
						<str id="sprite_class">lens_grass_2</str>
					</object>
					<object id="lens_grass_2_1307741552446">
						<int id="w">2108</int>
						<int id="z">12</int>
						<int id="x">-359</int>
						<int id="y">92</int>
						<int id="h">161</int>
						<str id="name">lens_grass_2_1307741552444</str>
						<str id="sprite_class">lens_grass_2</str>
					</object>
					<object id="lens_grass_1_1307987031061">
						<int id="w">227</int>
						<int id="z">21</int>
						<int id="r">-1</int>
						<int id="x">222</int>
						<int id="y">-67</int>
						<int id="h">39</int>
						<str id="name">lens_grass_1_1307987031014</str>
						<str id="sprite_class">lens_grass_1</str>
					</object>
					<object id="pampas_2_1308606077171">
						<int id="w">49</int>
						<int id="z">1</int>
						<int id="x">-541</int>
						<int id="y">-89</int>
						<int id="h">74</int>
						<str id="name">pampas_2_1307749098499</str>
						<str id="sprite_class">pampas_2</str>
					</object>
					<object id="lens_grass_1_1308606077138">
						<int id="w">238</int>
						<int id="z">25</int>
						<int id="r">2</int>
						<int id="x">-1031</int>
						<int id="y">-92</int>
						<int id="h">44</int>
						<str id="name">lens_grass_1_1307987031014</str>
						<str id="sprite_class">lens_grass_1</str>
					</object>
					<object id="lens_grass_1_1307987031023">
						<int id="w">285</int>
						<int id="z">16</int>
						<int id="x">838</int>
						<int id="y">-70</int>
						<int id="h">60</int>
						<str id="name">lens_grass_1_1307987031014</str>
						<str id="sprite_class">lens_grass_1</str>
					</object>
					<object id="lens_grass_1_1308606077140">
						<int id="w">320</int>
						<int id="z">28</int>
						<int id="r">2</int>
						<int id="x">-647</int>
						<int id="y">-49</int>
						<int id="h">60</int>
						<str id="name">lens_grass_1_1307987031014</str>
						<str id="sprite_class">lens_grass_1</str>
					</object>
					<object id="lens_grass_1_1308606077136">
						<int id="w">194</int>
						<int id="z">22</int>
						<int id="r">2</int>
						<int id="x">-258</int>
						<int id="y">-86</int>
						<int id="h">33</int>
						<str id="name">lens_grass_1_1307987031014</str>
						<str id="sprite_class">lens_grass_1</str>
					</object>
					<object id="lens_grass_2_1307741552449">
						<int id="w">2108</int>
						<int id="z">14</int>
						<int id="x">1543</int>
						<int id="y">90</int>
						<int id="h">161</int>
						<str id="name">lens_grass_2_1307741552444</str>
						<str id="sprite_class">lens_grass_2</str>
					</object>
				</object>
				<object id="doors">
				</object>
				<object id="signposts">
					<object id="signpost_1">
						<int id="y">-77</int>
						<int id="h">200</int>
						<int id="w">100</int>
						<int id="x">-2666</int>
						<object id="connects">
							<object id="0">
								<str id="hub_id">86</str>
								<int id="y">-130</int>
								<str id="swf_file_versioned">http://c2.glitch.bz/locations/groddle1/1316726082.swf</str>
								<int id="x">2483</int>
								<str id="mote_id">9</str>
								<objref id="target" tsid="LA5DNE9DVJ429P8" label="Stake Claim Rd B"/>
							</object>
							<object id="1">
								<str id="hub_id">86</str>
								<int id="y">-392</int>
								<str id="swf_file_versioned">http://c2.glitch.bz/locations/groddle1/1316726082.swf</str>
								<int id="x">2450</int>
								<str id="mote_id">9</str>
								<objref id="target" tsid="LA5ASS2OEH42TSV" label="Mart&apos;s Way 1"/>
							</object>
							<object id="2">
								<str id="hub_id">86</str>
								<int id="y">-130</int>
								<str id="swf_file_versioned">http://c2.glitch.bz/locations/groddle1/1316726082.swf</str>
								<int id="x">-2610</int>
								<str id="mote_id">9</str>
								<objref id="target" tsid="LA5THPDOLK42GRD" label="Stake Claim Rd C"/>
							</object>
						</object>
					</object>
					<object id="signpost_2">
						<int id="y">-80</int>
						<int id="h">200</int>
						<str id="id">signpost_2</str>
						<int id="w">100</int>
						<int id="x">2563</int>
						<object id="connects">
							<object id="0">
								<str id="hub_id">86</str>
								<int id="y">-107</int>
								<str id="swf_file_versioned">http://c2.glitch.bz/locations/groddle1/1316726082.swf</str>
								<int id="x">2625</int>
								<str id="mote_id">9</str>
								<objref id="target" tsid="LA59DJ1KSH42F4L" label="Range Rd 2"/>
							</object>
							<object id="1">
								<str id="hub_id">86</str>
								<int id="y">-115</int>
								<str id="swf_file_versioned">http://c2.glitch.bz/locations/groddle1/1316726082.swf</str>
								<int id="x">-2620</int>
								<str id="mote_id">9</str>
								<objref id="target" tsid="LA57LTPQBK42SLV" label="Mart&apos;s Way 3"/>
							</object>
							<object id="2">
								<str id="hub_id">86</str>
								<int id="y">-110</int>
								<str id="swf_file_versioned">http://c2.glitch.bz/locations/groddle1/1316726082.swf</str>
								<int id="x">-2550</int>
								<str id="mote_id">9</str>
								<objref id="target" tsid="LA5M6H0P2I42BQJ" label="Range Rd 3"/>
							</object>
						</object>
					</object>
				</object>
				<object id="targets">
				</object>
				<int id="w">6000</int>
				<str id="name">middleground</str>
				<int id="h">1000</int>
				<object id="platform_lines">
					<object id="plat_1308606077143">
						<int id="platform_pc_perm">-1</int>
						<object id="start">
							<int id="y">-58</int>
							<int id="x">-752</int>
						</object>
						<object id="end">
							<int id="y">-81</int>
							<int id="x">-727</int>
						</object>
						<int id="platform_item_perm">-1</int>
					</object>
					<object id="plat_1308606077158">
						<int id="platform_pc_perm">-1</int>
						<object id="start">
							<int id="y">-91</int>
							<int id="x">219</int>
						</object>
						<object id="end">
							<int id="y">-88</int>
							<int id="x">283</int>
						</object>
						<int id="platform_item_perm">-1</int>
					</object>
					<object id="plat_1307749098672">
						<int id="platform_pc_perm">-1</int>
						<object id="start">
							<int id="y">-46</int>
							<int id="x">-1683</int>
						</object>
						<object id="end">
							<int id="y">-61</int>
							<int id="x">-1544</int>
						</object>
						<int id="platform_item_perm">-1</int>
					</object>
					<object id="plat_1308606077156">
						<int id="platform_pc_perm">-1</int>
						<object id="start">
							<int id="y">-79</int>
							<int id="x">102</int>
						</object>
						<object id="end">
							<int id="y">-86</int>
							<int id="x">149</int>
						</object>
						<int id="platform_item_perm">-1</int>
					</object>
					<object id="plat_1308606077145">
						<int id="platform_pc_perm">-1</int>
						<object id="start">
							<int id="y">-90</int>
							<int id="x">-618</int>
						</object>
						<object id="end">
							<int id="y">-82</int>
							<int id="x">-549</int>
						</object>
						<int id="platform_item_perm">-1</int>
					</object>
					<object id="plat_1307749098674">
						<int id="platform_pc_perm">-1</int>
						<object id="start">
							<int id="y">-49</int>
							<int id="x">-1333</int>
						</object>
						<object id="end">
							<int id="y">-83</int>
							<int id="x">-1146</int>
						</object>
						<int id="platform_item_perm">-1</int>
					</object>
					<object id="plat_1308606077151">
						<int id="platform_pc_perm">-1</int>
						<object id="start">
							<int id="y">-108</int>
							<int id="x">-291</int>
						</object>
						<object id="end">
							<int id="y">-101</int>
							<int id="x">-203</int>
						</object>
						<int id="platform_item_perm">-1</int>
					</object>
					<object id="plat_1307749098686">
						<int id="platform_pc_perm">-1</int>
						<object id="start">
							<int id="y">-106</int>
							<int id="x">1590</int>
						</object>
						<object id="end">
							<int id="y">-83</int>
							<int id="x">1952</int>
						</object>
						<int id="platform_item_perm">-1</int>
					</object>
					<object id="plat_1308606077144">
						<int id="platform_pc_perm">-1</int>
						<object id="start">
							<int id="y">-81</int>
							<int id="x">-727</int>
						</object>
						<object id="end">
							<int id="y">-90</int>
							<int id="x">-618</int>
						</object>
						<int id="platform_item_perm">-1</int>
					</object>
					<object id="plat_1307749098673">
						<int id="platform_pc_perm">-1</int>
						<object id="start">
							<int id="y">-61</int>
							<int id="x">-1544</int>
						</object>
						<object id="end">
							<int id="y">-49</int>
							<int id="x">-1333</int>
						</object>
						<int id="platform_item_perm">-1</int>
					</object>
					<object id="plat_1307987031025">
						<int id="platform_pc_perm">-1</int>
						<object id="start">
							<int id="y">-117</int>
							<int id="x">829</int>
						</object>
						<object id="end">
							<int id="y">-108</int>
							<int id="x">939</int>
						</object>
						<int id="platform_item_perm">-1</int>
					</object>
					<object id="plat_1307749098668">
						<int id="platform_pc_perm">-1</int>
						<object id="start">
							<int id="y">-75</int>
							<int id="x">-2999</int>
						</object>
						<object id="end">
							<int id="y">-61</int>
							<int id="x">-2617</int>
						</object>
						<int id="platform_item_perm">-1</int>
					</object>
					<object id="plat_1307749098675">
						<int id="platform_pc_perm">-1</int>
						<object id="start">
							<int id="y">-83</int>
							<int id="x">-1146</int>
						</object>
						<object id="end">
							<int id="y">-58</int>
							<int id="x">-752</int>
						</object>
						<int id="platform_item_perm">-1</int>
					</object>
					<object id="plat_1308606077148">
						<int id="platform_pc_perm">-1</int>
						<object id="start">
							<int id="y">-92</int>
							<int id="x">-433</int>
						</object>
						<object id="end">
							<int id="y">-102</int>
							<int id="x">-388</int>
						</object>
						<int id="platform_item_perm">-1</int>
					</object>
					<object id="plat_1308606077146">
						<int id="platform_pc_perm">-1</int>
						<object id="start">
							<int id="y">-82</int>
							<int id="x">-549</int>
						</object>
						<object id="end">
							<int id="y">-91</int>
							<int id="x">-498</int>
						</object>
						<int id="platform_item_perm">-1</int>
					</object>
					<object id="plat_1307987031024">
						<int id="platform_pc_perm">-1</int>
						<object id="start">
							<int id="y">-108</int>
							<int id="x">939</int>
						</object>
						<object id="end">
							<int id="y">-97</int>
							<int id="x">989</int>
						</object>
						<int id="platform_item_perm">-1</int>
					</object>
					<object id="plat_1307749098669">
						<int id="platform_pc_perm">-1</int>
						<object id="start">
							<int id="y">-61</int>
							<int id="x">-2617</int>
						</object>
						<object id="end">
							<int id="y">-79</int>
							<int id="x">-2190</int>
						</object>
						<int id="platform_item_perm">-1</int>
					</object>
					<object id="plat_1308606077153">
						<int id="platform_pc_perm">-1</int>
						<object id="start">
							<int id="y">-93</int>
							<int id="x">-155</int>
						</object>
						<object id="end">
							<int id="y">-91</int>
							<int id="x">-59</int>
						</object>
						<int id="platform_item_perm">-1</int>
					</object>
					<object id="plat_1307987031026">
						<int id="platform_pc_perm">-1</int>
						<object id="start">
							<int id="y">-103</int>
							<int id="x">721</int>
						</object>
						<object id="end">
							<int id="y">-117</int>
							<int id="x">829</int>
						</object>
						<int id="platform_item_perm">-1</int>
					</object>
					<object id="plat_1308606077157">
						<int id="platform_pc_perm">-1</int>
						<object id="start">
							<int id="y">-86</int>
							<int id="x">149</int>
						</object>
						<object id="end">
							<int id="y">-91</int>
							<int id="x">219</int>
						</object>
						<int id="platform_item_perm">-1</int>
					</object>
					<object id="plat_1308606077150">
						<int id="platform_pc_perm">-1</int>
						<object id="start">
							<int id="y">-102</int>
							<int id="x">-324</int>
						</object>
						<object id="end">
							<int id="y">-108</int>
							<int id="x">-291</int>
						</object>
						<int id="platform_item_perm">-1</int>
					</object>
					<object id="plat_1308606077149">
						<int id="platform_pc_perm">-1</int>
						<object id="start">
							<int id="y">-102</int>
							<int id="x">-388</int>
						</object>
						<object id="end">
							<int id="y">-102</int>
							<int id="x">-324</int>
						</object>
						<int id="platform_item_perm">-1</int>
					</object>
					<object id="plat_1308606077147">
						<int id="platform_pc_perm">-1</int>
						<object id="start">
							<int id="y">-91</int>
							<int id="x">-498</int>
						</object>
						<object id="end">
							<int id="y">-92</int>
							<int id="x">-433</int>
						</object>
						<int id="platform_item_perm">-1</int>
					</object>
					<object id="plat_1307749098687">
						<int id="platform_pc_perm">-1</int>
						<object id="start">
							<int id="y">-83</int>
							<int id="x">1952</int>
						</object>
						<object id="end">
							<int id="y">-64</int>
							<int id="x">2618</int>
						</object>
						<int id="platform_item_perm">-1</int>
					</object>
					<object id="plat_1307749098670">
						<int id="platform_pc_perm">-1</int>
						<object id="start">
							<int id="y">-79</int>
							<int id="x">-2190</int>
						</object>
						<object id="end">
							<int id="y">-64</int>
							<int id="x">-1848</int>
						</object>
						<int id="platform_item_perm">-1</int>
					</object>
					<object id="plat_1308606077154">
						<int id="platform_pc_perm">-1</int>
						<object id="start">
							<int id="y">-91</int>
							<int id="x">-59</int>
						</object>
						<object id="end">
							<int id="y">-81</int>
							<int id="x">-2</int>
						</object>
						<int id="platform_item_perm">-1</int>
					</object>
					<object id="plat_1307749098688">
						<int id="platform_pc_perm">-1</int>
						<object id="start">
							<int id="y">-96</int>
							<int id="x">2687</int>
						</object>
						<object id="end">
							<int id="y">-97</int>
							<int id="x">2998</int>
						</object>
						<int id="platform_item_perm">-1</int>
					</object>
					<object id="plat_1308606077152">
						<int id="platform_pc_perm">-1</int>
						<object id="start">
							<int id="y">-101</int>
							<int id="x">-203</int>
						</object>
						<object id="end">
							<int id="y">-93</int>
							<int id="x">-155</int>
						</object>
						<int id="platform_item_perm">-1</int>
					</object>
					<object id="plat_1307987031027">
						<int id="platform_pc_perm">-1</int>
						<object id="start">
							<int id="y">-92</int>
							<int id="x">691</int>
						</object>
						<object id="end">
							<int id="y">-103</int>
							<int id="x">721</int>
						</object>
						<int id="platform_item_perm">-1</int>
					</object>
					<object id="plat_1308606077159">
						<int id="platform_pc_perm">-1</int>
						<object id="start">
							<int id="y">-88</int>
							<int id="x">283</int>
						</object>
						<object id="end">
							<int id="y">-73</int>
							<int id="x">295</int>
						</object>
						<int id="platform_item_perm">-1</int>
					</object>
					<object id="plat_1307749098685">
						<int id="platform_pc_perm">-1</int>
						<object id="start">
							<int id="y">-97</int>
							<int id="x">989</int>
						</object>
						<object id="end">
							<int id="y">-106</int>
							<int id="x">1590</int>
						</object>
						<int id="platform_item_perm">-1</int>
					</object>
					<object id="plat_1308606077155">
						<int id="platform_pc_perm">-1</int>
						<object id="start">
							<int id="y">-81</int>
							<int id="x">-2</int>
						</object>
						<object id="end">
							<int id="y">-79</int>
							<int id="x">102</int>
						</object>
						<int id="platform_item_perm">-1</int>
					</object>
					<object id="plat_1307987031016">
						<int id="platform_pc_perm">-1</int>
						<object id="start">
							<int id="y">-64</int>
							<int id="x">2618</int>
						</object>
						<object id="end">
							<int id="y">-96</int>
							<int id="x">2687</int>
						</object>
						<int id="platform_item_perm">-1</int>
					</object>
					<object id="plat_1307749098671">
						<int id="platform_pc_perm">-1</int>
						<object id="start">
							<int id="y">-64</int>
							<int id="x">-1848</int>
						</object>
						<object id="end">
							<int id="y">-46</int>
							<int id="x">-1683</int>
						</object>
						<int id="platform_item_perm">-1</int>
					</object>
					<object id="plat_1307749098681">
						<int id="platform_pc_perm">-1</int>
						<object id="start">
							<int id="y">-73</int>
							<int id="x">295</int>
						</object>
						<object id="end">
							<int id="y">-92</int>
							<int id="x">691</int>
						</object>
						<int id="platform_item_perm">-1</int>
					</object>
				</object>
				<object id="boxes">
				</object>
				<object id="filtersNEW">
					<object id="saturation">
						<int id="value">18</int>
					</object>
					<object id="tintColor">
						<int id="value">0</int>
					</object>
					<object id="contrast">
						<int id="value">0</int>
					</object>
					<object id="brightness">
						<int id="value">9</int>
					</object>
				</object>
				<int id="z">0</int>
				<object id="walls">
				</object>
				<object id="ladders">
				</object>
			</object>
			<object id="T_1307741552441">
				<object id="decos">
					<object id="heights_bush_4_1307987031100">
						<int id="w">381</int>
						<int id="z">19</int>
						<int id="x">2161</int>
						<int id="y">783</int>
						<int id="h">24</int>
						<str id="name">heights_bush_4_1307741552494</str>
						<str id="sprite_class">heights_bush_4</str>
					</object>
					<object id="cloud_fluffy_2_1307984015710">
						<int id="w">1372</int>
						<int id="z">13</int>
						<int id="x">2662</int>
						<int id="y">753</int>
						<int id="h">46</int>
						<str id="name">cloud_fluffy_2_1307749098529</str>
						<str id="sprite_class">cloud_fluffy_2</str>
					</object>
					<object id="heights_bush_4_1307987031097">
						<int id="w">505</int>
						<int id="z">18</int>
						<int id="x">1877</int>
						<int id="y">780</int>
						<int id="h">27</int>
						<str id="name">heights_bush_4_1307741552494</str>
						<str id="sprite_class">heights_bush_4</str>
					</object>
					<object id="heights_bush_4_1307749098534">
						<int id="w">340</int>
						<int id="z">2</int>
						<int id="r">2</int>
						<int id="x">4987</int>
						<int id="y">797</int>
						<int id="h">28</int>
						<str id="name">heights_bush_4_1307741552494</str>
						<str id="sprite_class">heights_bush_4</str>
					</object>
					<object id="cloud_fluffy_1_1307984015706">
						<int id="w">539</int>
						<int id="z">16</int>
						<int id="x">3601</int>
						<int id="y">748</int>
						<int id="h">59</int>
						<str id="name">cloud_fluffy_1_1307749098737</str>
						<str id="sprite_class">cloud_fluffy_1</str>
					</object>
					<object id="heights_bush_4_1308107342107">
						<int id="w">537</int>
						<int id="z">10</int>
						<int id="x">251</int>
						<bool id="h_flip">true</bool>
						<int id="y">776</int>
						<int id="h">28</int>
						<str id="name">heights_bush_4_1307741552494</str>
						<str id="sprite_class">heights_bush_4</str>
					</object>
					<object id="cloud_fluffy_2_1307984015709">
						<int id="w">1025</int>
						<int id="z">22</int>
						<int id="x">1391</int>
						<int id="y">747</int>
						<int id="h">40</int>
						<str id="name">cloud_fluffy_2_1307749098529</str>
						<str id="sprite_class">cloud_fluffy_2</str>
					</object>
					<object id="heights_bush_4_1307749098699">
						<int id="w">635</int>
						<int id="z">8</int>
						<int id="r">2</int>
						<int id="x">828</int>
						<int id="y">774</int>
						<int id="h">27</int>
						<str id="name">heights_bush_4_1307741552494</str>
						<str id="sprite_class">heights_bush_4</str>
					</object>
					<object id="heights_bush_4_1307987031098">
						<int id="w">591</int>
						<int id="z">20</int>
						<int id="r">-3</int>
						<int id="x">1698</int>
						<int id="y">791</int>
						<int id="h">32</int>
						<str id="name">heights_bush_4_1307741552494</str>
						<str id="sprite_class">heights_bush_4</str>
					</object>
					<object id="heights_bush_4_1307987031102">
						<int id="w">540</int>
						<int id="z">21</int>
						<int id="r">1</int>
						<int id="x">2461</int>
						<int id="y">789</int>
						<int id="h">26</int>
						<str id="name">heights_bush_4_1307741552494</str>
						<str id="sprite_class">heights_bush_4</str>
					</object>
					<object id="heights_bush_4_1307749098587">
						<int id="w">564</int>
						<int id="z">7</int>
						<int id="r">2</int>
						<int id="x">4090</int>
						<bool id="h_flip">true</bool>
						<int id="y">787</int>
						<int id="h">22</int>
						<str id="name">heights_bush_4_1307741552494</str>
						<str id="sprite_class">heights_bush_4</str>
					</object>
					<object id="cloud_fluffy_1_1307984015705">
						<int id="w">1392</int>
						<int id="z">17</int>
						<int id="x">2168</int>
						<int id="y">715</int>
						<int id="h">119</int>
						<str id="name">cloud_fluffy_1_1307749098737</str>
						<str id="sprite_class">cloud_fluffy_1</str>
					</object>
					<object id="mountain_trees_darker_1_1307987031101">
						<int id="w">454</int>
						<int id="z">0</int>
						<int id="r">1</int>
						<int id="x">2165</int>
						<int id="y">789</int>
						<int id="h">72</int>
						<str id="name">mountain_trees_darker_1_1307749098702</str>
						<str id="sprite_class">mountain_trees_darker_1</str>
					</object>
					<object id="cloud_fluffy_1_1307984015708">
						<int id="w">1176</int>
						<int id="z">14</int>
						<int id="x">513</int>
						<int id="y">726</int>
						<int id="h">80</int>
						<str id="name">cloud_fluffy_1_1307749098737</str>
						<str id="sprite_class">cloud_fluffy_1</str>
					</object>
					<object id="heights_bush_4_1307749098536">
						<int id="w">498</int>
						<int id="z">4</int>
						<int id="x">4670</int>
						<int id="y">791</int>
						<int id="h">19</int>
						<str id="name">heights_bush_4_1307741552494</str>
						<str id="sprite_class">heights_bush_4</str>
					</object>
					<object id="heights_bush_4_1307749098700">
						<int id="w">537</int>
						<int id="z">9</int>
						<int id="r">-2</int>
						<int id="x">472</int>
						<int id="y">771</int>
						<int id="h">28</int>
						<str id="name">heights_bush_4_1307741552494</str>
						<str id="sprite_class">heights_bush_4</str>
					</object>
					<object id="cloud_fluffy_2_1307984015711">
						<int id="w">1384</int>
						<int id="z">11</int>
						<int id="x">4619</int>
						<int id="y">768</int>
						<int id="h">46</int>
						<str id="name">cloud_fluffy_2_1307749098529</str>
						<str id="sprite_class">cloud_fluffy_2</str>
					</object>
					<object id="cloud_fluffy_1_1307984015707">
						<int id="w">1093</int>
						<int id="z">15</int>
						<int id="x">3931</int>
						<int id="y">541</int>
						<int id="h">163</int>
						<str id="name">cloud_fluffy_1_1307749098737</str>
						<str id="sprite_class">cloud_fluffy_1</str>
					</object>
					<object id="heights_bush_4_1307749098535">
						<int id="w">662</int>
						<int id="z">3</int>
						<int id="x">4846</int>
						<int id="y">792</int>
						<int id="h">21</int>
						<str id="name">heights_bush_4_1307741552494</str>
						<str id="sprite_class">heights_bush_4</str>
					</object>
					<object id="cloud_fluffy_2_1308107342108">
						<int id="w">1384</int>
						<int id="z">12</int>
						<int id="x">3909</int>
						<int id="y">722</int>
						<int id="h">29</int>
						<str id="name">cloud_fluffy_2_1307749098529</str>
						<str id="sprite_class">cloud_fluffy_2</str>
					</object>
					<object id="tree_bare_bunch_1_1307992844124">
						<int id="w">41</int>
						<int id="z">23</int>
						<int id="r">5</int>
						<int id="x">4836</int>
						<int id="y">810</int>
						<int id="h">39</int>
						<str id="name">tree_bare_bunch_1_1307992844123</str>
						<str id="sprite_class">tree_bare_bunch_1</str>
					</object>
					<object id="heights_bush_4_1307749098584">
						<int id="w">715</int>
						<int id="z">5</int>
						<int id="x">3648</int>
						<int id="y">784</int>
						<int id="h">24</int>
						<str id="name">heights_bush_4_1307741552494</str>
						<str id="sprite_class">heights_bush_4</str>
					</object>
					<object id="heights_bush_4_1307749098585">
						<int id="w">340</int>
						<int id="z">6</int>
						<int id="x">3884</int>
						<int id="y">788</int>
						<int id="h">37</int>
						<str id="name">heights_bush_4_1307741552494</str>
						<str id="sprite_class">heights_bush_4</str>
					</object>
				</object>
				<int id="w">5160</int>
				<int id="h">1000</int>
				<int id="z">-5</int>
				<object id="filtersNEW">
					<object id="contrast">
						<int id="value">-10</int>
					</object>
					<object id="blur">
						<int id="value">3</int>
					</object>
					<object id="saturation">
						<int id="value">-60</int>
					</object>
					<object id="tintColor">
						<int id="value">16763904</int>
					</object>
					<object id="tintAmount">
						<int id="value">80</int>
					</object>
					<object id="brightness">
						<int id="value">19</int>
					</object>
				</object>
				<str id="name">sky</str>
			</object>
			<object id="T_1308606077116">
				<object id="decos">
					<object id="bureaucratic_hall_light_ray_1_1308606077178">
						<int id="w">868</int>
						<int id="z">1</int>
						<int id="x">2664</int>
						<int id="y">877</int>
						<int id="h">61</int>
						<str id="name">bureaucratic_hall_light_ray_1_1308606077178</str>
						<str id="sprite_class">bureaucratic_hall_light_ray_1</str>
					</object>
					<object id="penaltybox_water_reflection_1308606077129">
						<int id="w">1196</int>
						<int id="z">0</int>
						<int id="x">2645</int>
						<int id="y">983</int>
						<int id="h">162</int>
						<str id="name">penaltybox_water_reflection_1308606077129</str>
						<str id="sprite_class">penaltybox_water_reflection</str>
					</object>
				</object>
				<int id="w">5820</int>
				<int id="h">1000</int>
				<int id="z">-2</int>
				<object id="filtersNEW">
					<object id="tintAmount">
						<int id="value">57</int>
					</object>
					<object id="tintColor">
						<int id="value">16777159</int>
					</object>
				</object>
				<str id="name">bg_1_oasis</str>
			</object>
			<object id="T_1307741552440">
				<object id="decos">
					<object id="lens_grass_1_1307987031066">
						<int id="w">125</int>
						<int id="z">44</int>
						<int id="x">4978</int>
						<int id="y">833</int>
						<int id="h">20</int>
						<str id="name">lens_grass_1_1307987031014</str>
						<str id="sprite_class">lens_grass_1</str>
					</object>
					<object id="lens_grass_1_1307987031065">
						<int id="w">125</int>
						<int id="z">43</int>
						<int id="x">4932</int>
						<int id="y">828</int>
						<int id="h">20</int>
						<str id="name">lens_grass_1_1307987031014</str>
						<str id="sprite_class">lens_grass_1</str>
					</object>
					<object id="lens_grass_1_1307992844142">
						<int id="w">103</int>
						<int id="z">57</int>
						<int id="x">3582</int>
						<int id="y">827</int>
						<int id="h">16</int>
						<str id="name">lens_grass_1_1307987031014</str>
						<str id="sprite_class">lens_grass_1</str>
					</object>
					<object id="lens_grass_1_1307987031048">
						<int id="w">97</int>
						<int id="z">34</int>
						<int id="x">305</int>
						<int id="y">793</int>
						<int id="h">24</int>
						<str id="name">lens_grass_1_1307987031014</str>
						<str id="sprite_class">lens_grass_1</str>
					</object>
					<object id="tree_acacia_2_1307992844131">
						<int id="w">301</int>
						<int id="z">47</int>
						<int id="x">4481</int>
						<int id="y">816</int>
						<int id="h">169</int>
						<str id="name">tree_acacia_2_1307749098540</str>
						<str id="sprite_class">tree_acacia_2</str>
					</object>
					<object id="tree_acacia_2_1307749098706">
						<int id="w">191</int>
						<int id="z">37</int>
						<int id="x">251</int>
						<int id="y">790</int>
						<int id="h">106</int>
						<str id="name">tree_acacia_2_1307749098540</str>
						<str id="sprite_class">tree_acacia_2</str>
					</object>
					<object id="lens_grass_2_1307749098467">
						<int id="w">1280</int>
						<int id="z">17</int>
						<int id="r">1</int>
						<int id="x">4675</int>
						<int id="y">869</int>
						<int id="h">73</int>
						<str id="name">lens_grass_2_1307741552444</str>
						<str id="sprite_class">lens_grass_2</str>
					</object>
					<object id="lens_grass_1_1307749098466">
						<int id="w">1282</int>
						<int id="z">4</int>
						<int id="r">1</int>
						<int id="x">5326</int>
						<int id="y">875</int>
						<int id="h">80</int>
						<str id="name">lens_grass_1_1307741552445</str>
						<str id="sprite_class">lens_grass_1</str>
					</object>
					<object id="lens_grass_2_1307741552470">
						<int id="w">1348</int>
						<int id="z">7</int>
						<int id="r">1</int>
						<int id="x">2667</int>
						<int id="y">863</int>
						<int id="h">73</int>
						<str id="name">lens_grass_2_1307741552444</str>
						<str id="sprite_class">lens_grass_2</str>
					</object>
					<object id="lens_grass_1_1307741552465">
						<int id="w">1317</int>
						<int id="z">11</int>
						<int id="r">1</int>
						<int id="x">871</int>
						<int id="y">861</int>
						<int id="h">86</int>
						<str id="name">lens_grass_1_1307741552445</str>
						<str id="sprite_class">lens_grass_1</str>
					</object>
					<object id="pampas_2_1307749098558">
						<int id="w">11</int>
						<int id="z">23</int>
						<int id="x">4498</int>
						<int id="y">814</int>
						<int id="h">17</int>
						<str id="name">pampas_2_1307749098499</str>
						<str id="sprite_class">pampas_2</str>
					</object>
					<object id="lens_grass_1_1307987031064">
						<int id="w">125</int>
						<int id="z">41</int>
						<int id="x">4871</int>
						<int id="y">820</int>
						<int id="h">20</int>
						<str id="name">lens_grass_1_1307987031014</str>
						<str id="sprite_class">lens_grass_1</str>
					</object>
					<object id="lens_grass_1_1307992844138">
						<int id="w">103</int>
						<int id="z">53</int>
						<int id="x">3498</int>
						<int id="y">813</int>
						<int id="h">16</int>
						<str id="name">lens_grass_1_1307987031014</str>
						<str id="sprite_class">lens_grass_1</str>
					</object>
					<object id="lens_grass_2_1307741552468">
						<int id="w">1392</int>
						<int id="z">8</int>
						<int id="x">1421</int>
						<int id="y">855</int>
						<int id="h">75</int>
						<str id="name">lens_grass_2_1307741552444</str>
						<str id="sprite_class">lens_grass_2</str>
					</object>
					<object id="pampas_1_1307749098549">
						<int id="w">9</int>
						<int id="z">21</int>
						<int id="x">5352</int>
						<int id="y">803</int>
						<int id="h">13</int>
						<str id="name">pampas_1_1307749098498</str>
						<str id="sprite_class">pampas_1</str>
					</object>
					<object id="lens_grass_2_1307741552472">
						<int id="w">1242</int>
						<int id="z">5</int>
						<int id="r">-2</int>
						<int id="x">3671</int>
						<int id="y">851</int>
						<int id="h">59</int>
						<str id="name">lens_grass_2_1307741552444</str>
						<str id="sprite_class">lens_grass_2</str>
					</object>
					<object id="lens_grass_1_1307987031067">
						<int id="w">125</int>
						<int id="z">45</int>
						<int id="x">4763</int>
						<int id="y">835</int>
						<int id="h">20</int>
						<str id="name">lens_grass_1_1307987031014</str>
						<str id="sprite_class">lens_grass_1</str>
					</object>
					<object id="lens_grass_1_1307987031044">
						<int id="w">125</int>
						<int id="z">13</int>
						<int id="x">769</int>
						<int id="y">797</int>
						<int id="h">20</int>
						<str id="name">lens_grass_1_1307987031014</str>
						<str id="sprite_class">lens_grass_1</str>
					</object>
					<object id="lens_grass_1_1307987031050">
						<int id="w">99</int>
						<int id="z">35</int>
						<int id="x">302</int>
						<int id="y">807</int>
						<int id="h">27</int>
						<str id="name">lens_grass_1_1307987031014</str>
						<str id="sprite_class">lens_grass_1</str>
					</object>
					<object id="gravel_2_1307749098656">
						<int id="w">24</int>
						<int id="z">32</int>
						<int id="x">78</int>
						<int id="y">796</int>
						<int id="h">13</int>
						<str id="name">gravel_2_1307741552484</str>
						<str id="sprite_class">gravel_2</str>
					</object>
					<object id="lens_grass_1_1307992844139">
						<int id="w">103</int>
						<int id="z">54</int>
						<int id="x">3551</int>
						<int id="y">816</int>
						<int id="h">16</int>
						<str id="name">lens_grass_1_1307987031014</str>
						<str id="sprite_class">lens_grass_1</str>
					</object>
					<object id="lens_grass_1_1307987031063">
						<int id="w">125</int>
						<int id="z">42</int>
						<int id="x">4952</int>
						<int id="y">822</int>
						<int id="h">20</int>
						<str id="name">lens_grass_1_1307987031014</str>
						<str id="sprite_class">lens_grass_1</str>
					</object>
					<object id="lens_grass_1_1307992844143">
						<int id="w">103</int>
						<int id="z">56</int>
						<int id="x">3633</int>
						<int id="y">821</int>
						<int id="h">16</int>
						<str id="name">lens_grass_1_1307987031014</str>
						<str id="sprite_class">lens_grass_1</str>
					</object>
					<object id="lens_grass_1_1307987031043">
						<int id="w">125</int>
						<int id="z">12</int>
						<int id="x">703</int>
						<int id="y">792</int>
						<int id="h">20</int>
						<str id="name">lens_grass_1_1307987031014</str>
						<str id="sprite_class">lens_grass_1</str>
					</object>
					<object id="lens_grass_1_1307987031049">
						<int id="w">117</int>
						<int id="z">33</int>
						<int id="x">260</int>
						<int id="y">785</int>
						<int id="h">17</int>
						<str id="name">lens_grass_1_1307987031014</str>
						<str id="sprite_class">lens_grass_1</str>
					</object>
					<object id="lens_grass_2_1307741552466">
						<int id="w">1202</int>
						<int id="z">10</int>
						<int id="x">232</int>
						<int id="y">838</int>
						<int id="h">72</int>
						<str id="name">lens_grass_2_1307741552444</str>
						<str id="sprite_class">lens_grass_2</str>
					</object>
					<object id="lens_grass_1_1307741552469">
						<int id="w">1229</int>
						<int id="z">16</int>
						<int id="x">3174</int>
						<int id="y">865</int>
						<int id="h">66</int>
						<str id="name">lens_grass_1_1307741552445</str>
						<str id="sprite_class">lens_grass_1</str>
					</object>
					<object id="lens_grass_1_1307987031051">
						<int id="w">99</int>
						<int id="z">36</int>
						<int id="x">186</int>
						<int id="y">790</int>
						<int id="h">22</int>
						<str id="name">lens_grass_1_1307987031014</str>
						<str id="sprite_class">lens_grass_1</str>
					</object>
					<object id="lens_grass_1_1307741552467">
						<int id="w">1426</int>
						<int id="z">9</int>
						<int id="r">1</int>
						<int id="x">2073</int>
						<int id="y">860</int>
						<int id="h">77</int>
						<str id="name">lens_grass_1_1307741552445</str>
						<str id="sprite_class">lens_grass_1</str>
					</object>
					<object id="lens_grass_1_1307992844141">
						<int id="w">103</int>
						<int id="z">55</int>
						<int id="x">3608</int>
						<int id="y">820</int>
						<int id="h">16</int>
						<str id="name">lens_grass_1_1307987031014</str>
						<str id="sprite_class">lens_grass_1</str>
					</object>
					<object id="pampas_1_1307749098547">
						<int id="w">13</int>
						<int id="z">18</int>
						<int id="x">5469</int>
						<int id="y">824</int>
						<int id="h">19</int>
						<str id="name">pampas_1_1307749098498</str>
						<str id="sprite_class">pampas_1</str>
					</object>
					<object id="lens_grass_1_1307987031045">
						<int id="w">97</int>
						<int id="z">14</int>
						<int id="x">760</int>
						<int id="y">808</int>
						<int id="h">24</int>
						<str id="name">lens_grass_1_1307987031014</str>
						<str id="sprite_class">lens_grass_1</str>
					</object>
					<object id="lens_grass_1_1307741552471">
						<int id="w">1172</int>
						<int id="z">6</int>
						<int id="x">4124</int>
						<int id="y">856</int>
						<int id="h">71</int>
						<str id="name">lens_grass_1_1307741552445</str>
						<str id="sprite_class">lens_grass_1</str>
					</object>
					<object id="lens_grass_1_1307987031046">
						<int id="w">97</int>
						<int id="z">15</int>
						<int id="x">799</int>
						<int id="y">815</int>
						<int id="h">24</int>
						<str id="name">lens_grass_1_1307987031014</str>
						<str id="sprite_class">lens_grass_1</str>
					</object>
					<object id="lens_grass_1_1307987031062">
						<int id="w">125</int>
						<int id="z">40</int>
						<int id="x">5009</int>
						<int id="y">815</int>
						<int id="h">20</int>
						<str id="name">lens_grass_1_1307987031014</str>
						<str id="sprite_class">lens_grass_1</str>
					</object>
				</object>
				<int id="w">5640</int>
				<int id="h">1000</int>
				<int id="z">-3</int>
				<object id="filtersNEW">
					<object id="saturation">
						<int id="value">10</int>
					</object>
					<object id="tintColor">
						<int id="value">0</int>
					</object>
					<object id="contrast">
						<int id="value">0</int>
					</object>
					<object id="blur">
						<int id="value">2</int>
					</object>
					<object id="brightness">
						<int id="value">20</int>
					</object>
				</object>
				<str id="name">bg_2</str>
			</object>
			<object id="T_1307741552442">
				<object id="decos">
					<object id="alakol_water_rock_2_1307749098575">
						<int id="w">23</int>
						<int id="z">2</int>
						<int id="x">3345</int>
						<int id="y">783</int>
						<int id="h">9</int>
						<str id="name">alakol_water_rock_2_1307749098574</str>
						<str id="sprite_class">alakol_water_rock_2</str>
					</object>
					<object id="alakol_water_rock_1_1307749098577">
						<int id="w">16</int>
						<int id="z">23</int>
						<int id="x">3233</int>
						<int id="y">787</int>
						<int id="h">13</int>
						<str id="name">alakol_water_rock_1_1307749098577</str>
						<str id="sprite_class">alakol_water_rock_1</str>
					</object>
					<object id="alakol_water_rock_2_1307749098576">
						<int id="w">35</int>
						<int id="z">22</int>
						<int id="x">3351</int>
						<int id="y">790</int>
						<int id="h">8</int>
						<str id="name">alakol_water_rock_2_1307749098574</str>
						<str id="sprite_class">alakol_water_rock_2</str>
					</object>
					<object id="lens_grass_2_1307749098475">
						<int id="w">1009</int>
						<int id="z">8</int>
						<int id="x">3136</int>
						<int id="y">831</int>
						<int id="h">55</int>
						<str id="name">lens_grass_2_1307741552444</str>
						<str id="sprite_class">lens_grass_2</str>
					</object>
					<object id="alakol_water_rock_1_1308037220491">
						<int id="w">54</int>
						<int id="z">32</int>
						<int id="x">1276</int>
						<int id="y">774</int>
						<int id="h">15</int>
						<str id="name">alakol_water_rock_1_1307749098577</str>
						<str id="sprite_class">alakol_water_rock_1</str>
					</object>
					<object id="lens_grass_1_1307749098476">
						<int id="w">1212</int>
						<int id="z">10</int>
						<int id="x">1869</int>
						<int id="y">832</int>
						<int id="h">68</int>
						<str id="name">lens_grass_1_1307741552445</str>
						<str id="sprite_class">lens_grass_1</str>
					</object>
					<object id="lens_grass_2_1307749098479">
						<int id="w">1152</int>
						<int id="z">11</int>
						<int id="r">1</int>
						<int id="x">1435</int>
						<int id="y">828</int>
						<int id="h">68</int>
						<str id="name">lens_grass_2_1307741552444</str>
						<str id="sprite_class">lens_grass_2</str>
					</object>
					<object id="lens_grass_1_1307749098478">
						<int id="w">1089</int>
						<int id="z">12</int>
						<int id="x">892</int>
						<int id="y">827</int>
						<int id="h">69</int>
						<str id="name">lens_grass_1_1307741552445</str>
						<str id="sprite_class">lens_grass_1</str>
					</object>
					<object id="alakol_water_rock_1_1307749098578">
						<int id="w">24</int>
						<int id="z">1</int>
						<int id="x">3249</int>
						<int id="y">779</int>
						<int id="h">7</int>
						<str id="name">alakol_water_rock_1_1307749098577</str>
						<str id="sprite_class">alakol_water_rock_1</str>
					</object>
					<object id="lens_grass_1_1307749098469">
						<int id="w">1140</int>
						<int id="z">6</int>
						<int id="x">4776</int>
						<int id="y">857</int>
						<int id="h">78</int>
						<str id="name">lens_grass_1_1307741552445</str>
						<str id="sprite_class">lens_grass_1</str>
					</object>
					<object id="tree_acacia_3_1307749098704">
						<int id="w">66</int>
						<int id="z">27</int>
						<int id="x">448</int>
						<int id="y">756</int>
						<int id="h">30</int>
						<str id="name">tree_acacia_3_1307749098496</str>
						<str id="sprite_class">tree_acacia_3</str>
					</object>
					<object id="lens_grass_2_1307749098473">
						<int id="w">1258</int>
						<int id="z">4</int>
						<int id="r">1</int>
						<int id="x">4283</int>
						<int id="y">841</int>
						<int id="h">71</int>
						<str id="name">lens_grass_2_1307741552444</str>
						<str id="sprite_class">lens_grass_2</str>
					</object>
					<object id="lens_grass_1_1307749098472">
						<int id="w">1289</int>
						<int id="z">7</int>
						<int id="x">3702</int>
						<int id="y">850</int>
						<int id="h">81</int>
						<str id="name">lens_grass_1_1307741552445</str>
						<str id="sprite_class">lens_grass_1</str>
					</object>
					<object id="tree_acacia_2_1307749098589">
						<int id="w">54</int>
						<int id="z">18</int>
						<int id="x">3820</int>
						<int id="y">782</int>
						<int id="h">31</int>
						<str id="name">tree_acacia_2_1307749098540</str>
						<str id="sprite_class">tree_acacia_2</str>
					</object>
					<object id="pampas_2_1307749098723">
						<int id="w">5</int>
						<int id="z">28</int>
						<int id="x">1411</int>
						<int id="y">784</int>
						<int id="h">8</int>
						<str id="name">pampas_2_1307749098499</str>
						<str id="sprite_class">pampas_2</str>
					</object>
					<object id="lens_grass_2_1307749098468">
						<int id="w">1035</int>
						<int id="z">5</int>
						<int id="r">1</int>
						<int id="x">5247</int>
						<int id="y">850</int>
						<int id="h">71</int>
						<str id="name">lens_grass_2_1307741552444</str>
						<str id="sprite_class">lens_grass_2</str>
					</object>
					<object id="tree_acacia_4_1307987031068">
						<int id="w">37</int>
						<int id="z">16</int>
						<int id="r">-11</int>
						<int id="x">3799</int>
						<bool id="h_flip">true</bool>
						<int id="y">778</int>
						<int id="h">31</int>
						<str id="name">tree_acacia_4_1307749098538</str>
						<str id="sprite_class">tree_acacia_4</str>
					</object>
					<object id="tree_acacia_4_1307749098591">
						<int id="w">44</int>
						<int id="z">15</int>
						<int id="x">3835</int>
						<bool id="h_flip">true</bool>
						<int id="y">779</int>
						<int id="h">33</int>
						<str id="name">tree_acacia_4_1307749098538</str>
						<str id="sprite_class">tree_acacia_4</str>
					</object>
					<object id="tree_acacia_3_1307749098588">
						<int id="w">67</int>
						<int id="z">26</int>
						<int id="x">4401</int>
						<int id="y">781</int>
						<int id="h">31</int>
						<str id="name">tree_acacia_3_1307749098496</str>
						<str id="sprite_class">tree_acacia_3</str>
					</object>
					<object id="lens_grass_1_1307749098474">
						<int id="w">1322</int>
						<int id="z">9</int>
						<int id="x">2721</int>
						<int id="y">860</int>
						<int id="h">85</int>
						<str id="name">lens_grass_1_1307741552445</str>
						<str id="sprite_class">lens_grass_1</str>
					</object>
					<object id="lens_grass_2_1307749098477">
						<int id="w">1106</int>
						<int id="z">3</int>
						<int id="r">1</int>
						<int id="x">2474</int>
						<int id="y">806</int>
						<int id="h">36</int>
						<str id="name">lens_grass_2_1307741552444</str>
						<str id="sprite_class">lens_grass_2</str>
					</object>
					<object id="alakol_cliff_1_1307987031086">
						<int id="w">87</int>
						<int id="z">30</int>
						<int id="r">1</int>
						<int id="x">2571</int>
						<int id="y">778</int>
						<int id="h">11</int>
						<str id="name">alakol_cliff_1_1307749098572</str>
						<str id="sprite_class">alakol_cliff_1</str>
					</object>
					<object id="alakol_water_rock_1_1307987031088">
						<int id="w">41</int>
						<int id="z">31</int>
						<int id="x">2304</int>
						<int id="y">775</int>
						<int id="h">11</int>
						<str id="name">alakol_water_rock_1_1307749098577</str>
						<str id="sprite_class">alakol_water_rock_1</str>
					</object>
					<object id="alakol_cliff_2_1307749098573">
						<int id="w">39</int>
						<int id="z">20</int>
						<int id="x">3339</int>
						<int id="y">786</int>
						<int id="h">7</int>
						<str id="name">alakol_cliff_2_1307749098573</str>
						<str id="sprite_class">alakol_cliff_2</str>
					</object>
					<object id="lens_grass_1_1307749098480">
						<int id="w">1063</int>
						<int id="z">14</int>
						<int id="x">449</int>
						<int id="y">838</int>
						<int id="h">85</int>
						<str id="name">lens_grass_1_1307741552445</str>
						<str id="sprite_class">lens_grass_1</str>
					</object>
					<object id="alakol_water_rock_2_1307987031089">
						<int id="w">18</int>
						<int id="z">33</int>
						<int id="x">2593</int>
						<int id="y">782</int>
						<int id="h">13</int>
						<str id="name">alakol_water_rock_2_1307749098574</str>
						<str id="sprite_class">alakol_water_rock_2</str>
					</object>
					<object id="alakol_water_rock_2_1307749098574">
						<int id="w">29</int>
						<int id="z">21</int>
						<int id="x">3298</int>
						<int id="y">787</int>
						<int id="h">11</int>
						<str id="name">alakol_water_rock_2_1307749098574</str>
						<str id="sprite_class">alakol_water_rock_2</str>
					</object>
					<object id="alakol_cliff_2_1307987031085">
						<int id="w">36</int>
						<int id="z">29</int>
						<int id="x">2579</int>
						<int id="y">769</int>
						<int id="h">7</int>
						<str id="name">alakol_cliff_2_1307749098573</str>
						<str id="sprite_class">alakol_cliff_2</str>
					</object>
					<object id="alakol_cliff_1_1307749098572">
						<int id="w">83</int>
						<int id="z">19</int>
						<int id="r">-1</int>
						<int id="x">3265</int>
						<int id="y">784</int>
						<int id="h">8</int>
						<str id="name">alakol_cliff_1_1307749098572</str>
						<str id="sprite_class">alakol_cliff_1</str>
					</object>
					<object id="alakol_water_rock_2_1307987031087">
						<int id="w">34</int>
						<int id="z">0</int>
						<int id="r">15</int>
						<int id="x">2554</int>
						<int id="y">774</int>
						<int id="h">13</int>
						<str id="name">alakol_water_rock_2_1307749098574</str>
						<str id="sprite_class">alakol_water_rock_2</str>
					</object>
					<object id="lens_grass_2_1307749098481">
						<int id="w">934</int>
						<int id="z">13</int>
						<int id="r">1</int>
						<int id="x">67</int>
						<int id="y">816</int>
						<int id="h">71</int>
						<str id="name">lens_grass_2_1307741552444</str>
						<str id="sprite_class">lens_grass_2</str>
					</object>
					<object id="tree_acacia_4_1307749098539">
						<int id="w">40</int>
						<int id="z">17</int>
						<int id="x">5363</int>
						<int id="y">790</int>
						<int id="h">30</int>
						<str id="name">tree_acacia_4_1307749098538</str>
						<str id="sprite_class">tree_acacia_4</str>
					</object>
					<object id="alakol_water_rock_1_1307749098579">
						<int id="w">27</int>
						<int id="z">24</int>
						<int id="x">3323</int>
						<int id="y">789</int>
						<int id="h">8</int>
						<str id="name">alakol_water_rock_1_1307749098577</str>
						<str id="sprite_class">alakol_water_rock_1</str>
					</object>
					<object id="heights_bush_2_1307749098583">
						<int id="w">18</int>
						<int id="z">25</int>
						<int id="x">3267</int>
						<int id="y">785</int>
						<int id="h">8</int>
						<str id="name">heights_bush_2_1307741552493</str>
						<str id="sprite_class">heights_bush_2</str>
					</object>
				</object>
				<int id="w">5400</int>
				<int id="h">1000</int>
				<int id="z">-4</int>
				<object id="filtersNEW">
					<object id="saturation">
						<int id="value">6</int>
					</object>
					<object id="tintColor">
						<int id="value">0</int>
					</object>
					<object id="contrast">
						<int id="value">0</int>
					</object>
					<object id="blur">
						<int id="value">3</int>
					</object>
					<object id="brightness">
						<int id="value">25</int>
					</object>
				</object>
				<str id="name">bg_3</str>
			</object>
			<object id="T_1307741552438">
				<object id="decos">
					<object id="stalagmite_base_1_1307992844146">
						<int id="w">143</int>
						<int id="z">28</int>
						<int id="x">2946</int>
						<int id="y">970</int>
						<int id="h">38</int>
						<str id="name">stalagmite_base_1_1307741552479</str>
						<str id="sprite_class">stalagmite_base_1</str>
					</object>
					<object id="lens_grass_1_1307987031057">
						<int id="w">365</int>
						<int id="z">25</int>
						<int id="x">2684</int>
						<int id="y">1038</int>
						<int id="h">90</int>
						<str id="name">lens_grass_1_1307987031014</str>
						<str id="sprite_class">lens_grass_1</str>
					</object>
					<object id="lens_grass_1_1307987031019">
						<int id="w">285</int>
						<int id="z">11</int>
						<int id="x">4824</int>
						<int id="y">967</int>
						<int id="h">60</int>
						<str id="name">lens_grass_1_1307987031014</str>
						<str id="sprite_class">lens_grass_1</str>
					</object>
					<object id="lens_grass_1_1307987031058">
						<int id="w">365</int>
						<int id="z">27</int>
						<int id="x">2465</int>
						<int id="y">1052</int>
						<int id="h">90</int>
						<str id="name">lens_grass_1_1307987031014</str>
						<str id="sprite_class">lens_grass_1</str>
					</object>
					<object id="stalagmite_base_2_1307749098615">
						<int id="w">227</int>
						<int id="z">3</int>
						<int id="x">207</int>
						<int id="y">986</int>
						<int id="h">34</int>
						<str id="name">stalagmite_base_2_1307741552480</str>
						<str id="sprite_class">stalagmite_base_2</str>
					</object>
					<object id="lens_grass_1_1307987031021">
						<int id="w">338</int>
						<int id="z">8</int>
						<int id="r">1</int>
						<int id="x">5069</int>
						<int id="y">971</int>
						<int id="h">59</int>
						<str id="name">lens_grass_1_1307987031014</str>
						<str id="sprite_class">lens_grass_1</str>
					</object>
					<object id="lens_grass_1_1307987031053">
						<int id="w">365</int>
						<int id="z">18</int>
						<int id="x">673</int>
						<int id="y">1008</int>
						<int id="h">100</int>
						<str id="name">lens_grass_1_1307987031014</str>
						<str id="sprite_class">lens_grass_1</str>
					</object>
					<object id="lens_grass_1_1307987031022">
						<int id="w">593</int>
						<int id="z">12</int>
						<int id="x">4577</int>
						<int id="y">1004</int>
						<int id="h">79</int>
						<str id="name">lens_grass_1_1307987031014</str>
						<str id="sprite_class">lens_grass_1</str>
					</object>
					<object id="stalagmite_base_1_1307749098618">
						<int id="w">82</int>
						<int id="z">5</int>
						<int id="x">178</int>
						<int id="y">971</int>
						<int id="h">22</int>
						<str id="name">stalagmite_base_1_1307741552479</str>
						<str id="sprite_class">stalagmite_base_1</str>
					</object>
					<object id="gravel_2_1307749098654">
						<int id="w">44</int>
						<int id="z">7</int>
						<int id="x">171</int>
						<int id="y">992</int>
						<int id="h">24</int>
						<str id="name">gravel_2_1307741552484</str>
						<str id="sprite_class">gravel_2</str>
					</object>
					<object id="gravel_2_1307749098653">
						<int id="w">24</int>
						<int id="z">6</int>
						<int id="x">272</int>
						<int id="y">970</int>
						<int id="h">13</int>
						<str id="name">gravel_2_1307741552484</str>
						<str id="sprite_class">gravel_2</str>
					</object>
					<object id="stalagmite_base_3_1307992844147">
						<int id="w">93</int>
						<int id="z">29</int>
						<int id="x">3032</int>
						<int id="y">984</int>
						<int id="h">19</int>
						<str id="name">stalagmite_base_3_1307741552481</str>
						<str id="sprite_class">stalagmite_base_3</str>
					</object>
					<object id="pampas_2_1307749098692">
						<int id="w">53</int>
						<int id="z">13</int>
						<int id="x">4971</int>
						<int id="y">954</int>
						<int id="h">82</int>
						<str id="name">pampas_2_1307749098499</str>
						<str id="sprite_class">pampas_2</str>
					</object>
					<object id="lens_grass_1_1307987031020">
						<int id="w">285</int>
						<int id="z">14</int>
						<int id="x">5105</int>
						<int id="y">988</int>
						<int id="h">60</int>
						<str id="name">lens_grass_1_1307987031014</str>
						<str id="sprite_class">lens_grass_1</str>
					</object>
					<object id="lens_grass_1_1307987031054">
						<int id="w">365</int>
						<int id="z">24</int>
						<int id="x">510</int>
						<int id="y">1042</int>
						<int id="h">100</int>
						<str id="name">lens_grass_1_1307987031014</str>
						<str id="sprite_class">lens_grass_1</str>
					</object>
					<object id="stalagmite_base_3_1307992844148">
						<int id="w">66</int>
						<int id="z">30</int>
						<int id="x">2942</int>
						<int id="y">997</int>
						<int id="h">13</int>
						<str id="name">stalagmite_base_3_1307741552481</str>
						<str id="sprite_class">stalagmite_base_3</str>
					</object>
					<object id="lens_grass_1_1307987031059">
						<int id="w">365</int>
						<int id="z">26</int>
						<int id="x">2244</int>
						<int id="y">1029</int>
						<int id="h">75</int>
						<str id="name">lens_grass_1_1307987031014</str>
						<str id="sprite_class">lens_grass_1</str>
					</object>
					<object id="lens_grass_1_1307987031018">
						<int id="w">465</int>
						<int id="z">0</int>
						<int id="x">5733</int>
						<int id="y">990</int>
						<int id="h">78</int>
						<str id="name">lens_grass_1_1307987031014</str>
						<str id="sprite_class">lens_grass_1</str>
					</object>
					<object id="gravel_2_1307749098655">
						<int id="w">24</int>
						<int id="z">9</int>
						<int id="x">151</int>
						<int id="y">990</int>
						<int id="h">13</int>
						<str id="name">gravel_2_1307741552484</str>
						<str id="sprite_class">gravel_2</str>
					</object>
					<object id="tree_acacia_3_1307984015712">
						<int id="w">1678</int>
						<int id="z">16</int>
						<int id="x">4465</int>
						<int id="y">983</int>
						<int id="h">768</int>
						<str id="name">tree_acacia_3_1307749098496</str>
						<str id="sprite_class">tree_acacia_3</str>
					</object>
				</object>
				<int id="w">6000</int>
				<int id="h">1000</int>
				<int id="z">1</int>
				<object id="filtersNEW">
					<object id="saturation">
						<int id="value">18</int>
					</object>
					<object id="tintColor">
						<int id="value">0</int>
					</object>
					<object id="contrast">
						<int id="value">0</int>
					</object>
					<object id="blur">
						<int id="value">0</int>
					</object>
					<object id="brightness">
						<int id="value">9</int>
					</object>
				</object>
				<str id="name">middleplus</str>
			</object>
			<object id="T_1307741552439">
				<object id="decos">
					<object id="gravel_2_1307749098660">
						<int id="w">26</int>
						<int id="z">42</int>
						<int id="r">-3</int>
						<int id="x">999</int>
						<int id="y">829</int>
						<int id="h">14</int>
						<str id="name">gravel_2_1307741552484</str>
						<str id="sprite_class">gravel_2</str>
					</object>
					<object id="stalagmite_base_3_1307749098630">
						<int id="w">48</int>
						<int id="z">40</int>
						<int id="x">1119</int>
						<int id="y">808</int>
						<int id="h">11</int>
						<str id="name">stalagmite_base_3_1307741552481</str>
						<str id="sprite_class">stalagmite_base_3</str>
					</object>
					<object id="stalagmite_base_3_1307749098626">
						<int id="w">93</int>
						<int id="z">36</int>
						<int id="x">865</int>
						<int id="y">833</int>
						<int id="h">19</int>
						<str id="name">stalagmite_base_3_1307741552481</str>
						<str id="sprite_class">stalagmite_base_3</str>
					</object>
					<object id="lens_grass_1_1308606077122">
						<int id="w">226</int>
						<int id="z">20</int>
						<int id="x">1997</int>
						<int id="y">890</int>
						<int id="h">59</int>
						<str id="name">lens_grass_1_1307987031014</str>
						<str id="sprite_class">lens_grass_1</str>
					</object>
					<object id="stalagmite_base_3_1307749098631">
						<int id="w">48</int>
						<int id="z">41</int>
						<int id="x">1062</int>
						<int id="y">834</int>
						<int id="h">11</int>
						<str id="name">stalagmite_base_3_1307741552481</str>
						<str id="sprite_class">stalagmite_base_3</str>
					</object>
					<object id="stalagmite_base_1_1307749098629">
						<int id="w">98</int>
						<int id="z">39</int>
						<int id="x">1107</int>
						<int id="y">821</int>
						<int id="h">26</int>
						<str id="name">stalagmite_base_1_1307741552479</str>
						<str id="sprite_class">stalagmite_base_1</str>
					</object>
					<object id="lens_grass_1_1307987031040">
						<int id="w">190</int>
						<int id="z">24</int>
						<int id="x">2750</int>
						<int id="y">847</int>
						<int id="h">40</int>
						<str id="name">lens_grass_1_1307987031014</str>
						<str id="sprite_class">lens_grass_1</str>
					</object>
					<object id="pampas_2_1308606077162">
						<int id="w">15</int>
						<int id="z">54</int>
						<int id="x">2474</int>
						<int id="y">825</int>
						<int id="h">23</int>
						<str id="name">pampas_2_1307749098499</str>
						<str id="sprite_class">pampas_2</str>
					</object>
					<object id="lens_grass_1_1308606077120">
						<int id="w">193</int>
						<int id="z">17</int>
						<int id="x">2217</int>
						<int id="y">857</int>
						<int id="h">50</int>
						<str id="name">lens_grass_1_1307987031014</str>
						<str id="sprite_class">lens_grass_1</str>
					</object>
					<object id="heights_bush_2_1308606077176">
						<int id="w">75</int>
						<int id="z">2</int>
						<int id="x">2881</int>
						<int id="y">821</int>
						<int id="h">33</int>
						<str id="name">heights_bush_2_1307741552493</str>
						<str id="sprite_class">heights_bush_2</str>
					</object>
					<object id="lens_grass_1_1307987031070">
						<int id="w">241</int>
						<int id="z">52</int>
						<int id="x">4186</int>
						<int id="y">862</int>
						<int id="h">39</int>
						<str id="name">lens_grass_1_1307987031014</str>
						<str id="sprite_class">lens_grass_1</str>
					</object>
					<object id="tree_acacia_2_1308037220490">
						<int id="w">606</int>
						<int id="z">53</int>
						<int id="x">1428</int>
						<int id="y">838</int>
						<int id="h">391</int>
						<str id="name">tree_acacia_2_1307749098540</str>
						<str id="sprite_class">tree_acacia_2</str>
					</object>
					<object id="heights_bush_1_1308606077174">
						<int id="w">68</int>
						<int id="z">0</int>
						<int id="x">2807</int>
						<int id="y">817</int>
						<int id="h">40</int>
						<str id="name">heights_bush_1_1308606077174</str>
						<str id="sprite_class">heights_bush_1</str>
					</object>
					<object id="lens_grass_1_1307987031095">
						<int id="w">179</int>
						<int id="z">45</int>
						<int id="x">1839</int>
						<int id="y">855</int>
						<int id="h">36</int>
						<str id="name">lens_grass_1_1307987031014</str>
						<str id="sprite_class">lens_grass_1</str>
					</object>
					<object id="stalagmite_base_1_1307749098624">
						<int id="w">126</int>
						<int id="z">34</int>
						<int id="x">948</int>
						<int id="y">817</int>
						<int id="h">29</int>
						<str id="name">stalagmite_base_1_1307741552479</str>
						<str id="sprite_class">stalagmite_base_1</str>
					</object>
					<object id="tree_acacia_3_1308606077160">
						<int id="w">585</int>
						<int id="z">4</int>
						<int id="x">2164</int>
						<int id="y">816</int>
						<int id="h">271</int>
						<str id="name">tree_acacia_3_1307749098496</str>
						<str id="sprite_class">tree_acacia_3</str>
					</object>
					<object id="lens_grass_1_1307987031039">
						<int id="w">190</int>
						<int id="z">32</int>
						<int id="x">2886</int>
						<int id="y">855</int>
						<int id="h">40</int>
						<str id="name">lens_grass_1_1307987031014</str>
						<str id="sprite_class">lens_grass_1</str>
					</object>
					<object id="pampas_2_1307749098731">
						<int id="w">25</int>
						<int id="z">46</int>
						<int id="x">2195</int>
						<int id="y">858</int>
						<int id="h">38</int>
						<str id="name">pampas_2_1307749098499</str>
						<str id="sprite_class">pampas_2</str>
					</object>
					<object id="lens_grass_2_1307741552462">
						<int id="w">2075</int>
						<int id="z">8</int>
						<int id="x">4457</int>
						<int id="y">913</int>
						<int id="h">97</int>
						<str id="name">lens_grass_2_1307741552444</str>
						<str id="sprite_class">lens_grass_2</str>
					</object>
					<object id="tree_acacia_1_1307992844130">
						<int id="w">435</int>
						<int id="z">1</int>
						<int id="x">2840</int>
						<int id="y">823</int>
						<int id="h">271</int>
						<str id="name">tree_acacia_1_1307749098541</str>
						<str id="sprite_class">tree_acacia_1</str>
					</object>
					<object id="lens_grass_1_1307741552463">
						<int id="w">1718</int>
						<int id="z">10</int>
						<int id="r">-1</int>
						<int id="x">5299</int>
						<int id="y">912</int>
						<int id="h">89</int>
						<str id="name">lens_grass_1_1307741552445</str>
						<str id="sprite_class">lens_grass_1</str>
					</object>
					<object id="lens_grass_1_1308606077181">
						<int id="w">212</int>
						<int id="z">26</int>
						<int id="r">2</int>
						<int id="x">3301</int>
						<int id="y">847</int>
						<int id="h">24</int>
						<str id="name">lens_grass_1_1307987031014</str>
						<str id="sprite_class">lens_grass_1</str>
					</object>
					<object id="lens_grass_1_1308606077125">
						<int id="w">199</int>
						<int id="z">25</int>
						<int id="x">3011</int>
						<int id="y">841</int>
						<int id="h">29</int>
						<str id="name">lens_grass_1_1307987031014</str>
						<str id="sprite_class">lens_grass_1</str>
					</object>
					<object id="lens_grass_1_1308606077121">
						<int id="w">193</int>
						<int id="z">18</int>
						<int id="x">2093</int>
						<int id="y">871</int>
						<int id="h">50</int>
						<str id="name">lens_grass_1_1307987031014</str>
						<str id="sprite_class">lens_grass_1</str>
					</object>
					<object id="lens_grass_1_1308606077117">
						<int id="w">190</int>
						<int id="z">23</int>
						<int id="x">2619</int>
						<int id="y">835</int>
						<int id="h">30</int>
						<str id="name">lens_grass_1_1307987031014</str>
						<str id="sprite_class">lens_grass_1</str>
					</object>
					<object id="lens_grass_1_1308606077118">
						<int id="w">190</int>
						<int id="z">13</int>
						<int id="x">2499</int>
						<int id="y">824</int>
						<int id="h">21</int>
						<str id="name">lens_grass_1_1307987031014</str>
						<str id="sprite_class">lens_grass_1</str>
					</object>
					<object id="pampas_2_1308606077173">
						<int id="w">18</int>
						<int id="z">57</int>
						<int id="x">2805</int>
						<int id="y">844</int>
						<int id="h">28</int>
						<str id="name">pampas_2_1307749098499</str>
						<str id="sprite_class">pampas_2</str>
					</object>
					<object id="stalagmite_base_3_1307749098627">
						<int id="w">93</int>
						<int id="z">37</int>
						<int id="x">901</int>
						<int id="y">837</int>
						<int id="h">19</int>
						<str id="name">stalagmite_base_3_1307741552481</str>
						<str id="sprite_class">stalagmite_base_3</str>
					</object>
					<object id="pampas_2_1308606077164">
						<int id="w">19</int>
						<int id="z">56</int>
						<int id="x">3025</int>
						<int id="y">843</int>
						<int id="h">29</int>
						<str id="name">pampas_2_1307749098499</str>
						<str id="sprite_class">pampas_2</str>
					</object>
					<object id="lens_grass_1_1307987031052">
						<int id="w">213</int>
						<int id="z">50</int>
						<int id="x">3</int>
						<int id="y">856</int>
						<int id="h">45</int>
						<str id="name">lens_grass_1_1307987031014</str>
						<str id="sprite_class">lens_grass_1</str>
					</object>
					<object id="lens_grass_1_1308606077126">
						<int id="w">291</int>
						<int id="z">27</int>
						<int id="x">3171</int>
						<int id="y">865</int>
						<int id="h">50</int>
						<str id="name">lens_grass_1_1307987031014</str>
						<str id="sprite_class">lens_grass_1</str>
					</object>
					<object id="pampas_2_1308606077169">
						<int id="w">25</int>
						<int id="z">49</int>
						<int id="x">2106</int>
						<int id="y">891</int>
						<int id="h">38</int>
						<str id="name">pampas_2_1307749098499</str>
						<str id="sprite_class">pampas_2</str>
					</object>
					<object id="pampas_2_1307749098499">
						<int id="w">26</int>
						<int id="z">12</int>
						<int id="x">5595</int>
						<int id="y">865</int>
						<int id="h">40</int>
						<str id="name">pampas_2_1307749098499</str>
						<str id="sprite_class">pampas_2</str>
					</object>
					<object id="lens_grass_1_1307741552459">
						<int id="w">1254</int>
						<int id="z">7</int>
						<int id="x">1583</int>
						<int id="y">898</int>
						<int id="h">91</int>
						<str id="name">lens_grass_1_1307741552445</str>
						<str id="sprite_class">lens_grass_1</str>
					</object>
					<object id="stalagmite_base_1_1307749098628">
						<int id="w">45</int>
						<int id="z">38</int>
						<int id="x">863</int>
						<int id="y">825</int>
						<int id="h">18</int>
						<str id="name">stalagmite_base_1_1307741552479</str>
						<str id="sprite_class">stalagmite_base_1</str>
					</object>
					<object id="lens_grass_1_1308606077124">
						<int id="w">167</int>
						<int id="z">22</int>
						<int id="x">1979</int>
						<int id="y">927</int>
						<int id="h">55</int>
						<str id="name">lens_grass_1_1307987031014</str>
						<str id="sprite_class">lens_grass_1</str>
					</object>
					<object id="heights_bush_2_1308606077177">
						<int id="w">75</int>
						<int id="z">3</int>
						<int id="x">2140</int>
						<int id="y">813</int>
						<int id="h">33</int>
						<str id="name">heights_bush_2_1307741552493</str>
						<str id="sprite_class">heights_bush_2</str>
					</object>
					<object id="gravel_2_1307749098659">
						<int id="w">20</int>
						<int id="z">35</int>
						<int id="x">882</int>
						<int id="y">817</int>
						<int id="h">11</int>
						<str id="name">gravel_2_1307741552484</str>
						<str id="sprite_class">gravel_2</str>
					</object>
					<object id="pampas_2_1308606077161">
						<int id="w">22</int>
						<int id="z">47</int>
						<int id="r">-25</int>
						<int id="x">2190</int>
						<int id="y">857</int>
						<int id="h">34</int>
						<str id="name">pampas_2_1307749098499</str>
						<str id="sprite_class">pampas_2</str>
					</object>
					<object id="pampas_2_1308606077163">
						<int id="w">19</int>
						<int id="z">55</int>
						<int id="r">-20</int>
						<int id="x">2461</int>
						<int id="y">825</int>
						<int id="h">29</int>
						<str id="name">pampas_2_1307749098499</str>
						<str id="sprite_class">pampas_2</str>
					</object>
					<object id="lens_grass_1_1307741552458">
						<int id="w">1626</int>
						<int id="z">6</int>
						<int id="x">207</int>
						<int id="y">918</int>
						<int id="h">110</int>
						<str id="name">lens_grass_1_1307741552445</str>
						<str id="sprite_class">lens_grass_1</str>
					</object>
					<object id="stalagmite_base_2_1307749098625">
						<int id="w">191</int>
						<int id="z">33</int>
						<int id="x">939</int>
						<int id="y">830</int>
						<int id="h">36</int>
						<str id="name">stalagmite_base_2_1307741552480</str>
						<str id="sprite_class">stalagmite_base_2</str>
					</object>
					<object id="lens_grass_1_1308606077131">
						<int id="w">193</int>
						<int id="z">15</int>
						<int id="x">2054</int>
						<int id="y">833</int>
						<int id="h">33</int>
						<str id="name">lens_grass_1_1307987031014</str>
						<str id="sprite_class">lens_grass_1</str>
					</object>
					<object id="gravel_2_1307749098661">
						<int id="w">20</int>
						<int id="z">43</int>
						<int id="x">977</int>
						<int id="y">832</int>
						<int id="h">11</int>
						<str id="name">gravel_2_1307741552484</str>
						<str id="sprite_class">gravel_2</str>
					</object>
					<object id="pampas_2_1308606077165">
						<int id="w">23</int>
						<int id="z">58</int>
						<int id="x">3047</int>
						<int id="y">851</int>
						<int id="h">35</int>
						<str id="name">pampas_2_1307749098499</str>
						<str id="sprite_class">pampas_2</str>
					</object>
					<object id="lens_grass_1_1308606077128">
						<int id="w">285</int>
						<int id="z">31</int>
						<int id="x">3245</int>
						<int id="y">914</int>
						<int id="h">55</int>
						<str id="name">lens_grass_1_1307987031014</str>
						<str id="sprite_class">lens_grass_1</str>
					</object>
					<object id="lens_grass_1_1308606077127">
						<int id="w">238</int>
						<int id="z">28</int>
						<int id="x">3264</int>
						<int id="y">888</int>
						<int id="h">61</int>
						<str id="name">lens_grass_1_1307987031014</str>
						<str id="sprite_class">lens_grass_1</str>
					</object>
					<object id="lens_grass_1_1308606077179">
						<int id="w">217</int>
						<int id="z">29</int>
						<int id="x">3402</int>
						<int id="y">892</int>
						<int id="h">47</int>
						<str id="name">lens_grass_1_1307987031014</str>
						<str id="sprite_class">lens_grass_1</str>
					</object>
					<object id="lens_grass_1_1308606077119">
						<int id="w">263</int>
						<int id="z">14</int>
						<int id="x">2339</int>
						<int id="y">837</int>
						<int id="h">34</int>
						<str id="name">lens_grass_1_1307987031014</str>
						<str id="sprite_class">lens_grass_1</str>
					</object>
					<object id="lens_grass_1_1307987031069">
						<int id="w">241</int>
						<int id="z">51</int>
						<int id="x">4106</int>
						<int id="y">853</int>
						<int id="h">39</int>
						<str id="name">lens_grass_1_1307987031014</str>
						<str id="sprite_class">lens_grass_1</str>
					</object>
					<object id="pampas_2_1308606077168">
						<int id="w">16</int>
						<int id="z">48</int>
						<int id="r">-15</int>
						<int id="x">2216</int>
						<int id="y">855</int>
						<int id="h">24</int>
						<str id="name">pampas_2_1307749098499</str>
						<str id="sprite_class">pampas_2</str>
					</object>
					<object id="pampas_2_1308606077167">
						<int id="w">22</int>
						<int id="z">30</int>
						<int id="x">3161</int>
						<int id="y">869</int>
						<int id="h">34</int>
						<str id="name">pampas_2_1307749098499</str>
						<str id="sprite_class">pampas_2</str>
					</object>
					<object id="lens_grass_1_1308606077133">
						<int id="w">185</int>
						<int id="z">19</int>
						<int id="x">1919</int>
						<int id="y">843</int>
						<int id="h">35</int>
						<str id="name">lens_grass_1_1307987031014</str>
						<str id="sprite_class">lens_grass_1</str>
					</object>
					<object id="lens_grass_1_1308606077130">
						<int id="w">193</int>
						<int id="z">16</int>
						<int id="x">2113</int>
						<int id="y">846</int>
						<int id="h">39</int>
						<str id="name">lens_grass_1_1307987031014</str>
						<str id="sprite_class">lens_grass_1</str>
					</object>
					<object id="tree_acacia_3_1307749098496">
						<int id="w">863</int>
						<int id="z">11</int>
						<int id="x">5591</int>
						<int id="y">862</int>
						<int id="h">395</int>
						<str id="name">tree_acacia_3_1307749098496</str>
						<str id="sprite_class">tree_acacia_3</str>
					</object>
					<object id="lens_grass_1_1308606077123">
						<int id="w">226</int>
						<int id="z">21</int>
						<int id="x">2006</int>
						<int id="y">908</int>
						<int id="h">59</int>
						<str id="name">lens_grass_1_1307987031014</str>
						<str id="sprite_class">lens_grass_1</str>
					</object>
					<object id="tree_acacia_1_1307992844129">
						<int id="w">717</int>
						<int id="z">44</int>
						<int id="x">984</int>
						<int id="y">851</int>
						<int id="h">446</int>
						<str id="name">tree_acacia_1_1307749098552</str>
						<str id="sprite_class">tree_acacia_1</str>
					</object>
					<object id="lens_grass_2_1307741552457">
						<int id="w">1670</int>
						<int id="z">5</int>
						<int id="x">977</int>
						<int id="y">904</int>
						<int id="h">99</int>
						<str id="name">lens_grass_2_1307741552444</str>
						<str id="sprite_class">lens_grass_2</str>
					</object>
					<object id="lens_grass_1_1307741552461">
						<int id="w">1372</int>
						<int id="z">9</int>
						<int id="r">1</int>
						<int id="x">3818</int>
						<int id="y">912</int>
						<int id="h">92</int>
						<str id="name">lens_grass_1_1307741552445</str>
						<str id="sprite_class">lens_grass_1</str>
					</object>
				</object>
				<int id="w">5820</int>
				<int id="h">1000</int>
				<int id="z">-1</int>
				<object id="filtersNEW">
					<object id="saturation">
						<int id="value">13</int>
					</object>
					<object id="tintColor">
						<int id="value">0</int>
					</object>
					<object id="contrast">
						<int id="value">0</int>
					</object>
					<object id="blur">
						<int id="value">0</int>
					</object>
					<object id="brightness">
						<int id="value">13</int>
					</object>
				</object>
				<str id="name">bg_1</str>
			</object>
		</object>
		<null id="loading_label"/>
		<int id="ground_y">0</int>
		<int id="rookable_type">0</int>
		<null id="physics"/>
		<null id="img_file_versioned"/>
		<str id="tsid">LA57JSVQRH423HV</str>
		<str id="swf_file_versioned">http://c2.glitch.bz/locations/groddle1/1316726082.swf</str>
		<object id="gradient">
			<str id="top">7395BF</str>
			<str id="bottom">FFD859</str>
		</object>
		<object id="sources">
			<int id="LA5THPDOLK42GRD">1</int>
			<int id="LA57LTPQBK42SLV">1</int>
			<int id="LA59DJ1KSH42F4L">1</int>
			<int id="LA5ASS2OEH42TSV">1</int>
			<int id="LA5M6H0P2I42BQJ">1</int>
			<int id="LA5DNE9DVJ429P8">1</int>
		</object>
		<str id="music_file"></str>
		<bool id="wall_jump">false</bool>
		<bool id="no_zoom">false</bool>
	</object>
</game_object>
