<game_object tsid="GA5C1CH8TDH277B" ts="1353373727902" label="Polenta Qado" class_tsid="" lastUpdateTime="1353373723" upd_gs="gs8" load_time="2012-11-19 17:03:30.000" upd_time="2012-11-19 17:01:12.274">
	<object id="dynamic">
		<int id="l">-1000</int>
		<int id="r">1000</int>
		<int id="t">-1500</int>
		<int id="b">0</int>
		<str id="label">Polenta Qado</str>
		<str id="swf_file">groddle1.swf</str>
		<object id="layers">
			<object id="T_1317326758262">
				<int id="w">2080</int>
				<str id="name">foreground</str>
				<object id="filtersNEW">
					<object id="saturation">
						<int id="value">-60</int>
					</object>
					<object id="blur">
						<int id="value">4</int>
					</object>
					<object id="contrast">
						<int id="value">25</int>
					</object>
					<object id="tintColor">
						<int id="value">0</int>
					</object>
					<object id="brightness">
						<int id="value">-70</int>
					</object>
				</object>
				<int id="h">1545</int>
				<object id="decos">
					<object id="stalagmite_1_1317326758387">
						<str id="name">stalagmite_1_1317326758343</str>
						<int id="y">-146</int>
						<int id="x">1281</int>
						<int id="z">12</int>
						<int id="w">124</int>
						<int id="h">328</int>
						<str id="sprite_class">stalagmite_1</str>
						<int id="r">180</int>
					</object>
					<object id="roots_ug_3_1317403564425">
						<str id="name">roots_ug_3_1317403564425</str>
						<int id="y">448</int>
						<int id="x">658</int>
						<int id="z">30</int>
						<int id="w">152</int>
						<int id="h">440</int>
						<str id="sprite_class">roots_ug_3</str>
					</object>
					<object id="roots_ug_4_1317403564426">
						<str id="name">roots_ug_4_1317403564426</str>
						<int id="y">246</int>
						<int id="x">419</int>
						<int id="z">19</int>
						<int id="w">80</int>
						<bool id="h_flip">true</bool>
						<int id="h">267</int>
						<str id="sprite_class">roots_ug_4</str>
					</object>
					<object id="heights_mound_3_1317332702841">
						<str id="name">heights_mound_3_1317332702840</str>
						<int id="y">-119</int>
						<int id="x">195</int>
						<int id="z">20</int>
						<int id="w">498</int>
						<bool id="h_flip">true</bool>
						<int id="h">189</int>
						<str id="sprite_class">heights_mound_3</str>
						<int id="r">175</int>
					</object>
					<object id="stalagmite_3_1317676297637">
						<str id="name">stalagmite_3_1317326758341</str>
						<int id="y">-81</int>
						<int id="x">1845</int>
						<int id="z">7</int>
						<int id="w">161</int>
						<bool id="h_flip">true</bool>
						<int id="h">449</int>
						<str id="sprite_class">stalagmite_3</str>
						<int id="r">-181</int>
					</object>
					<object id="heights_mound_2_1317341090825">
						<str id="name">heights_mound_2_1317341090777</str>
						<int id="y">1745</int>
						<int id="x">1903</int>
						<int id="z">29</int>
						<int id="w">524</int>
						<int id="h">367</int>
						<str id="sprite_class">heights_mound_2</str>
					</object>
					<object id="heights_mound_3_1317332702848">
						<str id="name">heights_mound_3_1317332702840</str>
						<int id="y">-36</int>
						<int id="x">2158</int>
						<int id="z">25</int>
						<int id="w">574</int>
						<bool id="h_flip">true</bool>
						<int id="h">255</int>
						<str id="sprite_class">heights_mound_3</str>
						<int id="r">195</int>
					</object>
					<object id="heights_mound_2_1317341090824">
						<str id="name">heights_mound_2_1317341090777</str>
						<int id="y">1814</int>
						<int id="x">934</int>
						<int id="z">28</int>
						<int id="w">524</int>
						<int id="h">367</int>
						<str id="sprite_class">heights_mound_2</str>
					</object>
					<object id="stalagmite_3_1317326758345">
						<str id="name">stalagmite_3_1317326758341</str>
						<int id="y">-192</int>
						<int id="x">1087</int>
						<int id="z">13</int>
						<int id="w">273</int>
						<bool id="h_flip">true</bool>
						<int id="h">412</int>
						<str id="sprite_class">stalagmite_3</str>
						<int id="r">-181</int>
					</object>
					<object id="stalagmite_1_1317326758348">
						<str id="name">stalagmite_1_1317326758338</str>
						<int id="y">1849</int>
						<int id="x">2102</int>
						<int id="z">16</int>
						<int id="w">238</int>
						<int id="h">563</int>
						<str id="sprite_class">stalagmite_1</str>
					</object>
					<object id="stalagmite_1_1317341090744">
						<str id="name">stalagmite_1_1317326758343</str>
						<int id="y">-10</int>
						<int id="x">479</int>
						<int id="z">11</int>
						<int id="w">124</int>
						<bool id="h_flip">true</bool>
						<int id="h">328</int>
						<str id="sprite_class">stalagmite_1</str>
						<int id="r">180</int>
					</object>
					<object id="stalagmite_1_1317341090743">
						<str id="name">stalagmite_1_1317326758343</str>
						<int id="y">26</int>
						<int id="x">609</int>
						<int id="z">10</int>
						<int id="w">124</int>
						<bool id="h_flip">true</bool>
						<int id="h">328</int>
						<str id="sprite_class">stalagmite_1</str>
						<int id="r">180</int>
					</object>
					<object id="stalagmite_3_1317326758341">
						<str id="name">stalagmite_3_1317326758341</str>
						<int id="y">-162</int>
						<int id="x">1611</int>
						<int id="z">6</int>
						<int id="w">273</int>
						<bool id="h_flip">true</bool>
						<int id="h">412</int>
						<str id="sprite_class">stalagmite_3</str>
						<int id="r">-181</int>
					</object>
					<object id="heights_mound_3_1317332702842">
						<str id="name">heights_mound_3_1317332702840</str>
						<int id="y">-74</int>
						<int id="x">614</int>
						<int id="z">21</int>
						<int id="w">498</int>
						<bool id="h_flip">true</bool>
						<int id="h">189</int>
						<str id="sprite_class">heights_mound_3</str>
						<int id="r">175</int>
					</object>
					<object id="heights_mound_3_1317341090745">
						<str id="name">heights_mound_3_1317332702840</str>
						<int id="y">24</int>
						<int id="x">-32</int>
						<int id="z">2</int>
						<int id="w">498</int>
						<bool id="h_flip">true</bool>
						<int id="h">189</int>
						<str id="sprite_class">heights_mound_3</str>
						<int id="r">144</int>
					</object>
					<object id="heights_mound_2_1317341090778">
						<str id="name">heights_mound_2_1317341090777</str>
						<int id="y">1782</int>
						<int id="x">589</int>
						<int id="z">27</int>
						<int id="w">524</int>
						<int id="h">367</int>
						<str id="sprite_class">heights_mound_2</str>
					</object>
					<object id="roots_ug_5_1317326758374">
						<str id="name">roots_ug_5_1317326758372</str>
						<int id="y">416</int>
						<int id="x">168</int>
						<int id="z">18</int>
						<int id="w">86</int>
						<int id="h">274</int>
						<str id="sprite_class">roots_ug_5</str>
					</object>
					<object id="stalagmite_1_1317326758346">
						<str id="name">stalagmite_1_1317326758338</str>
						<int id="y">1733</int>
						<int id="x">767</int>
						<int id="z">15</int>
						<int id="w">238</int>
						<int id="h">563</int>
						<str id="sprite_class">stalagmite_1</str>
					</object>
					<object id="stalagmite_1_1317326758344">
						<str id="name">stalagmite_1_1317326758343</str>
						<int id="y">-72</int>
						<int id="x">1543</int>
						<int id="z">0</int>
						<int id="w">181</int>
						<bool id="h_flip">true</bool>
						<int id="h">398</int>
						<str id="sprite_class">stalagmite_1</str>
						<int id="r">180</int>
					</object>
					<object id="stalagmite_1_1317326758343">
						<str id="name">stalagmite_1_1317326758343</str>
						<int id="y">-19</int>
						<int id="x">563</int>
						<int id="z">9</int>
						<int id="w">144</int>
						<bool id="h_flip">true</bool>
						<int id="h">323</int>
						<str id="sprite_class">stalagmite_1</str>
						<int id="r">180</int>
					</object>
					<object id="heights_mound_3_1317332702844">
						<str id="name">heights_mound_3_1317332702840</str>
						<int id="y">-181</int>
						<int id="x">1277</int>
						<int id="z">23</int>
						<int id="w">574</int>
						<bool id="h_flip">true</bool>
						<int id="h">255</int>
						<str id="sprite_class">heights_mound_3</str>
						<int id="r">175</int>
					</object>
					<object id="stalagmite_1_1317326758347">
						<str id="name">stalagmite_1_1317326758338</str>
						<int id="y">1711</int>
						<int id="x">328</int>
						<int id="z">14</int>
						<int id="w">238</int>
						<int id="h">563</int>
						<str id="sprite_class">stalagmite_1</str>
					</object>
					<object id="stalagmite_1_1317332702846">
						<str id="name">stalagmite_1_1317326758338</str>
						<int id="y">1810</int>
						<int id="x">1968</int>
						<int id="z">26</int>
						<int id="w">238</int>
						<int id="h">563</int>
						<str id="sprite_class">stalagmite_1</str>
					</object>
					<object id="stalagmite_1_1317326758339">
						<str id="name">stalagmite_1_1317326758338</str>
						<int id="y">1776</int>
						<int id="x">1387</int>
						<int id="z">4</int>
						<int id="w">238</int>
						<int id="h">563</int>
						<str id="sprite_class">stalagmite_1</str>
					</object>
					<object id="heights_mound_3_1317332702845">
						<str id="name">heights_mound_3_1317332702840</str>
						<int id="y">-146</int>
						<int id="x">1833</int>
						<int id="z">24</int>
						<int id="w">574</int>
						<bool id="h_flip">true</bool>
						<int id="h">255</int>
						<str id="sprite_class">heights_mound_3</str>
						<int id="r">175</int>
					</object>
					<object id="heights_mound_3_1317332702843">
						<str id="name">heights_mound_3_1317332702840</str>
						<int id="y">-122</int>
						<int id="x">913</int>
						<int id="z">22</int>
						<int id="w">574</int>
						<bool id="h_flip">true</bool>
						<int id="h">255</int>
						<str id="sprite_class">heights_mound_3</str>
						<int id="r">175</int>
					</object>
					<object id="stalagmite_1_1317326758338">
						<str id="name">stalagmite_1_1317326758338</str>
						<int id="y">1600</int>
						<int id="x">209</int>
						<int id="z">3</int>
						<int id="w">124</int>
						<int id="h">328</int>
						<str id="sprite_class">stalagmite_1</str>
					</object>
					<object id="stalagmite_3_1317326758342">
						<str id="name">stalagmite_3_1317326758341</str>
						<int id="y">-69</int>
						<int id="x">876</int>
						<int id="z">8</int>
						<int id="w">273</int>
						<bool id="h_flip">true</bool>
						<int id="h">412</int>
						<str id="sprite_class">stalagmite_3</str>
						<int id="r">-181</int>
					</object>
					<object id="heights_mound_3_1322008406232">
						<str id="name">heights_mound_3_1317332702840</str>
						<int id="y">-54</int>
						<int id="x">135</int>
						<int id="z">1</int>
						<int id="w">498</int>
						<bool id="h_flip">true</bool>
						<int id="h">189</int>
						<str id="sprite_class">heights_mound_3</str>
						<int id="r">133</int>
					</object>
					<object id="roots_ug_5_1317326758373">
						<str id="name">roots_ug_5_1317326758372</str>
						<int id="y">306</int>
						<int id="x">1287</int>
						<int id="z">17</int>
						<int id="w">94</int>
						<int id="h">299</int>
						<str id="sprite_class">roots_ug_5</str>
					</object>
					<object id="stalagmite_1_1317326758340">
						<str id="name">stalagmite_1_1317326758338</str>
						<int id="y">1878</int>
						<int id="x">1316</int>
						<int id="z">5</int>
						<int id="w">238</int>
						<int id="h">563</int>
						<str id="sprite_class">stalagmite_1</str>
					</object>
				</object>
				<int id="z">1</int>
			</object>
			<object id="T_1317326758327">
				<int id="w">1840</int>
				<str id="name">SKY</str>
				<object id="filtersNEW">
					<object id="blur">
						<int id="value">2</int>
					</object>
					<object id="tintColor">
						<int id="value">3342591</int>
					</object>
					<object id="tintAmount">
						<int id="value">20</int>
					</object>
					<object id="contrast">
						<int id="value">24</int>
					</object>
					<object id="brightness">
						<int id="value">-57</int>
					</object>
					<object id="saturation">
						<int id="value">-56</int>
					</object>
				</object>
				<int id="h">1470</int>
				<object id="decos">
					<object id="stalagmite_3_1317326758427">
						<str id="name">stalagmite_3_1317326758341</str>
						<int id="y">471</int>
						<int id="x">418</int>
						<int id="z">4</int>
						<int id="w">209</int>
						<int id="h">411</int>
						<str id="sprite_class">stalagmite_3</str>
						<int id="r">-1</int>
					</object>
					<object id="cloud_fluffy_2_1322008406228">
						<str id="name">cloud_fluffy_2_1317332702792</str>
						<int id="y">544</int>
						<int id="x">1480</int>
						<int id="z">0</int>
						<int id="w">1236</int>
						<int id="h">254</int>
						<str id="sprite_class">cloud_fluffy_2</str>
					</object>
					<object id="stalagmite_3_1317326758428">
						<str id="name">stalagmite_3_1317326758341</str>
						<int id="y">490</int>
						<int id="x">1349</int>
						<int id="z">5</int>
						<int id="w">155</int>
						<int id="h">294</int>
						<str id="sprite_class">stalagmite_3</str>
						<int id="r">-1</int>
					</object>
					<object id="heights_face_1_1322008406227">
						<str id="name">heights_face_1_1317326758264</str>
						<int id="y">512</int>
						<int id="x">1796</int>
						<int id="z">9</int>
						<int id="w">386</int>
						<int id="h">263</int>
						<str id="sprite_class">heights_face_1</str>
						<int id="r">4</int>
					</object>
					<object id="stalagmite_1_1317670416577">
						<str id="name">stalagmite_1_1317326758338</str>
						<int id="y">1306</int>
						<int id="x">552</int>
						<int id="z">15</int>
						<int id="w">146</int>
						<int id="h">345</int>
						<str id="sprite_class">stalagmite_1</str>
					</object>
					<object id="heights_face_1_1317403564430">
						<str id="name">heights_face_1_1317326758264</str>
						<int id="y">402</int>
						<int id="x">-69</int>
						<int id="z">8</int>
						<int id="w">386</int>
						<int id="h">263</int>
						<str id="sprite_class">heights_face_1</str>
						<int id="r">22</int>
					</object>
					<object id="cloud_fluffy_2_1317337894284">
						<str id="name">cloud_fluffy_2_1317332702792</str>
						<int id="y">466</int>
						<int id="x">239</int>
						<int id="z">7</int>
						<int id="w">1236</int>
						<int id="h">254</int>
						<str id="sprite_class">cloud_fluffy_2</str>
					</object>
					<object id="heights_face_1_1317337894308">
						<str id="name">heights_face_1_1317326758264</str>
						<int id="y">713</int>
						<int id="x">1836</int>
						<int id="z">11</int>
						<int id="w">422</int>
						<int id="h">288</int>
						<str id="sprite_class">heights_face_1</str>
					</object>
					<object id="stalagmite_3_1322008406226">
						<str id="name">stalagmite_3_1317326758341</str>
						<int id="y">489</int>
						<int id="x">1640</int>
						<int id="z">6</int>
						<int id="w">194</int>
						<int id="h">331</int>
						<str id="sprite_class">stalagmite_3</str>
						<int id="r">-1</int>
					</object>
					<object id="stalagmite_1_1317670416578">
						<str id="name">stalagmite_1_1317326758338</str>
						<int id="y">1303</int>
						<int id="x">920</int>
						<int id="z">14</int>
						<int id="w">162</int>
						<int id="h">383</int>
						<str id="sprite_class">stalagmite_1</str>
					</object>
					<object id="cloud_fluffy_2_1317332702794">
						<str id="name">cloud_fluffy_2_1317332702792</str>
						<int id="y">440</int>
						<int id="x">458</int>
						<int id="z">3</int>
						<int id="w">1236</int>
						<int id="h">254</int>
						<str id="sprite_class">cloud_fluffy_2</str>
					</object>
					<object id="heights_face_1_1322008406222">
						<str id="name">heights_face_1_1317326758264</str>
						<int id="y">521</int>
						<int id="x">255</int>
						<int id="z">10</int>
						<int id="w">386</int>
						<int id="h">263</int>
						<str id="sprite_class">heights_face_1</str>
						<int id="r">7</int>
					</object>
					<object id="cloud_fluffy_1_1317670416580">
						<str id="name">cloud_fluffy_1_1317332702799</str>
						<int id="y">1272</int>
						<int id="x">406</int>
						<int id="z">2</int>
						<int id="w">1151</int>
						<int id="h">288</int>
						<str id="sprite_class">cloud_fluffy_1</str>
					</object>
					<object id="stalagmite_1_1317670416576">
						<str id="name">stalagmite_1_1317326758338</str>
						<int id="y">1374</int>
						<int id="x">600</int>
						<int id="z">12</int>
						<int id="w">254</int>
						<int id="h">601</int>
						<str id="sprite_class">stalagmite_1</str>
					</object>
					<object id="stalagmite_1_1317670416582">
						<str id="name">stalagmite_1_1317326758338</str>
						<int id="y">1275</int>
						<int id="x">772</int>
						<int id="z">1</int>
						<int id="w">254</int>
						<int id="h">601</int>
						<str id="sprite_class">stalagmite_1</str>
					</object>
					<object id="stalagmite_1_1317670416575">
						<str id="name">stalagmite_1_1317326758338</str>
						<int id="y">1382</int>
						<int id="x">401</int>
						<int id="z">13</int>
						<int id="w">238</int>
						<int id="h">563</int>
						<str id="sprite_class">stalagmite_1</str>
					</object>
				</object>
				<int id="z">-2</int>
			</object>
			<object id="middleground">
				<str id="name">middleground</str>
				<object id="doors">
				</object>
				<int id="h">1500</int>
				<object id="targets">
				</object>
				<int id="w">2000</int>
				<object id="platform_lines">
					<object id="plat_1322008406268">
						<int id="platform_item_perm">-1</int>
						<object id="end">
							<int id="y">-1061</int>
							<int id="x">-126</int>
						</object>
						<object id="start">
							<int id="y">-1076</int>
							<int id="x">-303</int>
						</object>
						<int id="platform_pc_perm">-1</int>
					</object>
					<object id="plat_1322008406293">
						<int id="platform_item_perm">-1</int>
						<object id="end">
							<int id="y">-147</int>
							<int id="x">-376</int>
						</object>
						<object id="start">
							<int id="y">-141</int>
							<int id="x">-583</int>
						</object>
						<int id="platform_pc_perm">-1</int>
					</object>
					<object id="plat_1322008406265">
						<int id="platform_item_perm">-1</int>
						<object id="end">
							<int id="y">-1050</int>
							<int id="x">-770</int>
						</object>
						<object id="start">
							<int id="y">-1046</int>
							<int id="x">-999</int>
						</object>
						<int id="platform_pc_perm">-1</int>
					</object>
					<object id="plat_1322008406292">
						<int id="platform_item_perm">-1</int>
						<object id="end">
							<int id="y">-160</int>
							<int id="x">67</int>
						</object>
						<object id="start">
							<int id="y">-147</int>
							<int id="x">-376</int>
						</object>
						<int id="platform_pc_perm">-1</int>
					</object>
					<object id="plat_1322008406274">
						<int id="platform_item_perm">-1</int>
						<object id="end">
							<int id="y">-974</int>
							<int id="x">686</int>
						</object>
						<object id="start">
							<int id="y">-991</int>
							<int id="x">483</int>
						</object>
						<int id="platform_pc_perm">-1</int>
					</object>
					<object id="plat_1322008406291">
						<int id="platform_item_perm">-1</int>
						<object id="end">
							<int id="y">-176</int>
							<int id="x">261</int>
						</object>
						<object id="start">
							<int id="y">-160</int>
							<int id="x">67</int>
						</object>
						<int id="platform_pc_perm">-1</int>
					</object>
					<object id="plat_1322008406290">
						<int id="platform_item_perm">-1</int>
						<object id="end">
							<int id="y">-185</int>
							<int id="x">541</int>
						</object>
						<object id="start">
							<int id="y">-176</int>
							<int id="x">261</int>
						</object>
						<int id="platform_pc_perm">-1</int>
					</object>
					<object id="plat_1322008406270">
						<int id="platform_item_perm">-1</int>
						<object id="end">
							<int id="y">-1043</int>
							<int id="x">214</int>
						</object>
						<object id="start">
							<int id="y">-1056</int>
							<int id="x">142</int>
						</object>
						<int id="platform_pc_perm">-1</int>
					</object>
					<object id="plat_1322008406288">
						<int id="platform_item_perm">-1</int>
						<object id="end">
							<int id="y">-207</int>
							<int id="x">999</int>
						</object>
						<object id="start">
							<int id="y">-215</int>
							<int id="x">816</int>
						</object>
						<int id="platform_pc_perm">-1</int>
					</object>
					<object id="plat_1322008406277">
						<int id="platform_item_perm">-1</int>
						<object id="end">
							<int id="y">-515</int>
							<int id="x">-31</int>
						</object>
						<object id="start">
							<int id="y">-491</int>
							<int id="x">-113</int>
						</object>
						<int id="platform_pc_perm">-1</int>
					</object>
					<object id="plat_1322008406279">
						<int id="platform_item_perm">-1</int>
						<object id="end">
							<int id="y">-533</int>
							<int id="x">258</int>
						</object>
						<object id="start">
							<int id="y">-515</int>
							<int id="x">151</int>
						</object>
						<int id="platform_pc_perm">-1</int>
					</object>
					<object id="plat_1322008406269">
						<int id="platform_item_perm">-1</int>
						<object id="end">
							<int id="y">-1056</int>
							<int id="x">142</int>
						</object>
						<object id="start">
							<int id="y">-1061</int>
							<int id="x">-126</int>
						</object>
						<int id="platform_pc_perm">-1</int>
					</object>
					<object id="plat_1322008406281">
						<int id="platform_item_perm">-1</int>
						<object id="end">
							<int id="y">-503</int>
							<int id="x">471</int>
						</object>
						<object id="start">
							<int id="y">-530</int>
							<int id="x">318</int>
						</object>
						<int id="platform_pc_perm">-1</int>
					</object>
					<object id="plat_1322008406266">
						<int id="platform_item_perm">-1</int>
						<object id="end">
							<int id="y">-1075</int>
							<int id="x">-495</int>
						</object>
						<object id="start">
							<int id="y">-1050</int>
							<int id="x">-770</int>
						</object>
						<int id="platform_pc_perm">-1</int>
					</object>
					<object id="plat_1322008406285">
						<int id="platform_item_perm">-1</int>
						<object id="end">
							<int id="y">-495</int>
							<int id="x">999</int>
						</object>
						<object id="start">
							<int id="y">-499</int>
							<int id="x">860</int>
						</object>
						<int id="platform_pc_perm">-1</int>
					</object>
					<object id="plat_1322008406280">
						<int id="platform_item_perm">-1</int>
						<object id="end">
							<int id="y">-530</int>
							<int id="x">318</int>
						</object>
						<object id="start">
							<int id="y">-533</int>
							<int id="x">258</int>
						</object>
						<int id="platform_pc_perm">-1</int>
					</object>
					<object id="plat_1322008406278">
						<int id="platform_item_perm">-1</int>
						<object id="end">
							<int id="y">-515</int>
							<int id="x">151</int>
						</object>
						<object id="start">
							<int id="y">-515</int>
							<int id="x">-31</int>
						</object>
						<int id="platform_pc_perm">-1</int>
					</object>
					<object id="plat_1322008406282">
						<int id="platform_item_perm">-1</int>
						<object id="end">
							<int id="y">-516</int>
							<int id="x">712</int>
						</object>
						<object id="start">
							<int id="y">-503</int>
							<int id="x">471</int>
						</object>
						<int id="platform_pc_perm">-1</int>
					</object>
					<object id="plat_1322008406271">
						<int id="platform_item_perm">-1</int>
						<object id="end">
							<int id="y">-1017</int>
							<int id="x">240</int>
						</object>
						<object id="start">
							<int id="y">-1043</int>
							<int id="x">214</int>
						</object>
						<int id="platform_pc_perm">-1</int>
					</object>
					<object id="plat_1322008406273">
						<int id="platform_item_perm">-1</int>
						<object id="end">
							<int id="y">-991</int>
							<int id="x">483</int>
						</object>
						<object id="start">
							<int id="y">-1001</int>
							<int id="x">313</int>
						</object>
						<int id="platform_pc_perm">-1</int>
					</object>
					<object id="plat_1322008406283">
						<int id="platform_item_perm">-1</int>
						<object id="end">
							<int id="y">-499</int>
							<int id="x">860</int>
						</object>
						<object id="start">
							<int id="y">-516</int>
							<int id="x">712</int>
						</object>
						<int id="platform_pc_perm">-1</int>
					</object>
					<object id="plat_1322008406294">
						<int id="platform_item_perm">-1</int>
						<object id="end">
							<int id="y">-141</int>
							<int id="x">-583</int>
						</object>
						<object id="start">
							<int id="y">-184</int>
							<int id="x">-999</int>
						</object>
						<int id="platform_pc_perm">-1</int>
					</object>
					<object id="plat_1322008406289">
						<int id="platform_item_perm">-1</int>
						<object id="end">
							<int id="y">-204</int>
							<int id="x">680</int>
						</object>
						<object id="start">
							<int id="y">-185</int>
							<int id="x">541</int>
						</object>
						<int id="platform_pc_perm">-1</int>
					</object>
					<object id="plat_1322008406267">
						<int id="platform_item_perm">-1</int>
						<object id="end">
							<int id="y">-1076</int>
							<int id="x">-303</int>
						</object>
						<object id="start">
							<int id="y">-1075</int>
							<int id="x">-495</int>
						</object>
						<int id="platform_pc_perm">-1</int>
					</object>
					<object id="plat_1322008406272">
						<int id="platform_item_perm">-1</int>
						<object id="end">
							<int id="y">-1001</int>
							<int id="x">313</int>
						</object>
						<object id="start">
							<int id="y">-1017</int>
							<int id="x">240</int>
						</object>
						<int id="platform_pc_perm">-1</int>
					</object>
					<object id="plat_1322008406287">
						<int id="platform_item_perm">-1</int>
						<object id="end">
							<int id="y">-215</int>
							<int id="x">816</int>
						</object>
						<object id="start">
							<int id="y">-204</int>
							<int id="x">680</int>
						</object>
						<int id="platform_pc_perm">-1</int>
					</object>
					<object id="plat_1322008406275">
						<int id="platform_item_perm">-1</int>
						<object id="end">
							<int id="y">-975</int>
							<int id="x">999</int>
						</object>
						<object id="start">
							<int id="y">-974</int>
							<int id="x">686</int>
						</object>
						<int id="platform_pc_perm">-1</int>
					</object>
				</object>
				<object id="filtersNEW">
					<object id="brightness">
						<int id="value">-30</int>
					</object>
					<object id="tintAmount">
						<int id="value">12</int>
					</object>
					<object id="contrast">
						<int id="value">15</int>
					</object>
					<object id="tintColor">
						<int id="value">3342591</int>
					</object>
					<object id="saturation">
						<int id="value">-40</int>
					</object>
				</object>
				<object id="signposts">
					<object id="signpost_1">
						<int id="h">200</int>
						<int id="w">100</int>
						<int id="y">-183</int>
						<str id="id">signpost_1</str>
						<int id="x">-827</int>
						<object id="connects">
							<object id="0">
								<int id="y">-1010</int>
								<str id="hub_id">110</str>
								<str id="mote_id">9</str>
								<int id="x">515</int>
								<bool id="hidden">false</bool>
								<str id="swf_file_versioned">http://c2.glitch.bz/locations/groddle1/1324491805.swf</str>
								<objref id="target" tsid="LA5I9D23ODH22M8" label="Burbere Keba"/>
							</object>
							<object id="1">
								<int id="y">-120</int>
								<str id="hub_id">110</str>
								<str id="mote_id">9</str>
								<int id="x">-1765</int>
								<bool id="hidden">false</bool>
								<str id="swf_file_versioned">http://c2.glitch.bz/locations/groddle1/1324491805.swf</str>
								<objref id="target" tsid="LA5ICL7V9BH2LCA" label="Macsaaro Fimto"/>
							</object>
						</object>
					</object>
				</object>
				<object id="walls">
				</object>
				<object id="decos">
					<object id="alakol_beach_1_1322008406183">
						<str id="name">alakol_beach_1_1322008406176</str>
						<int id="y">-157</int>
						<int id="x">826</int>
						<int id="z">108</int>
						<int id="w">896</int>
						<int id="h">102</int>
						<str id="sprite_class">alakol_beach_1</str>
					</object>
					<object id="heights_platform_2_1317332702828">
						<str id="name">heights_platform_2_1317326758278</str>
						<int id="y">-848</int>
						<int id="x">-878</int>
						<int id="z">56</int>
						<int id="w">451</int>
						<bool id="h_flip">true</bool>
						<int id="h">208</int>
						<str id="sprite_class">heights_platform_2</str>
					</object>
					<object id="heights_platform_2_1317403564412">
						<str id="name">heights_platform_2_1317326758278</str>
						<int id="y">-852</int>
						<int id="x">-570</int>
						<int id="z">59</int>
						<int id="w">451</int>
						<bool id="h_flip">true</bool>
						<int id="h">208</int>
						<str id="sprite_class">heights_platform_2</str>
					</object>
					<object id="heights_face_1_1317326758294">
						<str id="name">heights_face_1_1317326758264</str>
						<int id="y">-415</int>
						<int id="x">789</int>
						<int id="z">30</int>
						<int id="w">713</int>
						<int id="h">443</int>
						<str id="sprite_class">heights_face_1</str>
					</object>
					<object id="heights_ladder_2_1322008406195">
						<str id="name">heights_ladder_2_1322008406191</str>
						<int id="y">-680</int>
						<int id="x">268</int>
						<int id="z">117</int>
						<int id="w">75</int>
						<int id="h">93</int>
						<str id="sprite_class">heights_ladder_2</str>
					</object>
					<object id="heights_face_rock_1_1317326758353">
						<str id="name">heights_face_rock_1_1317326758350</str>
						<int id="y">-765</int>
						<int id="x">902</int>
						<int id="z">49</int>
						<int id="w">240</int>
						<int id="h">76</int>
						<str id="sprite_class">heights_face_rock_1</str>
						<int id="r">2</int>
					</object>
					<object id="heights_platform_4_1322008406168">
						<str id="name">heights_platform_4_1322008406165</str>
						<int id="y">-308</int>
						<int id="x">124</int>
						<int id="z">102</int>
						<int id="w">513</int>
						<int id="h">217</int>
						<str id="sprite_class">heights_platform_4</str>
					</object>
					<object id="heights_moss_2_1322008406249">
						<str id="name">heights_moss_2_1322008406243</str>
						<int id="y">-998</int>
						<int id="x">-471</int>
						<int id="z">143</int>
						<int id="w">199</int>
						<int id="h">44</int>
						<str id="sprite_class">heights_moss_2</str>
					</object>
					<object id="heights_ladder_1_1322008406196">
						<str id="name">heights_ladder_1_1322008406190</str>
						<int id="y">-751</int>
						<int id="x">264</int>
						<int id="z">116</int>
						<int id="w">85</int>
						<int id="h">92</int>
						<str id="sprite_class">heights_ladder_1</str>
					</object>
					<object id="heights_face_rock_2_1322008406203">
						<str id="name">heights_face_rock_2_1317332702809</str>
						<int id="y">-554</int>
						<int id="x">788</int>
						<int id="z">32</int>
						<int id="w">533</int>
						<int id="h">151</int>
						<str id="sprite_class">heights_face_rock_2</str>
						<int id="r">1</int>
					</object>
					<object id="heights_moss_1_1322008406260">
						<str id="name">heights_moss_1_1322008406241</str>
						<int id="y">-26</int>
						<int id="x">315</int>
						<int id="z">136</int>
						<int id="w">328</int>
						<int id="h">135</int>
						<str id="sprite_class">heights_moss_1</str>
						<int id="r">-5</int>
					</object>
					<object id="heights_face_rock_1_1322008406218">
						<str id="name">heights_face_rock_1_1317326758350</str>
						<int id="y">-392</int>
						<int id="x">517</int>
						<int id="z">103</int>
						<int id="w">155</int>
						<int id="h">49</int>
						<str id="sprite_class">heights_face_rock_1</str>
						<int id="r">-3</int>
					</object>
					<object id="heights_platform_4_1322008406166">
						<str id="name">heights_platform_4_1322008406165</str>
						<int id="y">-312</int>
						<int id="x">373</int>
						<int id="z">101</int>
						<int id="w">513</int>
						<int id="h">217</int>
						<str id="sprite_class">heights_platform_4</str>
					</object>
					<object id="heights_face_rock_2_1317332702814">
						<str id="name">heights_face_rock_2_1317332702809</str>
						<int id="y">-994</int>
						<int id="x">847</int>
						<int id="z">29</int>
						<int id="w">391</int>
						<int id="h">111</int>
						<str id="sprite_class">heights_face_rock_2</str>
					</object>
					<object id="heights_platform_2_1317326758334">
						<str id="name">heights_platform_2_1317326758278</str>
						<int id="y">-784</int>
						<int id="x">675</int>
						<int id="z">48</int>
						<int id="w">451</int>
						<int id="h">208</int>
						<str id="sprite_class">heights_platform_2</str>
					</object>
					<object id="stalagmite_1_1317403564432">
						<str id="name">stalagmite_1_1317326758343</str>
						<int id="y">-921</int>
						<int id="x">-506</int>
						<int id="z">18</int>
						<int id="w">95</int>
						<bool id="h_flip">true</bool>
						<int id="h">232</int>
						<str id="sprite_class">stalagmite_1</str>
						<int id="r">180</int>
					</object>
					<object id="stalagmite_base_1_1322008406233">
						<str id="name">stalagmite_base_1_1322008406233</str>
						<int id="y">-1009</int>
						<int id="x">504</int>
						<int id="z">128</int>
						<int id="w">217</int>
						<int id="h">66</int>
						<str id="sprite_class">stalagmite_base_1</str>
					</object>
					<object id="heights_topper_2_1317337894277">
						<str id="name">heights_topper_2_1317332702815</str>
						<int id="y">-943</int>
						<int id="x">430</int>
						<int id="z">64</int>
						<int id="w">151</int>
						<int id="h">62</int>
						<str id="sprite_class">heights_topper_2</str>
						<int id="r">-5</int>
					</object>
					<object id="heights_platform_2_1317326758333">
						<str id="name">heights_platform_2_1317326758278</str>
						<int id="y">-813</int>
						<int id="x">675</int>
						<int id="z">14</int>
						<int id="w">451</int>
						<int id="h">208</int>
						<str id="sprite_class">heights_platform_2</str>
					</object>
					<object id="alakol_beach_1_1322008406179">
						<str id="name">alakol_beach_1_1322008406176</str>
						<int id="y">-104</int>
						<int id="x">-369</int>
						<int id="z">114</int>
						<int id="w">818</int>
						<int id="h">98</int>
						<str id="sprite_class">alakol_beach_1</str>
						<int id="r">2</int>
					</object>
					<object id="stalagmite_2_1322008406237">
						<str id="name">stalagmite_2_1322008406237</str>
						<int id="y">-1033</int>
						<int id="x">505</int>
						<int id="z">131</int>
						<int id="w">143</int>
						<int id="h">326</int>
						<str id="sprite_class">stalagmite_2</str>
					</object>
					<object id="alakol_beach_1_1322008406210">
						<str id="name">alakol_beach_1_1322008406176</str>
						<int id="y">-514</int>
						<int id="x">832</int>
						<int id="z">119</int>
						<int id="w">827</int>
						<int id="h">69</int>
						<str id="sprite_class">alakol_beach_1</str>
					</object>
					<object id="alakol_beach_1_1322008406211">
						<str id="name">alakol_beach_1_1322008406176</str>
						<int id="y">-482</int>
						<int id="x">1161</int>
						<int id="z">121</int>
						<int id="w">796</int>
						<bool id="h_flip">true</bool>
						<int id="h">93</int>
						<str id="sprite_class">alakol_beach_1</str>
						<int id="r">-5</int>
					</object>
					<object id="heights_mound_3_1322008406174">
						<str id="name">heights_mound_3_1317337894261</str>
						<int id="y">-951</int>
						<int id="x">23</int>
						<int id="z">6</int>
						<int id="w">498</int>
						<int id="h">189</int>
						<str id="sprite_class">heights_mound_3</str>
						<int id="r">13</int>
					</object>
					<object id="heights_moss_2_1322008406247">
						<str id="name">heights_moss_2_1322008406243</str>
						<int id="y">-1003</int>
						<int id="x">792</int>
						<int id="z">82</int>
						<int id="w">199</int>
						<int id="h">44</int>
						<str id="sprite_class">heights_moss_2</str>
						<int id="r">2</int>
					</object>
					<object id="heights_platform_2_1317341090751">
						<str id="name">heights_platform_2_1317326758278</str>
						<int id="y">-895</int>
						<int id="x">-193</int>
						<int id="z">53</int>
						<int id="w">451</int>
						<bool id="h_flip">true</bool>
						<int id="h">208</int>
						<str id="sprite_class">heights_platform_2</str>
						<int id="r">3</int>
					</object>
					<object id="heights_ladderbed_1_1322008406189">
						<str id="name">heights_ladderbed_1_1322008406184</str>
						<int id="y">-492</int>
						<int id="x">275</int>
						<int id="z">76</int>
						<int id="w">136</int>
						<int id="h">147</int>
						<str id="sprite_class">heights_ladderbed_1</str>
					</object>
					<object id="heights_moss_1_1322008406263">
						<str id="name">heights_moss_1_1322008406241</str>
						<int id="y">-405</int>
						<int id="x">15</int>
						<int id="z">137</int>
						<int id="w">182</int>
						<int id="h">102</int>
						<str id="sprite_class">heights_moss_1</str>
						<int id="r">3</int>
					</object>
					<object id="stalagmite_3_1322008406236">
						<str id="name">stalagmite_3_1317326758394</str>
						<int id="y">-554</int>
						<int id="x">115</int>
						<int id="z">130</int>
						<int id="w">134</int>
						<int id="h">213</int>
						<str id="sprite_class">stalagmite_3</str>
					</object>
					<object id="heights_moss_3_1322008406216">
						<str id="name">heights_moss_3_1322008406215</str>
						<int id="y">-24</int>
						<int id="x">-477</int>
						<int id="z">124</int>
						<int id="w">358</int>
						<int id="h">135</int>
						<str id="sprite_class">heights_moss_3</str>
					</object>
					<object id="alakol_beach_1_1322008406206">
						<str id="name">alakol_beach_1_1322008406176</str>
						<int id="y">-1011</int>
						<int id="x">34</int>
						<int id="z">112</int>
						<int id="w">925</int>
						<int id="h">99</int>
						<str id="sprite_class">alakol_beach_1</str>
						<int id="r">-1</int>
					</object>
					<object id="heights_topper_2_1317337894273">
						<str id="name">heights_topper_2_1317332702815</str>
						<int id="y">-897</int>
						<int id="x">370</int>
						<int id="z">65</int>
						<int id="w">151</int>
						<int id="h">62</int>
						<str id="sprite_class">heights_topper_2</str>
						<int id="r">-5</int>
					</object>
					<object id="heights_mound_3_1317337894266">
						<str id="name">heights_mound_3_1317337894261</str>
						<int id="y">-963</int>
						<int id="x">355</int>
						<int id="z">9</int>
						<int id="w">498</int>
						<int id="h">154</int>
						<str id="sprite_class">heights_mound_3</str>
						<int id="r">180</int>
					</object>
					<object id="heights_ladder_1_1322008406200">
						<str id="name">heights_ladder_1_1322008406190</str>
						<int id="y">-605</int>
						<int id="x">264</int>
						<int id="z">77</int>
						<int id="w">85</int>
						<int id="h">92</int>
						<str id="sprite_class">heights_ladder_1</str>
					</object>
					<object id="heights_face_1_1317326758273">
						<str id="name">heights_face_1_1317326758264</str>
						<int id="y">-607</int>
						<int id="x">857</int>
						<int id="z">28</int>
						<int id="w">648</int>
						<int id="h">443</int>
						<str id="sprite_class">heights_face_1</str>
					</object>
					<object id="heights_mound_3_1317337894262">
						<str id="name">heights_mound_3_1317337894261</str>
						<int id="y">-989</int>
						<int id="x">-193</int>
						<int id="z">5</int>
						<int id="w">498</int>
						<int id="h">189</int>
						<str id="sprite_class">heights_mound_3</str>
					</object>
					<object id="heights_platform_4_1322008406171">
						<str id="name">heights_platform_4_1322008406165</str>
						<int id="y">-355</int>
						<int id="x">779</int>
						<int id="z">94</int>
						<int id="w">513</int>
						<int id="h">217</int>
						<str id="sprite_class">heights_platform_4</str>
					</object>
					<object id="alakol_beach_1_1322008406182">
						<str id="name">alakol_beach_1_1322008406176</str>
						<int id="y">-133</int>
						<int id="x">397</int>
						<int id="z">109</int>
						<int id="w">945</int>
						<int id="h">107</int>
						<str id="sprite_class">alakol_beach_1</str>
					</object>
					<object id="heights_moss_1_1322008406241">
						<str id="name">heights_moss_1_1322008406241</str>
						<int id="y">-870</int>
						<int id="x">659</int>
						<int id="z">134</int>
						<int id="w">233</int>
						<int id="h">113</int>
						<str id="sprite_class">heights_moss_1</str>
						<int id="r">4</int>
					</object>
					<object id="heights_face_rock_1_1322008406261">
						<str id="name">heights_face_rock_1_1317326758350</str>
						<int id="y">-49</int>
						<int id="x">414</int>
						<int id="z">45</int>
						<int id="w">226</int>
						<int id="h">71</int>
						<str id="sprite_class">heights_face_rock_1</str>
						<int id="r">-6</int>
					</object>
					<object id="heights_platform_2_1317341090757">
						<str id="name">heights_platform_2_1317326758278</str>
						<int id="y">-851</int>
						<int id="x">496</int>
						<int id="z">68</int>
						<int id="w">451</int>
						<bool id="h_flip">true</bool>
						<int id="h">208</int>
						<str id="sprite_class">heights_platform_2</str>
						<int id="r">7</int>
					</object>
					<object id="alakol_beach_1_1322008406178">
						<str id="name">alakol_beach_1_1322008406176</str>
						<int id="y">-153</int>
						<int id="x">-681</int>
						<int id="z">107</int>
						<int id="w">828</int>
						<int id="h">88</int>
						<str id="sprite_class">alakol_beach_1</str>
					</object>
					<object id="heights_platform_2_1317326758296">
						<str id="name">heights_platform_2_1317326758278</str>
						<int id="y">-773</int>
						<int id="x">930</int>
						<int id="z">46</int>
						<int id="w">451</int>
						<bool id="h_flip">true</bool>
						<int id="h">208</int>
						<str id="sprite_class">heights_platform_2</str>
					</object>
					<object id="crosssection_heights_underside_1317403564421">
						<str id="name">crosssection_heights_underside_1317341090768</str>
						<int id="y">-796</int>
						<int id="x">221</int>
						<int id="z">22</int>
						<int id="w">580</int>
						<int id="h">112</int>
						<str id="sprite_class">crosssection_heights_underside</str>
						<int id="r">15</int>
					</object>
					<object id="heights_platform_4_1322008406170">
						<str id="name">heights_platform_4_1322008406165</str>
						<int id="y">-352</int>
						<int id="x">438</int>
						<int id="z">93</int>
						<int id="w">513</int>
						<int id="h">217</int>
						<str id="sprite_class">heights_platform_4</str>
						<int id="r">-2</int>
					</object>
					<object id="heights_ladder_2_1322008406191">
						<str id="name">heights_ladder_2_1322008406191</str>
						<int id="y">-298</int>
						<int id="x">929</int>
						<int id="z">100</int>
						<int id="w">75</int>
						<int id="h">93</int>
						<str id="sprite_class">heights_ladder_2</str>
					</object>
					<object id="heights_face_1_1317326758266">
						<str id="name">heights_face_1_1317326758264</str>
						<int id="y">-182</int>
						<int id="x">-1180</int>
						<int id="z">16</int>
						<int id="w">648</int>
						<int id="h">443</int>
						<str id="sprite_class">heights_face_1</str>
						<int id="r">-1</int>
					</object>
					<object id="heights_platform_2_1317341090748">
						<str id="name">heights_platform_2_1317326758278</str>
						<int id="y">-897</int>
						<int id="x">-585</int>
						<int id="z">54</int>
						<int id="w">451</int>
						<int id="h">208</int>
						<str id="sprite_class">heights_platform_2</str>
						<int id="r">-3</int>
					</object>
					<object id="heights_face_1_1317326758291">
						<str id="name">heights_face_1_1317326758264</str>
						<int id="y">135</int>
						<int id="x">783</int>
						<int id="z">26</int>
						<int id="w">648</int>
						<int id="h">443</int>
						<str id="sprite_class">heights_face_1</str>
					</object>
					<object id="heights_moss_1_1322008406242">
						<str id="name">heights_moss_1_1322008406241</str>
						<int id="y">-877</int>
						<int id="x">773</int>
						<int id="z">141</int>
						<int id="w">231</int>
						<int id="h">91</int>
						<str id="sprite_class">heights_moss_1</str>
						<int id="r">2</int>
					</object>
					<object id="heights_platform_2_1317326758286">
						<str id="name">heights_platform_2_1317326758278</str>
						<int id="y">39</int>
						<int id="x">-438</int>
						<int id="z">33</int>
						<int id="w">451</int>
						<bool id="h_flip">true</bool>
						<int id="h">208</int>
						<str id="sprite_class">heights_platform_2</str>
					</object>
					<object id="heights_topper_2_1322008406220">
						<str id="name">heights_topper_2_1322008406220</str>
						<int id="y">-434</int>
						<int id="x">594</int>
						<int id="z">105</int>
						<int id="w">145</int>
						<int id="h">60</int>
						<str id="sprite_class">heights_topper_2</str>
						<int id="r">7</int>
					</object>
					<object id="heights_face_1_1317326758267">
						<str id="name">heights_face_1_1317326758264</str>
						<int id="y">-430</int>
						<int id="x">509</int>
						<int id="z">24</int>
						<int id="w">648</int>
						<int id="h">443</int>
						<str id="sprite_class">heights_face_1</str>
					</object>
					<object id="heights_face_rock_1_1322008406219">
						<str id="name">heights_face_rock_1_1317326758350</str>
						<int id="y">-389</int>
						<int id="x">671</int>
						<int id="z">104</int>
						<int id="w">226</int>
						<int id="h">71</int>
						<str id="sprite_class">heights_face_rock_1</str>
						<int id="r">-6</int>
					</object>
					<object id="heights_platform_2_1317326758295">
						<str id="name">heights_platform_2_1317326758278</str>
						<int id="y">-810</int>
						<int id="x">457</int>
						<int id="z">72</int>
						<int id="w">451</int>
						<int id="h">208</int>
						<str id="sprite_class">heights_platform_2</str>
						<int id="r">4</int>
					</object>
					<object id="heights_platform_2_1317326758288">
						<str id="name">heights_platform_2_1317326758278</str>
						<int id="y">5</int>
						<int id="x">269</int>
						<int id="z">37</int>
						<int id="w">451</int>
						<bool id="h_flip">true</bool>
						<int id="h">208</int>
						<str id="sprite_class">heights_platform_2</str>
						<int id="r">-4</int>
					</object>
					<object id="heights_ladder_1_1322008406194">
						<str id="name">heights_ladder_1_1322008406190</str>
						<int id="y">-894</int>
						<int id="x">264</int>
						<int id="z">79</int>
						<int id="w">85</int>
						<int id="h">92</int>
						<str id="sprite_class">heights_ladder_1</str>
					</object>
					<object id="heights_platform_2_1322008406162">
						<str id="name">heights_platform_2_1317326758278</str>
						<int id="y">20</int>
						<int id="x">620</int>
						<int id="z">40</int>
						<int id="w">451</int>
						<bool id="h_flip">true</bool>
						<int id="h">208</int>
						<str id="sprite_class">heights_platform_2</str>
						<int id="r">1</int>
					</object>
					<object id="heights_face_1_1317332702849">
						<str id="name">heights_face_1_1317326758264</str>
						<int id="y">-604</int>
						<int id="x">-1162</int>
						<int id="z">13</int>
						<int id="w">648</int>
						<int id="h">443</int>
						<str id="sprite_class">heights_face_1</str>
						<int id="r">32</int>
					</object>
					<object id="stalagmite_base_3_1322008406235">
						<str id="name">stalagmite_base_3_1322008406235</str>
						<int id="y">-1006</int>
						<int id="x">643</int>
						<int id="z">132</int>
						<int id="w">185</int>
						<int id="h">40</int>
						<str id="sprite_class">stalagmite_base_3</str>
					</object>
					<object id="heights_face_rock_1_1322008406212">
						<str id="name">heights_face_rock_1_1317326758350</str>
						<int id="y">-827</int>
						<int id="x">-934</int>
						<int id="z">50</int>
						<int id="w">287</int>
						<int id="h">91</int>
						<str id="sprite_class">heights_face_rock_1</str>
						<int id="r">2</int>
					</object>
					<object id="heights_ladderbed_1_1322008406188">
						<str id="name">heights_ladderbed_1_1322008406184</str>
						<int id="y">-582</int>
						<int id="x">273</int>
						<int id="z">75</int>
						<int id="w">136</int>
						<int id="h">147</int>
						<str id="sprite_class">heights_ladderbed_1</str>
					</object>
					<object id="heights_platform_2_1322008406164">
						<str id="name">heights_platform_2_1317326758278</str>
						<int id="y">8</int>
						<int id="x">998</int>
						<int id="z">41</int>
						<int id="w">451</int>
						<bool id="h_flip">true</bool>
						<int id="h">208</int>
						<str id="sprite_class">heights_platform_2</str>
						<int id="r">-1</int>
					</object>
					<object id="heights_platform_2_1317337894315">
						<str id="name">heights_platform_2_1317326758278</str>
						<int id="y">-780</int>
						<int id="x">875</int>
						<int id="z">84</int>
						<int id="w">451</int>
						<int id="h">208</int>
						<str id="sprite_class">heights_platform_2</str>
					</object>
					<object id="heights_moss_3_1322008406215">
						<str id="name">heights_moss_3_1322008406215</str>
						<int id="y">-28</int>
						<int id="x">-680</int>
						<int id="z">123</int>
						<int id="w">358</int>
						<int id="h">135</int>
						<str id="sprite_class">heights_moss_3</str>
					</object>
					<object id="alakol_beach_1_1322008406208">
						<str id="name">alakol_beach_1_1322008406176</str>
						<int id="y">-473</int>
						<int id="x">622</int>
						<int id="z">120</int>
						<int id="w">719</int>
						<int id="h">96</int>
						<str id="sprite_class">alakol_beach_1</str>
					</object>
					<object id="heights_platform_2_1317332702827">
						<str id="name">heights_platform_2_1317326758278</str>
						<int id="y">-888</int>
						<int id="x">-1003</int>
						<int id="z">55</int>
						<int id="w">451</int>
						<bool id="h_flip">true</bool>
						<int id="h">208</int>
						<str id="sprite_class">heights_platform_2</str>
					</object>
					<object id="heights_platform_2_1322008406161">
						<str id="name">heights_platform_2_1317326758278</str>
						<int id="y">-16</int>
						<int id="x">534</int>
						<int id="z">38</int>
						<int id="w">451</int>
						<bool id="h_flip">true</bool>
						<int id="h">208</int>
						<str id="sprite_class">heights_platform_2</str>
						<int id="r">-1</int>
					</object>
					<object id="heights_platform_3_1317341090755">
						<str id="name">heights_platform_3_1317341090753</str>
						<int id="y">-845</int>
						<int id="x">377</int>
						<int id="z">71</int>
						<int id="w">236</int>
						<bool id="h_flip">true</bool>
						<int id="h">205</int>
						<str id="sprite_class">heights_platform_3</str>
					</object>
					<object id="stalagmite_1_1322008406240">
						<str id="name">stalagmite_1_1322008406238</str>
						<int id="y">-1022</int>
						<int id="x">594</int>
						<int id="z">83</int>
						<int id="w">213</int>
						<int id="h">412</int>
						<str id="sprite_class">stalagmite_1</str>
					</object>
					<object id="heights_platform_2_1322008406163">
						<str id="name">heights_platform_2_1317326758278</str>
						<int id="y">-31</int>
						<int id="x">955</int>
						<int id="z">39</int>
						<int id="w">451</int>
						<bool id="h_flip">true</bool>
						<int id="h">208</int>
						<str id="sprite_class">heights_platform_2</str>
						<int id="r">-1</int>
					</object>
					<object id="heights_platform_4_1322008406169">
						<str id="name">heights_platform_4_1322008406165</str>
						<int id="y">-345</int>
						<int id="x">134</int>
						<int id="z">86</int>
						<int id="w">513</int>
						<int id="h">217</int>
						<str id="sprite_class">heights_platform_4</str>
					</object>
					<object id="heights_moss_2_1322008406264">
						<str id="name">heights_moss_2_1322008406243</str>
						<int id="y">-468</int>
						<int id="x">632</int>
						<int id="z">126</int>
						<int id="w">199</int>
						<int id="h">44</int>
						<str id="sprite_class">heights_moss_2</str>
					</object>
					<object id="stalagmite_1_1322008406239">
						<str id="name">stalagmite_1_1322008406238</str>
						<int id="y">-1015</int>
						<int id="x">644</int>
						<int id="z">133</int>
						<int id="w">110</int>
						<int id="h">214</int>
						<str id="sprite_class">stalagmite_1</str>
					</object>
					<object id="stalagmite_3_1317337894287">
						<str id="name">stalagmite_3_1317326758394</str>
						<int id="y">-923</int>
						<int id="x">441</int>
						<int id="z">8</int>
						<int id="w">122</int>
						<int id="h">194</int>
						<str id="sprite_class">stalagmite_3</str>
						<int id="r">180</int>
					</object>
					<object id="heights_ladder_2_1322008406193">
						<str id="name">heights_ladder_2_1322008406191</str>
						<int id="y">-823</int>
						<int id="x">268</int>
						<int id="z">80</int>
						<int id="w">75</int>
						<int id="h">93</int>
						<str id="sprite_class">heights_ladder_2</str>
					</object>
					<object id="alakol_beach_1_1322008406181">
						<str id="name">alakol_beach_1_1322008406176</str>
						<int id="y">-110</int>
						<int id="x">20</int>
						<int id="z">110</int>
						<int id="w">840</int>
						<int id="h">99</int>
						<str id="sprite_class">alakol_beach_1</str>
					</object>
					<object id="heights_mound_3_1317337894276">
						<str id="name">heights_mound_3_1317337894261</str>
						<int id="y">-849</int>
						<int id="x">303</int>
						<int id="z">10</int>
						<int id="w">498</int>
						<int id="h">189</int>
						<str id="sprite_class">heights_mound_3</str>
					</object>
					<object id="stalagmite_1_1317403564433">
						<str id="name">stalagmite_1_1317326758343</str>
						<int id="y">-925</int>
						<int id="x">-17</int>
						<int id="z">19</int>
						<int id="w">99</int>
						<bool id="h_flip">true</bool>
						<int id="h">234</int>
						<str id="sprite_class">stalagmite_1</str>
						<int id="r">180</int>
					</object>
					<object id="heights_platform_4_1322008406165">
						<str id="name">heights_platform_4_1322008406165</str>
						<int id="y">-307</int>
						<int id="x">828</int>
						<int id="z">95</int>
						<int id="w">513</int>
						<int id="h">217</int>
						<str id="sprite_class">heights_platform_4</str>
					</object>
					<object id="heights_topper_2_1322008406221">
						<str id="name">heights_topper_2_1322008406220</str>
						<int id="y">-431</int>
						<int id="x">720</int>
						<int id="z">106</int>
						<int id="w">145</int>
						<int id="h">60</int>
						<str id="sprite_class">heights_topper_2</str>
						<int id="r">-2</int>
					</object>
					<object id="heights_moss_2_1322008406245">
						<str id="name">heights_moss_2_1322008406243</str>
						<int id="y">-924</int>
						<int id="x">957</int>
						<int id="z">140</int>
						<int id="w">199</int>
						<int id="h">44</int>
						<str id="sprite_class">heights_moss_2</str>
						<int id="r">-3</int>
					</object>
					<object id="heights_platform_2_1317326758335">
						<str id="name">heights_platform_2_1317326758278</str>
						<int id="y">-750</int>
						<int id="x">1096</int>
						<int id="z">47</int>
						<int id="w">451</int>
						<bool id="h_flip">true</bool>
						<int id="h">208</int>
						<str id="sprite_class">heights_platform_2</str>
					</object>
					<object id="heights_mound_3_1317337894265">
						<str id="name">heights_mound_3_1317337894261</str>
						<int id="y">-465</int>
						<int id="x">268</int>
						<int id="z">12</int>
						<int id="w">498</int>
						<int id="h">189</int>
						<str id="sprite_class">heights_mound_3</str>
						<int id="r">-75</int>
					</object>
					<object id="alakol_beach_1_1322008406207">
						<str id="name">alakol_beach_1_1322008406176</str>
						<int id="y">-501</int>
						<int id="x">290</int>
						<int id="z">118</int>
						<int id="w">827</int>
						<int id="h">69</int>
						<str id="sprite_class">alakol_beach_1</str>
					</object>
					<object id="heights_platform_3_1317341090753">
						<str id="name">heights_platform_3_1317341090753</str>
						<int id="y">-887</int>
						<int id="x">103</int>
						<int id="z">58</int>
						<int id="w">236</int>
						<bool id="h_flip">true</bool>
						<int id="h">205</int>
						<str id="sprite_class">heights_platform_3</str>
					</object>
					<object id="heights_face_rock_1_1322008406253">
						<str id="name">heights_face_rock_1_1322008406251</str>
						<int id="y">-949</int>
						<int id="x">-319</int>
						<int id="z">89</int>
						<int id="w">177</int>
						<int id="h">56</int>
						<str id="sprite_class">heights_face_rock_1</str>
						<int id="r">-4</int>
					</object>
					<object id="roots_ug_3_1317670416581">
						<str id="name">roots_ug_3_1317403564425</str>
						<int id="y">-685</int>
						<int id="x">-424</int>
						<int id="z">21</int>
						<int id="w">80</int>
						<int id="h">232</int>
						<str id="sprite_class">roots_ug_3</str>
					</object>
					<object id="heights_face_rock_1_1322008406213">
						<str id="name">heights_face_rock_1_1317326758350</str>
						<int id="y">-846</int>
						<int id="x">-712</int>
						<int id="z">51</int>
						<int id="w">218</int>
						<int id="h">69</int>
						<str id="sprite_class">heights_face_rock_1</str>
						<int id="r">2</int>
					</object>
					<object id="stalagmite_3_1317337894286">
						<str id="name">stalagmite_3_1317326758394</str>
						<int id="y">-960</int>
						<int id="x">291</int>
						<int id="z">7</int>
						<int id="w">122</int>
						<int id="h">194</int>
						<str id="sprite_class">stalagmite_3</str>
						<int id="r">180</int>
					</object>
					<object id="heights_mound_3_1317337894261">
						<str id="name">heights_mound_3_1317337894261</str>
						<int id="y">-1024</int>
						<int id="x">-321</int>
						<int id="z">2</int>
						<int id="w">498</int>
						<int id="h">189</int>
						<str id="sprite_class">heights_mound_3</str>
						<int id="r">8</int>
					</object>
					<object id="heights_topper_2_1322008406256">
						<str id="name">heights_topper_2_1322008406254</str>
						<int id="y">-977</int>
						<int id="x">-495</int>
						<int id="z">91</int>
						<int id="w">145</int>
						<int id="h">60</int>
						<str id="sprite_class">heights_topper_2</str>
					</object>
					<object id="alakol_beach_1_1322008406205">
						<str id="name">alakol_beach_1_1322008406176</str>
						<int id="y">-1037</int>
						<int id="x">-384</int>
						<int id="z">111</int>
						<int id="w">864</int>
						<int id="h">92</int>
						<str id="sprite_class">alakol_beach_1</str>
					</object>
					<object id="heights_platform_2_1317326758289">
						<str id="name">heights_platform_2_1317326758278</str>
						<int id="y">50</int>
						<int id="x">248</int>
						<int id="z">44</int>
						<int id="w">451</int>
						<int id="h">208</int>
						<str id="sprite_class">heights_platform_2</str>
						<int id="r">-8</int>
					</object>
					<object id="crosssection_heights_underside_1317341090769">
						<str id="name">crosssection_heights_underside_1317341090768</str>
						<int id="y">-821</int>
						<int id="x">-241</int>
						<int id="z">20</int>
						<int id="w">713</int>
						<int id="h">131</int>
						<str id="sprite_class">crosssection_heights_underside</str>
						<int id="r">-6</int>
					</object>
					<object id="heights_ladderbed_1_1322008406187">
						<str id="name">heights_ladderbed_1_1322008406184</str>
						<int id="y">-703</int>
						<int id="x">273</int>
						<int id="z">74</int>
						<int id="w">136</int>
						<int id="h">147</int>
						<str id="sprite_class">heights_ladderbed_1</str>
					</object>
					<object id="gravel_1_1317337894313">
						<str id="name">gravel_1_1317332702786</str>
						<int id="y">-920</int>
						<int id="x">838</int>
						<int id="z">61</int>
						<int id="w">280</int>
						<int id="h">51</int>
						<str id="sprite_class">gravel_1</str>
					</object>
					<object id="heights_topper_2_1322008406255">
						<str id="name">heights_topper_2_1322008406254</str>
						<int id="y">-968</int>
						<int id="x">-418</int>
						<int id="z">92</int>
						<int id="w">145</int>
						<int id="h">60</int>
						<str id="sprite_class">heights_topper_2</str>
					</object>
					<object id="heights_ladderbed_1_1322008406185">
						<str id="name">heights_ladderbed_1_1322008406184</str>
						<int id="y">-198</int>
						<int id="x">926</int>
						<int id="z">97</int>
						<int id="w">136</int>
						<int id="h">147</int>
						<str id="sprite_class">heights_ladderbed_1</str>
					</object>
					<object id="stalagmite_base_2_1322008406234">
						<str id="name">stalagmite_base_2_1322008406234</str>
						<int id="y">-542</int>
						<int id="x">123</int>
						<int id="z">129</int>
						<int id="w">230</int>
						<int id="h">45</int>
						<str id="sprite_class">stalagmite_base_2</str>
					</object>
					<object id="heights_face_rock_2_1322008406204">
						<str id="name">heights_face_rock_2_1317332702809</str>
						<int id="y">-524</int>
						<int id="x">578</int>
						<int id="z">31</int>
						<int id="w">533</int>
						<int id="h">151</int>
						<str id="sprite_class">heights_face_rock_2</str>
						<int id="r">-4</int>
					</object>
					<object id="heights_moss_2_1322008406250">
						<str id="name">heights_moss_2_1322008406243</str>
						<int id="y">-1001</int>
						<int id="x">-331</int>
						<int id="z">144</int>
						<int id="w">199</int>
						<int id="h">44</int>
						<str id="sprite_class">heights_moss_2</str>
					</object>
					<object id="heights_ladder_1_1322008406190">
						<str id="name">heights_ladder_1_1322008406190</str>
						<int id="y">-369</int>
						<int id="x">925</int>
						<int id="z">98</int>
						<int id="w">85</int>
						<int id="h">92</int>
						<str id="sprite_class">heights_ladder_1</str>
					</object>
					<object id="heights_platform_2_1317326758309">
						<str id="name">heights_platform_2_1317326758278</str>
						<int id="y">36</int>
						<int id="x">-927</int>
						<int id="z">36</int>
						<int id="w">451</int>
						<int id="h">208</int>
						<str id="sprite_class">heights_platform_2</str>
					</object>
					<object id="alakol_beach_1_1322008406201">
						<str id="name">alakol_beach_1_1322008406176</str>
						<int id="y">-1008</int>
						<int id="x">-823</int>
						<int id="z">113</int>
						<int id="w">840</int>
						<int id="h">99</int>
						<str id="sprite_class">alakol_beach_1</str>
					</object>
					<object id="heights_platform_2_1322008406173">
						<str id="name">heights_platform_2_1317326758278</str>
						<int id="y">-817</int>
						<int id="x">908</int>
						<int id="z">69</int>
						<int id="w">451</int>
						<bool id="h_flip">true</bool>
						<int id="h">208</int>
						<str id="sprite_class">heights_platform_2</str>
						<int id="r">7</int>
					</object>
					<object id="heights_topper_2_1317337894269">
						<str id="name">heights_topper_2_1317332702815</str>
						<int id="y">-891</int>
						<int id="x">458</int>
						<int id="z">62</int>
						<int id="w">145</int>
						<int id="h">49</int>
						<str id="sprite_class">heights_topper_2</str>
						<int id="r">-5</int>
					</object>
					<object id="heights_face_1_1322008406159">
						<str id="name">heights_face_1_1317326758264</str>
						<int id="y">17</int>
						<int id="x">396</int>
						<int id="z">23</int>
						<int id="w">648</int>
						<int id="h">443</int>
						<str id="sprite_class">heights_face_1</str>
						<int id="r">13</int>
					</object>
					<object id="heights_platform_2_1317341090758">
						<str id="name">heights_platform_2_1317326758278</str>
						<int id="y">-799</int>
						<int id="x">715</int>
						<int id="z">81</int>
						<int id="w">451</int>
						<bool id="h_flip">true</bool>
						<int id="h">208</int>
						<str id="sprite_class">heights_platform_2</str>
						<int id="r">2</int>
					</object>
					<object id="heights_platform_3_1317341090754">
						<str id="name">heights_platform_3_1317341090753</str>
						<int id="y">-862</int>
						<int id="x">193</int>
						<int id="z">70</int>
						<int id="w">236</int>
						<bool id="h_flip">true</bool>
						<int id="h">205</int>
						<str id="sprite_class">heights_platform_3</str>
						<int id="r">-8</int>
					</object>
					<object id="heights_face_1_1317326758269">
						<str id="name">heights_face_1_1317326758264</str>
						<int id="y">-53</int>
						<int id="x">799</int>
						<int id="z">25</int>
						<int id="w">648</int>
						<int id="h">443</int>
						<str id="sprite_class">heights_face_1</str>
					</object>
					<object id="heights_ladder_1_1322008406192">
						<str id="name">heights_ladder_1_1322008406190</str>
						<int id="y">-221</int>
						<int id="x">921</int>
						<int id="z">99</int>
						<int id="w">85</int>
						<int id="h">92</int>
						<str id="sprite_class">heights_ladder_1</str>
					</object>
					<object id="heights_platform_2_1317326758285">
						<str id="name">heights_platform_2_1317326758278</str>
						<int id="y">52</int>
						<int id="x">-544</int>
						<int id="z">52</int>
						<int id="w">451</int>
						<int id="h">208</int>
						<str id="sprite_class">heights_platform_2</str>
					</object>
					<object id="heights_face_1_1317341090837">
						<str id="name">heights_face_1_1317326758264</str>
						<int id="y">-780</int>
						<int id="x">-575</int>
						<int id="z">1</int>
						<int id="w">648</int>
						<int id="h">443</int>
						<str id="sprite_class">heights_face_1</str>
						<int id="r">-20</int>
					</object>
					<object id="heights_moss_2_1322008406248">
						<str id="name">heights_moss_2_1322008406243</str>
						<int id="y">-1008</int>
						<int id="x">-382</int>
						<int id="z">142</int>
						<int id="w">199</int>
						<int id="h">44</int>
						<str id="sprite_class">heights_moss_2</str>
					</object>
					<object id="heights_platform_3_1317341090756">
						<str id="name">heights_platform_3_1317341090753</str>
						<int id="y">-889</int>
						<int id="x">194</int>
						<int id="z">57</int>
						<int id="w">236</int>
						<bool id="h_flip">true</bool>
						<int id="h">205</int>
						<str id="sprite_class">heights_platform_3</str>
					</object>
					<object id="heights_platform_2_1317326758326">
						<str id="name">heights_platform_2_1317326758278</str>
						<int id="y">-9</int>
						<int id="x">-851</int>
						<int id="z">35</int>
						<int id="w">451</int>
						<int id="h">208</int>
						<str id="sprite_class">heights_platform_2</str>
					</object>
					<object id="heights_moss_2_1322008406243">
						<str id="name">heights_moss_2_1322008406243</str>
						<int id="y">-938</int>
						<int id="x">856</int>
						<int id="z">139</int>
						<int id="w">199</int>
						<int id="h">44</int>
						<str id="sprite_class">heights_moss_2</str>
					</object>
					<object id="heights_ladderbed_1_1322008406184">
						<str id="name">heights_ladderbed_1_1322008406184</str>
						<int id="y">-315</int>
						<int id="x">919</int>
						<int id="z">96</int>
						<int id="w">136</int>
						<int id="h">147</int>
						<str id="sprite_class">heights_ladderbed_1</str>
					</object>
					<object id="heights_topper_2_1322008406254">
						<str id="name">heights_topper_2_1322008406254</str>
						<int id="y">-977</int>
						<int id="x">-296</int>
						<int id="z">90</int>
						<int id="w">145</int>
						<int id="h">60</int>
						<str id="sprite_class">heights_topper_2</str>
					</object>
					<object id="heights_platform_2_1317326758287">
						<str id="name">heights_platform_2_1317326758278</str>
						<int id="y">59</int>
						<int id="x">-130</int>
						<int id="z">43</int>
						<int id="w">451</int>
						<int id="h">208</int>
						<str id="sprite_class">heights_platform_2</str>
					</object>
					<object id="heights_topper_2_1317337894274">
						<str id="name">heights_topper_2_1317332702815</str>
						<int id="y">-906</int>
						<int id="x">414</int>
						<int id="z">66</int>
						<int id="w">151</int>
						<int id="h">62</int>
						<str id="sprite_class">heights_topper_2</str>
						<int id="r">-5</int>
					</object>
					<object id="heights_platform_2_1317326758328">
						<str id="name">heights_platform_2_1317326758278</str>
						<int id="y">13</int>
						<int id="x">-505</int>
						<int id="z">34</int>
						<int id="w">451</int>
						<int id="h">219</int>
						<str id="sprite_class">heights_platform_2</str>
					</object>
					<object id="heights_face_1_1317326758297">
						<str id="name">heights_face_1_1317326758264</str>
						<int id="y">-710</int>
						<int id="x">987</int>
						<int id="z">15</int>
						<int id="w">648</int>
						<int id="h">443</int>
						<str id="sprite_class">heights_face_1</str>
						<int id="r">-16</int>
					</object>
					<object id="heights_moss_2_1322008406246">
						<str id="name">heights_moss_2_1322008406243</str>
						<int id="y">-951</int>
						<int id="x">932</int>
						<int id="z">138</int>
						<int id="w">199</int>
						<int id="h">44</int>
						<str id="sprite_class">heights_moss_2</str>
					</object>
					<object id="heights_moss_1_1322008406259">
						<str id="name">heights_moss_1_1322008406241</str>
						<int id="y">-10</int>
						<int id="x">149</int>
						<int id="z">135</int>
						<int id="w">328</int>
						<int id="h">135</int>
						<str id="sprite_class">heights_moss_1</str>
						<int id="r">-2</int>
					</object>
					<object id="alakol_beach_2_1322008406209">
						<str id="name">alakol_beach_2_1322008406209</str>
						<int id="y">-467</int>
						<int id="x">145</int>
						<int id="z">122</int>
						<int id="w">555</int>
						<int id="h">81</int>
						<str id="sprite_class">alakol_beach_2</str>
						<int id="r">1</int>
					</object>
					<object id="heights_moss_3_1322008406217">
						<str id="name">heights_moss_3_1322008406215</str>
						<int id="y">-388</int>
						<int id="x">450</int>
						<int id="z">125</int>
						<int id="w">358</int>
						<int id="h">135</int>
						<str id="sprite_class">heights_moss_3</str>
					</object>
					<object id="heights_ladderbed_1_1322008406186">
						<str id="name">heights_ladderbed_1_1322008406184</str>
						<int id="y">-838</int>
						<int id="x">264</int>
						<int id="z">73</int>
						<int id="w">136</int>
						<int id="h">147</int>
						<str id="sprite_class">heights_ladderbed_1</str>
					</object>
					<object id="heights_mound_3_1322008406167">
						<str id="name">heights_mound_3_1317337894261</str>
						<int id="y">-431</int>
						<int id="x">119</int>
						<int id="z">11</int>
						<int id="w">498</int>
						<bool id="h_flip">true</bool>
						<int id="h">189</int>
						<str id="sprite_class">heights_mound_3</str>
						<int id="r">-164</int>
					</object>
					<object id="heights_mound_3_1317403564416">
						<str id="name">heights_mound_3_1317337894261</str>
						<int id="y">-1007</int>
						<int id="x">-852</int>
						<int id="z">3</int>
						<int id="w">498</int>
						<int id="h">189</int>
						<str id="sprite_class">heights_mound_3</str>
					</object>
					<object id="alakol_beach_1_1322008406180">
						<str id="name">alakol_beach_1_1322008406176</str>
						<int id="y">-117</int>
						<int id="x">-945</int>
						<int id="z">115</int>
						<int id="w">762</int>
						<int id="h">86</int>
						<str id="sprite_class">alakol_beach_1</str>
						<int id="r">4</int>
					</object>
					<object id="heights_platform_2_1317326758330">
						<str id="name">heights_platform_2_1317326758278</str>
						<int id="y">14</int>
						<int id="x">-141</int>
						<int id="z">42</int>
						<int id="w">451</int>
						<int id="h">208</int>
						<str id="sprite_class">heights_platform_2</str>
					</object>
					<object id="heights_moss_1_1322008406257">
						<str id="name">heights_moss_1_1322008406241</str>
						<int id="y">-941</int>
						<int id="x">-451</int>
						<int id="z">145</int>
						<int id="w">231</int>
						<int id="h">91</int>
						<str id="sprite_class">heights_moss_1</str>
						<int id="r">2</int>
					</object>
					<object id="heights_topper_2_1317337894272">
						<str id="name">heights_topper_2_1317332702815</str>
						<int id="y">-915</int>
						<int id="x">362</int>
						<int id="z">63</int>
						<int id="w">151</int>
						<int id="h">62</int>
						<str id="sprite_class">heights_topper_2</str>
						<int id="r">-5</int>
					</object>
					<object id="heights_mound_3_1317403564417">
						<str id="name">heights_mound_3_1317337894261</str>
						<int id="y">-999</int>
						<int id="x">-516</int>
						<int id="z">4</int>
						<int id="w">498</int>
						<int id="h">189</int>
						<str id="sprite_class">heights_mound_3</str>
					</object>
					<object id="heights_face_1_1317326758272">
						<str id="name">heights_face_1_1317326758264</str>
						<int id="y">148</int>
						<int id="x">-1007</int>
						<int id="z">27</int>
						<int id="w">648</int>
						<int id="h">443</int>
						<str id="sprite_class">heights_face_1</str>
						<int id="r">40</int>
					</object>
					<object id="heights_moss_3_1322008406258">
						<str id="name">heights_moss_3_1322008406215</str>
						<int id="y">-931</int>
						<int id="x">-929</int>
						<int id="z">127</int>
						<int id="w">358</int>
						<int id="h">135</int>
						<str id="sprite_class">heights_moss_3</str>
					</object>
					<object id="stalagmite_1_1322008406214">
						<str id="name">stalagmite_1_1317326758343</str>
						<int id="y">-948</int>
						<int id="x">-270</int>
						<int id="z">87</int>
						<int id="w">117</int>
						<bool id="h_flip">true</bool>
						<int id="h">252</int>
						<str id="sprite_class">stalagmite_1</str>
						<int id="r">180</int>
					</object>
					<object id="heights_platform_4_1322008406172">
						<str id="name">heights_platform_4_1322008406165</str>
						<int id="y">-844</int>
						<int id="x">-183</int>
						<int id="z">60</int>
						<int id="w">513</int>
						<int id="h">217</int>
						<str id="sprite_class">heights_platform_4</str>
					</object>
					<object id="stalagmite_3_1317326758416">
						<str id="name">stalagmite_3_1317326758394</str>
						<int id="y">-1067</int>
						<int id="x">62</int>
						<int id="z">0</int>
						<int id="w">122</int>
						<int id="h">194</int>
						<str id="sprite_class">stalagmite_3</str>
					</object>
					<object id="heights_face_rock_1_1322008406252">
						<str id="name">heights_face_rock_1_1322008406251</str>
						<int id="y">-915</int>
						<int id="x">-443</int>
						<int id="z">88</int>
						<int id="w">266</int>
						<int id="h">84</int>
						<str id="sprite_class">heights_face_rock_1</str>
						<int id="r">5</int>
					</object>
					<object id="crosssection_heights_pillar_1_1317341090775">
						<str id="name">crosssection_heights_pillar_1_1317341090770</str>
						<int id="y">-610</int>
						<int id="x">198</int>
						<int id="z">17</int>
						<int id="w">138</int>
						<bool id="h_flip">true</bool>
						<int id="h">259</int>
						<str id="sprite_class">crosssection_heights_pillar_1</str>
					</object>
					<object id="heights_ladder_2_1322008406199">
						<str id="name">heights_ladder_2_1322008406191</str>
						<int id="y">-534</int>
						<int id="x">268</int>
						<int id="z">78</int>
						<int id="w">75</int>
						<int id="h">93</int>
						<str id="sprite_class">heights_ladder_2</str>
					</object>
					<object id="heights_topper_2_1317332702822">
						<str id="name">heights_topper_2_1317332702815</str>
						<int id="y">-870</int>
						<int id="x">768</int>
						<int id="z">67</int>
						<int id="w">145</int>
						<int id="h">49</int>
						<str id="sprite_class">heights_topper_2</str>
						<int id="r">10</int>
					</object>
					<object id="stalagmite_1_1317670416563">
						<str id="name">stalagmite_1_1317326758343</str>
						<int id="y">-952</int>
						<int id="x">-322</int>
						<int id="z">85</int>
						<int id="w">139</int>
						<bool id="h_flip">true</bool>
						<int id="h">367</int>
						<str id="sprite_class">stalagmite_1</str>
						<int id="r">180</int>
					</object>
				</object>
				<int id="z">0</int>
				<object id="ladders">
					<object id="ladder_1322008406286">
						<int id="w">50</int>
						<int id="y">-238</int>
						<int id="x">927</int>
						<int id="h">263</int>
					</object>
					<object id="ladder_1322008406276">
						<int id="w">50</int>
						<int id="y">-549</int>
						<int id="x">269</int>
						<int id="h">468</int>
					</object>
				</object>
				<object id="boxes">
				</object>
			</object>
			<object id="T_1317326758263">
				<int id="w">1900</int>
				<str id="name">BG1</str>
				<object id="filtersNEW">
					<object id="blur">
						<int id="value">1</int>
					</object>
					<object id="tintColor">
						<int id="value">3342591</int>
					</object>
					<object id="tintAmount">
						<int id="value">15</int>
					</object>
					<object id="contrast">
						<int id="value">26</int>
					</object>
					<object id="brightness">
						<int id="value">-50</int>
					</object>
					<object id="saturation">
						<int id="value">-60</int>
					</object>
				</object>
				<int id="h">1485</int>
				<object id="decos">
					<object id="cliff_cover_5_1317670416565">
						<str id="name">cliff_cover_5_1317670416564</str>
						<int id="y">1359</int>
						<int id="x">802</int>
						<int id="z">18</int>
						<int id="w">450</int>
						<int id="h">178</int>
						<str id="sprite_class">cliff_cover_5</str>
						<int id="r">-10</int>
					</object>
					<object id="stalagmite_1_1317670416569">
						<str id="name">stalagmite_1_1317326758338</str>
						<int id="y">1526</int>
						<int id="x">837</int>
						<int id="z">8</int>
						<int id="w">238</int>
						<int id="h">563</int>
						<str id="sprite_class">stalagmite_1</str>
					</object>
					<object id="heights_face_1_1317337894307">
						<str id="name">heights_face_1_1317326758264</str>
						<int id="y">993</int>
						<int id="x">1869</int>
						<int id="z">13</int>
						<int id="w">648</int>
						<int id="h">443</int>
						<str id="sprite_class">heights_face_1</str>
					</object>
					<object id="stalagmite_1_1317670416589">
						<str id="name">stalagmite_1_1317326758343</str>
						<int id="y">560</int>
						<int id="x">410</int>
						<int id="z">22</int>
						<int id="w">107</int>
						<int id="h">283</int>
						<str id="sprite_class">stalagmite_1</str>
						<int id="r">180</int>
					</object>
					<object id="cliff_cover_5_1317670416566">
						<str id="name">cliff_cover_5_1317670416564</str>
						<int id="y">1375</int>
						<int id="x">1021</int>
						<int id="z">19</int>
						<int id="w">474</int>
						<int id="h">214</int>
						<str id="sprite_class">cliff_cover_5</str>
						<int id="r">-10</int>
					</object>
					<object id="stalagmite_1_1317670416588">
						<str id="name">stalagmite_1_1317326758343</str>
						<int id="y">602</int>
						<int id="x">335</int>
						<int id="z">21</int>
						<int id="w">139</int>
						<int id="h">367</int>
						<str id="sprite_class">stalagmite_1</str>
						<int id="r">180</int>
					</object>
					<object id="cliff_cover_5_1317670416564">
						<str id="name">cliff_cover_5_1317670416564</str>
						<int id="y">1350</int>
						<int id="x">638</int>
						<int id="z">17</int>
						<int id="w">340</int>
						<int id="h">148</int>
						<str id="sprite_class">cliff_cover_5</str>
						<int id="r">-10</int>
					</object>
					<object id="heights_mound_3_1317670416587">
						<str id="name">heights_mound_3_1317337894261</str>
						<int id="y">510</int>
						<int id="x">1036</int>
						<int id="z">2</int>
						<int id="w">498</int>
						<int id="h">189</int>
						<str id="sprite_class">heights_mound_3</str>
						<int id="r">-180</int>
					</object>
					<object id="stalagmite_1_1317670416571">
						<str id="name">stalagmite_1_1317326758338</str>
						<int id="y">1514</int>
						<int id="x">487</int>
						<int id="z">6</int>
						<int id="w">254</int>
						<int id="h">601</int>
						<str id="sprite_class">stalagmite_1</str>
					</object>
					<object id="stalagmite_3_1317337894285">
						<str id="name">stalagmite_3_1317326758341</str>
						<int id="y">535</int>
						<int id="x">366</int>
						<int id="z">9</int>
						<int id="w">149</int>
						<int id="h">225</int>
						<str id="sprite_class">stalagmite_3</str>
						<int id="r">-1</int>
					</object>
					<object id="heights_mound_3_1317670416586">
						<str id="name">heights_mound_3_1317337894261</str>
						<int id="y">521</int>
						<int id="x">798</int>
						<int id="z">3</int>
						<int id="w">498</int>
						<int id="h">189</int>
						<str id="sprite_class">heights_mound_3</str>
						<int id="r">-180</int>
					</object>
					<object id="heights_face_1_1322008406229">
						<str id="name">heights_face_1_1317326758264</str>
						<int id="y">1547</int>
						<int id="x">214</int>
						<int id="z">15</int>
						<int id="w">648</int>
						<int id="h">443</int>
						<str id="sprite_class">heights_face_1</str>
						<int id="r">-40</int>
					</object>
					<object id="heights_face_1_1317326758382">
						<str id="name">heights_face_1_1317326758264</str>
						<int id="y">952</int>
						<int id="x">1455</int>
						<int id="z">12</int>
						<int id="w">648</int>
						<int id="h">443</int>
						<str id="sprite_class">heights_face_1</str>
					</object>
					<object id="stalagmite_3_1317332702802">
						<str id="name">stalagmite_3_1317326758341</str>
						<int id="y">867</int>
						<int id="x">1248</int>
						<int id="z">16</int>
						<int id="w">149</int>
						<int id="h">225</int>
						<str id="sprite_class">stalagmite_3</str>
						<int id="r">-1</int>
					</object>
					<object id="stalagmite_1_1317670416570">
						<str id="name">stalagmite_1_1317326758338</str>
						<int id="y">1389</int>
						<int id="x">929</int>
						<int id="z">20</int>
						<int id="w">161</int>
						<int id="h">381</int>
						<str id="sprite_class">stalagmite_1</str>
					</object>
					<object id="heights_mound_3_1322008406223">
						<str id="name">heights_mound_3_1317337894261</str>
						<int id="y">476</int>
						<int id="x">1882</int>
						<int id="z">5</int>
						<int id="w">498</int>
						<int id="h">189</int>
						<str id="sprite_class">heights_mound_3</str>
					</object>
					<object id="stalagmite_3_1317332702826">
						<str id="name">stalagmite_3_1317326758394</str>
						<int id="y">18</int>
						<int id="x">749</int>
						<int id="z">11</int>
						<int id="w">135</int>
						<bool id="h_flip">true</bool>
						<int id="h">304</int>
						<str id="sprite_class">stalagmite_3</str>
						<int id="r">180</int>
					</object>
					<object id="stalagmite_3_1317337894283">
						<str id="name">stalagmite_3_1317326758341</str>
						<int id="y">-49</int>
						<int id="x">1299</int>
						<int id="z">10</int>
						<int id="w">138</int>
						<bool id="h_flip">true</bool>
						<int id="h">259</int>
						<str id="sprite_class">stalagmite_3</str>
						<int id="r">179</int>
					</object>
					<object id="stalagmite_3_1322008406225">
						<str id="name">stalagmite_3_1317326758341</str>
						<int id="y">507</int>
						<int id="x">1134</int>
						<int id="z">1</int>
						<int id="w">149</int>
						<int id="h">225</int>
						<str id="sprite_class">stalagmite_3</str>
						<int id="r">-1</int>
					</object>
					<object id="heights_face_1_1317326758378">
						<str id="name">heights_face_1_1317326758264</str>
						<int id="y">1202</int>
						<int id="x">-65</int>
						<int id="z">14</int>
						<int id="w">648</int>
						<int id="h">443</int>
						<str id="sprite_class">heights_face_1</str>
						<int id="r">-5</int>
					</object>
					<object id="heights_mound_3_1322008406224">
						<str id="name">heights_mound_3_1317337894261</str>
						<int id="y">546</int>
						<int id="x">1535</int>
						<int id="z">4</int>
						<int id="w">498</int>
						<int id="h">189</int>
						<str id="sprite_class">heights_mound_3</str>
						<int id="r">-10</int>
					</object>
					<object id="stalagmite_3_1317326758392">
						<str id="name">stalagmite_3_1317326758341</str>
						<int id="y">445</int>
						<int id="x">1081</int>
						<int id="z">0</int>
						<int id="w">149</int>
						<int id="h">225</int>
						<str id="sprite_class">stalagmite_3</str>
						<int id="r">-1</int>
					</object>
					<object id="cloud_fluffy_1_1322008406231">
						<str id="name">cloud_fluffy_1_1317332702799</str>
						<int id="y">1374</int>
						<int id="x">884</int>
						<int id="z">24</int>
						<int id="w">1316</int>
						<int id="h">347</int>
						<str id="sprite_class">cloud_fluffy_1</str>
					</object>
					<object id="stalagmite_1_1317670416568">
						<str id="name">stalagmite_1_1317326758338</str>
						<int id="y">1454</int>
						<int id="x">978</int>
						<int id="z">7</int>
						<int id="w">161</int>
						<int id="h">381</int>
						<str id="sprite_class">stalagmite_1</str>
					</object>
					<object id="heights_mound_3_1317670416585">
						<str id="name">heights_mound_3_1317337894261</str>
						<int id="y">521</int>
						<int id="x">486</int>
						<int id="z">23</int>
						<int id="w">498</int>
						<int id="h">189</int>
						<str id="sprite_class">heights_mound_3</str>
						<int id="r">-180</int>
					</object>
				</object>
				<int id="z">-1</int>
			</object>
		</object>
		<null id="loading_label"/>
		<null id="physics"/>
		<str id="tsid">LA5C1CH8TDH277B</str>
		<null id="img_file_versioned"/>
		<int id="ground_y">-267</int>
		<str id="swf_file_versioned">http://c2.glitch.bz/locations/groddle1/1324491805.swf</str>
		<object id="gradient">
			<str id="top">D0D0D</str>
			<str id="bottom">1C0D1C</str>
		</object>
		<int id="rookable_type">0</int>
		<object id="sources">
			<int id="LA5ICL7V9BH2LCA">1</int>
			<int id="LA5I9D23ODH22M8">1</int>
		</object>
		<str id="music_file"></str>
		<bool id="wall_jump">false</bool>
		<bool id="no_zoom">false</bool>
		<bool id="no_camera_mode">false</bool>
		<bool id="no_ambient_music">false</bool>
		<bool id="no_physics_adjustments">false</bool>
		<bool id="no_upgrade_physics_adjustments">false</bool>
	</object>
</game_object>
