<game_object tsid="GA5FUB7R0N627KI" ts="1336603181079" label="Telanga Tops" class_tsid="" lastUpdateTime="1336603170788" upd_gs="gs10" load_time="2012-05-09 15:29:15.478" upd_time="2012-05-09 15:39:22.710">
	<object id="dynamic">
		<int id="l">-750</int>
		<int id="r">750</int>
		<int id="t">-2400</int>
		<int id="b">0</int>
		<str id="label">Telanga Tops</str>
		<str id="swf_file">groddle1.swf</str>
		<object id="layers">
			<object id="T_1309376088088">
				<object id="decos">
					<object id="mountain_blue_1_1310505965243">
						<int id="w">861</int>
						<int id="z">3</int>
						<int id="x">1089</int>
						<int id="y">1967</int>
						<int id="h">38</int>
						<str id="name">mountain_blue_1_1310505965242</str>
						<str id="sprite_class">mountain_blue_1</str>
					</object>
					<object id="alakol_cliff_1_1310505965238">
						<int id="w">507</int>
						<int id="z">1</int>
						<int id="x">1107</int>
						<int id="y">2025</int>
						<int id="h">86</int>
						<str id="name">alakol_cliff_1_1310505965237</str>
						<str id="sprite_class">alakol_cliff_1</str>
					</object>
					<object id="tree_acacia_3_1310505965274">
						<int id="w">67</int>
						<int id="z">4</int>
						<int id="x">1234</int>
						<int id="y">1942</int>
						<int id="h">31</int>
						<str id="name">tree_acacia_3_1310505965249</str>
						<str id="sprite_class">tree_acacia_3</str>
					</object>
					<object id="alakol_cliff_1_1310505965237">
						<int id="w">507</int>
						<int id="z">0</int>
						<int id="x">840</int>
						<int id="y">1980</int>
						<int id="h">86</int>
						<str id="name">alakol_cliff_1_1310505965237</str>
						<str id="sprite_class">alakol_cliff_1</str>
					</object>
					<object id="alakol_cliff_1_1310505965239">
						<int id="w">507</int>
						<int id="z">2</int>
						<int id="x">1131</int>
						<int id="y">2304</int>
						<int id="h">318</int>
						<str id="name">alakol_cliff_1_1310505965237</str>
						<str id="sprite_class">alakol_cliff_1</str>
					</object>
				</object>
				<int id="w">1290</int>
				<int id="h">2280</int>
				<int id="z">-3</int>
				<object id="filtersNEW">
					<object id="brightness">
						<int id="value">-50</int>
					</object>
					<object id="saturation">
						<int id="value">-100</int>
					</object>
					<object id="tintColor">
						<int id="value">0</int>
					</object>
					<object id="contrast">
						<int id="value">-100</int>
					</object>
				</object>
				<str id="name">sky</str>
			</object>
			<object id="T_1309380358068">
				<object id="decos">
					<object id="alakol_beach_1_1310510299162">
						<int id="w">584</int>
						<int id="z">2</int>
						<int id="x">1136</int>
						<int id="y">2064</int>
						<int id="h">49</int>
						<str id="name">alakol_beach_1_1310502646398</str>
						<str id="sprite_class">alakol_beach_1</str>
					</object>
					<object id="heights_face_1_1310505965247">
						<int id="w">375</int>
						<int id="z">6</int>
						<int id="x">661</int>
						<int id="y">1574</int>
						<int id="h">257</int>
						<str id="name">heights_face_1_1310502646385</str>
						<str id="sprite_class">heights_face_1</str>
					</object>
					<object id="heights_face_1_1310505965246">
						<int id="w">375</int>
						<int id="z">5</int>
						<int id="x">732</int>
						<int id="y">1745</int>
						<int id="h">257</int>
						<str id="name">heights_face_1_1310502646385</str>
						<str id="sprite_class">heights_face_1</str>
					</object>
					<object id="heights_face_1_1310505965245">
						<int id="w">375</int>
						<int id="z">1</int>
						<int id="x">846</int>
						<int id="y">1923</int>
						<int id="h">257</int>
						<str id="name">heights_face_1_1310502646385</str>
						<str id="sprite_class">heights_face_1</str>
					</object>
					<object id="alakol_beach_1_1310510299160">
						<int id="w">265</int>
						<int id="z">8</int>
						<int id="x">893</int>
						<int id="y">1723</int>
						<int id="h">47</int>
						<str id="name">alakol_beach_1_1310502646398</str>
						<str id="sprite_class">alakol_beach_1</str>
					</object>
					<object id="alakol_beach_1_1310510299161">
						<int id="w">346</int>
						<int id="z">10</int>
						<int id="x">680</int>
						<int id="y">1377</int>
						<int id="h">57</int>
						<str id="name">alakol_beach_1_1310502646398</str>
						<str id="sprite_class">alakol_beach_1</str>
					</object>
					<object id="tree_acacia_1_1310510299164">
						<int id="w">251</int>
						<int id="z">3</int>
						<int id="x">1232</int>
						<int id="y">2035</int>
						<int id="h">157</int>
						<str id="name">tree_acacia_1_1310510299164</str>
						<str id="sprite_class">tree_acacia_1</str>
					</object>
					<object id="heights_face_1_1310505965248">
						<int id="w">375</int>
						<int id="z">7</int>
						<int id="x">566</int>
						<int id="y">1398</int>
						<int id="h">257</int>
						<str id="name">heights_face_1_1310502646385</str>
						<str id="sprite_class">heights_face_1</str>
					</object>
					<object id="heights_face_1_1310505965244">
						<int id="w">375</int>
						<int id="z">0</int>
						<int id="x">926</int>
						<int id="y">2099</int>
						<int id="h">257</int>
						<str id="name">heights_face_1_1310502646385</str>
						<str id="sprite_class">heights_face_1</str>
					</object>
					<object id="tree_acacia_2_1310505965288">
						<int id="w">364</int>
						<int id="z">9</int>
						<int id="x">881</int>
						<int id="y">1683</int>
						<int id="h">203</int>
						<str id="name">tree_acacia_2_1310505965288</str>
						<str id="sprite_class">tree_acacia_2</str>
					</object>
					<object id="alakol_beach_1_1310510299163">
						<int id="w">584</int>
						<int id="z">4</int>
						<int id="x">1326</int>
						<int id="y">2090</int>
						<int id="h">49</int>
						<str id="name">alakol_beach_1_1310502646398</str>
						<str id="sprite_class">alakol_beach_1</str>
					</object>
				</object>
				<int id="w">1350</int>
				<int id="h">2304</int>
				<int id="z">-2</int>
				<object id="filtersNEW">
					<object id="brightness">
						<int id="value">-84</int>
					</object>
					<object id="saturation">
						<int id="value">-22</int>
					</object>
					<object id="tintColor">
						<int id="value">0</int>
					</object>
					<object id="contrast">
						<int id="value">-39</int>
					</object>
				</object>
				<str id="name">bg2</str>
			</object>
			<object id="middleground">
				<int id="h">2400</int>
				<object id="ladders">
					<object id="ladder_1310502646427">
						<int id="y">-308</int>
						<int id="w">50</int>
						<int id="h">491</int>
						<int id="x">84</int>
					</object>
					<object id="ladder_1310505965254">
						<int id="y">-838</int>
						<int id="w">50</int>
						<int id="h">386</int>
						<int id="x">-182</int>
					</object>
					<object id="ladder_1310505965255">
						<int id="y">-1252</int>
						<int id="w">50</int>
						<int id="h">343</int>
						<int id="x">-398</int>
					</object>
					<object id="ladder_1310505965257">
						<int id="y">-1636</int>
						<int id="w">50</int>
						<int id="h">320</int>
						<int id="x">-301</int>
					</object>
				</object>
				<str id="name">middleground</str>
				<object id="filtersNEW">
					<object id="tintAmount">
						<int id="value">29</int>
					</object>
					<object id="brightness">
						<int id="value">-15</int>
					</object>
					<object id="saturation">
						<int id="value">3</int>
					</object>
					<object id="tintColor">
						<int id="value">13411215</int>
					</object>
					<object id="contrast">
						<int id="value">6</int>
					</object>
				</object>
				<object id="doors">
				</object>
				<object id="boxes">
				</object>
				<int id="w">1500</int>
				<object id="platform_lines">
					<object id="plat_1310502646473">
						<int id="platform_item_perm">-1</int>
						<object id="start">
							<int id="y">-133</int>
							<int id="x">69</int>
						</object>
						<object id="end">
							<int id="y">-110</int>
							<int id="x">103</int>
						</object>
						<int id="platform_pc_perm">-1</int>
					</object>
					<object id="plat_1310505965223">
						<int id="platform_item_perm">-1</int>
						<object id="start">
							<int id="y">-1227</int>
							<int id="x">-59</int>
						</object>
						<object id="end">
							<int id="y">-1218</int>
							<int id="x">13</int>
						</object>
						<int id="platform_pc_perm">-1</int>
					</object>
					<object id="plat_1310502646470">
						<int id="platform_item_perm">-1</int>
						<object id="start">
							<int id="y">-111</int>
							<int id="x">623</int>
						</object>
						<object id="end">
							<int id="y">-104</int>
							<int id="x">646</int>
						</object>
						<int id="platform_pc_perm">-1</int>
					</object>
					<object id="plat_1310502646410">
						<int id="platform_item_perm">-1</int>
						<object id="start">
							<int id="y">-1227</int>
							<int id="x">-466</int>
						</object>
						<object id="end">
							<int id="y">-1235</int>
							<int id="x">-349</int>
						</object>
						<int id="platform_pc_perm">-1</int>
					</object>
					<object id="plat_1310522070798">
						<int id="platform_item_perm">-1</int>
						<object id="start">
							<int id="y">-1591</int>
							<int id="x">-356</int>
						</object>
						<object id="end">
							<int id="y">-1608</int>
							<int id="x">-323</int>
						</object>
						<int id="platform_pc_perm">-1</int>
					</object>
					<object id="plat_1310502646474">
						<int id="platform_item_perm">-1</int>
						<object id="start">
							<int id="y">-344</int>
							<int id="x">-684</int>
						</object>
						<object id="end">
							<int id="y">-323</int>
							<int id="x">-518</int>
						</object>
						<int id="platform_pc_perm">-1</int>
					</object>
					<object id="plat_1310502646468">
						<int id="platform_item_perm">-1</int>
						<object id="start">
							<int id="y">-104</int>
							<int id="x">501</int>
						</object>
						<object id="end">
							<int id="y">-110</int>
							<int id="x">531</int>
						</object>
						<int id="platform_pc_perm">-1</int>
					</object>
					<object id="plat_1310505965225">
						<int id="platform_item_perm">-1</int>
						<object id="start">
							<int id="y">-819</int>
							<int id="x">-748</int>
						</object>
						<object id="end">
							<int id="y">-836</int>
							<int id="x">-497</int>
						</object>
						<int id="platform_pc_perm">-1</int>
					</object>
					<object id="plat_1310502646472">
						<int id="platform_item_perm">-1</int>
						<object id="start">
							<int id="y">-148</int>
							<int id="x">-41</int>
						</object>
						<object id="end">
							<int id="y">-133</int>
							<int id="x">69</int>
						</object>
						<int id="platform_pc_perm">-1</int>
					</object>
					<object id="plat_1310502646435">
						<int id="platform_item_perm">-1</int>
						<object id="start">
							<int id="y">-417</int>
							<int id="x">-281</int>
						</object>
						<object id="end">
							<int id="y">-389</int>
							<int id="x">-34</int>
						</object>
						<int id="platform_pc_perm">-1</int>
					</object>
					<object id="plat_1310502646467">
						<int id="platform_item_perm">-1</int>
						<object id="start">
							<int id="y">-105</int>
							<int id="x">173</int>
						</object>
						<object id="end">
							<int id="y">-97</int>
							<int id="x">313</int>
						</object>
						<int id="platform_pc_perm">-1</int>
					</object>
					<object id="plat_1310502646409">
						<int id="platform_item_perm">-1</int>
						<object id="start">
							<int id="y">-817</int>
							<int id="x">-150</int>
						</object>
						<object id="end">
							<int id="y">-792</int>
							<int id="x">128</int>
						</object>
						<int id="platform_pc_perm">-1</int>
					</object>
					<object id="plat_1310502646439">
						<int id="platform_item_perm">-1</int>
						<object id="start">
							<int id="y">-104</int>
							<int id="x">646</int>
						</object>
						<object id="end">
							<int id="y">-93</int>
							<int id="x">749</int>
						</object>
						<int id="platform_pc_perm">-1</int>
					</object>
					<object id="plat_1310502646440">
						<int id="platform_item_perm">-1</int>
						<object id="start">
							<int id="y">-97</int>
							<int id="x">313</int>
						</object>
						<object id="end">
							<int id="y">-104</int>
							<int id="x">501</int>
						</object>
						<int id="platform_pc_perm">-1</int>
					</object>
					<object id="plat_1310502646453">
						<int id="platform_item_perm">-1</int>
						<object id="start">
							<int id="y">-141</int>
							<int id="x">-507</int>
						</object>
						<object id="end">
							<int id="y">-181</int>
							<int id="x">-383</int>
						</object>
						<int id="platform_pc_perm">-1</int>
					</object>
					<object id="plat_1310502646444">
						<int id="platform_item_perm">-1</int>
						<object id="start">
							<int id="y">-135</int>
							<int id="x">-749</int>
						</object>
						<object id="end">
							<int id="y">-141</int>
							<int id="x">-507</int>
						</object>
						<int id="platform_pc_perm">-1</int>
					</object>
					<object id="plat_1310522070797">
						<int id="platform_item_perm">-1</int>
						<object id="start">
							<int id="y">-1589</int>
							<int id="x">-420</int>
						</object>
						<object id="end">
							<int id="y">-1591</int>
							<int id="x">-356</int>
						</object>
						<int id="platform_pc_perm">-1</int>
					</object>
					<object id="plat_1310502646458">
						<int id="platform_item_perm">-1</int>
						<object id="start">
							<int id="y">-398</int>
							<int id="x">-463</int>
						</object>
						<object id="end">
							<int id="y">-417</int>
							<int id="x">-281</int>
						</object>
						<int id="platform_pc_perm">-1</int>
					</object>
					<object id="plat_1310502646431">
						<int id="platform_item_perm">-1</int>
						<object id="start">
							<int id="y">-340</int>
							<int id="x">-749</int>
						</object>
						<object id="end">
							<int id="y">-344</int>
							<int id="x">-684</int>
						</object>
						<int id="platform_pc_perm">-1</int>
					</object>
					<object id="plat_1310502646436">
						<int id="platform_item_perm">-1</int>
						<object id="start">
							<int id="y">-295</int>
							<int id="x">-3</int>
						</object>
						<object id="end">
							<int id="y">-296</int>
							<int id="x">163</int>
						</object>
						<int id="platform_pc_perm">-1</int>
					</object>
					<object id="plat_1310502646456">
						<int id="platform_item_perm">-1</int>
						<object id="start">
							<int id="y">-323</int>
							<int id="x">-518</int>
						</object>
						<object id="end">
							<int id="y">-317</int>
							<int id="x">-452</int>
						</object>
						<int id="platform_pc_perm">-1</int>
					</object>
					<object id="plat_1310505965220">
						<int id="platform_item_perm">-1</int>
						<object id="start">
							<int id="y">-1608</int>
							<int id="x">-323</int>
						</object>
						<object id="end">
							<int id="y">-1606</int>
							<int id="x">-275</int>
						</object>
						<int id="platform_pc_perm">-1</int>
					</object>
					<object id="plat_1310502646457">
						<int id="platform_item_perm">-1</int>
						<object id="start">
							<int id="y">-280</int>
							<int id="x">-64</int>
						</object>
						<object id="end">
							<int id="y">-295</int>
							<int id="x">-3</int>
						</object>
						<int id="platform_pc_perm">-1</int>
					</object>
					<object id="plat_1310502646471">
						<int id="platform_item_perm">-1</int>
						<object id="start">
							<int id="y">-138</int>
							<int id="x">-65</int>
						</object>
						<object id="end">
							<int id="y">-148</int>
							<int id="x">-41</int>
						</object>
						<int id="platform_pc_perm">-1</int>
					</object>
					<object id="plat_1310502646411">
						<int id="platform_item_perm">-1</int>
						<object id="start">
							<int id="y">-1987</int>
							<int id="x">-749</int>
						</object>
						<object id="end">
							<int id="y">-1981</int>
							<int id="x">-486</int>
						</object>
						<int id="platform_pc_perm">-1</int>
					</object>
					<object id="plat_1310522070794">
						<int id="platform_item_perm">-1</int>
						<object id="start">
							<int id="y">-1981</int>
							<int id="x">-486</int>
						</object>
						<object id="end">
							<int id="y">-1945</int>
							<int id="x">-344</int>
						</object>
						<int id="platform_pc_perm">-1</int>
					</object>
					<object id="plat_1310505965221">
						<int id="platform_item_perm">-1</int>
						<object id="start">
							<int id="y">-1606</int>
							<int id="x">-275</int>
						</object>
						<object id="end">
							<int id="y">-1598</int>
							<int id="x">-221</int>
						</object>
						<int id="platform_pc_perm">-1</int>
					</object>
					<object id="plat_1310502646443">
						<int id="platform_item_perm">-1</int>
						<object id="start">
							<int id="y">-181</int>
							<int id="x">-383</int>
						</object>
						<object id="end">
							<int id="y">-176</int>
							<int id="x">-188</int>
						</object>
						<int id="platform_pc_perm">-1</int>
					</object>
					<object id="plat_1310502646442">
						<int id="platform_item_perm">-1</int>
						<object id="start">
							<int id="y">-176</int>
							<int id="x">-188</int>
						</object>
						<object id="end">
							<int id="y">-138</int>
							<int id="x">-65</int>
						</object>
						<int id="platform_pc_perm">-1</int>
					</object>
					<object id="plat_1310505965256">
						<int id="platform_item_perm">-1</int>
						<object id="start">
							<int id="y">-1945</int>
							<int id="x">-344</int>
						</object>
						<object id="end">
							<int id="y">-1956</int>
							<int id="x">-213</int>
						</object>
						<int id="platform_pc_perm">-1</int>
					</object>
					<object id="plat_1310502646469">
						<int id="platform_item_perm">-1</int>
						<object id="start">
							<int id="y">-110</int>
							<int id="x">531</int>
						</object>
						<object id="end">
							<int id="y">-111</int>
							<int id="x">623</int>
						</object>
						<int id="platform_pc_perm">-1</int>
					</object>
					<object id="plat_1310505965222">
						<int id="platform_item_perm">-1</int>
						<object id="start">
							<int id="y">-1235</int>
							<int id="x">-349</int>
						</object>
						<object id="end">
							<int id="y">-1219</int>
							<int id="x">-234</int>
						</object>
						<int id="platform_pc_perm">-1</int>
					</object>
					<object id="plat_1310522070795">
						<int id="platform_item_perm">-1</int>
						<object id="start">
							<int id="y">-1219</int>
							<int id="x">-234</int>
						</object>
						<object id="end">
							<int id="y">-1216</int>
							<int id="x">-130</int>
						</object>
						<int id="platform_pc_perm">-1</int>
					</object>
					<object id="plat_1310502646441">
						<int id="platform_item_perm">-1</int>
						<object id="start">
							<int id="y">-110</int>
							<int id="x">103</int>
						</object>
						<object id="end">
							<int id="y">-105</int>
							<int id="x">173</int>
						</object>
						<int id="platform_pc_perm">-1</int>
					</object>
					<object id="plat_1310502646437">
						<int id="platform_item_perm">-1</int>
						<object id="start">
							<int id="y">-296</int>
							<int id="x">163</int>
						</object>
						<object id="end">
							<int id="y">-230</int>
							<int id="x">517</int>
						</object>
						<int id="platform_pc_perm">-1</int>
					</object>
					<object id="plat_1310502646451">
						<int id="platform_item_perm">-1</int>
						<object id="start">
							<int id="y">-1599</int>
							<int id="x">-530</int>
						</object>
						<object id="end">
							<int id="y">-1589</int>
							<int id="x">-420</int>
						</object>
						<int id="platform_pc_perm">-1</int>
					</object>
					<object id="plat_1310502646438">
						<int id="platform_item_perm">-1</int>
						<object id="start">
							<int id="y">-230</int>
							<int id="x">517</int>
						</object>
						<object id="end">
							<int id="y">-221</int>
							<int id="x">544</int>
						</object>
						<int id="platform_pc_perm">-1</int>
					</object>
					<object id="plat_1310505965224">
						<int id="platform_item_perm">-1</int>
						<object id="start">
							<int id="y">-836</int>
							<int id="x">-497</int>
						</object>
						<object id="end">
							<int id="y">-817</int>
							<int id="x">-150</int>
						</object>
						<int id="platform_pc_perm">-1</int>
					</object>
					<object id="plat_1310522070796">
						<int id="platform_item_perm">-1</int>
						<object id="start">
							<int id="y">-1216</int>
							<int id="x">-130</int>
						</object>
						<object id="end">
							<int id="y">-1227</int>
							<int id="x">-59</int>
						</object>
						<int id="platform_pc_perm">-1</int>
					</object>
				</object>
				<object id="signposts">
					<object id="signpost_2">
						<int id="y">-2010</int>
						<int id="h">200</int>
						<int id="w">100</int>
						<int id="x">-610</int>
						<object id="connects">
							<object id="0">
								<str id="swf_file_versioned">http://c2.glitch.bz/locations/groddle1/1316726082.swf</str>
								<str id="mote_id">9</str>
								<int id="y">-155</int>
								<int id="x">405</int>
								<str id="hub_id">89</str>
								<objref id="target" tsid="LA51701PF262LC8" label="Arisa Annex"/>
							</object>
						</object>
					</object>
					<object id="signpost_1">
						<int id="y">-257</int>
						<int id="h">200</int>
						<int id="w">100</int>
						<int id="x">483</int>
						<object id="connects">
							<object id="0">
								<str id="swf_file_versioned">http://c2.glitch.bz/locations/groddle1/1316726082.swf,http://c2.glitch.bz/locations/subway_ext/1316715607.swf</str>
								<str id="mote_id">9</str>
								<int id="y">-167</int>
								<int id="x">-155</int>
								<str id="hub_id">89</str>
								<objref id="target" tsid="LA51CGIGKK62NV8" label="Kongu Hop"/>
							</object>
						</object>
					</object>
				</object>
				<object id="targets">
				</object>
				<int id="z">0</int>
				<object id="decos">
					<object id="bush_3_1310510299176">
						<int id="w">283</int>
						<int id="z">71</int>
						<int id="x">-636</int>
						<int id="y">-2049</int>
						<int id="h">100</int>
						<str id="name">bush_3_1310510299176</str>
						<str id="sprite_class">bush_3</str>
					</object>
					<object id="patch_dirt_2a_1310510299170">
						<int id="w">286</int>
						<int id="z">97</int>
						<int id="x">-666</int>
						<int id="y">-138</int>
						<int id="h">49</int>
						<str id="name">patch_dirt_2a_1310510299153</str>
						<str id="sprite_class">patch_dirt_2a</str>
					</object>
					<object id="heights_face_1_1310502646392">
						<int id="w">713</int>
						<int id="z">6</int>
						<int id="r">20</int>
						<int id="x">-257</int>
						<int id="y">-494</int>
						<int id="h">488</int>
						<str id="name">heights_face_1_1310502646385</str>
						<str id="sprite_class">heights_face_1</str>
					</object>
					<object id="trunk_ladder_1_1310502646423">
						<int id="w">134</int>
						<int id="z">49</int>
						<int id="x">-196</int>
						<int id="y">-1042</int>
						<int id="h">154</int>
						<str id="name">trunk_ladder_1_1310502646419</str>
						<str id="sprite_class">trunk_ladder_1</str>
					</object>
					<object id="heights_face_rock_1_1310505965266">
						<int id="w">283</int>
						<int id="z">36</int>
						<int id="x">-111</int>
						<int id="y">-1132</int>
						<int id="h">90</int>
						<str id="name">heights_face_rock_1_1310505965258</str>
						<str id="sprite_class">heights_face_rock_1</str>
					</object>
					<object id="groddle_cover_clover2_1310505965278">
						<int id="w">126</int>
						<int id="z">75</int>
						<int id="x">-473</int>
						<int id="y">-173</int>
						<int id="h">47</int>
						<str id="name">groddle_cover_clover2_1310505965277</str>
						<str id="sprite_class">groddle_cover_clover2</str>
					</object>
					<object id="trunk_ladder_1_1310502646428">
						<int id="w">134</int>
						<int id="z">53</int>
						<int id="x">77</int>
						<int id="y">-482</int>
						<int id="h">154</int>
						<str id="name">trunk_ladder_1_1310502646419</str>
						<str id="sprite_class">trunk_ladder_1</str>
					</object>
					<object id="heights_face_1_1310502646389">
						<int id="w">738</int>
						<int id="z">2</int>
						<int id="r">15</int>
						<int id="x">-613</int>
						<int id="y">-1574</int>
						<int id="h">519</int>
						<str id="name">heights_face_1_1310502646385</str>
						<str id="sprite_class">heights_face_1</str>
					</object>
					<object id="stalagmite_base_1_1310502646460">
						<int id="w">220</int>
						<int id="z">66</int>
						<int id="x">571</int>
						<int id="y">-99</int>
						<int id="h">66</int>
						<str id="name">stalagmite_base_1_1310502646459</str>
						<str id="sprite_class">stalagmite_base_1</str>
					</object>
					<object id="trunk_ladder_1_1310502646426">
						<int id="w">114</int>
						<int id="z">50</int>
						<int id="x">-191</int>
						<int id="y">-905</int>
						<int id="h">131</int>
						<str id="name">trunk_ladder_1_1310502646419</str>
						<str id="sprite_class">trunk_ladder_1</str>
					</object>
					<object id="alakol_cliff_2_1310510299179">
						<int id="w">488</int>
						<int id="z">109</int>
						<int id="x">-916</int>
						<int id="y">-2026</int>
						<int id="h">135</int>
						<str id="name">alakol_cliff_2_1310510299179</str>
						<str id="sprite_class">alakol_cliff_2</str>
					</object>
					<object id="alakol_cliff_2_1310509604335">
						<int id="w">706</int>
						<int id="z">90</int>
						<int id="x">48</int>
						<int id="y">129</int>
						<int id="h">196</int>
						<str id="name">alakol_cliff_2_1310502646394</str>
						<str id="sprite_class">alakol_cliff_2</str>
					</object>
					<object id="heights_face_rock_1_1310505965265">
						<int id="w">283</int>
						<int id="z">35</int>
						<int id="x">-375</int>
						<int id="y">-1137</int>
						<int id="h">90</int>
						<str id="name">heights_face_rock_1_1310505965258</str>
						<str id="sprite_class">heights_face_rock_1</str>
					</object>
					<object id="heights_face_rock_1_1310505965267">
						<int id="w">283</int>
						<int id="z">34</int>
						<int id="x">-207</int>
						<int id="y">-1091</int>
						<int id="h">90</int>
						<str id="name">heights_face_rock_1_1310505965258</str>
						<str id="sprite_class">heights_face_rock_1</str>
					</object>
					<object id="heights_face_rock_1_1310505965268">
						<int id="w">283</int>
						<int id="z">31</int>
						<int id="x">-453</int>
						<int id="y">-682</int>
						<int id="h">90</int>
						<str id="name">heights_face_rock_1_1310505965258</str>
						<str id="sprite_class">heights_face_rock_1</str>
					</object>
					<object id="alakol_cliff_2_1310502646396">
						<int id="w">706</int>
						<int id="z">16</int>
						<int id="x">287</int>
						<int id="y">-52</int>
						<int id="h">196</int>
						<str id="name">alakol_cliff_2_1310502646394</str>
						<str id="sprite_class">alakol_cliff_2</str>
					</object>
					<object id="groddle_cover_clover2_1310509604332">
						<int id="w">126</int>
						<int id="z">78</int>
						<int id="x">-168</int>
						<int id="y">-96</int>
						<int id="h">47</int>
						<str id="name">groddle_cover_clover2_1310505965277</str>
						<str id="sprite_class">groddle_cover_clover2</str>
					</object>
					<object id="alakol_beach_1_1310509604328">
						<int id="w">622</int>
						<int id="z">87</int>
						<int id="x">-594</int>
						<int id="y">-89</int>
						<int id="h">72</int>
						<str id="name">alakol_beach_1_1310502646398</str>
						<str id="sprite_class">alakol_beach_1</str>
					</object>
					<object id="alakol_beach_1_1310502646454">
						<int id="w">548</int>
						<int id="z">44</int>
						<int id="x">-609</int>
						<int id="y">-137</int>
						<int id="h">70</int>
						<str id="name">alakol_beach_1_1310502646398</str>
						<str id="sprite_class">alakol_beach_1</str>
					</object>
					<object id="heights_face_rock_1_1310505965272">
						<int id="w">283</int>
						<int id="z">24</int>
						<int id="x">-67</int>
						<int id="y">-665</int>
						<int id="h">90</int>
						<str id="name">heights_face_rock_1_1310505965258</str>
						<str id="sprite_class">heights_face_rock_1</str>
					</object>
					<object id="alakol_beach_1_1310502646399">
						<int id="w">1283</int>
						<int id="z">12</int>
						<int id="x">-259</int>
						<int id="y">-66</int>
						<int id="h">150</int>
						<str id="name">alakol_beach_1_1310502646398</str>
						<str id="sprite_class">alakol_beach_1</str>
					</object>
					<object id="groddle_cover_clover2_1310505965283">
						<int id="w">126</int>
						<int id="z">80</int>
						<int id="x">130</int>
						<int id="y">-123</int>
						<int id="h">47</int>
						<str id="name">groddle_cover_clover2_1310505965277</str>
						<str id="sprite_class">groddle_cover_clover2</str>
					</object>
					<object id="alakol_beach_1_1310502646432">
						<int id="w">562</int>
						<int id="z">1</int>
						<int id="x">626</int>
						<int id="y">-100</int>
						<int id="h">71</int>
						<str id="name">alakol_beach_1_1310502646398</str>
						<str id="sprite_class">alakol_beach_1</str>
					</object>
					<object id="alakol_beach_1_1310519660723">
						<int id="w">562</int>
						<int id="z">22</int>
						<int id="x">280</int>
						<int id="y">-235</int>
						<int id="h">71</int>
						<str id="name">alakol_beach_1_1310502646398</str>
						<str id="sprite_class">alakol_beach_1</str>
					</object>
					<object id="heights_face_1_1310510299175">
						<int id="w">611</int>
						<int id="z">3</int>
						<int id="r">5</int>
						<int id="x">-973</int>
						<int id="y">-2069</int>
						<int id="h">430</int>
						<str id="name">heights_face_1_1310502646385</str>
						<str id="sprite_class">heights_face_1</str>
					</object>
					<object id="alakol_cliff_2_1310519660722">
						<int id="w">706</int>
						<int id="z">14</int>
						<int id="x">267</int>
						<int id="y">-85</int>
						<int id="h">196</int>
						<str id="name">alakol_cliff_2_1310502646394</str>
						<str id="sprite_class">alakol_cliff_2</str>
					</object>
					<object id="heights_face_1_1310502646385">
						<int id="w">713</int>
						<int id="z">10</int>
						<int id="x">-472</int>
						<int id="y">-18</int>
						<int id="h">488</int>
						<str id="name">heights_face_1_1310502646385</str>
						<str id="sprite_class">heights_face_1</str>
					</object>
					<object id="alakol_beach_1_1310502646401">
						<int id="w">539</int>
						<int id="z">20</int>
						<int id="x">-716</int>
						<int id="y">-305</int>
						<int id="h">103</int>
						<str id="name">alakol_beach_1_1310502646398</str>
						<str id="sprite_class">alakol_beach_1</str>
					</object>
					<object id="bush_3_1310509604322">
						<int id="w">338</int>
						<int id="z">85</int>
						<int id="x">-231</int>
						<int id="y">20</int>
						<int id="h">119</int>
						<str id="name">bush_3_1310509604321</str>
						<str id="sprite_class">bush_3</str>
					</object>
					<object id="bush_3_1310509604323">
						<int id="w">338</int>
						<int id="z">86</int>
						<int id="x">-459</int>
						<int id="y">52</int>
						<int id="h">119</int>
						<str id="name">bush_3_1310509604321</str>
						<str id="sprite_class">bush_3</str>
					</object>
					<object id="trunk_ladder_1_1310502646424">
						<int id="w">114</int>
						<int id="z">48</int>
						<int id="x">-410</int>
						<int id="y">-1434</int>
						<int id="h">131</int>
						<str id="name">trunk_ladder_1_1310502646419</str>
						<str id="sprite_class">trunk_ladder_1</str>
					</object>
					<object id="alakol_beach_1_1310505965219">
						<int id="w">661</int>
						<int id="z">73</int>
						<int id="x">-737</int>
						<int id="y">-1944</int>
						<int id="h">71</int>
						<str id="name">alakol_beach_1_1310502646398</str>
						<str id="sprite_class">alakol_beach_1</str>
					</object>
					<object id="stalagmite_base_1_1310510299181">
						<int id="w">220</int>
						<int id="z">108</int>
						<int id="x">-737</int>
						<int id="y">-2000</int>
						<int id="h">80</int>
						<str id="name">stalagmite_base_1_1310510299180</str>
						<str id="sprite_class">stalagmite_base_1</str>
					</object>
					<object id="dirt_platform_long_1310509604327">
						<int id="w">1221</int>
						<int id="z">56</int>
						<int id="x">-555</int>
						<int id="y">-61</int>
						<int id="h">71</int>
						<str id="name">dirt_platform_long_1310509604324</str>
						<str id="sprite_class">dirt_platform_long</str>
					</object>
					<object id="alakol_beach_1_1310502646403">
						<int id="w">562</int>
						<int id="z">23</int>
						<int id="x">305</int>
						<int id="y">-202</int>
						<int id="h">71</int>
						<str id="name">alakol_beach_1_1310502646398</str>
						<str id="sprite_class">alakol_beach_1</str>
					</object>
					<object id="patch_dirt_2a_1310510299167">
						<int id="w">286</int>
						<int id="z">100</int>
						<int id="x">-260</int>
						<int id="y">-147</int>
						<int id="h">49</int>
						<str id="name">patch_dirt_2a_1310510299153</str>
						<str id="sprite_class">patch_dirt_2a</str>
					</object>
					<object id="groddle_cover_clover2_1310505965277">
						<int id="w">126</int>
						<int id="z">74</int>
						<int id="x">-403</int>
						<int id="y">-190</int>
						<int id="h">47</int>
						<str id="name">groddle_cover_clover2_1310505965277</str>
						<str id="sprite_class">groddle_cover_clover2</str>
					</object>
					<object id="heights_face_1_1310502646387">
						<int id="w">713</int>
						<int id="z">8</int>
						<int id="x">-453</int>
						<int id="y">-789</int>
						<int id="h">488</int>
						<str id="name">heights_face_1_1310502646385</str>
						<str id="sprite_class">heights_face_1</str>
					</object>
					<object id="heights_face_1_1310502646388">
						<int id="w">713</int>
						<int id="z">4</int>
						<int id="x">-517</int>
						<int id="y">-1195</int>
						<int id="h">488</int>
						<str id="name">heights_face_1_1310502646385</str>
						<str id="sprite_class">heights_face_1</str>
					</object>
					<object id="stalagmite_base_1_1310502646463">
						<int id="w">220</int>
						<int id="z">17</int>
						<int id="x">-370</int>
						<int id="y">-196</int>
						<int id="h">54</int>
						<str id="name">stalagmite_base_1_1310502646459</str>
						<str id="sprite_class">stalagmite_base_1</str>
					</object>
					<object id="patch_dirt_2a_1310510299155">
						<int id="w">286</int>
						<int id="z">95</int>
						<int id="x">-659</int>
						<int id="y">-816</int>
						<int id="h">49</int>
						<str id="name">patch_dirt_2a_1310510299153</str>
						<str id="sprite_class">patch_dirt_2a</str>
					</object>
					<object id="heights_face_rock_1_1310505965262">
						<int id="w">283</int>
						<int id="z">64</int>
						<int id="x">-338</int>
						<int id="y">-1859</int>
						<int id="h">90</int>
						<str id="name">heights_face_rock_1_1310505965258</str>
						<str id="sprite_class">heights_face_rock_1</str>
					</object>
					<object id="alakol_beach_1_1310502646414">
						<int id="w">359</int>
						<int id="z">39</int>
						<int id="x">-348</int>
						<int id="y">-1570</int>
						<int id="h">71</int>
						<str id="name">alakol_beach_1_1310502646398</str>
						<str id="sprite_class">alakol_beach_1</str>
					</object>
					<object id="groddle_cover_clover2_1310509604331">
						<int id="w">126</int>
						<int id="z">77</int>
						<int id="x">-238</int>
						<int id="y">-102</int>
						<int id="h">47</int>
						<str id="name">groddle_cover_clover2_1310505965277</str>
						<str id="sprite_class">groddle_cover_clover2</str>
					</object>
					<object id="trunk_ladder_1_1310502646419">
						<int id="w">114</int>
						<int id="z">104</int>
						<int id="x">-306</int>
						<int id="y">-1811</int>
						<int id="h">131</int>
						<str id="name">trunk_ladder_1_1310502646419</str>
						<str id="sprite_class">trunk_ladder_1</str>
					</object>
					<object id="bush_3_1310510299177">
						<int id="w">283</int>
						<int id="z">72</int>
						<int id="r">10</int>
						<int id="x">-522</int>
						<int id="y">-2030</int>
						<int id="h">100</int>
						<str id="name">bush_3_1310510299176</str>
						<str id="sprite_class">bush_3</str>
					</object>
					<object id="patch_dirt_2a_1310510299156">
						<int id="w">286</int>
						<int id="z">96</int>
						<int id="x">-635</int>
						<int id="y">-163</int>
						<int id="h">49</int>
						<str id="name">patch_dirt_2a_1310510299153</str>
						<str id="sprite_class">patch_dirt_2a</str>
					</object>
					<object id="alakol_cliff_2_1310509604334">
						<int id="w">706</int>
						<int id="z">89</int>
						<int id="x">510</int>
						<int id="y">123</int>
						<int id="h">196</int>
						<str id="name">alakol_cliff_2_1310502646394</str>
						<str id="sprite_class">alakol_cliff_2</str>
					</object>
					<object id="heights_face_1_1310502646391">
						<int id="w">713</int>
						<int id="z">7</int>
						<int id="r">15</int>
						<int id="x">-218</int>
						<int id="y">-171</int>
						<int id="h">488</int>
						<str id="name">heights_face_1_1310502646385</str>
						<str id="sprite_class">heights_face_1</str>
					</object>
					<object id="trunk_ladder_1_1310502646420">
						<int id="w">114</int>
						<int id="z">46</int>
						<int id="x">-299</int>
						<int id="y">-1662</int>
						<int id="h">131</int>
						<str id="name">trunk_ladder_1_1310502646419</str>
						<str id="sprite_class">trunk_ladder_1</str>
					</object>
					<object id="alakol_beach_1_1310510299152">
						<int id="w">522</int>
						<int id="z">43</int>
						<int id="x">-264</int>
						<int id="y">-371</int>
						<int id="h">71</int>
						<str id="name">alakol_beach_1_1307143906442</str>
						<str id="sprite_class">alakol_beach_1</str>
					</object>
					<object id="heights_face_rock_1_1310505965273">
						<int id="w">283</int>
						<int id="z">29</int>
						<int id="x">-646</int>
						<int id="y">-719</int>
						<int id="h">90</int>
						<str id="name">heights_face_rock_1_1310505965258</str>
						<str id="sprite_class">heights_face_rock_1</str>
					</object>
					<object id="heights_bandaid_1_1310505965252">
						<int id="w">131</int>
						<int id="z">68</int>
						<int id="x">551</int>
						<bool id="h_flip">true</bool>
						<int id="y">-128</int>
						<int id="h">98</int>
						<str id="name">heights_bandaid_1_1310505965251</str>
						<str id="sprite_class">heights_bandaid_1</str>
					</object>
					<object id="alakol_beach_1_1310502646405">
						<int id="w">562</int>
						<int id="z">30</int>
						<int id="x">-521</int>
						<int id="y">-781</int>
						<int id="h">71</int>
						<str id="name">alakol_beach_1_1310502646398</str>
						<str id="sprite_class">alakol_beach_1</str>
					</object>
					<object id="patch_dirt_2a_1310510299168">
						<int id="w">286</int>
						<int id="z">101</int>
						<int id="x">221</int>
						<int id="y">-70</int>
						<int id="h">49</int>
						<str id="name">patch_dirt_2a_1310510299153</str>
						<str id="sprite_class">patch_dirt_2a</str>
					</object>
					<object id="heights_face_1_1310502646386">
						<int id="w">713</int>
						<int id="z">9</int>
						<int id="x">-453</int>
						<int id="y">-406</int>
						<int id="h">488</int>
						<str id="name">heights_face_1_1310502646385</str>
						<str id="sprite_class">heights_face_1</str>
					</object>
					<object id="alakol_beach_1_1310509604336">
						<int id="w">562</int>
						<int id="z">91</int>
						<int id="x">57</int>
						<int id="y">-18</int>
						<int id="h">71</int>
						<str id="name">alakol_beach_1_1310502646398</str>
						<str id="sprite_class">alakol_beach_1</str>
					</object>
					<object id="heights_face_rock_1_1310505965269">
						<int id="w">283</int>
						<int id="z">32</int>
						<int id="x">-225</int>
						<int id="y">-669</int>
						<int id="h">90</int>
						<str id="name">heights_face_rock_1_1310505965258</str>
						<str id="sprite_class">heights_face_rock_1</str>
					</object>
					<object id="groddle_cover_clover2_1310509604333">
						<int id="w">126</int>
						<int id="z">88</int>
						<int id="x">-704</int>
						<int id="y">-82</int>
						<int id="h">47</int>
						<str id="name">groddle_cover_clover2_1310505965277</str>
						<str id="sprite_class">groddle_cover_clover2</str>
					</object>
					<object id="trunk_ladder_1_1310502646429">
						<int id="w">114</int>
						<int id="z">51</int>
						<int id="x">77</int>
						<int id="y">-638</int>
						<int id="h">131</int>
						<str id="name">trunk_ladder_1_1310502646419</str>
						<str id="sprite_class">trunk_ladder_1</str>
					</object>
					<object id="alakol_beach_1_1310502646417">
						<int id="w">366</int>
						<int id="z">41</int>
						<int id="x">-389</int>
						<int id="y">-1565</int>
						<int id="h">65</int>
						<str id="name">alakol_beach_1_1310502646398</str>
						<str id="sprite_class">alakol_beach_1</str>
					</object>
					<object id="trunk_ladder_1_1310502646421">
						<int id="w">133</int>
						<int id="z">47</int>
						<int id="x">-391</int>
						<bool id="h_flip">true</bool>
						<int id="y">-1284</int>
						<int id="h">153</int>
						<str id="name">trunk_ladder_1_1310502646419</str>
						<str id="sprite_class">trunk_ladder_1</str>
					</object>
					<object id="dirt_platform_long_1310509604329">
						<int id="w">1221</int>
						<int id="z">59</int>
						<int id="x">-627</int>
						<int id="y">8</int>
						<int id="h">73</int>
						<str id="name">dirt_platform_long_1310509604324</str>
						<str id="sprite_class">dirt_platform_long</str>
					</object>
					<object id="alakol_beach_1_1310502646404">
						<int id="w">562</int>
						<int id="z">26</int>
						<int id="x">-84</int>
						<int id="y">-765</int>
						<int id="h">71</int>
						<str id="name">alakol_beach_1_1310502646398</str>
						<str id="sprite_class">alakol_beach_1</str>
					</object>
					<object id="alakol_cliff_2_1310502646395">
						<int id="w">706</int>
						<int id="z">15</int>
						<int id="x">179</int>
						<int id="y">-102</int>
						<int id="h">196</int>
						<str id="name">alakol_cliff_2_1310502646394</str>
						<str id="sprite_class">alakol_cliff_2</str>
					</object>
					<object id="alakol_beach_1_1310502646455">
						<int id="w">548</int>
						<int id="z">45</int>
						<int id="x">-288</int>
						<int id="y">-113</int>
						<int id="h">70</int>
						<str id="name">alakol_beach_1_1310502646398</str>
						<str id="sprite_class">alakol_beach_1</str>
					</object>
					<object id="patch_dirt_2a_1310510299166">
						<int id="w">286</int>
						<int id="z">99</int>
						<int id="x">-258</int>
						<int id="y">-172</int>
						<int id="h">49</int>
						<str id="name">patch_dirt_2a_1310510299153</str>
						<str id="sprite_class">patch_dirt_2a</str>
					</object>
					<object id="heights_face_rock_1_1310505965264">
						<int id="w">283</int>
						<int id="z">38</int>
						<int id="x">-320</int>
						<int id="y">-1504</int>
						<int id="h">90</int>
						<str id="name">heights_face_rock_1_1310505965258</str>
						<str id="sprite_class">heights_face_rock_1</str>
					</object>
					<object id="bush_3_1310509604321">
						<int id="w">338</int>
						<int id="z">84</int>
						<int id="x">-688</int>
						<int id="y">31</int>
						<int id="h">119</int>
						<str id="name">bush_3_1310509604321</str>
						<str id="sprite_class">bush_3</str>
					</object>
					<object id="alakol_beach_1_1310505965289">
						<int id="w">562</int>
						<int id="z">28</int>
						<int id="x">-726</int>
						<int id="y">-826</int>
						<int id="h">71</int>
						<str id="name">alakol_beach_1_1310502646398</str>
						<str id="sprite_class">alakol_beach_1</str>
					</object>
					<object id="heights_face_rock_1_1310505965259">
						<int id="w">283</int>
						<int id="z">65</int>
						<int id="x">-766</int>
						<int id="y">-1860</int>
						<int id="h">90</int>
						<str id="name">heights_face_rock_1_1310505965258</str>
						<str id="sprite_class">heights_face_rock_1</str>
					</object>
					<object id="heights_face_1_1310502646393">
						<int id="w">713</int>
						<int id="z">5</int>
						<int id="r">20</int>
						<int id="x">-403</int>
						<int id="y">-922</int>
						<int id="h">488</int>
						<str id="name">heights_face_1_1310502646385</str>
						<str id="sprite_class">heights_face_1</str>
					</object>
					<object id="groddle_cover_clover2_1309806107159">
						<int id="w">126</int>
						<int id="z">106</int>
						<int id="r">10</int>
						<int id="x">-372</int>
						<int id="y">-1990</int>
						<int id="h">47</int>
						<str id="name">groddle_cover_clover2_1309806107159</str>
						<str id="sprite_class">groddle_cover_clover2</str>
					</object>
					<object id="alakol_beach_1_1310502646408">
						<int id="w">562</int>
						<int id="z">61</int>
						<int id="r">5</int>
						<int id="x">-546</int>
						<int id="y">-1980</int>
						<int id="h">87</int>
						<str id="name">alakol_beach_1_1310502646398</str>
						<str id="sprite_class">alakol_beach_1</str>
					</object>
					<object id="patch_dirt_2a_1310510299171">
						<int id="w">286</int>
						<int id="z">98</int>
						<int id="x">-560</int>
						<int id="y">-129</int>
						<int id="h">49</int>
						<str id="name">patch_dirt_2a_1310510299153</str>
						<str id="sprite_class">patch_dirt_2a</str>
					</object>
					<object id="stalagmite_base_1_1310502646461">
						<int id="w">220</int>
						<int id="z">69</int>
						<int id="x">25</int>
						<int id="y">-106</int>
						<int id="h">57</int>
						<str id="name">stalagmite_base_1_1310502646459</str>
						<str id="sprite_class">stalagmite_base_1</str>
					</object>
					<object id="alakol_beach_1_1310502646452">
						<int id="w">558</int>
						<int id="z">70</int>
						<int id="r">5</int>
						<int id="x">-460</int>
						<int id="y">-1933</int>
						<int id="h">112</int>
						<str id="name">alakol_beach_1_1310502646398</str>
						<str id="sprite_class">alakol_beach_1</str>
					</object>
					<object id="patch_dirt_2a_1310510299153">
						<int id="w">286</int>
						<int id="z">93</int>
						<int id="x">-589</int>
						<int id="y">-840</int>
						<int id="h">49</int>
						<str id="name">patch_dirt_2a_1310510299153</str>
						<str id="sprite_class">patch_dirt_2a</str>
					</object>
					<object id="alakol_beach_1_1310502646416">
						<int id="w">515</int>
						<int id="z">42</int>
						<int id="x">-250</int>
						<int id="y">-367</int>
						<int id="h">104</int>
						<str id="name">alakol_beach_1_1310502646398</str>
						<str id="sprite_class">alakol_beach_1</str>
					</object>
					<object id="alakol_beach_1_1310502646433">
						<int id="w">1205</int>
						<int id="z">54</int>
						<int id="x">340</int>
						<int id="y">-63</int>
						<int id="h">78</int>
						<str id="name">alakol_beach_1_1310502646398</str>
						<str id="sprite_class">alakol_beach_1</str>
					</object>
					<object id="heights_face_rock_1_1310505965271">
						<int id="w">283</int>
						<int id="z">25</int>
						<int id="x">44</int>
						<int id="y">-701</int>
						<int id="h">90</int>
						<str id="name">heights_face_rock_1_1310505965258</str>
						<str id="sprite_class">heights_face_rock_1</str>
					</object>
					<object id="alakol_cliff_2_1310502646394">
						<int id="w">706</int>
						<int id="z">11</int>
						<int id="x">-257</int>
						<int id="y">-190</int>
						<int id="h">229</int>
						<str id="name">alakol_cliff_2_1310502646394</str>
						<str id="sprite_class">alakol_cliff_2</str>
					</object>
					<object id="alakol_beach_1_1310509604337">
						<int id="w">562</int>
						<int id="z">92</int>
						<int id="x">517</int>
						<int id="y">-23</int>
						<int id="h">71</int>
						<str id="name">alakol_beach_1_1310502646398</str>
						<str id="sprite_class">alakol_beach_1</str>
					</object>
					<object id="alakol_beach_1_1310502646402">
						<int id="w">562</int>
						<int id="z">21</int>
						<int id="x">182</int>
						<int id="y">-251</int>
						<int id="h">71</int>
						<str id="name">alakol_beach_1_1310502646398</str>
						<str id="sprite_class">alakol_beach_1</str>
					</object>
					<object id="trunk_ladder_1_1310502646430">
						<int id="w">114</int>
						<int id="z">52</int>
						<int id="x">84</int>
						<int id="y">-332</int>
						<int id="h">131</int>
						<str id="name">trunk_ladder_1_1310502646419</str>
						<str id="sprite_class">trunk_ladder_1</str>
					</object>
					<object id="groddle_cover_clover2_1310505965284">
						<int id="w">126</int>
						<int id="z">81</int>
						<int id="x">298</int>
						<int id="y">-120</int>
						<int id="h">47</int>
						<str id="name">groddle_cover_clover2_1310505965277</str>
						<str id="sprite_class">groddle_cover_clover2</str>
					</object>
					<object id="patch_dirt_2a_1310510299169">
						<int id="w">286</int>
						<int id="z">102</int>
						<int id="x">-504</int>
						<int id="y">-46</int>
						<int id="h">49</int>
						<str id="name">patch_dirt_2a_1310510299153</str>
						<str id="sprite_class">patch_dirt_2a</str>
					</object>
					<object id="groddle_cover_clover2_1310510299174">
						<int id="w">126</int>
						<int id="z">105</int>
						<int id="r">10</int>
						<int id="x">-372</int>
						<int id="y">-1990</int>
						<int id="h">47</int>
						<str id="name">groddle_cover_clover2_1309806107159</str>
						<str id="sprite_class">groddle_cover_clover2</str>
					</object>
					<object id="groddle_cover_clover2_1310505965286">
						<int id="w">126</int>
						<int id="z">83</int>
						<int id="x">375</int>
						<int id="y">-108</int>
						<int id="h">47</int>
						<str id="name">groddle_cover_clover2_1310505965277</str>
						<str id="sprite_class">groddle_cover_clover2</str>
					</object>
					<object id="alakol_cliff_2_1310502646397">
						<int id="w">706</int>
						<int id="z">18</int>
						<int id="x">-703</int>
						<int id="y">-151</int>
						<int id="h">196</int>
						<str id="name">alakol_cliff_2_1310502646394</str>
						<str id="sprite_class">alakol_cliff_2</str>
					</object>
					<object id="alakol_beach_1_1310502646418">
						<int id="w">708</int>
						<int id="z">60</int>
						<int id="x">-781</int>
						<int id="y">-2010</int>
						<int id="h">102</int>
						<str id="name">alakol_beach_1_1310502646398</str>
						<str id="sprite_class">alakol_beach_1</str>
					</object>
					<object id="heights_face_rock_1_1310510299178">
						<int id="w">283</int>
						<int id="z">107</int>
						<int id="x">-812</int>
						<int id="y">-2314</int>
						<int id="h">90</int>
						<str id="name">heights_face_rock_1_1310505965258</str>
						<str id="sprite_class">heights_face_rock_1</str>
					</object>
					<object id="alakol_beach_1_1310505965226">
						<int id="w">562</int>
						<int id="z">27</int>
						<int id="x">-320</int>
						<int id="y">-802</int>
						<int id="h">71</int>
						<str id="name">alakol_beach_1_1310502646398</str>
						<str id="sprite_class">alakol_beach_1</str>
					</object>
					<object id="dirt_platform_long_1310509604324">
						<int id="w">1221</int>
						<int id="z">55</int>
						<int id="x">218</int>
						<int id="y">-65</int>
						<int id="h">71</int>
						<str id="name">dirt_platform_long_1310509604324</str>
						<str id="sprite_class">dirt_platform_long</str>
					</object>
					<object id="stalagmite_base_1_1310502646465">
						<int id="w">220</int>
						<int id="z">13</int>
						<int id="x">-177</int>
						<int id="y">-193</int>
						<int id="h">54</int>
						<str id="name">stalagmite_base_1_1310502646459</str>
						<str id="sprite_class">stalagmite_base_1</str>
					</object>
					<object id="groddle_cover_clover2_1310505965285">
						<int id="w">126</int>
						<int id="z">82</int>
						<int id="x">421</int>
						<int id="y">-118</int>
						<int id="h">47</int>
						<str id="name">groddle_cover_clover2_1310505965277</str>
						<str id="sprite_class">groddle_cover_clover2</str>
					</object>
					<object id="stalagmite_base_1_1310502646466">
						<int id="w">220</int>
						<int id="z">19</int>
						<int id="x">-388</int>
						<int id="y">-166</int>
						<int id="h">54</int>
						<str id="name">stalagmite_base_1_1310502646459</str>
						<str id="sprite_class">stalagmite_base_1</str>
					</object>
					<object id="alakol_beach_1_1310502646406">
						<int id="w">562</int>
						<int id="z">33</int>
						<int id="x">-312</int>
						<int id="y">-746</int>
						<int id="h">71</int>
						<str id="name">alakol_beach_1_1310502646398</str>
						<str id="sprite_class">alakol_beach_1</str>
					</object>
					<object id="patch_dirt_2a_1310510299154">
						<int id="w">286</int>
						<int id="z">94</int>
						<int id="x">-507</int>
						<int id="y">-825</int>
						<int id="h">49</int>
						<str id="name">patch_dirt_2a_1310510299153</str>
						<str id="sprite_class">patch_dirt_2a</str>
					</object>
					<object id="heights_face_rock_1_1310505965258">
						<int id="w">283</int>
						<int id="z">62</int>
						<int id="x">-562</int>
						<int id="y">-1832</int>
						<int id="h">90</int>
						<str id="name">heights_face_rock_1_1310505965258</str>
						<str id="sprite_class">heights_face_rock_1</str>
					</object>
					<object id="pampas_1_1310510299165">
						<int id="w">81</int>
						<int id="z">0</int>
						<int id="x">612</int>
						<int id="y">-163</int>
						<int id="h">118</int>
						<str id="name">pampas_1_1310510299165</str>
						<str id="sprite_class">pampas_1</str>
					</object>
					<object id="groddle_cover_clover2_1310505965279">
						<int id="w">126</int>
						<int id="z">79</int>
						<int id="x">-739</int>
						<int id="y">-177</int>
						<int id="h">47</int>
						<str id="name">groddle_cover_clover2_1310505965277</str>
						<str id="sprite_class">groddle_cover_clover2</str>
					</object>
					<object id="alakol_beach_1_1310502646407">
						<int id="w">562</int>
						<int id="z">37</int>
						<int id="x">-237</int>
						<int id="y">-1195</int>
						<int id="h">71</int>
						<str id="name">alakol_beach_1_1310502646398</str>
						<str id="sprite_class">alakol_beach_1</str>
					</object>
					<object id="dirt_platform_long_1310509604326">
						<int id="w">1221</int>
						<int id="z">58</int>
						<int id="x">154</int>
						<int id="y">40</int>
						<int id="h">73</int>
						<str id="name">dirt_platform_long_1310509604324</str>
						<str id="sprite_class">dirt_platform_long</str>
					</object>
					<object id="stalagmite_base_1_1310505965253">
						<int id="w">220</int>
						<int id="z">67</int>
						<int id="x">148</int>
						<int id="y">-111</int>
						<int id="h">56</int>
						<str id="name">stalagmite_base_1_1310502646459</str>
						<str id="sprite_class">stalagmite_base_1</str>
					</object>
					<object id="heights_face_rock_1_1310505965263">
						<int id="w">283</int>
						<int id="z">40</int>
						<int id="x">-430</int>
						<int id="y">-1503</int>
						<int id="h">90</int>
						<str id="name">heights_face_rock_1_1310505965258</str>
						<str id="sprite_class">heights_face_rock_1</str>
					</object>
					<object id="patch_dirt_2a_1310510299157">
						<int id="w">286</int>
						<int id="z">103</int>
						<int id="x">-261</int>
						<int id="y">-1219</int>
						<int id="h">49</int>
						<str id="name">patch_dirt_2a_1310510299153</str>
						<str id="sprite_class">patch_dirt_2a</str>
					</object>
					<object id="dirt_platform_long_1310509604325">
						<int id="w">1221</int>
						<int id="z">57</int>
						<int id="x">205</int>
						<int id="y">-11</int>
						<int id="h">73</int>
						<str id="name">dirt_platform_long_1310509604324</str>
						<str id="sprite_class">dirt_platform_long</str>
					</object>
					<object id="heights_face_rock_1_1310505965261">
						<int id="w">283</int>
						<int id="z">63</int>
						<int id="x">-524</int>
						<int id="y">-1864</int>
						<int id="h">90</int>
						<str id="name">heights_face_rock_1_1310505965258</str>
						<str id="sprite_class">heights_face_rock_1</str>
					</object>
					<object id="groddle_cover_clover2_1310509604330">
						<int id="w">126</int>
						<int id="z">76</int>
						<int id="x">-345</int>
						<int id="y">-112</int>
						<int id="h">47</int>
						<str id="name">groddle_cover_clover2_1310505965277</str>
						<str id="sprite_class">groddle_cover_clover2</str>
					</object>
				</object>
				<object id="walls">
				</object>
			</object>
			<object id="T_1309376088089">
				<object id="decos">
					<object id="heights_face_1_1310505965228">
						<int id="w">491</int>
						<int id="z">4</int>
						<int id="x">635</int>
						<int id="y">1848</int>
						<int id="h">336</int>
						<str id="name">heights_face_1_1310502646385</str>
						<str id="sprite_class">heights_face_1</str>
					</object>
					<object id="alakol_beach_1_1310505965241">
						<int id="w">562</int>
						<int id="z">10</int>
						<int id="x">1437</int>
						<int id="y">2171</int>
						<int id="h">71</int>
						<str id="name">alakol_beach_1_1310502646398</str>
						<str id="sprite_class">alakol_beach_1</str>
					</object>
					<object id="heights_face_1_1310505965235">
						<int id="w">491</int>
						<int id="z">6</int>
						<int id="x">793</int>
						<int id="y">2017</int>
						<int id="h">336</int>
						<str id="name">heights_face_1_1310502646385</str>
						<str id="sprite_class">heights_face_1</str>
					</object>
					<object id="heights_face_1_1310505965227">
						<int id="w">491</int>
						<int id="z">3</int>
						<int id="x">563</int>
						<int id="y">1557</int>
						<int id="h">336</int>
						<str id="name">heights_face_1_1310502646385</str>
						<str id="sprite_class">heights_face_1</str>
					</object>
					<object id="alakol_beach_1_1310510299158">
						<int id="w">366</int>
						<int id="z">13</int>
						<int id="x">443</int>
						<int id="y">709</int>
						<int id="h">65</int>
						<str id="name">alakol_beach_1_1310502646398</str>
						<str id="sprite_class">alakol_beach_1</str>
					</object>
					<object id="alakol_beach_1_1310578519592">
						<int id="w">474</int>
						<int id="z">15</int>
						<int id="x">911</int>
						<int id="y">1951</int>
						<int id="h">74</int>
						<str id="name">alakol_beach_1_1310502646398</str>
						<str id="sprite_class">alakol_beach_1</str>
					</object>
					<object id="heights_face_1_1310505965234">
						<int id="w">491</int>
						<int id="z">1</int>
						<int id="x">303</int>
						<int id="y">695</int>
						<int id="h">336</int>
						<str id="name">heights_face_1_1310502646385</str>
						<str id="sprite_class">heights_face_1</str>
					</object>
					<object id="alakol_beach_1_1310505965240">
						<int id="w">562</int>
						<int id="z">9</int>
						<int id="x">1221</int>
						<int id="y">2129</int>
						<int id="h">71</int>
						<str id="name">alakol_beach_1_1310502646398</str>
						<str id="sprite_class">alakol_beach_1</str>
					</object>
					<object id="heights_face_1_1310505965229">
						<int id="w">491</int>
						<int id="z">5</int>
						<int id="x">583</int>
						<int id="y">2091</int>
						<int id="h">336</int>
						<str id="name">heights_face_1_1310502646385</str>
						<str id="sprite_class">heights_face_1</str>
					</object>
					<object id="heights_bandaid_1_1310505965251">
						<int id="w">131</int>
						<int id="z">12</int>
						<int id="x">1138</int>
						<bool id="h_flip">true</bool>
						<int id="y">2089</int>
						<int id="h">143</int>
						<str id="name">heights_bandaid_1_1310505965251</str>
						<str id="sprite_class">heights_bandaid_1</str>
					</object>
					<object id="alakol_beach_1_1310510299159">
						<int id="w">366</int>
						<int id="z">14</int>
						<int id="x">292</int>
						<int id="y">399</int>
						<int id="h">65</int>
						<str id="name">alakol_beach_1_1310502646398</str>
						<str id="sprite_class">alakol_beach_1</str>
					</object>
					<object id="heights_face_1_1310505965236">
						<int id="w">491</int>
						<int id="z">8</int>
						<int id="x">919</int>
						<int id="y">2211</int>
						<int id="h">336</int>
						<str id="name">heights_face_1_1310502646385</str>
						<str id="sprite_class">heights_face_1</str>
					</object>
					<object id="heights_face_1_1310505965232">
						<int id="w">491</int>
						<int id="z">2</int>
						<int id="x">487</int>
						<int id="y">1265</int>
						<int id="h">336</int>
						<str id="name">heights_face_1_1310502646385</str>
						<str id="sprite_class">heights_face_1</str>
					</object>
					<object id="heights_face_1_1310505965233">
						<int id="w">491</int>
						<int id="z">0</int>
						<int id="x">394</int>
						<int id="y">969</int>
						<int id="h">336</int>
						<str id="name">heights_face_1_1310502646385</str>
						<str id="sprite_class">heights_face_1</str>
					</object>
					<object id="alakol_beach_1_1310578519591">
						<int id="w">480</int>
						<int id="z">7</int>
						<int id="x">797</int>
						<int id="y">1758</int>
						<int id="h">62</int>
						<str id="name">alakol_beach_1_1310502646398</str>
						<str id="sprite_class">alakol_beach_1</str>
					</object>
					<object id="tree_acacia_3_1310505965250">
						<int id="w">671</int>
						<int id="z">11</int>
						<int id="x">643</int>
						<int id="y">1256</int>
						<int id="h">307</int>
						<str id="name">tree_acacia_3_1310505965249</str>
						<str id="sprite_class">tree_acacia_3</str>
					</object>
				</object>
				<int id="w">1425</int>
				<int id="h">2328</int>
				<int id="z">-1</int>
				<object id="filtersNEW">
					<object id="tintAmount">
						<int id="value">0</int>
					</object>
					<object id="brightness">
						<int id="value">-51</int>
					</object>
					<object id="saturation">
						<int id="value">-29</int>
					</object>
					<object id="tintColor">
						<int id="value">12755074</int>
					</object>
					<object id="contrast">
						<int id="value">-10</int>
					</object>
				</object>
				<str id="name">bg1</str>
			</object>
		</object>
		<null id="loading_label"/>
		<str id="tsid">LA5FUB7R0N627KI</str>
		<str id="swf_file_versioned">http://c2.glitch.bz/locations/groddle1/1316726082.swf</str>
		<int id="rookable_type">0</int>
		<object id="gradient">
			<str id="top">A7C8D9</str>
			<str id="bottom">D9B166</str>
		</object>
		<null id="img_file_versioned"/>
		<null id="physics"/>
		<int id="ground_y">0</int>
		<object id="sources">
			<int id="LA51CGIGKK62NV8">1</int>
			<int id="LA51701PF262LC8">1</int>
		</object>
		<str id="music_file"></str>
	</object>
</game_object>
