<game_object tsid="GA5GBQ27BUG2FF9" ts="1353373795155" label="square_02" class_tsid="" lastUpdateTime="1353373784" upd_gs="gs8" load_time="2012-11-19 17:03:30.000" upd_time="2012-11-19 17:02:13.665">
	<object id="dynamic">
		<int id="l">-1000</int>
		<int id="r">1000</int>
		<int id="t">-1500</int>
		<int id="b">0</int>
		<str id="label">square_02</str>
		<str id="swf_file">groddle1.swf</str>
		<object id="layers">
			<object id="T_1317326758327">
				<int id="w">1840</int>
				<str id="name">SKY</str>
				<object id="decos">
					<object id="stalagmite_3_1317326758428">
						<str id="name">stalagmite_3_1317326758341</str>
						<int id="y">493</int>
						<int id="h">225</int>
						<int id="z">0</int>
						<int id="w">149</int>
						<str id="sprite_class">stalagmite_3</str>
						<int id="x">1400</int>
						<int id="r">-1</int>
					</object>
					<object id="cloud_fluffy_2_1317337894284">
						<str id="name">cloud_fluffy_2_1317332702792</str>
						<int id="y">524</int>
						<int id="h">254</int>
						<int id="z">2</int>
						<int id="w">1236</int>
						<str id="sprite_class">cloud_fluffy_2</str>
						<int id="x">183</int>
					</object>
					<object id="stalagmite_3_1317665618556">
						<str id="name">stalagmite_3_1317326758394</str>
						<int id="y">1014</int>
						<int id="h">419</int>
						<bool id="h_flip">true</bool>
						<int id="w">264</int>
						<str id="sprite_class">stalagmite_3</str>
						<int id="x">85</int>
						<int id="z">7</int>
					</object>
					<object id="stalagmite_3_1317751488731">
						<str id="name">stalagmite_3_1317326758341</str>
						<int id="y">1419</int>
						<int id="h">251</int>
						<int id="z">14</int>
						<int id="w">112</int>
						<str id="sprite_class">stalagmite_3</str>
						<int id="x">1018</int>
						<int id="r">-1</int>
					</object>
					<object id="stalagmite_3_1317665618561">
						<int id="r">179</int>
						<str id="name">stalagmite_3_1317326758341</str>
						<int id="y">117</int>
						<int id="h">195</int>
						<bool id="h_flip">true</bool>
						<int id="w">87</int>
						<str id="sprite_class">stalagmite_3</str>
						<int id="x">1090</int>
						<int id="z">12</int>
					</object>
					<object id="stalagmite_3_1317326758427">
						<str id="name">stalagmite_3_1317326758341</str>
						<int id="y">1347</int>
						<int id="h">188</int>
						<int id="z">8</int>
						<int id="w">84</int>
						<str id="sprite_class">stalagmite_3</str>
						<int id="x">849</int>
						<int id="r">-1</int>
					</object>
					<object id="stalagmite_3_1317665618560">
						<int id="r">179</int>
						<str id="name">stalagmite_3_1317326758341</str>
						<int id="y">159</int>
						<int id="h">195</int>
						<bool id="h_flip">true</bool>
						<int id="w">87</int>
						<str id="sprite_class">stalagmite_3</str>
						<int id="x">1486</int>
						<int id="z">11</int>
					</object>
					<object id="stalagmite_3_1321653551565">
						<str id="name">stalagmite_3_1317326758394</str>
						<int id="y">973</int>
						<int id="h">260</int>
						<bool id="h_flip">true</bool>
						<int id="w">164</int>
						<str id="sprite_class">stalagmite_3</str>
						<int id="x">164</int>
						<int id="z">6</int>
					</object>
					<object id="stalagmite_3_1321653551569">
						<str id="name">stalagmite_3_1317326758341</str>
						<int id="y">1362</int>
						<int id="h">334</int>
						<int id="z">15</int>
						<int id="w">149</int>
						<str id="sprite_class">stalagmite_3</str>
						<int id="x">772</int>
						<int id="r">-1</int>
					</object>
					<object id="stalagmite_3_1317665618562">
						<int id="r">179</int>
						<str id="name">stalagmite_3_1317326758341</str>
						<int id="y">-138</int>
						<int id="h">672</int>
						<bool id="h_flip">true</bool>
						<int id="w">300</int>
						<str id="sprite_class">stalagmite_3</str>
						<int id="x">444</int>
						<int id="z">10</int>
					</object>
					<object id="stalagmite_3_1317751488730">
						<str id="name">stalagmite_3_1317326758341</str>
						<int id="y">1312</int>
						<int id="h">334</int>
						<int id="z">13</int>
						<int id="w">149</int>
						<str id="sprite_class">stalagmite_3</str>
						<int id="x">1191</int>
						<int id="r">-1</int>
					</object>
					<object id="cloud_fluffy_2_1317332702794">
						<str id="name">cloud_fluffy_2_1317332702792</str>
						<int id="y">1358</int>
						<int id="h">254</int>
						<int id="z">1</int>
						<int id="w">1236</int>
						<str id="sprite_class">cloud_fluffy_2</str>
						<int id="x">674</int>
					</object>
					<object id="stalagmite_3_1317665618559">
						<int id="r">179</int>
						<str id="name">stalagmite_3_1317326758341</str>
						<int id="y">143</int>
						<int id="h">334</int>
						<bool id="h_flip">true</bool>
						<int id="w">149</int>
						<str id="sprite_class">stalagmite_3</str>
						<int id="x">757</int>
						<int id="z">9</int>
					</object>
					<object id="heights_face_1_1317665618558">
						<str id="name">heights_face_1_1317326758264</str>
						<int id="y">213</int>
						<int id="h">443</int>
						<int id="z">5</int>
						<int id="w">648</int>
						<str id="sprite_class">heights_face_1</str>
						<int id="x">767</int>
						<int id="r">2</int>
					</object>
					<object id="heights_face_1_1321652825767">
						<str id="name">heights_face_1_1317326758264</str>
						<int id="y">284</int>
						<int id="h">443</int>
						<int id="z">4</int>
						<int id="w">648</int>
						<str id="sprite_class">heights_face_1</str>
						<int id="x">1794</int>
						<int id="r">9</int>
					</object>
					<object id="heights_face_1_1317665618557">
						<str id="name">heights_face_1_1317326758264</str>
						<int id="y">221</int>
						<int id="h">443</int>
						<int id="z">3</int>
						<int id="w">648</int>
						<str id="sprite_class">heights_face_1</str>
						<int id="x">1272</int>
						<int id="r">2</int>
					</object>
				</object>
				<int id="h">1470</int>
				<object id="filtersNEW">
					<object id="tintAmount">
						<int id="value">20</int>
					</object>
					<object id="contrast">
						<int id="value">24</int>
					</object>
					<object id="tintColor">
						<int id="value">3342591</int>
					</object>
					<object id="saturation">
						<int id="value">-56</int>
					</object>
					<object id="blur">
						<int id="value">2</int>
					</object>
					<object id="brightness">
						<int id="value">-57</int>
					</object>
				</object>
				<int id="z">-2</int>
			</object>
			<object id="T_1317326758263">
				<int id="w">1900</int>
				<str id="name">BG1</str>
				<object id="decos">
					<object id="stalagmite_3_1321653551568">
						<str id="name">stalagmite_3_1317326758341</str>
						<int id="y">1417</int>
						<int id="h">305</int>
						<int id="z">14</int>
						<int id="w">136</int>
						<str id="sprite_class">stalagmite_3</str>
						<int id="x">976</int>
						<int id="r">-1</int>
					</object>
					<object id="crosssection_heights_pillar_2_1321653551570">
						<str id="name">crosssection_heights_pillar_2_1317326758375</str>
						<int id="y">912</int>
						<int id="h">312</int>
						<int id="z">5</int>
						<int id="w">138</int>
						<str id="sprite_class">crosssection_heights_pillar_2</str>
						<int id="x">1564</int>
						<int id="r">-17</int>
					</object>
					<object id="heights_face_1_1317326758378">
						<str id="name">heights_face_1_1317326758264</str>
						<int id="y">1452</int>
						<int id="h">443</int>
						<int id="z">6</int>
						<int id="w">648</int>
						<str id="sprite_class">heights_face_1</str>
						<int id="x">96</int>
					</object>
					<object id="stalagmite_3_1317337894285">
						<str id="name">stalagmite_3_1317326758341</str>
						<int id="y">882</int>
						<int id="h">225</int>
						<int id="z">2</int>
						<int id="w">149</int>
						<str id="sprite_class">stalagmite_3</str>
						<int id="x">743</int>
						<int id="r">-1</int>
					</object>
					<object id="cloud_fluffy_2_1317332702793">
						<str id="name">cloud_fluffy_2_1317332702792</str>
						<int id="y">945</int>
						<int id="h">301</int>
						<int id="z">7</int>
						<int id="w">1505</int>
						<str id="sprite_class">cloud_fluffy_2</str>
						<int id="x">769</int>
					</object>
					<object id="stalagmite_3_1317326758393">
						<str id="name">stalagmite_3_1317326758341</str>
						<int id="y">570</int>
						<int id="h">225</int>
						<int id="z">0</int>
						<int id="w">149</int>
						<str id="sprite_class">stalagmite_3</str>
						<int id="x">1247</int>
						<int id="r">-1</int>
					</object>
					<object id="stalagmite_3_1317332702826">
						<str id="name">stalagmite_3_1317326758394</str>
						<int id="y">908</int>
						<int id="h">304</int>
						<int id="z">12</int>
						<int id="w">135</int>
						<str id="sprite_class">stalagmite_3</str>
						<int id="x">544</int>
						<int id="r">180</int>
					</object>
					<object id="stalagmite_3_1317326758392">
						<str id="name">stalagmite_3_1317326758341</str>
						<int id="y">606</int>
						<int id="h">225</int>
						<int id="z">1</int>
						<int id="w">149</int>
						<str id="sprite_class">stalagmite_3</str>
						<int id="x">1306</int>
						<int id="r">-1</int>
					</object>
					<object id="stalagmite_3_1317337894283">
						<int id="r">179</int>
						<str id="name">stalagmite_3_1317326758341</str>
						<int id="y">60</int>
						<int id="h">225</int>
						<bool id="h_flip">true</bool>
						<int id="w">108</int>
						<str id="sprite_class">stalagmite_3</str>
						<int id="x">1177</int>
						<int id="z">3</int>
					</object>
					<object id="stalagmite_3_1321653551564">
						<str id="name">stalagmite_3_1317326758394</str>
						<int id="y">1002</int>
						<int id="h">176</int>
						<int id="z">13</int>
						<int id="w">78</int>
						<str id="sprite_class">stalagmite_3</str>
						<int id="x">573</int>
						<int id="r">180</int>
					</object>
					<object id="stalagmite_3_1317751488736">
						<str id="name">stalagmite_3_1317326758341</str>
						<int id="y">913</int>
						<int id="h">283</int>
						<int id="z">11</int>
						<int id="w">119</int>
						<str id="sprite_class">stalagmite_3</str>
						<int id="x">884</int>
						<int id="r">-1</int>
					</object>
					<object id="cloud_fluffy_1_1317332702801">
						<str id="name">cloud_fluffy_1_1317332702799</str>
						<int id="y">457</int>
						<int id="h">321</int>
						<int id="z">8</int>
						<int id="w">1301</int>
						<str id="sprite_class">cloud_fluffy_1</str>
						<int id="x">1360</int>
					</object>
					<object id="stalagmite_3_1317332702802">
						<str id="name">stalagmite_3_1317326758341</str>
						<int id="y">982</int>
						<int id="h">272</int>
						<int id="z">9</int>
						<int id="w">180</int>
						<str id="sprite_class">stalagmite_3</str>
						<int id="x">1403</int>
						<int id="r">-1</int>
					</object>
					<object id="crosssection_heights_pillar_2_1317326758379">
						<str id="name">crosssection_heights_pillar_2_1317326758375</str>
						<int id="y">1072</int>
						<int id="h">312</int>
						<int id="z">4</int>
						<int id="w">138</int>
						<str id="sprite_class">crosssection_heights_pillar_2</str>
						<int id="x">531</int>
						<int id="r">-140</int>
					</object>
					<object id="stalagmite_2_1321653551566">
						<str id="name">stalagmite_2_1321653551520</str>
						<int id="y">987</int>
						<int id="h">219</int>
						<int id="z">10</int>
						<int id="w">96</int>
						<str id="sprite_class">stalagmite_2</str>
						<int id="x">1339</int>
					</object>
				</object>
				<int id="h">1485</int>
				<object id="filtersNEW">
					<object id="tintAmount">
						<int id="value">15</int>
					</object>
					<object id="contrast">
						<int id="value">26</int>
					</object>
					<object id="tintColor">
						<int id="value">3342591</int>
					</object>
					<object id="saturation">
						<int id="value">-60</int>
					</object>
					<object id="blur">
						<int id="value">1</int>
					</object>
					<object id="brightness">
						<int id="value">-50</int>
					</object>
				</object>
				<int id="z">-1</int>
			</object>
			<object id="middleground">
				<str id="name">middleground</str>
				<object id="ladders">
					<object id="ladder_1321653551533">
						<int id="w">50</int>
						<int id="y">-183</int>
						<int id="x">936</int>
						<int id="h">720</int>
					</object>
				</object>
				<object id="boxes">
				</object>
				<int id="w">2000</int>
				<object id="doors">
				</object>
				<object id="targets">
				</object>
				<object id="platform_lines">
					<object id="plat_1321653551547">
						<int id="platform_pc_perm">-1</int>
						<object id="end">
							<int id="y">-540</int>
							<int id="x">373</int>
						</object>
						<object id="start">
							<int id="y">-527</int>
							<int id="x">174</int>
						</object>
						<int id="platform_item_perm">-1</int>
					</object>
					<object id="plat_1321653551522">
						<int id="platform_pc_perm">-1</int>
						<object id="end">
							<int id="y">-968</int>
							<int id="x">187</int>
						</object>
						<object id="start">
							<int id="y">-958</int>
							<int id="x">41</int>
						</object>
						<int id="platform_item_perm">-1</int>
					</object>
					<object id="plat_1321653551538">
						<int id="platform_pc_perm">-1</int>
						<object id="end">
							<int id="y">-556</int>
							<int id="x">-745</int>
						</object>
						<object id="start">
							<int id="y">-551</int>
							<int id="x">-999</int>
						</object>
						<int id="platform_item_perm">-1</int>
					</object>
					<object id="plat_1321653551552">
						<int id="platform_pc_perm">-1</int>
						<object id="end">
							<int id="y">-169</int>
							<int id="x">-800</int>
						</object>
						<object id="start">
							<int id="y">-175</int>
							<int id="x">-999</int>
						</object>
						<int id="platform_item_perm">-1</int>
					</object>
					<object id="plat_1321653551560">
						<int id="platform_pc_perm">-1</int>
						<object id="end">
							<int id="y">-126</int>
							<int id="x">415</int>
						</object>
						<object id="start">
							<int id="y">-102</int>
							<int id="x">303</int>
						</object>
						<int id="platform_item_perm">-1</int>
					</object>
					<object id="plat_1321653551546">
						<int id="platform_pc_perm">-1</int>
						<object id="end">
							<int id="y">-527</int>
							<int id="x">174</int>
						</object>
						<object id="start">
							<int id="y">-529</int>
							<int id="x">-1</int>
						</object>
						<int id="platform_item_perm">-1</int>
					</object>
					<object id="plat_1321653551558">
						<int id="platform_pc_perm">-1</int>
						<object id="end">
							<int id="y">-116</int>
							<int id="x">181</int>
						</object>
						<object id="start">
							<int id="y">-112</int>
							<int id="x">-25</int>
						</object>
						<int id="platform_item_perm">-1</int>
					</object>
					<object id="plat_1321653551554">
						<int id="platform_pc_perm">-1</int>
						<object id="end">
							<int id="y">-160</int>
							<int id="x">-591</int>
						</object>
						<object id="start">
							<int id="y">-170</int>
							<int id="x">-681</int>
						</object>
						<int id="platform_item_perm">-1</int>
					</object>
					<object id="plat_1321656990060">
						<int id="platform_pc_perm">-1</int>
						<object id="end">
							<int id="y">-112</int>
							<int id="x">-25</int>
						</object>
						<object id="start">
							<int id="y">-126</int>
							<int id="x">-191</int>
						</object>
						<int id="platform_item_perm">-1</int>
					</object>
					<object id="plat_1321653551544">
						<int id="platform_pc_perm">-1</int>
						<object id="end">
							<int id="y">-522</int>
							<int id="x">-214</int>
						</object>
						<object id="start">
							<int id="y">-530</int>
							<int id="x">-295</int>
						</object>
						<int id="platform_item_perm">-1</int>
					</object>
					<object id="plat_1321653551549">
						<int id="platform_pc_perm">-1</int>
						<object id="end">
							<int id="y">-539</int>
							<int id="x">748</int>
						</object>
						<object id="start">
							<int id="y">-537</int>
							<int id="x">582</int>
						</object>
						<int id="platform_item_perm">-1</int>
					</object>
					<object id="plat_1321653551528">
						<int id="platform_pc_perm">-1</int>
						<object id="end">
							<int id="y">-930</int>
							<int id="x">325</int>
						</object>
						<object id="start">
							<int id="y">-958</int>
							<int id="x">262</int>
						</object>
						<int id="platform_item_perm">-1</int>
					</object>
					<object id="plat_1321653551521">
						<int id="platform_pc_perm">-1</int>
						<object id="end">
							<int id="y">-958</int>
							<int id="x">41</int>
						</object>
						<object id="start">
							<int id="y">-933</int>
							<int id="x">-62</int>
						</object>
						<int id="platform_item_perm">-1</int>
					</object>
					<object id="plat_1321653551537">
						<int id="platform_pc_perm">-1</int>
						<object id="end">
							<int id="y">-953</int>
							<int id="x">-350</int>
						</object>
						<object id="start">
							<int id="y">-1028</int>
							<int id="x">-519</int>
						</object>
						<int id="platform_item_perm">-1</int>
					</object>
					<object id="plat_1321653551543">
						<int id="platform_pc_perm">-1</int>
						<object id="end">
							<int id="y">-530</int>
							<int id="x">-295</int>
						</object>
						<object id="start">
							<int id="y">-556</int>
							<int id="x">-370</int>
						</object>
						<int id="platform_item_perm">-1</int>
					</object>
					<object id="plat_1321653551531">
						<int id="platform_pc_perm">-1</int>
						<object id="end">
							<int id="y">-895</int>
							<int id="x">844</int>
						</object>
						<object id="start">
							<int id="y">-916</int>
							<int id="x">677</int>
						</object>
						<int id="platform_item_perm">-1</int>
					</object>
					<object id="plat_1321653551555">
						<int id="platform_pc_perm">-1</int>
						<object id="end">
							<int id="y">-139</int>
							<int id="x">-496</int>
						</object>
						<object id="start">
							<int id="y">-160</int>
							<int id="x">-591</int>
						</object>
						<int id="platform_item_perm">-1</int>
					</object>
					<object id="plat_1321653551530">
						<int id="platform_pc_perm">-1</int>
						<object id="end">
							<int id="y">-916</int>
							<int id="x">677</int>
						</object>
						<object id="start">
							<int id="y">-928</int>
							<int id="x">505</int>
						</object>
						<int id="platform_item_perm">-1</int>
					</object>
					<object id="plat_1321653551541">
						<int id="platform_pc_perm">-1</int>
						<object id="end">
							<int id="y">-568</int>
							<int id="x">-555</int>
						</object>
						<object id="start">
							<int id="y">-556</int>
							<int id="x">-745</int>
						</object>
						<int id="platform_item_perm">-1</int>
					</object>
					<object id="plat_1321653551532">
						<int id="platform_pc_perm">-1</int>
						<object id="end">
							<int id="y">-900</int>
							<int id="x">999</int>
						</object>
						<object id="start">
							<int id="y">-895</int>
							<int id="x">844</int>
						</object>
						<int id="platform_item_perm">-1</int>
					</object>
					<object id="plat_1321653551545">
						<int id="platform_pc_perm">-1</int>
						<object id="end">
							<int id="y">-529</int>
							<int id="x">-1</int>
						</object>
						<object id="start">
							<int id="y">-522</int>
							<int id="x">-214</int>
						</object>
						<int id="platform_item_perm">-1</int>
					</object>
					<object id="plat_1321653551534">
						<int id="platform_pc_perm">-1</int>
						<object id="end">
							<int id="y">-1066</int>
							<int id="x">-817</int>
						</object>
						<object id="start">
							<int id="y">-1076</int>
							<int id="x">-999</int>
						</object>
						<int id="platform_item_perm">-1</int>
					</object>
					<object id="plat_1321653551563">
						<int id="platform_pc_perm">-1</int>
						<object id="end">
							<int id="y">-171</int>
							<int id="x">998</int>
						</object>
						<object id="start">
							<int id="y">-169</int>
							<int id="x">865</int>
						</object>
						<int id="platform_item_perm">-1</int>
					</object>
					<object id="plat_1321653551562">
						<int id="platform_pc_perm">-1</int>
						<object id="end">
							<int id="y">-169</int>
							<int id="x">865</int>
						</object>
						<object id="start">
							<int id="y">-157</int>
							<int id="x">698</int>
						</object>
						<int id="platform_item_perm">-1</int>
					</object>
					<object id="plat_1321653551536">
						<int id="platform_pc_perm">-1</int>
						<object id="end">
							<int id="y">-1028</int>
							<int id="x">-519</int>
						</object>
						<object id="start">
							<int id="y">-1043</int>
							<int id="x">-634</int>
						</object>
						<int id="platform_item_perm">-1</int>
					</object>
					<object id="plat_1321653551548">
						<int id="platform_pc_perm">-1</int>
						<object id="end">
							<int id="y">-537</int>
							<int id="x">582</int>
						</object>
						<object id="start">
							<int id="y">-540</int>
							<int id="x">373</int>
						</object>
						<int id="platform_item_perm">-1</int>
					</object>
					<object id="plat_1321653551556">
						<int id="platform_pc_perm">-1</int>
						<object id="end">
							<int id="y">-129</int>
							<int id="x">-327</int>
						</object>
						<object id="start">
							<int id="y">-139</int>
							<int id="x">-496</int>
						</object>
						<int id="platform_item_perm">-1</int>
					</object>
					<object id="plat_1321653551535">
						<int id="platform_pc_perm">-1</int>
						<object id="end">
							<int id="y">-1043</int>
							<int id="x">-634</int>
						</object>
						<object id="start">
							<int id="y">-1066</int>
							<int id="x">-817</int>
						</object>
						<int id="platform_item_perm">-1</int>
					</object>
					<object id="plat_1321653551553">
						<int id="platform_pc_perm">-1</int>
						<object id="end">
							<int id="y">-170</int>
							<int id="x">-681</int>
						</object>
						<object id="start">
							<int id="y">-169</int>
							<int id="x">-800</int>
						</object>
						<int id="platform_item_perm">-1</int>
					</object>
					<object id="plat_1321653551542">
						<int id="platform_pc_perm">-1</int>
						<object id="end">
							<int id="y">-556</int>
							<int id="x">-370</int>
						</object>
						<object id="start">
							<int id="y">-568</int>
							<int id="x">-555</int>
						</object>
						<int id="platform_item_perm">-1</int>
					</object>
					<object id="plat_1321653551527">
						<int id="platform_pc_perm">-1</int>
						<object id="end">
							<int id="y">-958</int>
							<int id="x">262</int>
						</object>
						<object id="start">
							<int id="y">-968</int>
							<int id="x">187</int>
						</object>
						<int id="platform_item_perm">-1</int>
					</object>
					<object id="plat_1321653551561">
						<int id="platform_pc_perm">-1</int>
						<object id="end">
							<int id="y">-157</int>
							<int id="x">698</int>
						</object>
						<object id="start">
							<int id="y">-126</int>
							<int id="x">415</int>
						</object>
						<int id="platform_item_perm">-1</int>
					</object>
					<object id="plat_1321653551557">
						<int id="platform_pc_perm">-1</int>
						<object id="end">
							<int id="y">-126</int>
							<int id="x">-191</int>
						</object>
						<object id="start">
							<int id="y">-129</int>
							<int id="x">-327</int>
						</object>
						<int id="platform_item_perm">-1</int>
					</object>
					<object id="plat_1321653551559">
						<int id="platform_pc_perm">-1</int>
						<object id="end">
							<int id="y">-102</int>
							<int id="x">303</int>
						</object>
						<object id="start">
							<int id="y">-116</int>
							<int id="x">181</int>
						</object>
						<int id="platform_item_perm">-1</int>
					</object>
					<object id="plat_1321653551529">
						<int id="platform_pc_perm">-1</int>
						<object id="end">
							<int id="y">-928</int>
							<int id="x">505</int>
						</object>
						<object id="start">
							<int id="y">-930</int>
							<int id="x">325</int>
						</object>
						<int id="platform_item_perm">-1</int>
					</object>
					<object id="plat_1321653551551">
						<int id="platform_pc_perm">-1</int>
						<object id="end">
							<int id="y">-545</int>
							<int id="x">869</int>
						</object>
						<object id="start">
							<int id="y">-539</int>
							<int id="x">748</int>
						</object>
						<int id="platform_item_perm">-1</int>
					</object>
				</object>
				<object id="decos">
					<object id="heights_platform_2_1317326758295">
						<str id="name">heights_platform_2_1317326758278</str>
						<int id="y">-740</int>
						<int id="h">208</int>
						<int id="z">67</int>
						<int id="w">451</int>
						<str id="sprite_class">heights_platform_2</str>
						<int id="x">583</int>
					</object>
					<object id="gravel_1_1321655523556">
						<str id="name">gravel_1_1321655523556</str>
						<int id="y">-112</int>
						<int id="h">51</int>
						<int id="z">151</int>
						<int id="w">280</int>
						<str id="sprite_class">gravel_1</str>
						<int id="x">-162</int>
					</object>
					<object id="heights_face_1_1317326758269">
						<str id="name">heights_face_1_1317326758264</str>
						<int id="y">-53</int>
						<int id="h">443</int>
						<int id="z">24</int>
						<int id="w">648</int>
						<str id="sprite_class">heights_face_1</str>
						<int id="x">799</int>
					</object>
					<object id="heights_platform_2_1317326758282">
						<str id="name">heights_platform_2_1317326758278</str>
						<int id="y">-402</int>
						<int id="h">208</int>
						<int id="z">35</int>
						<int id="w">451</int>
						<str id="sprite_class">heights_platform_2</str>
						<int id="x">347</int>
					</object>
					<object id="heights_moss_3_1317326758399">
						<str id="name">heights_moss_3_1317326758398</str>
						<int id="y">-438</int>
						<int id="h">141</int>
						<int id="z">135</int>
						<int id="w">374</int>
						<str id="sprite_class">heights_moss_3</str>
						<int id="x">623</int>
					</object>
					<object id="heights_face_1_1317326758273">
						<str id="name">heights_face_1_1317326758264</str>
						<int id="y">-733</int>
						<int id="h">443</int>
						<int id="z">29</int>
						<int id="w">648</int>
						<str id="sprite_class">heights_face_1</str>
						<int id="x">915</int>
						<int id="r">-6</int>
					</object>
					<object id="heights_face_rock_1_1317326758353">
						<str id="name">heights_face_rock_1_1317326758350</str>
						<int id="y">-789</int>
						<int id="h">76</int>
						<int id="z">79</int>
						<int id="w">240</int>
						<str id="sprite_class">heights_face_rock_1</str>
						<int id="x">771</int>
						<int id="r">-11</int>
					</object>
					<object id="heights_topper_stone_1_1321499159480">
						<str id="name">heights_topper_stone_1_1321499159478</str>
						<int id="y">-594</int>
						<int id="h">30</int>
						<int id="z">106</int>
						<int id="w">125</int>
						<str id="sprite_class">heights_topper_stone_1</str>
						<int id="x">-468</int>
					</object>
					<object id="alakol_beach_1_1317341090858">
						<str id="name">alakol_beach_1_1317341090854</str>
						<int id="y">-133</int>
						<int id="h">88</int>
						<int id="z">115</int>
						<int id="w">646</int>
						<str id="sprite_class">alakol_beach_1</str>
						<int id="x">-848</int>
					</object>
					<object id="alakol_beach_1_1317341090864">
						<str id="name">alakol_beach_1_1317341090854</str>
						<int id="y">-127</int>
						<int id="h">65</int>
						<int id="z">126</int>
						<int id="w">544</int>
						<str id="sprite_class">alakol_beach_1</str>
						<int id="x">708</int>
					</object>
					<object id="heights_face_1_1317326758270">
						<str id="name">heights_face_1_1317326758264</str>
						<int id="y">213</int>
						<int id="h">443</int>
						<int id="z">26</int>
						<int id="w">648</int>
						<str id="sprite_class">heights_face_1</str>
						<int id="x">277</int>
					</object>
					<object id="gravel_1_1317332702791">
						<str id="name">gravel_1_1317332702786</str>
						<int id="y">-137</int>
						<int id="h">51</int>
						<int id="z">96</int>
						<int id="w">280</int>
						<str id="sprite_class">gravel_1</str>
						<int id="x">-766</int>
					</object>
					<object id="heights_topper_2_1321499159471">
						<str id="name">heights_topper_2_1321499159470</str>
						<int id="y">-971</int>
						<int id="h">47</int>
						<int id="z">75</int>
						<int id="w">144</int>
						<str id="sprite_class">heights_topper_2</str>
						<int id="x">-511</int>
						<int id="r">3</int>
					</object>
					<object id="alakol_water_rock_1_1321653551571">
						<str id="name">alakol_water_rock_1_1321653551571</str>
						<int id="y">-1100</int>
						<int id="h">135</int>
						<int id="z">150</int>
						<int id="w">200</int>
						<str id="sprite_class">alakol_water_rock_1</str>
						<int id="x">-946</int>
					</object>
					<object id="heights_platform_2_1317326758279">
						<str id="name">heights_platform_2_1317326758278</str>
						<int id="y">-409</int>
						<int id="h">208</int>
						<int id="z">32</int>
						<int id="w">451</int>
						<str id="sprite_class">heights_platform_2</str>
						<int id="x">-368</int>
					</object>
					<object id="heights_platform_2_1317665618523">
						<str id="name">heights_platform_2_1317326758278</str>
						<int id="y">-368</int>
						<int id="h">208</int>
						<int id="z">86</int>
						<int id="w">451</int>
						<str id="sprite_class">heights_platform_2</str>
						<int id="x">-744</int>
					</object>
					<object id="heights_platform_2_1317326758286">
						<str id="name">heights_platform_2_1317326758278</str>
						<int id="y">39</int>
						<int id="h">208</int>
						<bool id="h_flip">true</bool>
						<int id="w">451</int>
						<str id="sprite_class">heights_platform_2</str>
						<int id="x">-438</int>
						<int id="z">37</int>
					</object>
					<object id="heights_face_rock_1_1317332702823">
						<str id="name">heights_face_rock_1_1317326758350</str>
						<int id="y">-350</int>
						<int id="h">111</int>
						<int id="z">78</int>
						<int id="w">351</int>
						<str id="sprite_class">heights_face_rock_1</str>
						<int id="x">-316</int>
					</object>
					<object id="heights_platform_2_1317326758335">
						<str id="name">heights_platform_2_1317326758278</str>
						<int id="y">-750</int>
						<int id="h">208</int>
						<bool id="h_flip">true</bool>
						<int id="w">451</int>
						<str id="sprite_class">heights_platform_2</str>
						<int id="x">1096</int>
						<int id="z">50</int>
					</object>
					<object id="heights_platform_2_1317326758288">
						<str id="name">heights_platform_2_1317326758278</str>
						<int id="y">10</int>
						<int id="h">208</int>
						<bool id="h_flip">true</bool>
						<int id="w">451</int>
						<str id="sprite_class">heights_platform_2</str>
						<int id="x">269</int>
						<int id="z">41</int>
					</object>
					<object id="heights_platform_2_1317326758333">
						<str id="name">heights_platform_2_1317326758278</str>
						<int id="y">-813</int>
						<int id="h">208</int>
						<int id="z">22</int>
						<int id="w">451</int>
						<str id="sprite_class">heights_platform_2</str>
						<int id="x">675</int>
					</object>
					<object id="heights_mound_3_1321499159469">
						<str id="name">heights_mound_3_1317337894261</str>
						<int id="y">-1009</int>
						<int id="h">189</int>
						<int id="z">10</int>
						<int id="w">498</int>
						<str id="sprite_class">heights_mound_3</str>
						<int id="x">-955</int>
						<int id="r">25</int>
					</object>
					<object id="heights_mound_3_1317326758389">
						<int id="r">-176</int>
						<str id="name">heights_mound_3_1317326758329</str>
						<int id="y">-513</int>
						<int id="h">159</int>
						<bool id="h_flip">true</bool>
						<int id="w">420</int>
						<str id="sprite_class">heights_mound_3</str>
						<int id="x">-861</int>
						<int id="z">19</int>
					</object>
					<object id="alakol_beach_1_1321499159467">
						<str id="name">alakol_beach_1_1317341090854</str>
						<int id="y">-1048</int>
						<int id="h">77</int>
						<int id="z">119</int>
						<int id="w">689</int>
						<str id="sprite_class">alakol_beach_1</str>
						<int id="x">-812</int>
						<int id="r">3</int>
					</object>
					<object id="heights_platform_2_1317326758332">
						<int id="r">6</int>
						<str id="name">heights_platform_2_1317326758278</str>
						<int id="y">51</int>
						<int id="h">208</int>
						<bool id="h_flip">true</bool>
						<int id="w">451</int>
						<str id="sprite_class">heights_platform_2</str>
						<int id="x">989</int>
						<int id="z">46</int>
					</object>
					<object id="heights_ladder_1_1321653551508">
						<str id="name">heights_ladder_1_1321653551505</str>
						<int id="y">-582</int>
						<int id="h">101</int>
						<int id="z">58</int>
						<int id="w">93</int>
						<str id="sprite_class">heights_ladder_1</str>
						<int id="x">938</int>
					</object>
					<object id="heights_platform_2_1317326758289">
						<str id="name">heights_platform_2_1317326758278</str>
						<int id="y">72</int>
						<int id="h">208</int>
						<int id="z">48</int>
						<int id="w">451</int>
						<str id="sprite_class">heights_platform_2</str>
						<int id="x">281</int>
						<int id="r">3</int>
					</object>
					<object id="heights_face_1_1317326758268">
						<str id="name">heights_face_1_1317326758264</str>
						<int id="y">-117</int>
						<int id="h">443</int>
						<int id="z">23</int>
						<int id="w">648</int>
						<str id="sprite_class">heights_face_1</str>
						<int id="x">576</int>
					</object>
					<object id="heights_topper_1_1317768256540">
						<str id="name">heights_topper_1_1317768256540</str>
						<int id="y">-518</int>
						<int id="h">69</int>
						<int id="z">130</int>
						<int id="w">269</int>
						<str id="sprite_class">heights_topper_1</str>
						<int id="x">648</int>
					</object>
					<object id="heights_ladderbed_1_1321653551502">
						<str id="name">heights_ladderbed_1_1321653551497</str>
						<int id="y">-433</int>
						<int id="h">158</int>
						<int id="z">53</int>
						<int id="w">146</int>
						<str id="sprite_class">heights_ladderbed_1</str>
						<int id="x">935</int>
					</object>
					<object id="heights_mound_3_1317665618538">
						<str id="name">heights_mound_3_1317337894261</str>
						<int id="y">-519</int>
						<int id="h">189</int>
						<int id="z">12</int>
						<int id="w">498</int>
						<str id="sprite_class">heights_mound_3</str>
						<int id="x">-375</int>
					</object>
					<object id="stalagmite_2_1321653551520">
						<str id="name">stalagmite_2_1321653551520</str>
						<int id="y">-961</int>
						<int id="h">326</int>
						<int id="z">118</int>
						<int id="w">143</int>
						<str id="sprite_class">stalagmite_2</str>
						<int id="x">626</int>
					</object>
					<object id="heights_platform_2_1317326758328">
						<str id="name">heights_platform_2_1317326758278</str>
						<int id="y">13</int>
						<int id="h">219</int>
						<int id="z">38</int>
						<int id="w">451</int>
						<str id="sprite_class">heights_platform_2</str>
						<int id="x">-505</int>
					</object>
					<object id="moss_3_1321653551574">
						<str id="name">moss_3_1321499159483</str>
						<int id="y">-106</int>
						<int id="h">36</int>
						<int id="z">144</int>
						<int id="w">191</int>
						<str id="sprite_class">moss_3</str>
						<int id="x">-466</int>
						<int id="r">2</int>
					</object>
					<object id="heights_platform_2_1317326758371">
						<str id="name">heights_platform_2_1317326758278</str>
						<int id="y">-360</int>
						<int id="h">208</int>
						<bool id="h_flip">true</bool>
						<int id="w">451</int>
						<str id="sprite_class">heights_platform_2</str>
						<int id="x">-33</int>
						<int id="z">88</int>
					</object>
					<object id="heights_platform_2_1317326758280">
						<str id="name">heights_platform_2_1317326758278</str>
						<int id="y">-401</int>
						<int id="h">208</int>
						<bool id="h_flip">true</bool>
						<int id="w">451</int>
						<str id="sprite_class">heights_platform_2</str>
						<int id="x">-34</int>
						<int id="z">33</int>
					</object>
					<object id="heights_platform_2_1317665618524">
						<str id="name">heights_platform_2_1317326758278</str>
						<int id="y">-373</int>
						<int id="h">208</int>
						<int id="z">87</int>
						<int id="w">451</int>
						<str id="sprite_class">heights_platform_2</str>
						<int id="x">-1079</int>
					</object>
					<object id="heights_ladderbed_1_1321653551504">
						<str id="name">heights_ladderbed_1_1321653551497</str>
						<int id="y">-186</int>
						<int id="h">158</int>
						<int id="z">55</int>
						<int id="w">146</int>
						<str id="sprite_class">heights_ladderbed_1</str>
						<int id="x">937</int>
					</object>
					<object id="heights_face_1_1317326758294">
						<str id="name">heights_face_1_1317326758264</str>
						<int id="y">-367</int>
						<int id="h">443</int>
						<int id="z">31</int>
						<int id="w">713</int>
						<str id="sprite_class">heights_face_1</str>
						<int id="x">1018</int>
					</object>
					<object id="heights_topper_2_1321499159470">
						<str id="name">heights_topper_2_1321499159470</str>
						<int id="y">-976</int>
						<int id="h">47</int>
						<int id="z">74</int>
						<int id="w">144</int>
						<str id="sprite_class">heights_topper_2</str>
						<int id="x">-427</int>
					</object>
					<object id="heights_platform_1_1321653551494">
						<int id="r">4</int>
						<str id="name">heights_platform_1_1317768256539</str>
						<int id="y">-393</int>
						<int id="h">190</int>
						<bool id="h_flip">true</bool>
						<int id="w">222</int>
						<str id="sprite_class">heights_platform_1</str>
						<int id="x">750</int>
						<int id="z">129</int>
					</object>
					<object id="heights_mound_3_1321499159460">
						<str id="name">heights_mound_3_1317337894261</str>
						<int id="y">-721</int>
						<int id="h">189</int>
						<int id="z">11</int>
						<int id="w">498</int>
						<str id="sprite_class">heights_mound_3</str>
						<int id="x">-507</int>
						<int id="r">50</int>
					</object>
					<object id="heights_mound_3_1321499159458">
						<str id="name">heights_mound_3_1317337894261</str>
						<int id="y">-537</int>
						<int id="h">189</int>
						<int id="z">17</int>
						<int id="w">498</int>
						<str id="sprite_class">heights_mound_3</str>
						<int id="x">-385</int>
						<int id="r">-160</int>
					</object>
					<object id="stalagmite_base_1_1321653551518">
						<str id="name">stalagmite_base_1_1321653551517</str>
						<int id="y">-950</int>
						<int id="h">57</int>
						<int id="z">117</int>
						<int id="w">189</int>
						<str id="sprite_class">stalagmite_base_1</str>
						<int id="x">626</int>
					</object>
					<object id="heights_face_rock_1_1317326758352">
						<str id="name">heights_face_rock_1_1317326758350</str>
						<int id="y">-343</int>
						<int id="h">111</int>
						<int id="z">77</int>
						<int id="w">351</int>
						<str id="sprite_class">heights_face_rock_1</str>
						<int id="x">-43</int>
					</object>
					<object id="stalagmite_base_3_1321653551516">
						<str id="name">stalagmite_base_3_1321653551515</str>
						<int id="y">-985</int>
						<int id="h">42</int>
						<int id="z">65</int>
						<int id="w">198</int>
						<str id="sprite_class">stalagmite_base_3</str>
						<int id="x">519</int>
					</object>
					<object id="heights_moss_3_1317665618527">
						<str id="name">heights_moss_3_1317326758398</str>
						<int id="y">-441</int>
						<int id="h">135</int>
						<int id="z">114</int>
						<int id="w">358</int>
						<str id="sprite_class">heights_moss_3</str>
						<int id="x">-898</int>
					</object>
					<object id="heights_topper_2_1317332702822">
						<str id="name">heights_topper_2_1317332702815</str>
						<int id="y">-862</int>
						<int id="h">49</int>
						<int id="z">102</int>
						<int id="w">145</int>
						<str id="sprite_class">heights_topper_2</str>
						<int id="x">841</int>
						<int id="r">10</int>
					</object>
					<object id="heights_topper_2_1321653551495">
						<str id="name">heights_topper_2_1317332702815</str>
						<int id="y">-496</int>
						<int id="h">49</int>
						<int id="z">132</int>
						<int id="w">145</int>
						<str id="sprite_class">heights_topper_2</str>
						<int id="x">760</int>
						<int id="r">-3</int>
					</object>
					<object id="gravel_1_1317332702786">
						<str id="name">gravel_1_1317332702786</str>
						<int id="y">-100</int>
						<int id="h">51</int>
						<int id="z">93</int>
						<int id="w">280</int>
						<str id="sprite_class">gravel_1</str>
						<int id="x">860</int>
					</object>
					<object id="heights_topper_stone_1_1321499159479">
						<str id="name">heights_topper_stone_1_1321499159478</str>
						<int id="y">-590</int>
						<int id="h">27</int>
						<int id="z">105</int>
						<int id="w">109</int>
						<str id="sprite_class">heights_topper_stone_1</str>
						<int id="x">-307</int>
						<int id="r">3</int>
					</object>
					<object id="heights_topper_2_1321499159473">
						<str id="name">heights_topper_2_1321499159470</str>
						<int id="y">-957</int>
						<int id="h">47</int>
						<int id="z">72</int>
						<int id="w">144</int>
						<str id="sprite_class">heights_topper_2</str>
						<int id="x">-490</int>
						<int id="r">3</int>
					</object>
					<object id="heights_platform_1_1317768256539">
						<str id="name">heights_platform_1_1317768256539</str>
						<int id="y">-384</int>
						<int id="h">190</int>
						<bool id="h_flip">true</bool>
						<int id="w">222</int>
						<str id="sprite_class">heights_platform_1</str>
						<int id="x">671</int>
						<int id="z">131</int>
					</object>
					<object id="heights_moss_3_1317326758404">
						<str id="name">heights_moss_3_1317326758398</str>
						<int id="y">-810</int>
						<int id="h">135</int>
						<int id="z">149</int>
						<int id="w">358</int>
						<str id="sprite_class">heights_moss_3</str>
						<int id="x">694</int>
					</object>
					<object id="heights_platform_2_1317326758281">
						<str id="name">heights_platform_2_1317326758278</str>
						<int id="y">-395</int>
						<int id="h">208</int>
						<bool id="h_flip">true</bool>
						<int id="w">451</int>
						<str id="sprite_class">heights_platform_2</str>
						<int id="x">499</int>
						<int id="z">34</int>
					</object>
					<object id="heights_ladder_1_1321653551505">
						<str id="name">heights_ladder_1_1321653551505</str>
						<int id="y">-770</int>
						<int id="h">101</int>
						<int id="z">56</int>
						<int id="w">93</int>
						<str id="sprite_class">heights_ladder_1</str>
						<int id="x">935</int>
					</object>
					<object id="heights_platform_2_1321499159464">
						<int id="r">11</int>
						<str id="name">heights_platform_2_1317326758278</str>
						<int id="y">-821</int>
						<int id="h">208</int>
						<bool id="h_flip">true</bool>
						<int id="w">451</int>
						<str id="sprite_class">heights_platform_2</str>
						<int id="x">-596</int>
						<int id="z">71</int>
					</object>
					<object id="heights_mound_3_1317337894276">
						<str id="name">heights_mound_3_1317337894261</str>
						<int id="y">-925</int>
						<int id="h">189</int>
						<int id="z">6</int>
						<int id="w">498</int>
						<str id="sprite_class">heights_mound_3</str>
						<int id="x">575</int>
						<int id="r">-14</int>
					</object>
					<object id="heights_bandaid_2_1317751488757">
						<str id="name">heights_bandaid_2_1317751488739</str>
						<int id="y">-644</int>
						<int id="h">163</int>
						<int id="z">136</int>
						<int id="w">109</int>
						<str id="sprite_class">heights_bandaid_2</str>
						<int id="x">673</int>
					</object>
					<object id="alakol_beach_1_1321499159477">
						<str id="name">alakol_beach_1_1317341090854</str>
						<int id="y">-522</int>
						<int id="h">77</int>
						<int id="z">112</int>
						<int id="w">761</int>
						<str id="sprite_class">alakol_beach_1</str>
						<int id="x">-546</int>
					</object>
					<object id="heights_face_1_1317326758271">
						<str id="name">heights_face_1_1317326758264</str>
						<int id="y">187</int>
						<int id="h">443</int>
						<int id="z">27</int>
						<int id="w">648</int>
						<str id="sprite_class">heights_face_1</str>
						<int id="x">-470</int>
						<int id="r">13</int>
					</object>
					<object id="heights_platform_2_1317326758290">
						<int id="r">3</int>
						<str id="name">heights_platform_2_1317326758278</str>
						<int id="y">84</int>
						<int id="h">208</int>
						<bool id="h_flip">true</bool>
						<int id="w">451</int>
						<str id="sprite_class">heights_platform_2</str>
						<int id="x">670</int>
						<int id="z">47</int>
					</object>
					<object id="heights_moss_1_1317326758423">
						<str id="name">heights_moss_1_1317326758419</str>
						<int id="y">-1</int>
						<int id="h">88</int>
						<int id="z">92</int>
						<int id="w">162</int>
						<str id="sprite_class">heights_moss_1</str>
						<int id="x">560</int>
					</object>
					<object id="alakol_beach_1_1317768256542">
						<str id="name">alakol_beach_1_1317341090854</str>
						<int id="y">-136</int>
						<int id="h">65</int>
						<int id="z">123</int>
						<int id="w">544</int>
						<str id="sprite_class">alakol_beach_1</str>
						<int id="x">656</int>
					</object>
					<object id="heights_platform_2_1317326758285">
						<str id="name">heights_platform_2_1317326758278</str>
						<int id="y">52</int>
						<int id="h">208</int>
						<int id="z">81</int>
						<int id="w">451</int>
						<str id="sprite_class">heights_platform_2</str>
						<int id="x">-544</int>
					</object>
					<object id="alakol_beach_1_1317751488760">
						<str id="name">alakol_beach_1_1317341090854</str>
						<int id="y">-156</int>
						<int id="h">65</int>
						<int id="z">127</int>
						<int id="w">544</int>
						<str id="sprite_class">alakol_beach_1</str>
						<int id="x">-17</int>
					</object>
					<object id="alakol_beach_1_1317852598179">
						<str id="name">alakol_beach_1_1317341090854</str>
						<int id="y">-134</int>
						<int id="h">59</int>
						<int id="z">124</int>
						<int id="w">544</int>
						<str id="sprite_class">alakol_beach_1</str>
						<int id="x">889</int>
					</object>
					<object id="heights_mound_3_1321499159459">
						<str id="name">heights_mound_3_1317337894261</str>
						<int id="y">-556</int>
						<int id="h">189</int>
						<int id="z">21</int>
						<int id="w">498</int>
						<str id="sprite_class">heights_mound_3</str>
						<int id="x">-660</int>
						<int id="r">-183</int>
					</object>
					<object id="stalagmite_base_1_1317751488755">
						<str id="name">stalagmite_base_1_1317751488754</str>
						<int id="y">-564</int>
						<int id="h">80</int>
						<int id="z">133</int>
						<int id="w">220</int>
						<str id="sprite_class">stalagmite_base_1</str>
						<int id="x">606</int>
					</object>
					<object id="heights_platform_2_1317326758309">
						<str id="name">heights_platform_2_1317326758278</str>
						<int id="y">36</int>
						<int id="h">208</int>
						<int id="z">40</int>
						<int id="w">451</int>
						<str id="sprite_class">heights_platform_2</str>
						<int id="x">-927</int>
					</object>
					<object id="heights_ladder_2_1321653551511">
						<str id="name">heights_ladder_2_1321653551506</str>
						<int id="y">-161</int>
						<int id="h">104</int>
						<int id="z">63</int>
						<int id="w">84</int>
						<str id="sprite_class">heights_ladder_2</str>
						<int id="x">937</int>
					</object>
					<object id="heights_mound_3_1317665618548">
						<int id="r">185</int>
						<str id="name">heights_mound_3_1317337894261</str>
						<int id="y">-912</int>
						<int id="h">189</int>
						<bool id="h_flip">true</bool>
						<int id="w">498</int>
						<str id="sprite_class">heights_mound_3</str>
						<int id="x">465</int>
						<int id="z">5</int>
					</object>
					<object id="heights_mound_3_1317665618537">
						<str id="name">heights_mound_3_1317337894261</str>
						<int id="y">-490</int>
						<int id="h">189</int>
						<int id="z">13</int>
						<int id="w">498</int>
						<str id="sprite_class">heights_mound_3</str>
						<int id="x">-116</int>
					</object>
					<object id="heights_face_rock_2_1321499159476">
						<str id="name">heights_face_rock_2_1321499159475</str>
						<int id="y">-605</int>
						<int id="h">80</int>
						<int id="z">15</int>
						<int id="w">369</int>
						<str id="sprite_class">heights_face_rock_2</str>
						<int id="x">-348</int>
					</object>
					<object id="heights_topper_2_1317337894277">
						<str id="name">heights_topper_2_1317332702815</str>
						<int id="y">-943</int>
						<int id="h">62</int>
						<int id="z">100</int>
						<int id="w">151</int>
						<str id="sprite_class">heights_topper_2</str>
						<int id="x">430</int>
						<int id="r">-5</int>
					</object>
					<object id="heights_moss_1_1317332702807">
						<str id="name">heights_moss_1_1317332702807</str>
						<int id="y">-7</int>
						<int id="h">139</int>
						<int id="z">98</int>
						<int id="w">255</int>
						<str id="sprite_class">heights_moss_1</str>
						<int id="x">-926</int>
					</object>
					<object id="moss_3_1321499159484">
						<str id="name">moss_3_1321499159483</str>
						<int id="y">-572</int>
						<int id="h">27</int>
						<bool id="h_flip">true</bool>
						<int id="w">142</int>
						<str id="sprite_class">moss_3</str>
						<int id="x">-410</int>
						<int id="z">148</int>
					</object>
					<object id="stalagmite_3_1317337894286">
						<str id="name">stalagmite_3_1317326758394</str>
						<int id="y">-960</int>
						<int id="h">194</int>
						<int id="z">1</int>
						<int id="w">122</int>
						<str id="sprite_class">stalagmite_3</str>
						<int id="x">291</int>
						<int id="r">180</int>
					</object>
					<object id="moss_3_1321653551573">
						<str id="name">moss_3_1321499159483</str>
						<int id="y">-117</int>
						<int id="h">45</int>
						<int id="z">143</int>
						<int id="w">236</int>
						<str id="sprite_class">moss_3</str>
						<int id="x">-505</int>
						<int id="r">2</int>
					</object>
					<object id="heights_moss_3_1317326758418">
						<str id="name">heights_moss_3_1317326758398</str>
						<int id="y">-420</int>
						<int id="h">135</int>
						<int id="z">122</int>
						<int id="w">358</int>
						<str id="sprite_class">heights_moss_3</str>
						<int id="x">167</int>
					</object>
					<object id="heights_moss_3_1317326758400">
						<str id="name">heights_moss_3_1317326758398</str>
						<int id="y">-6</int>
						<int id="h">135</int>
						<int id="z">89</int>
						<int id="w">358</int>
						<str id="sprite_class">heights_moss_3</str>
						<int id="x">76</int>
					</object>
					<object id="heights_platform_2_1317665618522">
						<str id="name">heights_platform_2_1317326758278</str>
						<int id="y">-420</int>
						<int id="h">208</int>
						<int id="z">85</int>
						<int id="w">451</int>
						<str id="sprite_class">heights_platform_2</str>
						<int id="x">-801</int>
					</object>
					<object id="alakol_beach_2_1321499159468">
						<int id="r">3</int>
						<str id="name">alakol_beach_2_1321499159468</str>
						<int id="y">-1002</int>
						<int id="h">94</int>
						<bool id="h_flip">true</bool>
						<int id="w">724</int>
						<str id="sprite_class">alakol_beach_2</str>
						<int id="x">-720</int>
						<int id="z">120</int>
					</object>
					<object id="heights_ladderbed_1_1321653551498">
						<str id="name">heights_ladderbed_1_1321653551497</str>
						<int id="y">-718</int>
						<int id="h">158</int>
						<int id="z">51</int>
						<int id="w">146</int>
						<str id="sprite_class">heights_ladderbed_1</str>
						<int id="x">937</int>
					</object>
					<object id="heights_platform_2_1317665618529">
						<str id="name">heights_platform_2_1317326758278</str>
						<int id="y">-756</int>
						<int id="h">208</int>
						<int id="z">68</int>
						<int id="w">451</int>
						<str id="sprite_class">heights_platform_2</str>
						<int id="x">153</int>
					</object>
					<object id="alakol_beach_1_1317751488761">
						<str id="name">alakol_beach_1_1317341090854</str>
						<int id="y">-133</int>
						<int id="h">65</int>
						<int id="z">138</int>
						<int id="w">544</int>
						<str id="sprite_class">alakol_beach_1</str>
						<int id="x">272</int>
					</object>
					<object id="heights_ladder_1_1321653551512">
						<str id="name">heights_ladder_1_1321653551505</str>
						<int id="y">-252</int>
						<int id="h">101</int>
						<int id="z">62</int>
						<int id="w">93</int>
						<str id="sprite_class">heights_ladder_1</str>
						<int id="x">932</int>
					</object>
					<object id="heights_platform_2_1317326758296">
						<str id="name">heights_platform_2_1317326758278</str>
						<int id="y">-773</int>
						<int id="h">208</int>
						<bool id="h_flip">true</bool>
						<int id="w">451</int>
						<str id="sprite_class">heights_platform_2</str>
						<int id="x">930</int>
						<int id="z">49</int>
					</object>
					<object id="heights_face_rock_2_1321499159475">
						<str id="name">heights_face_rock_2_1321499159475</str>
						<int id="y">-563</int>
						<int id="h">140</int>
						<int id="z">14</int>
						<int id="w">354</int>
						<str id="sprite_class">heights_face_rock_2</str>
						<int id="x">-495</int>
					</object>
					<object id="heights_mound_3_1317326758390">
						<int id="r">4</int>
						<str id="name">heights_mound_3_1317326758329</str>
						<int id="y">-408</int>
						<int id="h">159</int>
						<bool id="h_flip">true</bool>
						<int id="w">420</int>
						<str id="sprite_class">heights_mound_3</str>
						<int id="x">-960</int>
						<int id="z">20</int>
					</object>
					<object id="heights_platform_2_1317326758330">
						<str id="name">heights_platform_2_1317326758278</str>
						<int id="y">14</int>
						<int id="h">208</int>
						<int id="z">42</int>
						<int id="w">451</int>
						<str id="sprite_class">heights_platform_2</str>
						<int id="x">-141</int>
					</object>
					<object id="heights_mound_3_1317751488734">
						<str id="name">heights_mound_3_1317337894261</str>
						<int id="y">-521</int>
						<int id="h">189</int>
						<int id="z">16</int>
						<int id="w">498</int>
						<str id="sprite_class">heights_mound_3</str>
						<int id="x">-106</int>
						<int id="r">-190</int>
					</object>
					<object id="heights_face_1_1317326758272">
						<str id="name">heights_face_1_1317326758264</str>
						<int id="y">184</int>
						<int id="h">443</int>
						<int id="z">28</int>
						<int id="w">648</int>
						<str id="sprite_class">heights_face_1</str>
						<int id="x">-772</int>
						<int id="r">-9</int>
					</object>
					<object id="heights_platform_2_1317326758334">
						<str id="name">heights_platform_2_1317326758278</str>
						<int id="y">-784</int>
						<int id="h">208</int>
						<int id="z">64</int>
						<int id="w">451</int>
						<str id="sprite_class">heights_platform_2</str>
						<int id="x">675</int>
					</object>
					<object id="heights_mound_3_1317665618547">
						<int id="r">185</int>
						<str id="name">heights_mound_3_1317337894261</str>
						<int id="y">-924</int>
						<int id="h">189</int>
						<bool id="h_flip">true</bool>
						<int id="w">498</int>
						<str id="sprite_class">heights_mound_3</str>
						<int id="x">179</int>
						<int id="z">4</int>
					</object>
					<object id="heights_face_rock_1_1317326758351">
						<str id="name">heights_face_rock_1_1317326758350</str>
						<int id="y">-372</int>
						<int id="h">68</int>
						<int id="z">83</int>
						<int id="w">215</int>
						<str id="sprite_class">heights_face_rock_1</str>
						<int id="x">527</int>
					</object>
					<object id="alakol_beach_1_1317341090859">
						<str id="name">alakol_beach_1_1317341090854</str>
						<int id="y">-927</int>
						<int id="h">97</int>
						<int id="z">116</int>
						<int id="w">682</int>
						<str id="sprite_class">alakol_beach_1</str>
						<int id="x">269</int>
						<int id="r">-4</int>
					</object>
					<object id="heights_platform_2_1317326758326">
						<str id="name">heights_platform_2_1317326758278</str>
						<int id="y">-9</int>
						<int id="h">208</int>
						<int id="z">39</int>
						<int id="w">451</int>
						<str id="sprite_class">heights_platform_2</str>
						<int id="x">-851</int>
					</object>
					<object id="heights_mound_3_1317337894265">
						<str id="name">heights_mound_3_1317337894261</str>
						<int id="y">-457</int>
						<int id="h">189</int>
						<int id="z">18</int>
						<int id="w">498</int>
						<str id="sprite_class">heights_mound_3</str>
						<int id="x">110</int>
					</object>
					<object id="heights_platform_2_1317326758370">
						<str id="name">heights_platform_2_1317326758278</str>
						<int id="y">-357</int>
						<int id="h">208</int>
						<int id="z">84</int>
						<int id="w">451</int>
						<str id="sprite_class">heights_platform_2</str>
						<int id="x">-362</int>
					</object>
					<object id="moss_3_1321499159483">
						<str id="name">moss_3_1321499159483</str>
						<int id="y">-564</int>
						<int id="h">36</int>
						<int id="z">141</int>
						<int id="w">188</int>
						<str id="sprite_class">moss_3</str>
						<int id="x">-224</int>
					</object>
					<object id="heights_platform_2_1321499159465">
						<int id="r">13</int>
						<str id="name">heights_platform_2_1317326758278</str>
						<int id="y">-859</int>
						<int id="h">208</int>
						<bool id="h_flip">true</bool>
						<int id="w">451</int>
						<str id="sprite_class">heights_platform_2</str>
						<int id="x">-610</int>
						<int id="z">69</int>
					</object>
					<object id="heights_moss_3_1317326758398">
						<str id="name">heights_moss_3_1317326758398</str>
						<int id="y">-424</int>
						<int id="h">135</int>
						<int id="z">113</int>
						<int id="w">358</int>
						<str id="sprite_class">heights_moss_3</str>
						<int id="x">-144</int>
					</object>
					<object id="alakol_beach_1_1317341090861">
						<str id="name">alakol_beach_1_1317341090854</str>
						<int id="y">-534</int>
						<int id="h">80</int>
						<int id="z">111</int>
						<int id="w">604</int>
						<str id="sprite_class">alakol_beach_1</str>
						<int id="x">7</int>
					</object>
					<object id="alakol_beach_1_1317665618525">
						<str id="name">alakol_beach_1_1317341090854</str>
						<int id="y">-561</int>
						<int id="h">72</int>
						<int id="z">109</int>
						<int id="w">713</int>
						<str id="sprite_class">alakol_beach_1</str>
						<int id="x">-779</int>
					</object>
					<object id="heights_ladder_2_1321653551506">
						<str id="name">heights_ladder_2_1321653551506</str>
						<int id="y">-681</int>
						<int id="h">104</int>
						<int id="z">57</int>
						<int id="w">84</int>
						<str id="sprite_class">heights_ladder_2</str>
						<int id="x">941</int>
					</object>
					<object id="heights_topper_2_1317337894267">
						<str id="name">heights_topper_2_1317332702815</str>
						<int id="y">-916</int>
						<int id="h">49</int>
						<int id="z">99</int>
						<int id="w">145</int>
						<str id="sprite_class">heights_topper_2</str>
						<int id="x">194</int>
						<int id="r">-5</int>
					</object>
					<object id="moss_3_1321656990062">
						<str id="name">moss_3_1321499159483</str>
						<int id="y">-193</int>
						<int id="h">26</int>
						<int id="z">147</int>
						<int id="w">128</int>
						<str id="sprite_class">moss_3</str>
						<int id="x">-36</int>
						<int id="r">2</int>
					</object>
					<object id="gravel_1_1321655523557">
						<str id="name">gravel_1_1321655523556</str>
						<int id="y">-551</int>
						<int id="h">51</int>
						<int id="z">152</int>
						<int id="w">280</int>
						<str id="sprite_class">gravel_1</str>
						<int id="x">-566</int>
					</object>
					<object id="heights_topper_2_1321499159472">
						<str id="name">heights_topper_2_1321499159470</str>
						<int id="y">-971</int>
						<int id="h">47</int>
						<int id="z">76</int>
						<int id="w">144</int>
						<str id="sprite_class">heights_topper_2</str>
						<int id="x">-612</int>
						<int id="r">9</int>
					</object>
					<object id="stalagmite_base_3_1321655523559">
						<str id="name">stalagmite_base_3_1321653551515</str>
						<int id="y">-178</int>
						<int id="h">42</int>
						<int id="z">44</int>
						<int id="w">198</int>
						<str id="sprite_class">stalagmite_base_3</str>
						<int id="x">-533</int>
					</object>
					<object id="heights_moss_3_1317337894289">
						<str id="name">heights_moss_3_1317326758398</str>
						<int id="y">-822</int>
						<int id="h">135</int>
						<int id="z">103</int>
						<int id="w">358</int>
						<str id="sprite_class">heights_moss_3</str>
						<int id="x">361</int>
					</object>
					<object id="heights_ladder_2_1321653551509">
						<str id="name">heights_ladder_2_1321653551506</str>
						<int id="y">-328</int>
						<int id="h">104</int>
						<int id="z">61</int>
						<int id="w">84</int>
						<str id="sprite_class">heights_ladder_2</str>
						<int id="x">940</int>
					</object>
					<object id="heights_topper_stone_1_1321499159478">
						<str id="name">heights_topper_stone_1_1321499159478</str>
						<int id="y">-587</int>
						<int id="h">30</int>
						<int id="z">104</int>
						<int id="w">151</int>
						<str id="sprite_class">heights_topper_stone_1</str>
						<int id="x">-219</int>
					</object>
					<object id="heights_ladderbed_1_1321653551501">
						<str id="name">heights_ladderbed_1_1321653551497</str>
						<int id="y">-575</int>
						<int id="h">158</int>
						<int id="z">52</int>
						<int id="w">146</int>
						<str id="sprite_class">heights_ladderbed_1</str>
						<int id="x">937</int>
					</object>
					<object id="alakol_beach_1_1317341090856">
						<str id="name">alakol_beach_1_1317341090854</str>
						<int id="y">-551</int>
						<int id="h">65</int>
						<int id="z">110</int>
						<int id="w">544</int>
						<str id="sprite_class">alakol_beach_1</str>
						<int id="x">281</int>
					</object>
					<object id="heights_mound_2_1321499159462">
						<str id="name">heights_mound_2_1321499159462</str>
						<int id="y">-666</int>
						<int id="h">228</int>
						<int id="z">9</int>
						<int id="w">213</int>
						<str id="sprite_class">heights_mound_2</str>
						<int id="x">-458</int>
						<int id="r">-35</int>
					</object>
					<object id="stalagmite_3_1317326758417">
						<str id="name">stalagmite_3_1317326758394</str>
						<int id="y">-952</int>
						<int id="h">262</int>
						<int id="z">91</int>
						<int id="w">165</int>
						<str id="sprite_class">stalagmite_3</str>
						<int id="x">943</int>
					</object>
					<object id="heights_platform_2_1317326758369">
						<str id="name">heights_platform_2_1317326758278</str>
						<int id="y">-364</int>
						<int id="h">208</int>
						<bool id="h_flip">true</bool>
						<int id="w">451</int>
						<str id="sprite_class">heights_platform_2</str>
						<int id="x">516</int>
						<int id="z">82</int>
					</object>
					<object id="moss_3_1321653551575">
						<int id="r">2</int>
						<str id="name">moss_3_1321499159483</str>
						<int id="y">-103</int>
						<int id="h">54</int>
						<bool id="h_flip">true</bool>
						<int id="w">285</int>
						<str id="sprite_class">moss_3</str>
						<int id="x">3</int>
						<int id="z">145</int>
					</object>
					<object id="heights_moss_2_1321499159481">
						<str id="name">heights_moss_2_1321499159457</str>
						<int id="y">-573</int>
						<int id="h">44</int>
						<int id="z">107</int>
						<int id="w">199</int>
						<str id="sprite_class">heights_moss_2</str>
						<int id="x">-387</int>
					</object>
					<object id="heights_mound_3_1317337894266">
						<str id="name">heights_mound_3_1317337894261</str>
						<int id="y">-963</int>
						<int id="h">154</int>
						<int id="z">3</int>
						<int id="w">498</int>
						<str id="sprite_class">heights_mound_3</str>
						<int id="x">355</int>
						<int id="r">180</int>
					</object>
					<object id="heights_moss_2_1321499159457">
						<str id="name">heights_moss_2_1321499159457</str>
						<int id="y">-904</int>
						<int id="h">44</int>
						<int id="z">140</int>
						<int id="w">199</int>
						<str id="sprite_class">heights_moss_2</str>
						<int id="x">559</int>
					</object>
					<object id="heights_mound_3_1317751488735">
						<str id="name">heights_mound_3_1317337894261</str>
						<int id="y">-519</int>
						<int id="h">189</int>
						<int id="z">0</int>
						<int id="w">498</int>
						<str id="sprite_class">heights_mound_3</str>
						<int id="x">118</int>
						<int id="r">-190</int>
					</object>
					<object id="heights_platform_2_1317665618530">
						<str id="name">heights_platform_2_1317326758278</str>
						<int id="y">-865</int>
						<int id="h">208</int>
						<int id="z">70</int>
						<int id="w">451</int>
						<str id="sprite_class">heights_platform_2</str>
						<int id="x">-900</int>
					</object>
					<object id="heights_platform_2_1317326758331">
						<int id="r">6</int>
						<str id="name">heights_platform_2_1317326758278</str>
						<int id="y">24</int>
						<int id="h">208</int>
						<bool id="h_flip">true</bool>
						<int id="w">451</int>
						<str id="sprite_class">heights_platform_2</str>
						<int id="x">613</int>
						<int id="z">45</int>
					</object>
					<object id="gravel_1_1317332702788">
						<str id="name">gravel_1_1317332702786</str>
						<int id="y">-540</int>
						<int id="h">51</int>
						<int id="z">94</int>
						<int id="w">280</int>
						<str id="sprite_class">gravel_1</str>
						<int id="x">527</int>
					</object>
					<object id="heights_moss_2_1321499159482">
						<str id="name">heights_moss_2_1321499159457</str>
						<int id="y">-558</int>
						<int id="h">44</int>
						<int id="z">108</int>
						<int id="w">199</int>
						<str id="sprite_class">heights_moss_2</str>
						<int id="x">-287</int>
					</object>
					<object id="heights_face_rock_2_1317332702814">
						<str id="name">heights_face_rock_2_1317332702809</str>
						<int id="y">-968</int>
						<int id="h">111</int>
						<int id="z">30</int>
						<int id="w">391</int>
						<str id="sprite_class">heights_face_rock_2</str>
						<int id="x">848</int>
					</object>
					<object id="heights_ladderbed_1_1321653551503">
						<str id="name">heights_ladderbed_1_1321653551497</str>
						<int id="y">-301</int>
						<int id="h">158</int>
						<int id="z">54</int>
						<int id="w">146</int>
						<str id="sprite_class">heights_ladderbed_1</str>
						<int id="x">944</int>
					</object>
					<object id="heights_ladder_1_1321653551510">
						<str id="name">heights_ladder_1_1321653551505</str>
						<int id="y">-409</int>
						<int id="h">101</int>
						<int id="z">60</int>
						<int id="w">93</int>
						<str id="sprite_class">heights_ladder_1</str>
						<int id="x">935</int>
					</object>
					<object id="heights_mound_3_1321499159461">
						<int id="r">198</int>
						<str id="name">heights_mound_3_1317337894261</str>
						<int id="y">-1019</int>
						<int id="h">189</int>
						<bool id="h_flip">true</bool>
						<int id="w">498</int>
						<str id="sprite_class">heights_mound_3</str>
						<int id="x">-705</int>
						<int id="z">8</int>
					</object>
					<object id="heights_face_1_1317326758291">
						<str id="name">heights_face_1_1317326758264</str>
						<int id="y">135</int>
						<int id="h">443</int>
						<int id="z">25</int>
						<int id="w">648</int>
						<str id="sprite_class">heights_face_1</str>
						<int id="x">783</int>
					</object>
					<object id="heights_ladder_2_1321653551507">
						<str id="name">heights_ladder_2_1321653551506</str>
						<int id="y">-493</int>
						<int id="h">104</int>
						<int id="z">59</int>
						<int id="w">84</int>
						<str id="sprite_class">heights_ladder_2</str>
						<int id="x">944</int>
					</object>
					<object id="heights_platform_2_1317326758308">
						<int id="r">3</int>
						<str id="name">heights_platform_2_1317326758278</str>
						<int id="y">87</int>
						<int id="h">208</int>
						<bool id="h_flip">true</bool>
						<int id="w">451</int>
						<str id="sprite_class">heights_platform_2</str>
						<int id="x">918</int>
						<int id="z">80</int>
					</object>
					<object id="heights_platform_2_1317326758368">
						<str id="name">heights_platform_2_1317326758278</str>
						<int id="y">-359</int>
						<int id="h">208</int>
						<int id="z">36</int>
						<int id="w">451</int>
						<str id="sprite_class">heights_platform_2</str>
						<int id="x">328</int>
					</object>
					<object id="moss_3_1321656990061">
						<int id="r">2</int>
						<str id="name">moss_3_1321499159483</str>
						<int id="y">-181</int>
						<int id="h">36</int>
						<bool id="h_flip">true</bool>
						<int id="w">179</int>
						<str id="sprite_class">moss_3</str>
						<int id="x">-113</int>
						<int id="z">146</int>
					</object>
					<object id="stalagmite_base_2_1317751488758">
						<str id="name">stalagmite_base_2_1317751488740</str>
						<int id="y">-563</int>
						<int id="h">55</int>
						<int id="z">137</int>
						<int id="w">180</int>
						<str id="sprite_class">stalagmite_base_2</str>
						<int id="x">650</int>
					</object>
					<object id="stalagmite_base_1_1317751488756">
						<str id="name">stalagmite_base_1_1317751488754</str>
						<int id="y">-605</int>
						<int id="h">72</int>
						<int id="z">134</int>
						<int id="w">145</int>
						<str id="sprite_class">stalagmite_base_1</str>
						<int id="x">657</int>
					</object>
					<object id="alakol_beach_1_1317670416561">
						<str id="name">alakol_beach_1_1317341090854</str>
						<int id="y">-879</int>
						<int id="h">78</int>
						<int id="z">121</int>
						<int id="w">625</int>
						<str id="sprite_class">alakol_beach_1</str>
						<int id="x">991</int>
						<int id="r">3</int>
					</object>
					<object id="moss_3_1321653551572">
						<str id="name">moss_3_1321499159483</str>
						<int id="y">-550</int>
						<int id="h">29</int>
						<int id="z">142</int>
						<int id="w">152</int>
						<str id="sprite_class">moss_3</str>
						<int id="x">792</int>
						<int id="r">2</int>
					</object>
					<object id="alakol_beach_1_1317768256543">
						<str id="name">alakol_beach_1_1317341090854</str>
						<int id="y">-141</int>
						<int id="h">65</int>
						<int id="z">125</int>
						<int id="w">544</int>
						<str id="sprite_class">alakol_beach_1</str>
						<int id="x">275</int>
					</object>
					<object id="heights_mound_3_1321499159463">
						<int id="r">173</int>
						<str id="name">heights_mound_3_1317337894261</str>
						<int id="y">-1019</int>
						<int id="h">189</int>
						<bool id="h_flip">true</bool>
						<int id="w">498</int>
						<str id="sprite_class">heights_mound_3</str>
						<int id="x">-1015</int>
						<int id="z">7</int>
					</object>
					<object id="stalagmite_3_1321653551519">
						<str id="name">stalagmite_3_1317326758394</str>
						<int id="y">-992</int>
						<int id="h">221</int>
						<int id="z">66</int>
						<int id="w">112</int>
						<str id="sprite_class">stalagmite_3</str>
						<int id="x">516</int>
					</object>
					<object id="heights_topper_2_1321653551496">
						<str id="name">heights_topper_2_1317332702815</str>
						<int id="y">-862</int>
						<int id="h">49</int>
						<int id="z">101</int>
						<int id="w">145</int>
						<str id="sprite_class">heights_topper_2</str>
						<int id="x">944</int>
					</object>
					<object id="heights_moss_1_1317326758419">
						<str id="name">heights_moss_1_1317326758419</str>
						<int id="y">-454</int>
						<int id="h">88</int>
						<int id="z">128</int>
						<int id="w">162</int>
						<str id="sprite_class">heights_moss_1</str>
						<int id="x">-550</int>
					</object>
					<object id="heights_moss_3_1317332702804">
						<str id="name">heights_moss_3_1317332702804</str>
						<int id="y">-23</int>
						<int id="h">135</int>
						<int id="z">97</int>
						<int id="w">358</int>
						<str id="sprite_class">heights_moss_3</str>
						<int id="x">-724</int>
					</object>
					<object id="heights_moss_3_1317332702808">
						<str id="name">heights_moss_3_1317326758398</str>
						<int id="y">15</int>
						<int id="h">135</int>
						<int id="z">90</int>
						<int id="w">358</int>
						<str id="sprite_class">heights_moss_3</str>
						<int id="x">857</int>
					</object>
					<object id="heights_platform_2_1317326758287">
						<str id="name">heights_platform_2_1317326758278</str>
						<int id="y">59</int>
						<int id="h">208</int>
						<int id="z">43</int>
						<int id="w">451</int>
						<str id="sprite_class">heights_platform_2</str>
						<int id="x">-130</int>
					</object>
					<object id="stalagmite_3_1317337894287">
						<str id="name">stalagmite_3_1317326758394</str>
						<int id="y">-923</int>
						<int id="h">194</int>
						<int id="z">2</int>
						<int id="w">122</int>
						<str id="sprite_class">stalagmite_3</str>
						<int id="x">441</int>
						<int id="r">180</int>
					</object>
					<object id="heights_topper_2_1321499159474">
						<int id="r">3</int>
						<str id="name">heights_topper_2_1321499159470</str>
						<int id="y">-944</int>
						<int id="h">47</int>
						<bool id="h_flip">true</bool>
						<int id="w">144</int>
						<str id="sprite_class">heights_topper_2</str>
						<int id="x">-421</int>
						<int id="z">73</int>
					</object>
					<object id="gravel_1_1317332702790">
						<str id="name">gravel_1_1317332702786</str>
						<int id="y">-541</int>
						<int id="h">51</int>
						<int id="z">95</int>
						<int id="w">280</int>
						<str id="sprite_class">gravel_1</str>
						<int id="x">-339</int>
					</object>
					<object id="alakol_beach_1_1317341090863">
						<str id="name">alakol_beach_1_1317341090854</str>
						<int id="y">-90</int>
						<int id="h">65</int>
						<int id="z">139</int>
						<int id="w">544</int>
						<str id="sprite_class">alakol_beach_1</str>
						<int id="x">551</int>
					</object>
				</object>
				<object id="filtersNEW">
					<object id="tintAmount">
						<int id="value">12</int>
					</object>
					<object id="contrast">
						<int id="value">15</int>
					</object>
					<object id="tintColor">
						<int id="value">3342591</int>
					</object>
					<object id="saturation">
						<int id="value">-40</int>
					</object>
					<object id="brightness">
						<int id="value">-30</int>
					</object>
				</object>
				<object id="walls">
				</object>
				<int id="z">0</int>
				<object id="signposts">
					<object id="signpost_1">
						<int id="h">200</int>
						<int id="w">100</int>
						<int id="y">-933</int>
						<str id="id">signpost_1</str>
						<int id="x">684</int>
						<object id="connects">
							<object id="0">
								<int id="y">-170</int>
								<bool id="hidden">false</bool>
								<str id="hub_id">110</str>
								<str id="mote_id">9</str>
								<int id="x">-1675</int>
								<str id="swf_file_versioned">http://c2.glitch.bz/locations/groddle1/1324491805.swf</str>
								<objref id="target" tsid="LA5GR516F3H2GUL" label="Gashaalo Lora"/>
							</object>
							<object id="1">
								<int id="y">-340</int>
								<bool id="hidden">false</bool>
								<str id="hub_id">110</str>
								<str id="mote_id">9</str>
								<int id="x">1545</int>
								<str id="swf_file_versioned">http://c2.glitch.bz/locations/groddle1/1324491805.swf</str>
								<objref id="target" tsid="LA52JSKF6BH2BPA" label="Zaytuun Xalwo"/>
							</object>
							<object id="2">
								<int id="y">-170</int>
								<bool id="hidden">false</bool>
								<str id="hub_id">110</str>
								<str id="mote_id">9</str>
								<int id="x">-750</int>
								<str id="swf_file_versioned">http://c2.glitch.bz/locations/groddle1/1324491805.swf</str>
								<objref id="target" tsid="LA5H8G00NUG2CRH" label="Kategna Kibe"/>
							</object>
						</object>
					</object>
					<object id="signpost_2">
						<int id="w">100</int>
						<int id="y">-187</int>
						<int id="h">200</int>
						<int id="x">-869</int>
						<object id="connects">
							<object id="0">
								<int id="y">-190</int>
								<str id="hub_id">107</str>
								<str id="mote_id">9</str>
								<int id="x">-770</int>
								<str id="swf_file_versioned">http://c2.glitch.bz/locations/groddle1/1324491805.swf</str>
								<objref id="target" tsid="LDO5CC4R1FD2SQG" label="Limmu Later"/>
							</object>
						</object>
					</object>
				</object>
				<int id="h">1500</int>
			</object>
			<object id="T_1317326758262">
				<int id="w">2080</int>
				<str id="name">foreground</str>
				<object id="decos">
					<object id="stalagmite_1_1317332702846">
						<str id="name">stalagmite_1_1317326758338</str>
						<int id="y">1999</int>
						<int id="h">563</int>
						<int id="z">23</int>
						<int id="w">238</int>
						<str id="sprite_class">stalagmite_1</str>
						<int id="x">710</int>
					</object>
					<object id="stalagmite_1_1317326758387">
						<str id="name">stalagmite_1_1317326758343</str>
						<int id="y">-146</int>
						<int id="h">328</int>
						<int id="z">6</int>
						<int id="w">124</int>
						<str id="sprite_class">stalagmite_1</str>
						<int id="x">1281</int>
						<int id="r">180</int>
					</object>
					<object id="heights_mound_3_1317332702841">
						<int id="r">175</int>
						<str id="name">heights_mound_3_1317332702840</str>
						<int id="y">-17</int>
						<int id="h">189</int>
						<bool id="h_flip">true</bool>
						<int id="w">498</int>
						<str id="sprite_class">heights_mound_3</str>
						<int id="x">297</int>
						<int id="z">15</int>
					</object>
					<object id="stalagmite_3_1317326758341">
						<int id="r">-181</int>
						<str id="name">stalagmite_3_1317326758341</str>
						<int id="y">34</int>
						<int id="h">412</int>
						<bool id="h_flip">true</bool>
						<int id="w">273</int>
						<str id="sprite_class">stalagmite_3</str>
						<int id="x">315</int>
						<int id="z">3</int>
					</object>
					<object id="heights_mound_3_1317332702842">
						<int id="r">175</int>
						<str id="name">heights_mound_3_1317332702840</str>
						<int id="y">-39</int>
						<int id="h">189</int>
						<bool id="h_flip">true</bool>
						<int id="w">498</int>
						<str id="sprite_class">heights_mound_3</str>
						<int id="x">648</int>
						<int id="z">16</int>
					</object>
					<object id="stalagmite_1_1321653551493">
						<str id="name">stalagmite_1_1317326758338</str>
						<int id="y">1604</int>
						<int id="h">398</int>
						<int id="z">10</int>
						<int id="w">199</int>
						<str id="sprite_class">stalagmite_1</str>
						<int id="x">1877</int>
					</object>
					<object id="heights_mound_3_1317332702848">
						<int id="r">195</int>
						<str id="name">heights_mound_3_1317332702840</str>
						<int id="y">-36</int>
						<int id="h">255</int>
						<bool id="h_flip">true</bool>
						<int id="w">574</int>
						<str id="sprite_class">heights_mound_3</str>
						<int id="x">2158</int>
						<int id="z">22</int>
					</object>
					<object id="stalagmite_1_1317326758338">
						<str id="name">stalagmite_1_1317326758338</str>
						<int id="y">1600</int>
						<int id="h">328</int>
						<int id="z">1</int>
						<int id="w">124</int>
						<str id="sprite_class">stalagmite_1</str>
						<int id="x">209</int>
					</object>
					<object id="stalagmite_3_1317326758342">
						<int id="r">-181</int>
						<str id="name">stalagmite_3_1317326758341</str>
						<int id="y">-79</int>
						<int id="h">412</int>
						<bool id="h_flip">true</bool>
						<int id="w">273</int>
						<str id="sprite_class">stalagmite_3</str>
						<int id="x">945</int>
						<int id="z">4</int>
					</object>
					<object id="heights_mound_3_1317332702843">
						<int id="r">175</int>
						<str id="name">heights_mound_3_1317332702840</str>
						<int id="y">-93</int>
						<int id="h">255</int>
						<bool id="h_flip">true</bool>
						<int id="w">574</int>
						<str id="sprite_class">heights_mound_3</str>
						<int id="x">1017</int>
						<int id="z">17</int>
					</object>
					<object id="stalagmite_1_1321653551513">
						<str id="name">stalagmite_1_1317326758338</str>
						<int id="y">1588</int>
						<int id="h">314</int>
						<int id="z">11</int>
						<int id="w">175</int>
						<str id="sprite_class">stalagmite_1</str>
						<int id="x">1934</int>
					</object>
					<object id="stalagmite_1_1317326758339">
						<str id="name">stalagmite_1_1317326758338</str>
						<int id="y">1908</int>
						<int id="h">563</int>
						<int id="z">2</int>
						<int id="w">238</int>
						<str id="sprite_class">stalagmite_1</str>
						<int id="x">279</int>
					</object>
					<object id="heights_mound_3_1321653551514">
						<str id="name">heights_mound_3_1317332702840</str>
						<int id="y">1749</int>
						<int id="h">255</int>
						<int id="z">0</int>
						<int id="w">574</int>
						<str id="sprite_class">heights_mound_3</str>
						<int id="x">95</int>
						<int id="r">30</int>
					</object>
					<object id="heights_mound_3_1321653551492">
						<str id="name">heights_mound_3_1317332702840</str>
						<int id="y">1765</int>
						<int id="h">255</int>
						<int id="z">19</int>
						<int id="w">574</int>
						<str id="sprite_class">heights_mound_3</str>
						<int id="x">1753</int>
						<int id="r">-6</int>
					</object>
					<object id="heights_mound_3_1317332702844">
						<int id="r">175</int>
						<str id="name">heights_mound_3_1317332702840</str>
						<int id="y">-103</int>
						<int id="h">255</int>
						<bool id="h_flip">true</bool>
						<int id="w">574</int>
						<str id="sprite_class">heights_mound_3</str>
						<int id="x">1252</int>
						<int id="z">18</int>
					</object>
					<object id="heights_mound_3_1321653551491">
						<str id="name">heights_mound_3_1317332702840</str>
						<int id="y">1700</int>
						<int id="h">255</int>
						<int id="z">20</int>
						<int id="w">574</int>
						<str id="sprite_class">heights_mound_3</str>
						<int id="x">2016</int>
						<int id="r">-6</int>
					</object>
					<object id="stalagmite_1_1317326758349">
						<str id="name">stalagmite_1_1317326758338</str>
						<int id="y">1868</int>
						<int id="h">563</int>
						<int id="z">9</int>
						<int id="w">238</int>
						<str id="sprite_class">stalagmite_1</str>
						<int id="x">1226</int>
					</object>
					<object id="stalagmite_1_1317326758344">
						<int id="r">180</int>
						<str id="name">stalagmite_1_1317326758343</str>
						<int id="y">-49</int>
						<int id="h">328</int>
						<bool id="h_flip">true</bool>
						<int id="w">124</int>
						<str id="sprite_class">stalagmite_1</str>
						<int id="x">1614</int>
						<int id="z">8</int>
					</object>
					<object id="stalagmite_1_1317326758343">
						<int id="r">180</int>
						<str id="name">stalagmite_1_1317326758343</str>
						<int id="y">79</int>
						<int id="h">328</int>
						<bool id="h_flip">true</bool>
						<int id="w">124</int>
						<str id="sprite_class">stalagmite_1</str>
						<int id="x">1103</int>
						<int id="z">5</int>
					</object>
					<object id="heights_mound_3_1317332702845">
						<int id="r">175</int>
						<str id="name">heights_mound_3_1317332702840</str>
						<int id="y">-146</int>
						<int id="h">255</int>
						<bool id="h_flip">true</bool>
						<int id="w">574</int>
						<str id="sprite_class">heights_mound_3</str>
						<int id="x">1833</int>
						<int id="z">21</int>
					</object>
					<object id="roots_ug_5_1317326758374">
						<str id="name">roots_ug_5_1317326758372</str>
						<int id="y">332</int>
						<int id="h">274</int>
						<int id="z">13</int>
						<int id="w">86</int>
						<str id="sprite_class">roots_ug_5</str>
						<int id="x">39</int>
					</object>
					<object id="stalagmite_3_1317326758345">
						<int id="r">-181</int>
						<str id="name">stalagmite_3_1317326758341</str>
						<int id="y">-100</int>
						<int id="h">412</int>
						<bool id="h_flip">true</bool>
						<int id="w">273</int>
						<str id="sprite_class">stalagmite_3</str>
						<int id="x">1546</int>
						<int id="z">7</int>
					</object>
					<object id="heights_mound_3_1321652825766">
						<int id="r">195</int>
						<str id="name">heights_mound_3_1317332702840</str>
						<int id="y">-39</int>
						<int id="h">189</int>
						<bool id="h_flip">true</bool>
						<int id="w">498</int>
						<str id="sprite_class">heights_mound_3</str>
						<int id="x">85</int>
						<int id="z">14</int>
					</object>
					<object id="roots_ug_5_1317326758373">
						<str id="name">roots_ug_5_1317326758372</str>
						<int id="y">174</int>
						<int id="h">299</int>
						<int id="z">12</int>
						<int id="w">94</int>
						<str id="sprite_class">roots_ug_5</str>
						<int id="x">1189</int>
					</object>
				</object>
				<int id="h">1545</int>
				<object id="filtersNEW">
					<object id="contrast">
						<int id="value">25</int>
					</object>
					<object id="tintColor">
						<int id="value">0</int>
					</object>
					<object id="saturation">
						<int id="value">-60</int>
					</object>
					<object id="blur">
						<int id="value">4</int>
					</object>
					<object id="brightness">
						<int id="value">-70</int>
					</object>
				</object>
				<int id="z">1</int>
			</object>
		</object>
		<null id="loading_label"/>
		<null id="physics"/>
		<str id="tsid">LA5GBQ27BUG2FF9</str>
		<null id="img_file_versioned"/>
		<int id="ground_y">-240</int>
		<str id="swf_file_versioned">http://c2.glitch.bz/locations/groddle1/1324491805.swf</str>
		<object id="gradient">
			<str id="top">D0D0D</str>
			<str id="bottom">1A0C1A</str>
		</object>
		<int id="rookable_type">0</int>
		<object id="sources">
			<int id="LA52JSKF6BH2BPA">1</int>
			<int id="LDO5CC4R1FD2SQG">1</int>
			<int id="LA5GR516F3H2GUL">1</int>
			<int id="LA5H8G00NUG2CRH">1</int>
		</object>
		<str id="music_file"></str>
		<bool id="wall_jump">false</bool>
		<bool id="no_zoom">false</bool>
		<bool id="no_camera_mode">false</bool>
		<bool id="no_ambient_music">false</bool>
		<bool id="no_physics_adjustments">false</bool>
		<bool id="no_upgrade_physics_adjustments">false</bool>
	</object>
</game_object>
