<game_object tsid="GA5GRQJINPB2HS1" ts="1351380054021" label="Gueis Pumice" class_tsid="" lastUpdateTime="1351380043" upd_gs="gs9" load_time="2012-10-27 16:02:50.000" upd_time="2012-10-27 16:13:57.886">
	<object id="dynamic">
		<int id="l">-3000</int>
		<int id="r">3000</int>
		<int id="t">-1000</int>
		<int id="b">0</int>
		<str id="label">heights2</str>
		<str id="swf_file">groddle1.swf</str>
		<object id="layers">
			<object id="T_1315368013342">
				<int id="h">990</int>
				<object id="decos">
					<object id="tree_coniferous_fg_1_1315995612581">
						<int id="x">3058</int>
						<int id="y">906</int>
						<int id="z">16</int>
						<int id="h">540</int>
						<str id="name">tree_coniferous_fg_1_1315995612581</str>
						<str id="sprite_class">tree_coniferous_fg_1</str>
						<int id="w">243</int>
					</object>
					<object id="tree_coniferous_fg_3_1315995612582">
						<int id="x">3258</int>
						<int id="y">892</int>
						<int id="z">18</int>
						<int id="h">501</int>
						<str id="name">tree_coniferous_fg_3_1315995612582</str>
						<str id="sprite_class">tree_coniferous_fg_3</str>
						<int id="w">220</int>
					</object>
					<object id="alakol_grass_top_2_1315995612568">
						<int id="x">3217</int>
						<int id="y">934</int>
						<int id="z">9</int>
						<int id="h">38</int>
						<str id="name">alakol_grass_top_2_1315995612568</str>
						<str id="sprite_class">alakol_grass_top_2</str>
						<bool id="h_flip">true</bool>
						<int id="w">277</int>
						<int id="r">1</int>
					</object>
					<object id="pinehills_1_1315995612575">
						<int id="x">3514</int>
						<int id="y">884</int>
						<int id="z">3</int>
						<int id="h">270</int>
						<str id="name">pinehills_1_1315995612573</str>
						<str id="sprite_class">pinehills_1</str>
						<int id="w">850</int>
					</object>
					<object id="alakol_cliff_1_1315995612567">
						<int id="x">3173</int>
						<int id="y">1002</int>
						<int id="z">8</int>
						<int id="h">86</int>
						<str id="name">alakol_cliff_1_1315995612567</str>
						<str id="sprite_class">alakol_cliff_1</str>
						<int id="w">507</int>
					</object>
					<object id="alakol_cliff_1_1315995612588">
						<int id="x">4828</int>
						<int id="y">856</int>
						<int id="z">20</int>
						<int id="h">108</int>
						<str id="name">alakol_cliff_1_1315995612587</str>
						<str id="sprite_class">alakol_cliff_1</str>
						<bool id="h_flip">true</bool>
						<int id="w">575</int>
					</object>
					<object id="alakol_grass_top_2_1315995612578">
						<int id="x">3322</int>
						<int id="y">903</int>
						<int id="z">4</int>
						<int id="h">38</int>
						<str id="name">alakol_grass_top_2_1315995612568</str>
						<str id="sprite_class">alakol_grass_top_2</str>
						<bool id="h_flip">true</bool>
						<int id="w">277</int>
						<int id="r">1</int>
					</object>
					<object id="tree_group_bg2_1_1316141591086">
						<int id="x">5283</int>
						<int id="y">1002</int>
						<int id="z">26</int>
						<int id="h">573</int>
						<str id="name">tree_group_bg2_1_1316141591084</str>
						<str id="sprite_class">tree_group_bg2_1</str>
						<int id="w">438</int>
					</object>
					<object id="pinehills_1_1315995612573">
						<int id="x">33</int>
						<int id="y">730</int>
						<int id="z">14</int>
						<int id="h">270</int>
						<str id="name">pinehills_1_1315995612573</str>
						<str id="sprite_class">pinehills_1</str>
						<int id="w">850</int>
					</object>
					<object id="alakol_cliff_1_1315995612587">
						<int id="x">4485</int>
						<int id="y">851</int>
						<int id="z">19</int>
						<int id="h">108</int>
						<str id="name">alakol_cliff_1_1315995612587</str>
						<str id="sprite_class">alakol_cliff_1</str>
						<bool id="h_flip">true</bool>
						<int id="w">575</int>
					</object>
					<object id="pinehills_1_1315995612574">
						<int id="x">662</int>
						<int id="y">736</int>
						<int id="z">15</int>
						<int id="h">270</int>
						<str id="name">pinehills_1_1315995612573</str>
						<str id="sprite_class">pinehills_1</str>
						<int id="w">850</int>
					</object>
					<object id="groddle_fern_1_1316141591060">
						<int id="x">4357</int>
						<int id="y">760</int>
						<int id="z">23</int>
						<int id="h">75</int>
						<str id="name">groddle_fern_1_1316141591060</str>
						<str id="sprite_class">groddle_fern_1</str>
						<bool id="h_flip">true</bool>
						<int id="w">126</int>
					</object>
					<object id="alakol_grass_top_2_1315995612576">
						<int id="x">3304</int>
						<int id="y">918</int>
						<int id="z">6</int>
						<int id="h">38</int>
						<str id="name">alakol_grass_top_2_1315995612568</str>
						<str id="sprite_class">alakol_grass_top_2</str>
						<bool id="h_flip">true</bool>
						<int id="w">277</int>
						<int id="r">1</int>
					</object>
					<object id="tree_group_bg2_1_1316141591084">
						<int id="x">192</int>
						<int id="y">911</int>
						<int id="z">24</int>
						<int id="h">573</int>
						<str id="name">tree_group_bg2_1_1316141591084</str>
						<str id="sprite_class">tree_group_bg2_1</str>
						<int id="w">438</int>
					</object>
					<object id="tree_coniferous_fg_1_1316141591130">
						<int id="x">1593</int>
						<int id="y">863</int>
						<int id="z">17</int>
						<int id="h">540</int>
						<str id="name">tree_coniferous_fg_1_1315995612581</str>
						<str id="sprite_class">tree_coniferous_fg_1</str>
						<int id="w">243</int>
						<int id="r">5</int>
					</object>
					<object id="pinecluster_mask_1_1315995612584">
						<int id="x">3007</int>
						<int id="y">882</int>
						<int id="z">11</int>
						<int id="h">56</int>
						<str id="name">pinecluster_mask_1_1315995612583</str>
						<str id="sprite_class">pinecluster_mask_1</str>
						<int id="w">145</int>
						<int id="r">-5</int>
					</object>
					<object id="alakol_grass_top_2_1315995612570">
						<int id="x">2846</int>
						<int id="y">928</int>
						<int id="z">13</int>
						<int id="h">38</int>
						<str id="name">alakol_grass_top_2_1315995612568</str>
						<str id="sprite_class">alakol_grass_top_2</str>
						<bool id="h_flip">true</bool>
						<int id="w">277</int>
						<int id="r">1</int>
					</object>
					<object id="heights_moss_1_1315998914328">
						<int id="x">4712</int>
						<int id="y">819</int>
						<int id="z">22</int>
						<int id="h">60</int>
						<str id="name">heights_moss_1_1315998914328</str>
						<str id="sprite_class">heights_moss_1</str>
						<int id="w">111</int>
						<int id="r">-3</int>
					</object>
					<object id="alakol_grass_top_2_1315995612577">
						<int id="x">3096</int>
						<int id="y">910</int>
						<int id="z">7</int>
						<int id="h">38</int>
						<str id="name">alakol_grass_top_2_1315995612568</str>
						<str id="sprite_class">alakol_grass_top_2</str>
						<bool id="h_flip">true</bool>
						<int id="w">277</int>
						<int id="r">1</int>
					</object>
					<object id="pinehills_1_1315995612580">
						<int id="x">2855</int>
						<int id="y">891</int>
						<int id="z">2</int>
						<int id="h">270</int>
						<str id="name">pinehills_1_1315995612573</str>
						<str id="sprite_class">pinehills_1</str>
						<int id="w">850</int>
					</object>
					<object id="heights_moss_3_1315998914327">
						<int id="x">4388</int>
						<int id="y">814</int>
						<int id="z">21</int>
						<int id="h">73</int>
						<str id="name">heights_moss_3_1315998914327</str>
						<str id="sprite_class">heights_moss_3</str>
						<int id="w">194</int>
					</object>
					<object id="heights_mound_3_1316141591061">
						<int id="x">4487</int>
						<int id="y">866</int>
						<int id="z">0</int>
						<int id="h">189</int>
						<str id="name">heights_mound_3_1316141591061</str>
						<str id="sprite_class">heights_mound_3</str>
						<int id="w">498</int>
					</object>
					<object id="alakol_grass_top_2_1315995612579">
						<int id="x">3100</int>
						<int id="y">897</int>
						<int id="z">5</int>
						<int id="h">38</int>
						<str id="name">alakol_grass_top_2_1315995612568</str>
						<str id="sprite_class">alakol_grass_top_2</str>
						<bool id="h_flip">true</bool>
						<int id="w">277</int>
						<int id="r">1</int>
					</object>
					<object id="pinecluster_mask_1_1315995612583">
						<int id="x">3140</int>
						<int id="y">881</int>
						<int id="z">10</int>
						<int id="h">56</int>
						<str id="name">pinecluster_mask_1_1315995612583</str>
						<str id="sprite_class">pinecluster_mask_1</str>
						<int id="w">145</int>
					</object>
					<object id="tree_group_bg2_1_1316141591085">
						<int id="x">661</int>
						<int id="y">982</int>
						<int id="z">25</int>
						<int id="h">573</int>
						<str id="name">tree_group_bg2_1_1316141591084</str>
						<str id="sprite_class">tree_group_bg2_1</str>
						<int id="w">438</int>
					</object>
					<object id="alakol_grass_top_2_1315995612569">
						<int id="x">2999</int>
						<int id="y">929</int>
						<int id="z">12</int>
						<int id="h">38</int>
						<str id="name">alakol_grass_top_2_1315995612568</str>
						<str id="sprite_class">alakol_grass_top_2</str>
						<bool id="h_flip">true</bool>
						<int id="w">277</int>
					</object>
					<object id="heights_mound_3_1316141591062">
						<int id="x">4645</int>
						<int id="y">869</int>
						<int id="z">1</int>
						<int id="h">189</int>
						<str id="name">heights_mound_3_1316141591061</str>
						<str id="sprite_class">heights_mound_3</str>
						<int id="w">498</int>
					</object>
				</object>
				<str id="name">bg1</str>
				<object id="filtersNEW">
					<object id="blur">
						<int id="value">2</int>
					</object>
					<object id="brightness">
						<int id="value">40</int>
					</object>
					<object id="saturation">
						<int id="value">-25</int>
					</object>
					<object id="contrast">
						<int id="value">-15</int>
					</object>
				</object>
				<int id="w">5400</int>
				<int id="z">-1</int>
			</object>
			<object id="middleground">
				<object id="walls">
				</object>
				<object id="ladders">
				</object>
				<object id="decos">
					<object id="heights_topper_1_1316141591104">
						<int id="x">-2056</int>
						<int id="y">-467</int>
						<int id="z">73</int>
						<int id="h">69</int>
						<str id="name">heights_topper_1_1315995612495</str>
						<str id="sprite_class">heights_topper_1</str>
						<int id="w">529</int>
						<int id="r">-1</int>
					</object>
					<object id="heights_topper_1_1316141591096">
						<int id="x">-1577</int>
						<int id="y">-458</int>
						<int id="z">77</int>
						<int id="h">69</int>
						<str id="name">heights_topper_1_1315995612495</str>
						<str id="sprite_class">heights_topper_1</str>
						<int id="w">269</int>
					</object>
					<object id="heights_topper_1_1316141591100">
						<int id="x">-2224</int>
						<int id="y">-461</int>
						<int id="z">78</int>
						<int id="h">69</int>
						<str id="name">heights_topper_1_1315995612495</str>
						<str id="sprite_class">heights_topper_1</str>
						<int id="w">269</int>
					</object>
					<object id="heights_platform_4_1315881788517">
						<int id="x">1642</int>
						<int id="y">96</int>
						<int id="z">30</int>
						<int id="h">227</int>
						<str id="name">heights_platform_4_1315881788517</str>
						<str id="sprite_class">heights_platform_4</str>
						<int id="w">513</int>
						<int id="r">5</int>
					</object>
					<object id="heights_topper_1_1316141591099">
						<int id="x">-1255</int>
						<int id="y">-465</int>
						<int id="z">69</int>
						<int id="h">69</int>
						<str id="name">heights_topper_1_1315995612495</str>
						<str id="sprite_class">heights_topper_1</str>
						<int id="w">468</int>
						<int id="r">1</int>
					</object>
					<object id="heights_face_1_1315368013302">
						<int id="x">-1406</int>
						<int id="y">237</int>
						<int id="z">14</int>
						<int id="h">576</int>
						<str id="name">heights_face_1_1315368013300</str>
						<str id="sprite_class">heights_face_1</str>
						<int id="w">842</int>
					</object>
					<object id="crosssection_heights_underside_1315995612479">
						<int id="x">537</int>
						<int id="y">-141</int>
						<int id="z">22</int>
						<int id="h">112</int>
						<str id="name">crosssection_heights_underside_1315995612479</str>
						<str id="sprite_class">crosssection_heights_underside</str>
						<int id="w">580</int>
						<int id="r">2</int>
					</object>
					<object id="heights_platform_4_1315995612499">
						<int id="x">-845</int>
						<int id="y">-53</int>
						<int id="z">56</int>
						<int id="h">209</int>
						<str id="name">heights_platform_4_1315995612499</str>
						<str id="sprite_class">heights_platform_4</str>
						<int id="w">513</int>
						<int id="r">1</int>
					</object>
					<object id="heights_topper_1_1315972774835">
						<int id="x">1892</int>
						<int id="y">-40</int>
						<int id="z">28</int>
						<int id="h">69</int>
						<str id="name">heights_topper_1_1315972774834</str>
						<str id="sprite_class">heights_topper_1</str>
						<int id="w">269</int>
						<int id="r">8</int>
					</object>
					<object id="heights_platform_rock_1_1315972774832">
						<int id="x">1986</int>
						<int id="y">43</int>
						<int id="z">44</int>
						<int id="h">146</int>
						<str id="name">heights_platform_rock_1_1315972774832</str>
						<str id="sprite_class">heights_platform_rock_1</str>
						<int id="w">237</int>
					</object>
					<object id="heights_platform_lip_1_1316141591088">
						<int id="x">-1360</int>
						<int id="y">43</int>
						<int id="z">87</int>
						<int id="h">304</int>
						<str id="name">heights_platform_lip_1_1316141591088</str>
						<str id="sprite_class">heights_platform_lip_1</str>
						<int id="w">694</int>
						<int id="r">-1</int>
					</object>
					<object id="heights_moss_2_1316801740832">
						<int id="x">-1284</int>
						<int id="y">-488</int>
						<int id="z">96</int>
						<int id="h">44</int>
						<str id="name">heights_moss_2_1316801740831</str>
						<str id="sprite_class">heights_moss_2</str>
						<int id="w">199</int>
					</object>
					<object id="heights_moss_3_1316141591133">
						<int id="x">-2633</int>
						<int id="y">-84</int>
						<int id="z">91</int>
						<int id="h">135</int>
						<str id="name">heights_moss_3_1316141591133</str>
						<str id="sprite_class">heights_moss_3</str>
						<int id="w">358</int>
					</object>
					<object id="heights_mound_2_1316141591122">
						<int id="x">-919</int>
						<int id="y">-188</int>
						<int id="z">54</int>
						<int id="h">182</int>
						<str id="name">heights_mound_2_1315995612562</str>
						<str id="sprite_class">heights_mound_2</str>
						<int id="w">210</int>
						<int id="r">-7</int>
					</object>
					<object id="heights_face_rock_2_1316141591131">
						<int id="x">-871</int>
						<int id="y">-230</int>
						<int id="z">37</int>
						<int id="h">172</int>
						<str id="name">heights_face_rock_2_1315998914329</str>
						<str id="sprite_class">heights_face_rock_2</str>
						<int id="w">606</int>
						<int id="r">3</int>
					</object>
					<object id="heights_platform_rock_2_1315995612468">
						<int id="x">2661</int>
						<int id="y">48</int>
						<int id="z">40</int>
						<int id="h">145</int>
						<str id="name">heights_platform_rock_2_1315972774831</str>
						<str id="sprite_class">heights_platform_rock_2</str>
						<int id="w">414</int>
					</object>
					<object id="crosssection_heights_underside_1316141591094">
						<int id="x">-1421</int>
						<int id="y">-365</int>
						<int id="z">0</int>
						<int id="h">169</int>
						<str id="name">crosssection_heights_underside_1316141591094</str>
						<str id="sprite_class">crosssection_heights_underside</str>
						<int id="w">875</int>
					</object>
					<object id="heights_topper_1_1348509307864">
						<int id="x">1350</int>
						<int id="y">-382</int>
						<int id="z">65</int>
						<int id="h">69</int>
						<str id="name">heights_topper_1_1315995612482</str>
						<str id="sprite_class">heights_topper_1</str>
						<bool id="h_flip">true</bool>
						<int id="w">279</int>
						<int id="r">5</int>
					</object>
					<object id="heights_platform_4_1315995612467">
						<int id="x">1374</int>
						<int id="y">69</int>
						<int id="z">31</int>
						<int id="h">227</int>
						<str id="name">heights_platform_4_1315881788517</str>
						<str id="sprite_class">heights_platform_4</str>
						<int id="w">513</int>
						<int id="r">7</int>
					</object>
					<object id="heights_bandaid_2_1315995612476">
						<int id="x">615</int>
						<int id="y">-217</int>
						<int id="z">5</int>
						<int id="h">151</int>
						<str id="name">heights_bandaid_2_1315995612474</str>
						<str id="sprite_class">heights_bandaid_2</str>
						<bool id="h_flip">true</bool>
						<int id="w">93</int>
						<int id="r">-180</int>
					</object>
					<object id="heights_platform_rock_1_1315995612498">
						<int id="x">-517</int>
						<int id="y">-109</int>
						<int id="z">60</int>
						<int id="h">146</int>
						<str id="name">heights_platform_rock_1_1315995612498</str>
						<str id="sprite_class">heights_platform_rock_1</str>
						<int id="w">237</int>
					</object>
					<object id="heights_topper_1_1316141591102">
						<int id="x">-1708</int>
						<int id="y">-461</int>
						<int id="z">75</int>
						<int id="h">69</int>
						<str id="name">heights_topper_1_1315995612495</str>
						<str id="sprite_class">heights_topper_1</str>
						<int id="w">352</int>
						<int id="r">2</int>
					</object>
					<object id="heights_face_1_1315995612586">
						<int id="x">1516</int>
						<int id="y">171</int>
						<int id="z">3</int>
						<int id="h">576</int>
						<str id="name">heights_face_1_1315881788501</str>
						<str id="sprite_class">heights_face_1</str>
						<int id="w">842</int>
						<int id="r">15</int>
					</object>
					<object id="heights_face_rock_2_1315998914329">
						<int id="x">-162</int>
						<int id="y">-234</int>
						<int id="z">36</int>
						<int id="h">172</int>
						<str id="name">heights_face_rock_2_1315998914329</str>
						<str id="sprite_class">heights_face_rock_2</str>
						<bool id="h_flip">true</bool>
						<int id="w">606</int>
						<int id="r">-2</int>
					</object>
					<object id="heights_topper_1_1315995612487">
						<int id="x">-206</int>
						<int id="y">-467</int>
						<int id="z">68</int>
						<int id="h">69</int>
						<str id="name">heights_topper_1_1315995612482</str>
						<str id="sprite_class">heights_topper_1</str>
						<bool id="h_flip">true</bool>
						<int id="w">269</int>
					</object>
					<object id="heights_topper_1_1315995612471">
						<int id="x">638</int>
						<int id="y">-205</int>
						<int id="z">23</int>
						<int id="h">69</int>
						<str id="name">heights_topper_1_1315368013477</str>
						<str id="sprite_class">heights_topper_1</str>
						<int id="w">269</int>
						<int id="r">7</int>
					</object>
					<object id="heights_mound_3_1315995612494">
						<int id="x">-805</int>
						<int id="y">33</int>
						<int id="z">48</int>
						<int id="h">189</int>
						<str id="name">heights_mound_3_1315995612490</str>
						<str id="sprite_class">heights_mound_3</str>
						<int id="w">498</int>
					</object>
					<object id="heights_topper_1_1315995612484">
						<int id="x">820</int>
						<int id="y">-392</int>
						<int id="z">61</int>
						<int id="h">69</int>
						<str id="name">heights_topper_1_1315995612482</str>
						<str id="sprite_class">heights_topper_1</str>
						<int id="w">290</int>
					</object>
					<object id="heights_face_1_1315368013301">
						<int id="x">-2003</int>
						<int id="y">51</int>
						<int id="z">8</int>
						<int id="h">576</int>
						<str id="name">heights_face_1_1315368013300</str>
						<str id="sprite_class">heights_face_1</str>
						<int id="w">842</int>
					</object>
					<object id="heights_mound_3_1315995612492">
						<int id="x">-735</int>
						<int id="y">-87</int>
						<int id="z">46</int>
						<int id="h">189</int>
						<str id="name">heights_mound_3_1315995612490</str>
						<str id="sprite_class">heights_mound_3</str>
						<int id="w">498</int>
					</object>
					<object id="gravel_1_1316141591134">
						<int id="x">-1406</int>
						<int id="y">-196</int>
						<int id="z">92</int>
						<int id="h">51</int>
						<str id="name">gravel_1_1316141591134</str>
						<str id="sprite_class">gravel_1</str>
						<int id="w">280</int>
					</object>
					<object id="heights_platform_4_1315368013313">
						<int id="x">-2399</int>
						<int id="y">-1</int>
						<int id="z">17</int>
						<int id="h">217</int>
						<str id="name">heights_platform_4_1315368013312</str>
						<str id="sprite_class">heights_platform_4</str>
						<bool id="h_flip">true</bool>
						<int id="w">513</int>
					</object>
					<object id="heights_topper_1_1316141591101">
						<int id="x">-2150</int>
						<int id="y">-455</int>
						<int id="z">79</int>
						<int id="h">69</int>
						<str id="name">heights_topper_1_1315995612495</str>
						<str id="sprite_class">heights_topper_1</str>
						<int id="w">269</int>
					</object>
					<object id="heights_topper_1_1315995612590">
						<int id="x">1335</int>
						<int id="y">-401</int>
						<int id="z">63</int>
						<int id="h">69</int>
						<str id="name">heights_topper_1_1315995612482</str>
						<str id="sprite_class">heights_topper_1</str>
						<bool id="h_flip">true</bool>
						<int id="w">279</int>
						<int id="r">7</int>
					</object>
					<object id="heights_platform_4_1315368013312">
						<int id="x">-2794</int>
						<int id="y">-7</int>
						<int id="z">16</int>
						<int id="h">217</int>
						<str id="name">heights_platform_4_1315368013312</str>
						<str id="sprite_class">heights_platform_4</str>
						<int id="w">513</int>
					</object>
					<object id="heights_topper_1_1315995612489">
						<int id="x">-102</int>
						<int id="y">-480</int>
						<int id="z">53</int>
						<int id="h">58</int>
						<str id="name">heights_topper_1_1315995612482</str>
						<str id="sprite_class">heights_topper_1</str>
						<bool id="h_flip">true</bool>
						<int id="w">236</int>
					</object>
					<object id="gravel_2_1315998914345">
						<int id="x">-2414</int>
						<int id="y">-199</int>
						<int id="z">83</int>
						<int id="h">32</int>
						<str id="name">gravel_2_1315998914345</str>
						<str id="sprite_class">gravel_2</str>
						<int id="w">57</int>
					</object>
					<object id="heights_topper_1_1315995612497">
						<int id="x">-583</int>
						<int id="y">-325</int>
						<int id="z">71</int>
						<int id="h">59</int>
						<str id="name">heights_topper_1_1315995612495</str>
						<str id="sprite_class">heights_topper_1</str>
						<bool id="h_flip">true</bool>
						<int id="w">269</int>
					</object>
					<object id="heights_mound_3_1315995612503">
						<int id="x">-439</int>
						<int id="y">87</int>
						<int id="z">50</int>
						<int id="h">189</int>
						<str id="name">heights_mound_3_1315995612490</str>
						<str id="sprite_class">heights_mound_3</str>
						<int id="w">498</int>
					</object>
					<object id="heights_topper_1_1316141591076">
						<int id="x">1633</int>
						<int id="y">-223</int>
						<int id="z">84</int>
						<int id="h">58</int>
						<str id="name">heights_topper_1_1316141591074</str>
						<str id="sprite_class">heights_topper_1</str>
						<bool id="h_flip">true</bool>
						<int id="w">313</int>
						<int id="r">5</int>
					</object>
					<object id="heights_topper_2_1315995612561">
						<int id="x">-392</int>
						<int id="y">-397</int>
						<int id="z">82</int>
						<int id="h">60</int>
						<str id="name">heights_topper_2_1315995612561</str>
						<str id="sprite_class">heights_topper_2</str>
						<int id="w">145</int>
					</object>
					<object id="heights_topper_1_1315995612482">
						<int id="x">158</int>
						<int id="y">-470</int>
						<int id="z">58</int>
						<int id="h">69</int>
						<str id="name">heights_topper_1_1315995612482</str>
						<str id="sprite_class">heights_topper_1</str>
						<bool id="h_flip">true</bool>
						<int id="w">269</int>
					</object>
					<object id="heights_topper_1_1316141591098">
						<int id="x">-1368</int>
						<int id="y">-468</int>
						<int id="z">70</int>
						<int id="h">69</int>
						<str id="name">heights_topper_1_1315995612495</str>
						<str id="sprite_class">heights_topper_1</str>
						<bool id="h_flip">true</bool>
						<int id="w">410</int>
					</object>
					<object id="heights_topper_1_1316141591103">
						<int id="x">-1845</int>
						<int id="y">-467</int>
						<int id="z">74</int>
						<int id="h">69</int>
						<str id="name">heights_topper_1_1315995612495</str>
						<str id="sprite_class">heights_topper_1</str>
						<int id="w">352</int>
						<int id="r">2</int>
					</object>
					<object id="heights_mound_2_1315995612563">
						<int id="x">-378</int>
						<int id="y">-207</int>
						<int id="z">42</int>
						<int id="h">182</int>
						<str id="name">heights_mound_2_1315995612562</str>
						<str id="sprite_class">heights_mound_2</str>
						<int id="w">210</int>
						<int id="r">-7</int>
					</object>
					<object id="heights_mound_3_1315995612491">
						<int id="x">-525</int>
						<int id="y">-82</int>
						<int id="z">47</int>
						<int id="h">189</int>
						<str id="name">heights_mound_3_1315995612490</str>
						<str id="sprite_class">heights_mound_3</str>
						<int id="w">498</int>
					</object>
					<object id="heights_moss_2_1316141591137">
						<int id="x">-2685</int>
						<int id="y">-197</int>
						<int id="z">89</int>
						<int id="h">33</int>
						<str id="name">heights_moss_2_1316141591136</str>
						<str id="sprite_class">heights_moss_2</str>
						<bool id="h_flip">true</bool>
						<int id="w">229</int>
					</object>
					<object id="heights_face_1_1315368013305">
						<int id="x">-1</int>
						<int id="y">40</int>
						<int id="z">11</int>
						<int id="h">576</int>
						<str id="name">heights_face_1_1315368013300</str>
						<str id="sprite_class">heights_face_1</str>
						<int id="w">842</int>
					</object>
					<object id="heights_topper_1_1315368013477">
						<int id="x">441</int>
						<int id="y">-212</int>
						<int id="z">21</int>
						<int id="h">69</int>
						<str id="name">heights_topper_1_1315368013477</str>
						<str id="sprite_class">heights_topper_1</str>
						<int id="w">269</int>
					</object>
					<object id="heights_face_rock_2_1316141591132">
						<int id="x">-2845</int>
						<int id="y">-202</int>
						<int id="z">12</int>
						<int id="h">172</int>
						<str id="name">heights_face_rock_2_1315998914329</str>
						<str id="sprite_class">heights_face_rock_2</str>
						<bool id="h_flip">true</bool>
						<int id="w">606</int>
						<int id="r">-2</int>
					</object>
					<object id="heights_bandaid_2_1315995612478">
						<int id="x">481</int>
						<int id="y">-190</int>
						<int id="z">1</int>
						<int id="h">110</int>
						<str id="name">heights_bandaid_2_1315995612474</str>
						<str id="sprite_class">heights_bandaid_2</str>
						<int id="w">68</int>
						<int id="r">-180</int>
					</object>
					<object id="heights_platform_4_1315995612466">
						<int id="x">1057</int>
						<int id="y">29</int>
						<int id="z">32</int>
						<int id="h">227</int>
						<str id="name">heights_platform_4_1315881788517</str>
						<str id="sprite_class">heights_platform_4</str>
						<int id="w">513</int>
						<int id="r">7</int>
					</object>
					<object id="heights_topper_1_1316141591075">
						<int id="x">1675</int>
						<int id="y">-197</int>
						<int id="z">86</int>
						<int id="h">69</int>
						<str id="name">heights_topper_1_1316141591074</str>
						<str id="sprite_class">heights_topper_1</str>
						<bool id="h_flip">true</bool>
						<int id="w">269</int>
						<int id="r">2</int>
					</object>
					<object id="heights_face_rock_1_1315368013319">
						<int id="x">-2900</int>
						<int id="y">10</int>
						<int id="z">15</int>
						<int id="h">98</int>
						<str id="name">heights_face_rock_1_1315368013319</str>
						<str id="sprite_class">heights_face_rock_1</str>
						<int id="w">308</int>
					</object>
					<object id="heights_platform_4_1315368013318">
						<int id="x">-1545</int>
						<int id="y">-41</int>
						<int id="z">20</int>
						<int id="h">217</int>
						<str id="name">heights_platform_4_1315368013312</str>
						<str id="sprite_class">heights_platform_4</str>
						<bool id="h_flip">true</bool>
						<int id="w">513</int>
						<int id="r">-1</int>
					</object>
					<object id="heights_face_1_1315881788502">
						<int id="x">1995</int>
						<int id="y">346</int>
						<int id="z">26</int>
						<int id="h">576</int>
						<str id="name">heights_face_1_1315881788501</str>
						<str id="sprite_class">heights_face_1</str>
						<bool id="h_flip">true</bool>
						<int id="w">842</int>
						<int id="r">5</int>
					</object>
					<object id="heights_topper_1_1316141591097">
						<int id="x">-1365</int>
						<int id="y">-445</int>
						<int id="z">80</int>
						<int id="h">69</int>
						<str id="name">heights_topper_1_1315995612495</str>
						<str id="sprite_class">heights_topper_1</str>
						<bool id="h_flip">true</bool>
						<int id="w">269</int>
					</object>
					<object id="heights_platform_3_1315995612473">
						<int id="x">303</int>
						<int id="y">-70</int>
						<int id="z">35</int>
						<int id="h">205</int>
						<str id="name">heights_platform_3_1315881788516</str>
						<str id="sprite_class">heights_platform_3</str>
						<int id="w">236</int>
					</object>
					<object id="heights_topper_1_1315995612496">
						<int id="x">-521</int>
						<int id="y">-300</int>
						<int id="z">81</int>
						<int id="h">69</int>
						<str id="name">heights_topper_1_1315995612495</str>
						<str id="sprite_class">heights_topper_1</str>
						<bool id="h_flip">true</bool>
						<int id="w">269</int>
					</object>
					<object id="heights_face_1_1315368013304">
						<int id="x">-219</int>
						<int id="y">61</int>
						<int id="z">10</int>
						<int id="h">576</int>
						<str id="name">heights_face_1_1315368013300</str>
						<str id="sprite_class">heights_face_1</str>
						<int id="w">842</int>
					</object>
					<object id="heights_topper_1_1315995612495">
						<int id="x">-668</int>
						<int id="y">-316</int>
						<int id="z">72</int>
						<int id="h">69</int>
						<str id="name">heights_topper_1_1315995612495</str>
						<str id="sprite_class">heights_topper_1</str>
						<int id="w">269</int>
					</object>
					<object id="heights_platform_rock_2_1315995612481">
						<int id="x">-229</int>
						<int id="y">-107</int>
						<int id="z">55</int>
						<int id="h">145</int>
						<str id="name">heights_platform_rock_2_1315995612481</str>
						<str id="sprite_class">heights_platform_rock_2</str>
						<int id="w">414</int>
					</object>
					<object id="heights_moss_2_1316801740833">
						<int id="x">-34</int>
						<int id="y">-496</int>
						<int id="z">95</int>
						<int id="h">44</int>
						<str id="name">heights_moss_2_1316801740831</str>
						<str id="sprite_class">heights_moss_2</str>
						<int id="w">199</int>
					</object>
					<object id="heights_face_1_1315995612470">
						<int id="x">2675</int>
						<int id="y">283</int>
						<int id="z">27</int>
						<int id="h">576</int>
						<str id="name">heights_face_1_1315881788501</str>
						<str id="sprite_class">heights_face_1</str>
						<bool id="h_flip">true</bool>
						<int id="w">842</int>
					</object>
					<object id="heights_topper_1_1315368013478">
						<int id="x">536</int>
						<int id="y">-208</int>
						<int id="z">24</int>
						<int id="h">69</int>
						<str id="name">heights_topper_1_1315368013477</str>
						<str id="sprite_class">heights_topper_1</str>
						<int id="w">269</int>
					</object>
					<object id="heights_topper_1_1348509307863">
						<int id="x">794</int>
						<int id="y">-376</int>
						<int id="z">62</int>
						<int id="h">67</int>
						<str id="name">heights_topper_1_1315995612482</str>
						<str id="sprite_class">heights_topper_1</str>
						<int id="w">260</int>
					</object>
					<object id="heights_bandaid_2_1315995612475">
						<int id="x">516</int>
						<int id="y">-217</int>
						<int id="z">6</int>
						<int id="h">197</int>
						<str id="name">heights_bandaid_2_1315995612474</str>
						<str id="sprite_class">heights_bandaid_2</str>
						<int id="w">121</int>
						<int id="r">-180</int>
					</object>
					<object id="heights_topper_1_1315995612488">
						<int id="x">-33</int>
						<int id="y">-481</int>
						<int id="z">51</int>
						<int id="h">59</int>
						<str id="name">heights_topper_1_1315995612482</str>
						<str id="sprite_class">heights_topper_1</str>
						<int id="w">311</int>
					</object>
					<object id="heights_topper_1_1315995612485">
						<int id="x">1065</int>
						<int id="y">-421</int>
						<int id="z">66</int>
						<int id="h">69</int>
						<str id="name">heights_topper_1_1315995612482</str>
						<str id="sprite_class">heights_topper_1</str>
						<bool id="h_flip">true</bool>
						<int id="w">269</int>
					</object>
					<object id="heights_topper_1_1315995612486">
						<int id="x">20</int>
						<int id="y">-454</int>
						<int id="z">67</int>
						<int id="h">69</int>
						<str id="name">heights_topper_1_1315995612482</str>
						<str id="sprite_class">heights_topper_1</str>
						<int id="w">269</int>
					</object>
					<object id="heights_topper_2_1316141591121">
						<int id="x">-933</int>
						<int id="y">-378</int>
						<int id="z">90</int>
						<int id="h">60</int>
						<str id="name">heights_topper_2_1315995612561</str>
						<str id="sprite_class">heights_topper_2</str>
						<int id="w">145</int>
					</object>
					<object id="heights_topper_1_1316141591095">
						<int id="x">-1130</int>
						<int id="y">-454</int>
						<int id="z">76</int>
						<int id="h">69</int>
						<str id="name">heights_topper_1_1315995612495</str>
						<str id="sprite_class">heights_topper_1</str>
						<int id="w">269</int>
					</object>
					<object id="heights_mound_3_1315995612490">
						<int id="x">-605</int>
						<int id="y">-199</int>
						<int id="z">45</int>
						<int id="h">189</int>
						<str id="name">heights_mound_3_1315995612490</str>
						<str id="sprite_class">heights_mound_3</str>
						<int id="w">514</int>
					</object>
					<object id="heights_platform_rock_2_1315972774831">
						<int id="x">2263</int>
						<int id="y">46</int>
						<int id="z">43</int>
						<int id="h">145</int>
						<str id="name">heights_platform_rock_2_1315972774831</str>
						<str id="sprite_class">heights_platform_rock_2</str>
						<int id="w">414</int>
					</object>
					<object id="heights_platform_4_1315995612502">
						<int id="x">-1172</int>
						<int id="y">-44</int>
						<int id="z">57</int>
						<int id="h">217</int>
						<str id="name">heights_platform_4_1315368013312</str>
						<str id="sprite_class">heights_platform_4</str>
						<bool id="h_flip">true</bool>
						<int id="w">513</int>
					</object>
					<object id="heights_moss_2_1316801740831">
						<int id="x">-1243</int>
						<int id="y">-492</int>
						<int id="z">93</int>
						<int id="h">44</int>
						<str id="name">heights_moss_2_1316801740831</str>
						<str id="sprite_class">heights_moss_2</str>
						<int id="w">199</int>
					</object>
					<object id="heights_topper_1_1316141591074">
						<int id="x">1547</int>
						<int id="y">-221</int>
						<int id="z">85</int>
						<int id="h">69</int>
						<str id="name">heights_topper_1_1316141591074</str>
						<str id="sprite_class">heights_topper_1</str>
						<int id="w">269</int>
					</object>
					<object id="heights_platform_rock_3_1315995612480">
						<int id="x">89</int>
						<int id="y">-111</int>
						<int id="z">38</int>
						<int id="h">141</int>
						<str id="name">heights_platform_rock_3_1315995612480</str>
						<str id="sprite_class">heights_platform_rock_3</str>
						<int id="w">243</int>
					</object>
					<object id="heights_platform_rock_2_1315995612469">
						<int id="x">2945</int>
						<int id="y">48</int>
						<int id="z">39</int>
						<int id="h">145</int>
						<str id="name">heights_platform_rock_2_1315972774831</str>
						<str id="sprite_class">heights_platform_rock_2</str>
						<int id="w">414</int>
					</object>
					<object id="heights_face_rock_1_1316141591135">
						<int id="x">1337</int>
						<int id="y">-229</int>
						<int id="z">29</int>
						<int id="h">74</int>
						<str id="name">heights_face_rock_1_1316141591135</str>
						<str id="sprite_class">heights_face_rock_1</str>
						<bool id="h_flip">true</bool>
						<int id="w">234</int>
						<int id="r">-170</int>
					</object>
					<object id="heights_face_1_1315368013306">
						<int id="x">1043</int>
						<int id="y">91</int>
						<int id="z">13</int>
						<int id="h">576</int>
						<str id="name">heights_face_1_1315368013300</str>
						<str id="sprite_class">heights_face_1</str>
						<int id="w">842</int>
					</object>
					<object id="heights_mound_2_1315995612562">
						<int id="x">-394</int>
						<int id="y">-305</int>
						<int id="z">41</int>
						<int id="h">164</int>
						<str id="name">heights_mound_2_1315995612562</str>
						<str id="sprite_class">heights_mound_2</str>
						<int id="w">184</int>
					</object>
					<object id="heights_moss_2_1316801740834">
						<int id="x">-102</int>
						<int id="y">-503</int>
						<int id="z">94</int>
						<int id="h">44</int>
						<str id="name">heights_moss_2_1316801740831</str>
						<str id="sprite_class">heights_moss_2</str>
						<int id="w">199</int>
						<int id="r">-4</int>
					</object>
					<object id="heights_mound_2_1316141591123">
						<int id="x">-935</int>
						<int id="y">-286</int>
						<int id="z">52</int>
						<int id="h">164</int>
						<str id="name">heights_mound_2_1315995612562</str>
						<str id="sprite_class">heights_mound_2</str>
						<int id="w">184</int>
					</object>
					<object id="heights_topper_1_1315995612483">
						<int id="x">256</int>
						<int id="y">-350</int>
						<int id="z">59</int>
						<int id="h">79</int>
						<str id="name">heights_topper_1_1315995612482</str>
						<str id="sprite_class">heights_topper_1</str>
						<bool id="h_flip">true</bool>
						<int id="w">308</int>
					</object>
					<object id="heights_topper_1_1315368013479">
						<int id="x">638</int>
						<int id="y">-192</int>
						<int id="z">25</int>
						<int id="h">69</int>
						<str id="name">heights_topper_1_1315368013477</str>
						<str id="sprite_class">heights_topper_1</str>
						<bool id="h_flip">true</bool>
						<int id="w">269</int>
						<int id="r">-5</int>
					</object>
					<object id="heights_platform_4_1315368013314">
						<int id="x">-1924</int>
						<int id="y">-27</int>
						<int id="z">19</int>
						<int id="h">217</int>
						<str id="name">heights_platform_4_1315368013312</str>
						<str id="sprite_class">heights_platform_4</str>
						<bool id="h_flip">true</bool>
						<int id="w">513</int>
						<int id="r">-5</int>
					</object>
					<object id="heights_face_1_1315368013300">
						<int id="x">-2774</int>
						<int id="y">63</int>
						<int id="z">7</int>
						<int id="h">576</int>
						<str id="name">heights_face_1_1315368013300</str>
						<str id="sprite_class">heights_face_1</str>
						<int id="w">842</int>
					</object>
					<object id="heights_moss_2_1316141591136">
						<int id="x">-2624</int>
						<int id="y">-192</int>
						<int id="z">88</int>
						<int id="h">33</int>
						<str id="name">heights_moss_2_1316141591136</str>
						<str id="sprite_class">heights_moss_2</str>
						<bool id="h_flip">true</bool>
						<int id="w">229</int>
					</object>
					<object id="heights_face_1_1315368013303">
						<int id="x">-756</int>
						<int id="y">62</int>
						<int id="z">9</int>
						<int id="h">576</int>
						<str id="name">heights_face_1_1315368013300</str>
						<str id="sprite_class">heights_face_1</str>
						<int id="w">842</int>
					</object>
					<object id="heights_bandaid_2_1315995612474">
						<int id="x">433</int>
						<int id="y">-232</int>
						<int id="z">2</int>
						<int id="h">197</int>
						<str id="name">heights_bandaid_2_1315995612474</str>
						<str id="sprite_class">heights_bandaid_2</str>
						<int id="w">121</int>
						<int id="r">-180</int>
					</object>
					<object id="heights_mound_3_1316141591067">
						<int id="x">1596</int>
						<int id="y">-97</int>
						<int id="z">33</int>
						<int id="h">189</int>
						<str id="name">heights_mound_3_1316141591067</str>
						<str id="sprite_class">heights_mound_3</str>
						<int id="w">498</int>
						<int id="r">5</int>
					</object>
					<object id="heights_mound_3_1315995612493">
						<int id="x">-470</int>
						<int id="y">23</int>
						<int id="z">49</int>
						<int id="h">189</int>
						<str id="name">heights_mound_3_1315995612490</str>
						<str id="sprite_class">heights_mound_3</str>
						<int id="w">498</int>
					</object>
					<object id="heights_bandaid_2_1315995612477">
						<int id="x">581</int>
						<int id="y">-212</int>
						<int id="z">4</int>
						<int id="h">110</int>
						<str id="name">heights_bandaid_2_1315995612474</str>
						<str id="sprite_class">heights_bandaid_2</str>
						<bool id="h_flip">true</bool>
						<int id="w">68</int>
						<int id="r">-180</int>
					</object>
					<object id="heights_platform_3_1315881788516">
						<int id="x">731</int>
						<int id="y">-56</int>
						<int id="z">34</int>
						<int id="h">205</int>
						<str id="name">heights_platform_3_1315881788516</str>
						<str id="sprite_class">heights_platform_3</str>
						<bool id="h_flip">true</bool>
						<int id="w">236</int>
						<int id="r">5</int>
					</object>
					<object id="heights_face_1_1315881788503">
						<int id="x">1502</int>
						<int id="y">303</int>
						<int id="z">18</int>
						<int id="h">576</int>
						<str id="name">heights_face_1_1315881788501</str>
						<str id="sprite_class">heights_face_1</str>
						<int id="w">842</int>
						<int id="r">10</int>
					</object>
					<object id="heights_topper_1_1315995612589">
						<int id="x">1200</int>
						<int id="y">-415</int>
						<int id="z">64</int>
						<int id="h">69</int>
						<str id="name">heights_topper_1_1315995612482</str>
						<str id="sprite_class">heights_topper_1</str>
						<bool id="h_flip">true</bool>
						<int id="w">279</int>
					</object>
				</object>
				<object id="platform_lines">
					<object id="plat_1316141591080">
						<object id="start">
							<int id="y">-272</int>
							<int id="x">1545</int>
						</object>
						<object id="end">
							<int id="y">-269</int>
							<int id="x">1607</int>
						</object>
						<int id="platform_pc_perm">-1</int>
						<int id="platform_item_perm">-1</int>
					</object>
					<object id="plat_1315995612510">
						<object id="start">
							<int id="y">-215</int>
							<int id="x">-1159</int>
						</object>
						<object id="end">
							<int id="y">-234</int>
							<int id="x">-1058</int>
						</object>
						<int id="platform_pc_perm">-1</int>
						<int id="platform_item_perm">-1</int>
					</object>
					<object id="plat_1316141591117">
						<object id="start">
							<int id="y">-496</int>
							<int id="x">-2200</int>
						</object>
						<object id="end">
							<int id="y">-512</int>
							<int id="x">-2131</int>
						</object>
						<int id="platform_pc_perm">-1</int>
						<int id="platform_item_perm">-1</int>
					</object>
					<object id="plat_1316141591070">
						<object id="start">
							<int id="y">-91</int>
							<int id="x">1526</int>
						</object>
						<object id="end">
							<int id="y">-85</int>
							<int id="x">1645</int>
						</object>
						<int id="platform_pc_perm">-1</int>
						<int id="platform_item_perm">-1</int>
					</object>
					<object id="plat_1315995612523">
						<object id="start">
							<int id="y">-522</int>
							<int id="x">114</int>
						</object>
						<object id="end">
							<int id="y">-520</int>
							<int id="x">176</int>
						</object>
						<int id="platform_pc_perm">-1</int>
						<int id="platform_item_perm">-1</int>
					</object>
					<object id="plat_1315995612566">
						<object id="start">
							<int id="y">-437</int>
							<int id="x">-361</int>
						</object>
						<object id="end">
							<int id="y">-432</int>
							<int id="x">-334</int>
						</object>
						<int id="platform_pc_perm">-1</int>
						<int id="platform_item_perm">-1</int>
					</object>
					<object id="plat_1315998914332">
						<object id="start">
							<int id="y">-220</int>
							<int id="x">-1882</int>
						</object>
						<object id="end">
							<int id="y">-228</int>
							<int id="x">-1747</int>
						</object>
						<int id="platform_pc_perm">-1</int>
						<int id="platform_item_perm">-1</int>
					</object>
					<object id="plat_1315995612550">
						<object id="start">
							<int id="y">-65</int>
							<int id="x">2597</int>
						</object>
						<object id="end">
							<int id="y">-63</int>
							<int id="x">2810</int>
						</object>
						<int id="platform_pc_perm">-1</int>
						<int id="platform_item_perm">-1</int>
					</object>
					<object id="plat_1315995612548">
						<object id="start">
							<int id="y">-64</int>
							<int id="x">2216</int>
						</object>
						<object id="end">
							<int id="y">-65</int>
							<int id="x">2399</int>
						</object>
						<int id="platform_pc_perm">-1</int>
						<int id="platform_item_perm">-1</int>
					</object>
					<object id="plat_1315998914339">
						<object id="start">
							<int id="y">-195</int>
							<int id="x">-2885</int>
						</object>
						<object id="end">
							<int id="y">-183</int>
							<int id="x">-2785</int>
						</object>
						<int id="platform_pc_perm">-1</int>
						<int id="platform_item_perm">-1</int>
					</object>
					<object id="plat_1315998914322">
						<object id="start">
							<int id="y">-466</int>
							<int id="x">1150</int>
						</object>
						<object id="end">
							<int id="y">-464</int>
							<int id="x">1235</int>
						</object>
						<int id="platform_pc_perm">-1</int>
						<int id="platform_item_perm">-1</int>
					</object>
					<object id="plat_1315995612509">
						<object id="start">
							<int id="y">-234</int>
							<int id="x">-1058</int>
						</object>
						<object id="end">
							<int id="y">-241</int>
							<int id="x">-940</int>
						</object>
						<int id="platform_pc_perm">-1</int>
						<int id="platform_item_perm">-1</int>
					</object>
					<object id="plat_1315995612519">
						<object id="start">
							<int id="y">-522</int>
							<int id="x">-231</int>
						</object>
						<object id="end">
							<int id="y">-507</int>
							<int id="x">-125</int>
						</object>
						<int id="platform_pc_perm">-1</int>
						<int id="platform_item_perm">-1</int>
					</object>
					<object id="plat_1316493466650">
						<object id="start">
							<int id="y">-494</int>
							<int id="x">-75</int>
						</object>
						<object id="end">
							<int id="y">-490</int>
							<int id="x">-29</int>
						</object>
						<int id="platform_pc_perm">-1</int>
						<int id="platform_item_perm">-1</int>
					</object>
					<object id="plat_1315995612557">
						<object id="start">
							<int id="y">-476</int>
							<int id="x">1007</int>
						</object>
						<object id="end">
							<int id="y">-474</int>
							<int id="x">1082</int>
						</object>
						<int id="platform_pc_perm">-1</int>
						<int id="platform_item_perm">-1</int>
					</object>
					<object id="plat_1316141591107">
						<object id="start">
							<int id="y">-483</int>
							<int id="x">-1282</int>
						</object>
						<object id="end">
							<int id="y">-494</int>
							<int id="x">-1200</int>
						</object>
						<int id="platform_pc_perm">-1</int>
						<int id="platform_item_perm">-1</int>
					</object>
					<object id="plat_1315998914341">
						<object id="start">
							<int id="y">-198</int>
							<int id="x">-2999</int>
						</object>
						<object id="end">
							<int id="y">-194</int>
							<int id="x">-2937</int>
						</object>
						<int id="platform_pc_perm">-1</int>
						<int id="platform_item_perm">-1</int>
					</object>
					<object id="plat_1315995612516">
						<object id="start">
							<int id="y">-360</int>
							<int id="x">-543</int>
						</object>
						<object id="end">
							<int id="y">-339</int>
							<int id="x">-454</int>
						</object>
						<int id="platform_pc_perm">-1</int>
						<int id="platform_item_perm">-1</int>
					</object>
					<object id="plat_1315995612537">
						<object id="start">
							<int id="y">-249</int>
							<int id="x">660</int>
						</object>
						<object id="end">
							<int id="y">-224</int>
							<int id="x">762</int>
						</object>
						<int id="platform_pc_perm">-1</int>
						<int id="platform_item_perm">-1</int>
					</object>
					<object id="plat_1315995612541">
						<object id="start">
							<int id="y">-153</int>
							<int id="x">1067</int>
						</object>
						<object id="end">
							<int id="y">-144</int>
							<int id="x">1194</int>
						</object>
						<int id="platform_pc_perm">-1</int>
						<int id="platform_item_perm">-1</int>
					</object>
					<object id="plat_1315995612514">
						<object id="start">
							<int id="y">-366</int>
							<int id="x">-677</int>
						</object>
						<object id="end">
							<int id="y">-367</int>
							<int id="x">-623</int>
						</object>
						<int id="platform_pc_perm">-1</int>
						<int id="platform_item_perm">-1</int>
					</object>
					<object id="plat_1316493466649">
						<object id="start">
							<int id="y">-490</int>
							<int id="x">-29</int>
						</object>
						<object id="end">
							<int id="y">-501</int>
							<int id="x">12</int>
						</object>
						<int id="platform_pc_perm">-1</int>
						<int id="platform_item_perm">-1</int>
					</object>
					<object id="plat_1315995612534">
						<object id="start">
							<int id="y">-250</int>
							<int id="x">319</int>
						</object>
						<object id="end">
							<int id="y">-254</int>
							<int id="x">422</int>
						</object>
						<int id="platform_pc_perm">-1</int>
						<int id="platform_item_perm">-1</int>
					</object>
					<object id="plat_1315995612531">
						<object id="start">
							<int id="y">-218</int>
							<int id="x">-22</int>
						</object>
						<object id="end">
							<int id="y">-225</int>
							<int id="x">149</int>
						</object>
						<int id="platform_pc_perm">-1</int>
						<int id="platform_item_perm">-1</int>
					</object>
					<object id="plat_1315995612542">
						<object id="start">
							<int id="y">-144</int>
							<int id="x">1194</int>
						</object>
						<object id="end">
							<int id="y">-146</int>
							<int id="x">1296</int>
						</object>
						<int id="platform_pc_perm">-1</int>
						<int id="platform_item_perm">-1</int>
					</object>
					<object id="plat_1315998914333">
						<object id="start">
							<int id="y">-208</int>
							<int id="x">-1995</int>
						</object>
						<object id="end">
							<int id="y">-220</int>
							<int id="x">-1882</int>
						</object>
						<int id="platform_pc_perm">-1</int>
						<int id="platform_item_perm">-1</int>
					</object>
					<object id="plat_1315995612532">
						<object id="start">
							<int id="y">-225</int>
							<int id="x">149</int>
						</object>
						<object id="end">
							<int id="y">-230</int>
							<int id="x">241</int>
						</object>
						<int id="platform_pc_perm">-1</int>
						<int id="platform_item_perm">-1</int>
					</object>
					<object id="plat_1316141591115">
						<object id="start">
							<int id="y">-519</int>
							<int id="x">-2029</int>
						</object>
						<object id="end">
							<int id="y">-519</int>
							<int id="x">-1921</int>
						</object>
						<int id="platform_pc_perm">-1</int>
						<int id="platform_item_perm">-1</int>
					</object>
					<object id="plat_1315995612547">
						<object id="start">
							<int id="y">-69</int>
							<int id="x">2061</int>
						</object>
						<object id="end">
							<int id="y">-64</int>
							<int id="x">2216</int>
						</object>
						<int id="platform_pc_perm">-1</int>
						<int id="platform_item_perm">-1</int>
					</object>
					<object id="plat_1315995612564">
						<object id="start">
							<int id="y">-428</int>
							<int id="x">-452</int>
						</object>
						<object id="end">
							<int id="y">-438</int>
							<int id="x">-400</int>
						</object>
						<int id="platform_pc_perm">-1</int>
						<int id="platform_item_perm">-1</int>
					</object>
					<object id="plat_1315995612558">
						<object id="start">
							<int id="y">-474</int>
							<int id="x">1082</int>
						</object>
						<object id="end">
							<int id="y">-466</int>
							<int id="x">1150</int>
						</object>
						<int id="platform_pc_perm">-1</int>
						<int id="platform_item_perm">-1</int>
					</object>
					<object id="plat_1315995612549">
						<object id="start">
							<int id="y">-65</int>
							<int id="x">2399</int>
						</object>
						<object id="end">
							<int id="y">-65</int>
							<int id="x">2597</int>
						</object>
						<int id="platform_pc_perm">-1</int>
						<int id="platform_item_perm">-1</int>
					</object>
					<object id="plat_1315995612526">
						<object id="start">
							<int id="y">-411</int>
							<int id="x">134</int>
						</object>
						<object id="end">
							<int id="y">-413</int>
							<int id="x">181</int>
						</object>
						<int id="platform_pc_perm">-1</int>
						<int id="platform_item_perm">-1</int>
					</object>
					<object id="plat_1315995612536">
						<object id="start">
							<int id="y">-257</int>
							<int id="x">540</int>
						</object>
						<object id="end">
							<int id="y">-249</int>
							<int id="x">660</int>
						</object>
						<int id="platform_pc_perm">-1</int>
						<int id="platform_item_perm">-1</int>
					</object>
					<object id="plat_1315998914325">
						<object id="start">
							<int id="y">-433</int>
							<int id="x">1392</int>
						</object>
						<object id="end">
							<int id="y">-404</int>
							<int id="x">1462</int>
						</object>
						<int id="platform_pc_perm">-1</int>
						<int id="platform_item_perm">-1</int>
					</object>
					<object id="plat_1316141591110">
						<object id="start">
							<int id="y">-514</int>
							<int id="x">-1516</int>
						</object>
						<object id="end">
							<int id="y">-511</int>
							<int id="x">-1457</int>
						</object>
						<int id="platform_pc_perm">-1</int>
						<int id="platform_item_perm">-1</int>
					</object>
					<object id="plat_1315995612517">
						<object id="start">
							<int id="y">-339</int>
							<int id="x">-454</int>
						</object>
						<object id="end">
							<int id="y">-330</int>
							<int id="x">-407</int>
						</object>
						<int id="platform_pc_perm">-1</int>
						<int id="platform_item_perm">-1</int>
					</object>
					<object id="plat_1315995612506">
						<object id="start">
							<int id="y">-231</int>
							<int id="x">-723</int>
						</object>
						<object id="end">
							<int id="y">-227</int>
							<int id="x">-545</int>
						</object>
						<int id="platform_pc_perm">-1</int>
						<int id="platform_item_perm">-1</int>
					</object>
					<object id="plat_1316141591108">
						<object id="start">
							<int id="y">-497</int>
							<int id="x">-1375</int>
						</object>
						<object id="end">
							<int id="y">-483</int>
							<int id="x">-1282</int>
						</object>
						<int id="platform_pc_perm">-1</int>
						<int id="platform_item_perm">-1</int>
					</object>
					<object id="plat_1316141591116">
						<object id="start">
							<int id="y">-512</int>
							<int id="x">-2131</int>
						</object>
						<object id="end">
							<int id="y">-519</int>
							<int id="x">-2029</int>
						</object>
						<int id="platform_pc_perm">-1</int>
						<int id="platform_item_perm">-1</int>
					</object>
					<object id="plat_1316141591118">
						<object id="start">
							<int id="y">-492</int>
							<int id="x">-2270</int>
						</object>
						<object id="end">
							<int id="y">-496</int>
							<int id="x">-2200</int>
						</object>
						<int id="platform_pc_perm">-1</int>
						<int id="platform_item_perm">-1</int>
					</object>
					<object id="plat_1316141591089">
						<object id="start">
							<int id="y">-182</int>
							<int id="x">-1245</int>
						</object>
						<object id="end">
							<int id="y">-215</int>
							<int id="x">-1159</int>
						</object>
						<int id="platform_pc_perm">-1</int>
						<int id="platform_item_perm">-1</int>
					</object>
					<object id="plat_1316141591092">
						<object id="start">
							<int id="y">-193</int>
							<int id="x">-1580</int>
						</object>
						<object id="end">
							<int id="y">-172</int>
							<int id="x">-1483</int>
						</object>
						<int id="platform_pc_perm">-1</int>
						<int id="platform_item_perm">-1</int>
					</object>
					<object id="plat_1315995612504">
						<object id="start">
							<int id="y">-218</int>
							<int id="x">-273</int>
						</object>
						<object id="end">
							<int id="y">-218</int>
							<int id="x">-22</int>
						</object>
						<int id="platform_pc_perm">-1</int>
						<int id="platform_item_perm">-1</int>
					</object>
					<object id="plat_1315995612508">
						<object id="start">
							<int id="y">-241</int>
							<int id="x">-940</int>
						</object>
						<object id="end">
							<int id="y">-229</int>
							<int id="x">-846</int>
						</object>
						<int id="platform_pc_perm">-1</int>
						<int id="platform_item_perm">-1</int>
					</object>
					<object id="plat_1316141591091">
						<object id="start">
							<int id="y">-172</int>
							<int id="x">-1483</int>
						</object>
						<object id="end">
							<int id="y">-168</int>
							<int id="x">-1359</int>
						</object>
						<int id="platform_pc_perm">-1</int>
						<int id="platform_item_perm">-1</int>
					</object>
					<object id="plat_1315995612527">
						<object id="start">
							<int id="y">-413</int>
							<int id="x">181</int>
						</object>
						<object id="end">
							<int id="y">-409</int>
							<int id="x">237</int>
						</object>
						<int id="platform_pc_perm">-1</int>
						<int id="platform_item_perm">-1</int>
					</object>
					<object id="plat_1315998914337">
						<object id="start">
							<int id="y">-192</int>
							<int id="x">-2705</int>
						</object>
						<object id="end">
							<int id="y">-194</int>
							<int id="x">-2617</int>
						</object>
						<int id="platform_pc_perm">-1</int>
						<int id="platform_item_perm">-1</int>
					</object>
					<object id="plat_1315995612540">
						<object id="start">
							<int id="y">-168</int>
							<int id="x">993</int>
						</object>
						<object id="end">
							<int id="y">-153</int>
							<int id="x">1067</int>
						</object>
						<int id="platform_pc_perm">-1</int>
						<int id="platform_item_perm">-1</int>
					</object>
					<object id="plat_1315995612535">
						<object id="start">
							<int id="y">-254</int>
							<int id="x">422</int>
						</object>
						<object id="end">
							<int id="y">-257</int>
							<int id="x">540</int>
						</object>
						<int id="platform_pc_perm">-1</int>
						<int id="platform_item_perm">-1</int>
					</object>
					<object id="plat_1316141591079">
						<object id="start">
							<int id="y">-261</int>
							<int id="x">1491</int>
						</object>
						<object id="end">
							<int id="y">-272</int>
							<int id="x">1545</int>
						</object>
						<int id="platform_pc_perm">-1</int>
						<int id="platform_item_perm">-1</int>
					</object>
					<object id="plat_1316141591109">
						<object id="start">
							<int id="y">-511</int>
							<int id="x">-1457</int>
						</object>
						<object id="end">
							<int id="y">-497</int>
							<int id="x">-1375</int>
						</object>
						<int id="platform_pc_perm">-1</int>
						<int id="platform_item_perm">-1</int>
					</object>
					<object id="plat_1315995612551">
						<object id="start">
							<int id="y">-63</int>
							<int id="x">2810</int>
						</object>
						<object id="end">
							<int id="y">-64</int>
							<int id="x">2999</int>
						</object>
						<int id="platform_pc_perm">-1</int>
						<int id="platform_item_perm">-1</int>
					</object>
					<object id="plat_1316141591068">
						<object id="start">
							<int id="y">-127</int>
							<int id="x">1342</int>
						</object>
						<object id="end">
							<int id="y">-107</int>
							<int id="x">1424</int>
						</object>
						<int id="platform_pc_perm">-1</int>
						<int id="platform_item_perm">-1</int>
					</object>
					<object id="plat_1315995612556">
						<object id="start">
							<int id="y">-471</int>
							<int id="x">963</int>
						</object>
						<object id="end">
							<int id="y">-476</int>
							<int id="x">1007</int>
						</object>
						<int id="platform_pc_perm">-1</int>
						<int id="platform_item_perm">-1</int>
					</object>
					<object id="plat_1315995612515">
						<object id="start">
							<int id="y">-367</int>
							<int id="x">-623</int>
						</object>
						<object id="end">
							<int id="y">-360</int>
							<int id="x">-543</int>
						</object>
						<int id="platform_pc_perm">-1</int>
						<int id="platform_item_perm">-1</int>
					</object>
					<object id="plat_1316141591071">
						<object id="start">
							<int id="y">-85</int>
							<int id="x">1645</int>
						</object>
						<object id="end">
							<int id="y">-72</int>
							<int id="x">1731</int>
						</object>
						<int id="platform_pc_perm">-1</int>
						<int id="platform_item_perm">-1</int>
					</object>
					<object id="plat_1315995612546">
						<object id="start">
							<int id="y">-76</int>
							<int id="x">1901</int>
						</object>
						<object id="end">
							<int id="y">-69</int>
							<int id="x">2061</int>
						</object>
						<int id="platform_pc_perm">-1</int>
						<int id="platform_item_perm">-1</int>
					</object>
					<object id="plat_1316141591083">
						<object id="start">
							<int id="y">-236</int>
							<int id="x">1736</int>
						</object>
						<object id="end">
							<int id="y">-220</int>
							<int id="x">1794</int>
						</object>
						<int id="platform_pc_perm">-1</int>
						<int id="platform_item_perm">-1</int>
					</object>
					<object id="plat_1315998914334">
						<object id="start">
							<int id="y">-191</int>
							<int id="x">-2196</int>
						</object>
						<object id="end">
							<int id="y">-208</int>
							<int id="x">-1995</int>
						</object>
						<int id="platform_pc_perm">-1</int>
						<int id="platform_item_perm">-1</int>
					</object>
					<object id="plat_1315995612513">
						<object id="start">
							<int id="y">-353</int>
							<int id="x">-744</int>
						</object>
						<object id="end">
							<int id="y">-366</int>
							<int id="x">-677</int>
						</object>
						<int id="platform_pc_perm">-1</int>
						<int id="platform_item_perm">-1</int>
					</object>
					<object id="plat_1315995612533">
						<object id="start">
							<int id="y">-230</int>
							<int id="x">241</int>
						</object>
						<object id="end">
							<int id="y">-250</int>
							<int id="x">319</int>
						</object>
						<int id="platform_pc_perm">-1</int>
						<int id="platform_item_perm">-1</int>
					</object>
					<object id="plat_1315998914340">
						<object id="start">
							<int id="y">-194</int>
							<int id="x">-2937</int>
						</object>
						<object id="end">
							<int id="y">-195</int>
							<int id="x">-2885</int>
						</object>
						<int id="platform_pc_perm">-1</int>
						<int id="platform_item_perm">-1</int>
					</object>
					<object id="plat_1315995612555">
						<object id="start">
							<int id="y">-449</int>
							<int id="x">878</int>
						</object>
						<object id="end">
							<int id="y">-452</int>
							<int id="x">929</int>
						</object>
						<int id="platform_pc_perm">-1</int>
						<int id="platform_item_perm">-1</int>
					</object>
					<object id="plat_1316141591113">
						<object id="start">
							<int id="y">-513</int>
							<int id="x">-1795</int>
						</object>
						<object id="end">
							<int id="y">-503</int>
							<int id="x">-1673</int>
						</object>
						<int id="platform_pc_perm">-1</int>
						<int id="platform_item_perm">-1</int>
					</object>
					<object id="plat_1316141591073">
						<object id="start">
							<int id="y">-70</int>
							<int id="x">1810</int>
						</object>
						<object id="end">
							<int id="y">-76</int>
							<int id="x">1901</int>
						</object>
						<int id="platform_pc_perm">-1</int>
						<int id="platform_item_perm">-1</int>
					</object>
					<object id="plat_1315995612539">
						<object id="start">
							<int id="y">-197</int>
							<int id="x">837</int>
						</object>
						<object id="end">
							<int id="y">-168</int>
							<int id="x">993</int>
						</object>
						<int id="platform_pc_perm">-1</int>
						<int id="platform_item_perm">-1</int>
					</object>
					<object id="plat_1316466965937">
						<object id="start">
							<int id="y">-146</int>
							<int id="x">1296</int>
						</object>
						<object id="end">
							<int id="y">-127</int>
							<int id="x">1342</int>
						</object>
						<int id="platform_pc_perm">-1</int>
						<int id="platform_item_perm">-1</int>
					</object>
					<object id="plat_1315995612538">
						<object id="start">
							<int id="y">-224</int>
							<int id="x">762</int>
						</object>
						<object id="end">
							<int id="y">-197</int>
							<int id="x">837</int>
						</object>
						<int id="platform_pc_perm">-1</int>
						<int id="platform_item_perm">-1</int>
					</object>
					<object id="plat_1316141591125">
						<object id="start">
							<int id="y">-416</int>
							<int id="x">-949</int>
						</object>
						<object id="end">
							<int id="y">-418</int>
							<int id="x">-912</int>
						</object>
						<int id="platform_pc_perm">-1</int>
						<int id="platform_item_perm">-1</int>
					</object>
					<object id="plat_1315995612512">
						<object id="start">
							<int id="y">-344</int>
							<int id="x">-790</int>
						</object>
						<object id="end">
							<int id="y">-353</int>
							<int id="x">-744</int>
						</object>
						<int id="platform_pc_perm">-1</int>
						<int id="platform_item_perm">-1</int>
					</object>
					<object id="plat_1315995612553">
						<object id="start">
							<int id="y">-425</int>
							<int id="x">746</int>
						</object>
						<object id="end">
							<int id="y">-440</int>
							<int id="x">818</int>
						</object>
						<int id="platform_pc_perm">-1</int>
						<int id="platform_item_perm">-1</int>
					</object>
					<object id="plat_1315995612518">
						<object id="start">
							<int id="y">-520</int>
							<int id="x">-312</int>
						</object>
						<object id="end">
							<int id="y">-522</int>
							<int id="x">-231</int>
						</object>
						<int id="platform_pc_perm">-1</int>
						<int id="platform_item_perm">-1</int>
					</object>
					<object id="plat_1315995612554">
						<object id="start">
							<int id="y">-440</int>
							<int id="x">818</int>
						</object>
						<object id="end">
							<int id="y">-449</int>
							<int id="x">878</int>
						</object>
						<int id="platform_pc_perm">-1</int>
						<int id="platform_item_perm">-1</int>
					</object>
					<object id="plat_1315995612522">
						<object id="start">
							<int id="y">-514</int>
							<int id="x">52</int>
						</object>
						<object id="end">
							<int id="y">-522</int>
							<int id="x">114</int>
						</object>
						<int id="platform_pc_perm">-1</int>
						<int id="platform_item_perm">-1</int>
					</object>
					<object id="plat_1316141591105">
						<object id="start">
							<int id="y">-507</int>
							<int id="x">-1125</int>
						</object>
						<object id="end">
							<int id="y">-507</int>
							<int id="x">-1026</int>
						</object>
						<int id="platform_pc_perm">-1</int>
						<int id="platform_item_perm">-1</int>
					</object>
					<object id="plat_1315995612520">
						<object id="start">
							<int id="y">-507</int>
							<int id="x">-125</int>
						</object>
						<object id="end">
							<int id="y">-494</int>
							<int id="x">-75</int>
						</object>
						<int id="platform_pc_perm">-1</int>
						<int id="platform_item_perm">-1</int>
					</object>
					<object id="plat_1316141591120">
						<object id="start">
							<int id="y">-489</int>
							<int id="x">-2345</int>
						</object>
						<object id="end">
							<int id="y">-494</int>
							<int id="x">-2314</int>
						</object>
						<int id="platform_pc_perm">-1</int>
						<int id="platform_item_perm">-1</int>
					</object>
					<object id="plat_1316141591090">
						<object id="start">
							<int id="y">-168</int>
							<int id="x">-1359</int>
						</object>
						<object id="end">
							<int id="y">-182</int>
							<int id="x">-1245</int>
						</object>
						<int id="platform_pc_perm">-1</int>
						<int id="platform_item_perm">-1</int>
					</object>
					<object id="plat_1315998914324">
						<object id="start">
							<int id="y">-459</int>
							<int id="x">1321</int>
						</object>
						<object id="end">
							<int id="y">-433</int>
							<int id="x">1392</int>
						</object>
						<int id="platform_pc_perm">-1</int>
						<int id="platform_item_perm">-1</int>
					</object>
					<object id="plat_1316141591124">
						<object id="start">
							<int id="y">-409</int>
							<int id="x">-997</int>
						</object>
						<object id="end">
							<int id="y">-416</int>
							<int id="x">-949</int>
						</object>
						<int id="platform_pc_perm">-1</int>
						<int id="platform_item_perm">-1</int>
					</object>
					<object id="plat_1315995612521">
						<object id="start">
							<int id="y">-501</int>
							<int id="x">12</int>
						</object>
						<object id="end">
							<int id="y">-514</int>
							<int id="x">52</int>
						</object>
						<int id="platform_pc_perm">-1</int>
						<int id="platform_item_perm">-1</int>
					</object>
					<object id="plat_1315995612507">
						<object id="start">
							<int id="y">-229</int>
							<int id="x">-846</int>
						</object>
						<object id="end">
							<int id="y">-231</int>
							<int id="x">-723</int>
						</object>
						<int id="platform_pc_perm">-1</int>
						<int id="platform_item_perm">-1</int>
					</object>
					<object id="plat_1315998914336">
						<object id="start">
							<int id="y">-194</int>
							<int id="x">-2617</int>
						</object>
						<object id="end">
							<int id="y">-185</int>
							<int id="x">-2404</int>
						</object>
						<int id="platform_pc_perm">-1</int>
						<int id="platform_item_perm">-1</int>
					</object>
					<object id="plat_1316141591093">
						<object id="start">
							<int id="y">-217</int>
							<int id="x">-1656</int>
						</object>
						<object id="end">
							<int id="y">-193</int>
							<int id="x">-1580</int>
						</object>
						<int id="platform_pc_perm">-1</int>
						<int id="platform_item_perm">-1</int>
					</object>
					<object id="plat_1316141591072">
						<object id="start">
							<int id="y">-72</int>
							<int id="x">1731</int>
						</object>
						<object id="end">
							<int id="y">-70</int>
							<int id="x">1810</int>
						</object>
						<int id="platform_pc_perm">-1</int>
						<int id="platform_item_perm">-1</int>
					</object>
					<object id="plat_1316141591081">
						<object id="start">
							<int id="y">-269</int>
							<int id="x">1607</int>
						</object>
						<object id="end">
							<int id="y">-257</int>
							<int id="x">1664</int>
						</object>
						<int id="platform_pc_perm">-1</int>
						<int id="platform_item_perm">-1</int>
					</object>
					<object id="plat_1315995612530">
						<object id="start">
							<int id="y">-393</int>
							<int id="x">321</int>
						</object>
						<object id="end">
							<int id="y">-384</int>
							<int id="x">381</int>
						</object>
						<int id="platform_pc_perm">-1</int>
						<int id="platform_item_perm">-1</int>
					</object>
					<object id="plat_1315998914323">
						<object id="start">
							<int id="y">-464</int>
							<int id="x">1235</int>
						</object>
						<object id="end">
							<int id="y">-459</int>
							<int id="x">1321</int>
						</object>
						<int id="platform_pc_perm">-1</int>
						<int id="platform_item_perm">-1</int>
					</object>
					<object id="plat_1315995612565">
						<object id="start">
							<int id="y">-438</int>
							<int id="x">-400</int>
						</object>
						<object id="end">
							<int id="y">-437</int>
							<int id="x">-361</int>
						</object>
						<int id="platform_pc_perm">-1</int>
						<int id="platform_item_perm">-1</int>
					</object>
					<object id="plat_1316141591126">
						<object id="start">
							<int id="y">-418</int>
							<int id="x">-912</int>
						</object>
						<object id="end">
							<int id="y">-410</int>
							<int id="x">-873</int>
						</object>
						<int id="platform_pc_perm">-1</int>
						<int id="platform_item_perm">-1</int>
					</object>
					<object id="plat_1316141591112">
						<object id="start">
							<int id="y">-503</int>
							<int id="x">-1673</int>
						</object>
						<object id="end">
							<int id="y">-505</int>
							<int id="x">-1587</int>
						</object>
						<int id="platform_pc_perm">-1</int>
						<int id="platform_item_perm">-1</int>
					</object>
					<object id="plat_1316141591078">
						<object id="start">
							<int id="y">-248</int>
							<int id="x">1426</int>
						</object>
						<object id="end">
							<int id="y">-261</int>
							<int id="x">1491</int>
						</object>
						<int id="platform_pc_perm">-1</int>
						<int id="platform_item_perm">-1</int>
					</object>
					<object id="plat_1316141591114">
						<object id="start">
							<int id="y">-519</int>
							<int id="x">-1921</int>
						</object>
						<object id="end">
							<int id="y">-513</int>
							<int id="x">-1795</int>
						</object>
						<int id="platform_pc_perm">-1</int>
						<int id="platform_item_perm">-1</int>
					</object>
					<object id="plat_1315995612529">
						<object id="start">
							<int id="y">-404</int>
							<int id="x">281</int>
						</object>
						<object id="end">
							<int id="y">-393</int>
							<int id="x">321</int>
						</object>
						<int id="platform_pc_perm">-1</int>
						<int id="platform_item_perm">-1</int>
					</object>
					<object id="plat_1315995612528">
						<object id="start">
							<int id="y">-409</int>
							<int id="x">237</int>
						</object>
						<object id="end">
							<int id="y">-404</int>
							<int id="x">281</int>
						</object>
						<int id="platform_pc_perm">-1</int>
						<int id="platform_item_perm">-1</int>
					</object>
					<object id="plat_1316141591111">
						<object id="start">
							<int id="y">-505</int>
							<int id="x">-1587</int>
						</object>
						<object id="end">
							<int id="y">-514</int>
							<int id="x">-1516</int>
						</object>
						<int id="platform_pc_perm">-1</int>
						<int id="platform_item_perm">-1</int>
					</object>
					<object id="plat_1316141591119">
						<object id="start">
							<int id="y">-494</int>
							<int id="x">-2314</int>
						</object>
						<object id="end">
							<int id="y">-492</int>
							<int id="x">-2270</int>
						</object>
						<int id="platform_pc_perm">-1</int>
						<int id="platform_item_perm">-1</int>
					</object>
					<object id="plat_1315998914335">
						<object id="start">
							<int id="y">-185</int>
							<int id="x">-2404</int>
						</object>
						<object id="end">
							<int id="y">-191</int>
							<int id="x">-2196</int>
						</object>
						<int id="platform_pc_perm">-1</int>
						<int id="platform_item_perm">-1</int>
					</object>
					<object id="plat_1316141591082">
						<object id="start">
							<int id="y">-257</int>
							<int id="x">1664</int>
						</object>
						<object id="end">
							<int id="y">-236</int>
							<int id="x">1736</int>
						</object>
						<int id="platform_pc_perm">-1</int>
						<int id="platform_item_perm">-1</int>
					</object>
					<object id="plat_1316141591106">
						<object id="start">
							<int id="y">-494</int>
							<int id="x">-1200</int>
						</object>
						<object id="end">
							<int id="y">-507</int>
							<int id="x">-1125</int>
						</object>
						<int id="platform_pc_perm">-1</int>
						<int id="platform_item_perm">-1</int>
					</object>
					<object id="plat_1315995612524">
						<object id="start">
							<int id="y">-520</int>
							<int id="x">176</int>
						</object>
						<object id="end">
							<int id="y">-505</int>
							<int id="x">239</int>
						</object>
						<int id="platform_pc_perm">-1</int>
						<int id="platform_item_perm">-1</int>
					</object>
					<object id="plat_1315998914331">
						<object id="start">
							<int id="y">-228</int>
							<int id="x">-1747</int>
						</object>
						<object id="end">
							<int id="y">-217</int>
							<int id="x">-1656</int>
						</object>
						<int id="platform_pc_perm">-1</int>
						<int id="platform_item_perm">-1</int>
					</object>
					<object id="plat_1315995612552">
						<object id="start">
							<int id="y">-412</int>
							<int id="x">690</int>
						</object>
						<object id="end">
							<int id="y">-425</int>
							<int id="x">746</int>
						</object>
						<int id="platform_pc_perm">-1</int>
						<int id="platform_item_perm">-1</int>
					</object>
					<object id="plat_1315998914338">
						<object id="start">
							<int id="y">-183</int>
							<int id="x">-2785</int>
						</object>
						<object id="end">
							<int id="y">-192</int>
							<int id="x">-2705</int>
						</object>
						<int id="platform_pc_perm">-1</int>
						<int id="platform_item_perm">-1</int>
					</object>
					<object id="plat_1316141591069">
						<object id="start">
							<int id="y">-107</int>
							<int id="x">1424</int>
						</object>
						<object id="end">
							<int id="y">-91</int>
							<int id="x">1526</int>
						</object>
						<int id="platform_pc_perm">-1</int>
						<int id="platform_item_perm">-1</int>
					</object>
					<object id="plat_1315998914326">
						<object id="start">
							<int id="y">-452</int>
							<int id="x">929</int>
						</object>
						<object id="end">
							<int id="y">-471</int>
							<int id="x">963</int>
						</object>
						<int id="platform_pc_perm">-1</int>
						<int id="platform_item_perm">-1</int>
					</object>
					<object id="plat_1315995612505">
						<object id="start">
							<int id="y">-227</int>
							<int id="x">-545</int>
						</object>
						<object id="end">
							<int id="y">-218</int>
							<int id="x">-273</int>
						</object>
						<int id="platform_pc_perm">-1</int>
						<int id="platform_item_perm">-1</int>
					</object>
					<object id="plat_1315995612525">
						<object id="start">
							<int id="y">-505</int>
							<int id="x">239</int>
						</object>
						<object id="end">
							<int id="y">-499</int>
							<int id="x">276</int>
						</object>
						<int id="platform_pc_perm">-1</int>
						<int id="platform_item_perm">-1</int>
					</object>
				</object>
				<object id="doors">
				</object>
				<int id="z">0</int>
				<int id="h">1000</int>
				<object id="boxes">
				</object>
				<object id="targets">
				</object>
				<object id="signposts">
					<object id="signpost_1">
						<int id="x">2688</int>
						<int id="h">200</int>
						<int id="y">-77</int>
						<int id="w">100</int>
						<object id="connects">
							<object id="0">
								<int id="x">2600</int>
								<int id="y">-170</int>
								<str id="hub_id">102</str>
								<str id="mote_id">9</str>
								<str id="swf_file_versioned">http://c2.glitch.bz/locations/groddle1/1347579253.swf</str>
								<bool id="hidden">false</bool>
								<objref id="target" tsid="LA5H2M7G7UB24FO" label="Mica Nephe"/>
							</object>
							<object id="1">
								<int id="x">-2707</int>
								<int id="y">-265</int>
								<str id="hub_id">102</str>
								<str id="mote_id">9</str>
								<str id="swf_file_versioned">http://c2.glitch.bz/locations/groddle1/1347579253.swf</str>
								<bool id="hidden">false</bool>
								<objref id="target" tsid="LIFIDIQ4NGC2U1Q" label="Basalt Syen"/>
							</object>
						</object>
					</object>
					<object id="signpost_2">
						<int id="x">-2795</int>
						<int id="h">200</int>
						<int id="y">-198</int>
						<int id="w">100</int>
						<object id="connects">
							<object id="0">
								<int id="x">-1715</int>
								<int id="y">-725</int>
								<str id="hub_id">102</str>
								<str id="mote_id">9</str>
								<str id="swf_file_versioned">http://c2.glitch.bz/locations/groddle1/1347579253.swf</str>
								<bool id="hidden">false</bool>
								<objref id="target" tsid="LA5OSVV5LRB23BT" label="Anor Sapro"/>
							</object>
							<object id="1">
								<int id="x">2570</int>
								<int id="y">-505</int>
								<str id="hub_id">102</str>
								<str id="mote_id">9</str>
								<str id="swf_file_versioned">http://c2.glitch.bz/locations/groddle1/1347579253.swf</str>
								<bool id="hidden">false</bool>
								<objref id="target" tsid="LIF1TOD6F8C21NS" label="Tephr Scoria"/>
							</object>
						</object>
					</object>
				</object>
				<str id="name">middleground</str>
				<object id="filtersNEW">
					<object id="brightness">
						<int id="value">20</int>
					</object>
					<object id="saturation">
						<int id="value">-10</int>
					</object>
				</object>
				<int id="w">6000</int>
			</object>
			<object id="T_1315367810134">
				<int id="h">1000</int>
				<object id="decos">
					<object id="cloud_fluffy_2_1316141591077">
						<int id="x">3566</int>
						<int id="y">536</int>
						<int id="z">5</int>
						<int id="h">135</int>
						<str id="name">cloud_fluffy_2_1316141591063</str>
						<str id="sprite_class">cloud_fluffy_2</str>
						<int id="w">343</int>
					</object>
					<object id="cloud_fluffy_2_1316141591065">
						<int id="x">1879</int>
						<int id="y">464</int>
						<int id="z">6</int>
						<int id="h">135</int>
						<str id="name">cloud_fluffy_2_1316141591063</str>
						<str id="sprite_class">cloud_fluffy_2</str>
						<int id="w">343</int>
					</object>
					<object id="mountain_trees_darker_1_1315995612585">
						<int id="x">3104</int>
						<int id="y">904</int>
						<int id="z">2</int>
						<int id="h">428</int>
						<str id="name">mountain_trees_darker_1_1315995612571</str>
						<str id="sprite_class">mountain_trees_darker_1</str>
						<int id="w">1010</int>
						<int id="r">-3</int>
					</object>
					<object id="mountain_trees_darker_1_1315995612571">
						<int id="x">345</int>
						<int id="y">699</int>
						<int id="z">0</int>
						<int id="h">428</int>
						<str id="name">mountain_trees_darker_1_1315995612571</str>
						<str id="sprite_class">mountain_trees_darker_1</str>
						<bool id="h_flip">true</bool>
						<int id="w">1010</int>
					</object>
					<object id="pinehills_1_1316141591129">
						<int id="x">1113</int>
						<int id="y">859</int>
						<int id="z">8</int>
						<int id="h">270</int>
						<str id="name">pinehills_1_1315995612573</str>
						<str id="sprite_class">pinehills_1</str>
						<int id="w">850</int>
						<int id="r">5</int>
					</object>
					<object id="cloud_fluffy_2_1316141591066">
						<int id="x">904</int>
						<int id="y">444</int>
						<int id="z">7</int>
						<int id="h">135</int>
						<str id="name">cloud_fluffy_2_1316141591063</str>
						<str id="sprite_class">cloud_fluffy_2</str>
						<int id="w">343</int>
					</object>
					<object id="cloud_fluffy_2_1316141591063">
						<int id="x">4272</int>
						<int id="y">420</int>
						<int id="z">4</int>
						<int id="h">135</int>
						<str id="name">cloud_fluffy_2_1316141591063</str>
						<str id="sprite_class">cloud_fluffy_2</str>
						<int id="w">343</int>
					</object>
					<object id="mountain_trees_darker_1_1315995612572">
						<int id="x">4385</int>
						<int id="y">955</int>
						<int id="z">1</int>
						<int id="h">428</int>
						<str id="name">mountain_trees_darker_1_1315995612571</str>
						<str id="sprite_class">mountain_trees_darker_1</str>
						<int id="w">1010</int>
						<int id="r">-3</int>
					</object>
					<object id="mountain_trees_darker_1_1316141591127">
						<int id="x">1513</int>
						<int id="y">861</int>
						<int id="z">3</int>
						<int id="h">428</int>
						<str id="name">mountain_trees_darker_1_1315995612571</str>
						<str id="sprite_class">mountain_trees_darker_1</str>
						<int id="w">1010</int>
						<int id="r">-3</int>
					</object>
				</object>
				<str id="name">sky</str>
				<object id="filtersNEW">
					<object id="blur">
						<int id="value">4</int>
					</object>
					<object id="brightness">
						<int id="value">55</int>
					</object>
					<object id="saturation">
						<int id="value">-30</int>
					</object>
					<object id="contrast">
						<int id="value">-35</int>
					</object>
				</object>
				<int id="w">4698</int>
				<int id="z">-2</int>
			</object>
		</object>
		<int id="ground_y">-263</int>
		<null id="img_file_versioned"/>
		<str id="tsid">LA5GRQJINPB2HS1</str>
		<object id="gradient">
			<str id="top">8ABDFF</str>
			<str id="bottom">FFFFFF</str>
		</object>
		<null id="loading_label"/>
		<str id="swf_file_versioned">http://c2.glitch.bz/locations/groddle1/1347579253.swf</str>
		<int id="rookable_type">0</int>
		<null id="physics"/>
		<object id="sources">
			<int id="LIFIDIQ4NGC2U1Q">1</int>
			<int id="LIF1TOD6F8C21NS">1</int>
			<int id="LA5H2M7G7UB24FO">1</int>
			<int id="LA5OSVV5LRB23BT">1</int>
		</object>
		<null id="music_file"/>
	</object>
</game_object>
