<game_object tsid="GA5PPFP86NF2FOS" ts="1357677461587" label="Hell One Clone" class_tsid="" lastUpdateTime="1357677451" upd_gs="gs6" load_time="2013-01-08 12:37:31.000" upd_time="2013-01-08 12:25:42.690">
	<object id="dynamic">
		<int id="l">-1500</int>
		<int id="r">1500</int>
		<int id="t">-1000</int>
		<int id="b">0</int>
		<str id="label">Hell One Clone</str>
		<str id="swf_file">leavens1.swf</str>
		<object id="layers">
			<object id="foreground">
				<object id="decos">
					<object id="ground_frontNew_top_04_1319489256869">
						<int id="w">500</int>
						<int id="z">9</int>
						<str id="name">ground_frontNew_top_04_1263891042555</str>
						<int id="x">2370</int>
						<int id="y">927</int>
						<str id="sprite_class">ground_frontNew_top_04</str>
						<int id="h">90</int>
					</object>
					<object id="ground_frontNew_top_04_1319489256883">
						<int id="w">500</int>
						<int id="z">3</int>
						<str id="name">ground_frontNew_top_04_1263891042555</str>
						<int id="x">1578</int>
						<int id="y">932</int>
						<str id="sprite_class">ground_frontNew_top_04</str>
						<int id="h">90</int>
					</object>
					<object id="ground_frontNew_top_04_1263891042555">
						<int id="w">500</int>
						<int id="z">25</int>
						<str id="name">ground_frontNew_top_04_1263891042555</str>
						<int id="x">1908</int>
						<int id="y">887</int>
						<str id="sprite_class">ground_frontNew_top_04</str>
						<int id="h">90</int>
					</object>
					<object id="ground_hole_foreground_ix_1319489256861">
						<int id="w">245</int>
						<int id="z">29</int>
						<str id="name">ground_hole_foreground_ix_1319489256859</str>
						<int id="x">2672</int>
						<int id="y">891</int>
						<str id="sprite_class">ground_hole_foreground_ix</str>
						<int id="h">77</int>
					</object>
					<object id="ground_frontNew_top_04_1319489256885">
						<int id="w">500</int>
						<int id="z">1</int>
						<str id="name">ground_frontNew_top_04_1263891042555</str>
						<int id="x">1084</int>
						<int id="y">924</int>
						<str id="sprite_class">ground_frontNew_top_04</str>
						<int id="h">90</int>
					</object>
					<object id="ground_frontNew_top_06_1263891085282">
						<int id="w">500</int>
						<int id="z">12</int>
						<str id="name">ground_frontNew_top_06_1263891085282</str>
						<int id="x">134</int>
						<int id="y">883</int>
						<str id="sprite_class">ground_frontNew_top_06</str>
						<int id="h">70</int>
					</object>
					<object id="vine_03_1263889882585">
						<int id="w">387</int>
						<int id="z">20</int>
						<str id="name">vine_03_1263889882585</str>
						<int id="x">-284</int>
						<int id="y">855</int>
						<str id="sprite_class">vine_03</str>
						<int id="h">138</int>
						<int id="r">-15</int>
					</object>
					<object id="vine_09_1263891180526">
						<int id="w">73</int>
						<int id="z">28</int>
						<str id="name">vine_09_1263891180526</str>
						<int id="x">1821</int>
						<int id="y">858</int>
						<str id="sprite_class">vine_09</str>
						<int id="h">163</int>
						<int id="r">20</int>
					</object>
					<object id="ground_frontNew_top_03_1263890907615">
						<int id="w">500</int>
						<int id="z">24</int>
						<str id="name">ground_frontNew_top_03_1263890907615</str>
						<int id="x">2311</int>
						<bool id="h_flip">true</bool>
						<int id="y">887</int>
						<str id="sprite_class">ground_frontNew_top_03</str>
						<int id="h">71</int>
					</object>
					<object id="ground_frontNew_top_04_1319489256881">
						<int id="w">500</int>
						<int id="z">5</int>
						<str id="name">ground_frontNew_top_04_1263891042555</str>
						<int id="x">580</int>
						<int id="y">932</int>
						<str id="sprite_class">ground_frontNew_top_04</str>
						<int id="h">90</int>
					</object>
					<object id="leavens_vine_01_1263889830494">
						<int id="w">165</int>
						<int id="z">38</int>
						<str id="name">leavens_vine_01_1263889830494</str>
						<int id="x">831</int>
						<int id="y">917</int>
						<str id="sprite_class">leavens_vine_01</str>
						<int id="h">139</int>
						<int id="r">25</int>
					</object>
					<object id="ground_frontNew_top_04_1319489256876">
						<int id="w">500</int>
						<int id="z">33</int>
						<str id="name">ground_frontNew_top_04_1263891042555</str>
						<int id="x">638</int>
						<int id="y">1003</int>
						<str id="sprite_class">ground_frontNew_top_04</str>
						<int id="h">90</int>
					</object>
					<object id="cl2_stairsArm_left_1319491530915">
						<int id="w">145</int>
						<int id="z">0</int>
						<str id="name">cl2_stairsArm_left_1319491530902</str>
						<int id="x">2721</int>
						<int id="y">844</int>
						<str id="sprite_class">cl2_stairsArm_left</str>
						<int id="h">35</int>
						<int id="r">101</int>
					</object>
					<object id="ground_frontNew_top_04_1319489256872">
						<int id="w">500</int>
						<int id="z">36</int>
						<str id="name">ground_frontNew_top_04_1263891042555</str>
						<int id="x">1946</int>
						<int id="y">1010</int>
						<str id="sprite_class">ground_frontNew_top_04</str>
						<int id="h">90</int>
					</object>
					<object id="vine_08_1263887351465">
						<int id="w">224</int>
						<int id="z">37</int>
						<str id="name">vine_08_1263887351465</str>
						<int id="x">1297</int>
						<int id="y">876</int>
						<str id="sprite_class">vine_08</str>
						<int id="h">374</int>
					</object>
					<object id="vine_10_1263891145951">
						<int id="w">159</int>
						<int id="z">26</int>
						<str id="name">vine_10_1263891145951</str>
						<int id="x">2370</int>
						<int id="y">867</int>
						<str id="sprite_class">vine_10</str>
						<int id="h">145</int>
					</object>
					<object id="ground_frontNew_top_04_1263891097118">
						<int id="w">500</int>
						<int id="z">11</int>
						<str id="name">ground_frontNew_top_04_1263891097118</str>
						<int id="x">-321</int>
						<int id="y">858</int>
						<str id="sprite_class">ground_frontNew_top_04</str>
						<int id="h">90</int>
					</object>
					<object id="ground_frontNew_top_04_1319489256868">
						<int id="w">500</int>
						<int id="z">10</int>
						<str id="name">ground_frontNew_top_04_1263891042555</str>
						<int id="x">3020</int>
						<int id="y">947</int>
						<str id="sprite_class">ground_frontNew_top_04</str>
						<int id="h">90</int>
					</object>
					<object id="ground_frontNew_top_03_1263891048464">
						<int id="w">500</int>
						<int id="z">17</int>
						<str id="name">ground_frontNew_top_03_1263891048464</str>
						<int id="x">1493</int>
						<int id="y">876</int>
						<str id="sprite_class">ground_frontNew_top_03</str>
						<int id="h">71</int>
					</object>
					<object id="ground_frontNew_top_04_1319489256875">
						<int id="w">500</int>
						<int id="z">32</int>
						<str id="name">ground_frontNew_top_04_1263891042555</str>
						<int id="x">1121</int>
						<int id="y">1005</int>
						<str id="sprite_class">ground_frontNew_top_04</str>
						<int id="h">90</int>
					</object>
					<object id="ground_frontNew_top_04_1319489256878">
						<int id="w">500</int>
						<int id="z">35</int>
						<str id="name">ground_frontNew_top_04_1263891042555</str>
						<int id="x">863</int>
						<int id="y">967</int>
						<str id="sprite_class">ground_frontNew_top_04</str>
						<int id="h">90</int>
					</object>
					<object id="ground_frontNew_top_03_1263891073685">
						<int id="w">500</int>
						<int id="z">13</int>
						<str id="name">ground_frontNew_top_03_1263891073685</str>
						<int id="x">632</int>
						<int id="y">883</int>
						<str id="sprite_class">ground_frontNew_top_03</str>
						<int id="h">71</int>
					</object>
					<object id="ground_frontNew_top_07_1263890927598">
						<int id="w">662</int>
						<int id="z">18</int>
						<str id="name">ground_frontNew_top_07_1263890927598</str>
						<int id="x">3106</int>
						<int id="y">883</int>
						<str id="sprite_class">ground_frontNew_top_07</str>
						<int id="h">70</int>
					</object>
					<object id="ground_frontNew_top_04_1319489256874">
						<int id="w">500</int>
						<int id="z">31</int>
						<str id="name">ground_frontNew_top_04_1263891042555</str>
						<int id="x">1566</int>
						<int id="y">1004</int>
						<str id="sprite_class">ground_frontNew_top_04</str>
						<int id="h">90</int>
					</object>
					<object id="ground_frontNew_top_04_1319489256866">
						<int id="w">500</int>
						<int id="z">15</int>
						<str id="name">ground_frontNew_top_04_1263891042555</str>
						<int id="x">2580</int>
						<int id="y">1002</int>
						<str id="sprite_class">ground_frontNew_top_04</str>
						<int id="h">90</int>
					</object>
					<object id="vine_11_1263889856051">
						<int id="w">258</int>
						<int id="z">19</int>
						<str id="name">vine_11_1263889856051</str>
						<int id="x">2892</int>
						<int id="y">889</int>
						<str id="sprite_class">vine_11</str>
						<int id="h">439</int>
					</object>
					<object id="vine_08_1263889963473">
						<int id="w">121</int>
						<int id="z">22</int>
						<str id="name">vine_08_1263889963473</str>
						<int id="x">251</int>
						<int id="y">873</int>
						<str id="sprite_class">vine_08</str>
						<int id="h">202</int>
						<int id="r">10</int>
					</object>
					<object id="ground_frontNew_top_04_1319489256877">
						<int id="w">500</int>
						<int id="z">34</int>
						<str id="name">ground_frontNew_top_04_1263891042555</str>
						<int id="x">157</int>
						<int id="y">1001</int>
						<str id="sprite_class">ground_frontNew_top_04</str>
						<int id="h">90</int>
					</object>
					<object id="ground_frontNew_top_04_1319489256880">
						<int id="w">500</int>
						<int id="z">6</int>
						<str id="name">ground_frontNew_top_04_1263891042555</str>
						<int id="x">340</int>
						<int id="y">962</int>
						<str id="sprite_class">ground_frontNew_top_04</str>
						<int id="h">90</int>
					</object>
					<object id="ground_frontNew_top_04_1319489256882">
						<int id="w">500</int>
						<int id="z">4</int>
						<str id="name">ground_frontNew_top_04_1263891042555</str>
						<int id="x">1843</int>
						<int id="y">960</int>
						<str id="sprite_class">ground_frontNew_top_04</str>
						<int id="h">90</int>
					</object>
					<object id="ground_frontNew_top_04_1319489256867">
						<int id="w">500</int>
						<int id="z">16</int>
						<str id="name">ground_frontNew_top_04_1263891042555</str>
						<int id="x">2875</int>
						<int id="y">1012</int>
						<str id="sprite_class">ground_frontNew_top_04</str>
						<int id="h">90</int>
					</object>
					<object id="vine_06_1263891173391">
						<int id="w">92</int>
						<int id="z">27</int>
						<str id="name">vine_06_1263891173391</str>
						<int id="x">1787</int>
						<int id="y">864</int>
						<str id="sprite_class">vine_06</str>
						<int id="h">142</int>
						<int id="r">-15</int>
					</object>
					<object id="ground_frontNew_top_04_1319489256870">
						<int id="w">500</int>
						<int id="z">8</int>
						<str id="name">ground_frontNew_top_04_1263891042555</str>
						<int id="x">2350</int>
						<int id="y">997</int>
						<str id="sprite_class">ground_frontNew_top_04</str>
						<int id="h">90</int>
					</object>
					<object id="ground_frontNew_top_04_1319489256865">
						<int id="w">500</int>
						<int id="z">14</int>
						<str id="name">ground_frontNew_top_04_1263891042555</str>
						<int id="x">2754</int>
						<int id="y">949</int>
						<str id="sprite_class">ground_frontNew_top_04</str>
						<int id="h">90</int>
					</object>
					<object id="ground_frontNew_top_04_1319489256884">
						<int id="w">500</int>
						<int id="z">2</int>
						<str id="name">ground_frontNew_top_04_1263891042555</str>
						<int id="x">1396</int>
						<int id="y">965</int>
						<str id="sprite_class">ground_frontNew_top_04</str>
						<int id="h">95</int>
					</object>
					<object id="vine_09_1263889954043">
						<int id="w">73</int>
						<int id="z">21</int>
						<str id="name">vine_09_1263889954043</str>
						<int id="x">68</int>
						<int id="y">865</int>
						<str id="sprite_class">vine_09</str>
						<int id="h">163</int>
					</object>
					<object id="ground_frontNew_top_04_1319489256871">
						<int id="w">500</int>
						<int id="z">30</int>
						<str id="name">ground_frontNew_top_04_1263891042555</str>
						<int id="x">2057</int>
						<int id="y">959</int>
						<str id="sprite_class">ground_frontNew_top_04</str>
						<int id="h">90</int>
					</object>
					<object id="ground_frontNew_top_04_1263890896768">
						<int id="w">500</int>
						<int id="z">23</int>
						<str id="name">ground_frontNew_top_04_1263890896768</str>
						<int id="x">1057</int>
						<int id="y">882</int>
						<str id="sprite_class">ground_frontNew_top_04</str>
						<int id="h">90</int>
					</object>
					<object id="ground_frontNew_top_04_1319489256879">
						<int id="w">500</int>
						<int id="z">7</int>
						<str id="name">ground_frontNew_top_04_1263891042555</str>
						<int id="x">135</int>
						<int id="y">957</int>
						<str id="sprite_class">ground_frontNew_top_04</str>
						<int id="h">90</int>
					</object>
				</object>
				<int id="w">3000</int>
				<int id="h">1000</int>
				<int id="z">1</int>
				<str id="name">middleplus</str>
				<object id="filtersNEW">
					<object id="saturation">
						<int id="value">-100</int>
					</object>
					<object id="brightness">
						<int id="value">-100</int>
					</object>
				</object>
			</object>
			<object id="sky">
				<object id="decos">
					<object id="cl2_stars_tile_01_1263896515330">
						<int id="w">480</int>
						<int id="z">4</int>
						<str id="name">cl2_stars_tile_01_1263896515330</str>
						<int id="x">1286</int>
						<int id="y">499</int>
						<str id="sprite_class">cl2_stars_tile_01</str>
						<int id="h">480</int>
					</object>
					<object id="cl2_stars_tile_01_1263896499615">
						<int id="w">480</int>
						<int id="z">3</int>
						<str id="name">cl2_stars_tile_01_1263896499615</str>
						<int id="x">736</int>
						<int id="y">529</int>
						<str id="sprite_class">cl2_stars_tile_01</str>
						<int id="h">480</int>
					</object>
					<object id="cl2_stars_tile_01_1263896528774">
						<int id="w">449</int>
						<int id="z">5</int>
						<str id="name">cl2_stars_tile_01_1263896528774</str>
						<int id="x">1866</int>
						<int id="y">483</int>
						<str id="sprite_class">cl2_stars_tile_01</str>
						<int id="h">449</int>
					</object>
					<object id="cl2_stars_tile_01_1263896299508">
						<int id="w">480</int>
						<int id="z">2</int>
						<str id="name">cl2_stars_tile_01_1263896299508</str>
						<int id="x">246</int>
						<int id="y">499</int>
						<str id="sprite_class">cl2_stars_tile_01</str>
						<int id="h">480</int>
					</object>
					<object id="grass_01_1263888700189">
						<int id="w">1474</int>
						<int id="z">0</int>
						<str id="name">grass_01_1263888700189</str>
						<int id="x">606</int>
						<int id="y">650</int>
						<str id="sprite_class">grass_01</str>
						<int id="h">233</int>
					</object>
					<object id="grass_01_1263889507540">
						<int id="w">1474</int>
						<int id="z">1</int>
						<str id="name">grass_01_1263889507540</str>
						<int id="x">1926</int>
						<int id="y">595</int>
						<str id="sprite_class">grass_01</str>
						<int id="h">233</int>
						<int id="r">-5</int>
					</object>
				</object>
				<int id="w">2140</int>
				<int id="h">857</int>
				<int id="z">-5</int>
				<str id="name">sky</str>
				<object id="filtersNEW">
					<object id="contrast">
						<int id="value">55</int>
					</object>
					<object id="saturation">
						<int id="value">100</int>
					</object>
					<object id="blur">
						<int id="value">10</int>
					</object>
					<object id="tintAmount">
						<int id="value">83</int>
					</object>
					<object id="tintColor">
						<int id="value">16725012</int>
					</object>
					<object id="brightness">
						<int id="value">87</int>
					</object>
				</object>
			</object>
			<object id="bg_1">
				<object id="decos">
					<object id="cl2_gearTree_Back_05_1263890734830">
						<int id="w">286</int>
						<int id="z">9</int>
						<str id="name">cl2_gearTree_Back_05_1263890734830</str>
						<int id="x">936</int>
						<int id="y">757</int>
						<str id="sprite_class">cl2_gearTree_Back_05</str>
						<int id="h">286</int>
					</object>
					<object id="ground_frontNew_top_01_1263889379022">
						<int id="w">500</int>
						<int id="z">3</int>
						<str id="name">ground_frontNew_top_01_1263889379022</str>
						<int id="x">2704</int>
						<int id="y">762</int>
						<str id="sprite_class">ground_frontNew_top_01</str>
						<int id="h">93</int>
					</object>
					<object id="cl2_gearTree_Back_02_1263890714501">
						<int id="w">149</int>
						<int id="z">8</int>
						<str id="name">cl2_gearTree_Back_02_1263890714501</str>
						<int id="x">1476</int>
						<int id="y">781</int>
						<str id="sprite_class">cl2_gearTree_Back_02</str>
						<int id="h">336</int>
					</object>
					<object id="ground_frontNew_top_04_1263889390509">
						<int id="w">500</int>
						<int id="z">5</int>
						<str id="name">ground_frontNew_top_04_1263889390509</str>
						<int id="x">1700</int>
						<int id="y">776</int>
						<str id="sprite_class">ground_frontNew_top_04</str>
						<int id="h">90</int>
					</object>
					<object id="cl2_door_asset_houseMustache_1263890112373">
						<int id="w">51</int>
						<int id="z">6</int>
						<str id="name">cl2_door_asset_houseMustache_1263890112373</str>
						<int id="x">1276</int>
						<int id="y">722</int>
						<str id="sprite_class">cl2_door_asset_houseMustache</str>
						<int id="h">95</int>
						<int id="r">10</int>
					</object>
					<object id="door_asset_hole_1263891286646">
						<int id="w">89</int>
						<int id="z">0</int>
						<str id="name">door_asset_hole_1263891286646</str>
						<int id="x">2388</int>
						<int id="y">644</int>
						<str id="sprite_class">door_asset_hole</str>
						<int id="h">14</int>
						<int id="r">-85</int>
					</object>
					<object id="cl2_gearTree_Back_04_1263890678797">
						<int id="w">290</int>
						<int id="z">7</int>
						<str id="name">cl2_gearTree_Back_04_1263890678797</str>
						<int id="x">2335</int>
						<int id="y">737</int>
						<str id="sprite_class">cl2_gearTree_Back_04</str>
						<int id="h">294</int>
					</object>
					<object id="ground_front_2500px_02_1263888564971">
						<int id="w">2500</int>
						<int id="z">1</int>
						<str id="name">ground_front_2500px_02_1263888564971</str>
						<int id="x">1364</int>
						<int id="y">778</int>
						<str id="sprite_class">ground_front_2500px_02</str>
						<int id="h">111</int>
					</object>
					<object id="cl2_gearTree_midBack_03_1263890763994">
						<int id="w">177</int>
						<int id="z">10</int>
						<str id="name">cl2_gearTree_midBack_03_1263890763994</str>
						<int id="x">382</int>
						<int id="y">762</int>
						<str id="sprite_class">cl2_gearTree_midBack_03</str>
						<int id="h">285</int>
					</object>
					<object id="cl2_door_asset_hole_1263891332571">
						<int id="w">57</int>
						<int id="z">11</int>
						<str id="name">cl2_door_asset_hole_1263891332571</str>
						<int id="x">2382</int>
						<int id="y">631</int>
						<str id="sprite_class">cl2_door_asset_hole</str>
						<int id="h">11</int>
						<int id="r">5</int>
					</object>
					<object id="fountain_main_1263896946325">
						<int id="w">125</int>
						<int id="z">4</int>
						<str id="name">fountain_main_1263896946325</str>
						<int id="x">864</int>
						<bool id="h_flip">true</bool>
						<int id="y">784</int>
						<str id="sprite_class">fountain_main</str>
						<int id="h">95</int>
						<int id="r">5</int>
					</object>
					<object id="ground_frontNew_top_01_1263889360340">
						<int id="w">500</int>
						<int id="z">2</int>
						<str id="name">ground_frontNew_top_01_1263889360340</str>
						<int id="x">8</int>
						<int id="y">787</int>
						<str id="sprite_class">ground_frontNew_top_01</str>
						<int id="h">93</int>
					</object>
					<object id="door_asset_trunk_1263891431293">
						<int id="w">87</int>
						<int id="z">12</int>
						<str id="name">door_asset_trunk_1263891431293</str>
						<int id="x">1916</int>
						<int id="y">734</int>
						<str id="sprite_class">door_asset_trunk</str>
						<int id="h">167</int>
						<int id="r">15</int>
					</object>
				</object>
				<int id="w">2740</int>
				<int id="h">990</int>
				<int id="z">-2</int>
				<str id="name">bg_1</str>
				<object id="filtersNEW">
					<object id="contrast">
					</object>
					<object id="saturation">
						<int id="value">-100</int>
					</object>
					<object id="blur">
					</object>
					<object id="tintAmount">
					</object>
					<object id="brightness">
						<dbl id="value">-89.824561403509</dbl>
					</object>
				</object>
			</object>
			<object id="middleground">
				<object id="targets">
				</object>
				<object id="ladders">
				</object>
				<object id="signposts">
				</object>
				<object id="boxes">
					<object id="box_2">
						<int id="y">-679</int>
						<int id="h">200</int>
						<int id="w">200</int>
						<int id="x">-791</int>
						<str id="id">misc</str>
					</object>
					<object id="box_1">
						<int id="y">-677</int>
						<int id="h">200</int>
						<int id="w">200</int>
						<int id="x">-790</int>
						<str id="id">misc</str>
					</object>
				</object>
				<object id="filtersNEW">
					<object id="contrast">
					</object>
					<object id="saturation">
						<int id="value">-100</int>
					</object>
					<object id="tintAmount">
					</object>
					<object id="brightness">
						<dbl id="value">-6.6666666666667</dbl>
					</object>
				</object>
				<object id="platform_lines">
					<object id="plat_1319486971932">
						<object id="end">
							<int id="y">-187</int>
							<int id="x">1499</int>
						</object>
						<int id="platform_pc_perm">-1</int>
						<int id="platform_item_perm">-1</int>
						<object id="start">
							<int id="y">-195</int>
							<int id="x">1244</int>
						</object>
					</object>
					<object id="pl1263890361047">
						<object id="end">
							<int id="y">-344</int>
							<int id="x">-682</int>
						</object>
						<int id="platform_pc_perm">-1</int>
						<int id="platform_item_perm">-1</int>
						<object id="start">
							<int id="y">-344</int>
							<int id="x">-945</int>
						</object>
					</object>
					<object id="plat_1319489256886">
						<object id="end">
							<int id="y">-199</int>
							<int id="x">-1069</int>
						</object>
						<int id="platform_pc_perm">-1</int>
						<int id="platform_item_perm">-1</int>
						<object id="start">
							<int id="y">-191</int>
							<int id="x">-1283</int>
						</object>
					</object>
					<object id="plat_1319489256887">
						<object id="end">
							<int id="y">-191</int>
							<int id="x">-1283</int>
						</object>
						<int id="platform_pc_perm">-1</int>
						<int id="platform_item_perm">-1</int>
						<object id="start">
							<int id="y">-203</int>
							<int id="x">-1499</int>
						</object>
					</object>
					<object id="pl1263887138338">
						<object id="end">
							<int id="y">-191</int>
							<int id="x">1097</int>
						</object>
						<int id="platform_pc_perm">-1</int>
						<int id="platform_item_perm">-1</int>
						<object id="start">
							<int id="y">-199</int>
							<int id="x">-1069</int>
						</object>
					</object>
				</object>
				<object id="walls">
					<object id="wall_1319489256863">
						<int id="y">-191</int>
						<null id="item_perm"/>
						<int id="w">0</int>
						<int id="h">191</int>
						<int id="x">1097</int>
						<null id="pc_perm"/>
					</object>
					<object id="wall_1319489256864">
						<int id="y">-195</int>
						<null id="item_perm"/>
						<int id="w">0</int>
						<int id="h">197</int>
						<int id="x">1244</int>
						<null id="pc_perm"/>
					</object>
				</object>
				<int id="w">3000</int>
				<object id="doors">
				</object>
				<str id="name">middleground</str>
				<object id="decos">
					<object id="signpost_hell_1319489256873">
						<int id="w">155</int>
						<int id="z">0</int>
						<str id="name">signpost_hell_1319489256873</str>
						<int id="x">1130</int>
						<int id="y">-214</int>
						<str id="sprite_class">signpost_hell</str>
						<int id="h">179</int>
					</object>
					<object id="cl2_gearTree_midBack_03_1319491530896">
						<int id="w">105</int>
						<int id="z">1</int>
						<str id="name">cl2_gearTree_midBack_03_1319491530896</str>
						<int id="x">1205</int>
						<int id="y">-62</int>
						<str id="sprite_class">cl2_gearTree_midBack_03</str>
						<int id="h">170</int>
					</object>
					<object id="cl2_gearTree_midBack_03_1319491530914">
						<int id="w">105</int>
						<int id="z">3</int>
						<str id="name">cl2_gearTree_midBack_03_1319491530896</str>
						<int id="x">1106</int>
						<int id="y">-45</int>
						<str id="sprite_class">cl2_gearTree_midBack_03</str>
						<int id="h">170</int>
					</object>
					<object id="cl2_gearTree_midBack_02_1319491530898">
						<int id="w">176</int>
						<int id="z">2</int>
						<str id="name">cl2_gearTree_midBack_02_1319491530898</str>
						<int id="x">1208</int>
						<bool id="h_flip">true</bool>
						<int id="y">14</int>
						<str id="sprite_class">cl2_gearTree_midBack_02</str>
						<int id="h">222</int>
					</object>
				</object>
				<int id="h">1000</int>
				<int id="z">0</int>
			</object>
			<object id="middleplus">
				<object id="decos">
					<object id="vine_11_1319489256898">
						<int id="w">316</int>
						<int id="z">6</int>
						<str id="name">vine_11_1263889856051</str>
						<int id="x">2364</int>
						<int id="y">1075</int>
						<str id="sprite_class">vine_11</str>
						<int id="h">538</int>
					</object>
					<object id="ground_frontNew_top_04_1319489256903">
						<int id="w">691</int>
						<int id="z">2</int>
						<str id="name">ground_frontNew_top_04_1263891042555</str>
						<int id="x">2009</int>
						<int id="y">1031</int>
						<str id="sprite_class">ground_frontNew_top_04</str>
						<int id="h">124</int>
					</object>
					<object id="ground_frontNew_top_04_1319489256902">
						<int id="w">691</int>
						<int id="z">1</int>
						<str id="name">ground_frontNew_top_04_1263891042555</str>
						<int id="x">1342</int>
						<int id="y">1032</int>
						<str id="sprite_class">ground_frontNew_top_04</str>
						<int id="h">124</int>
					</object>
					<object id="ground_frontNew_top_04_1319489256904">
						<int id="w">691</int>
						<int id="z">3</int>
						<str id="name">ground_frontNew_top_04_1263891042555</str>
						<int id="x">3059</int>
						<int id="y">1042</int>
						<str id="sprite_class">ground_frontNew_top_04</str>
						<int id="h">124</int>
					</object>
					<object id="ground_frontNew_top_03_1319489256905">
						<int id="w">500</int>
						<int id="z">4</int>
						<str id="name">ground_frontNew_top_03_1319489256905</str>
						<int id="x">2554</int>
						<int id="y">1039</int>
						<str id="sprite_class">ground_frontNew_top_03</str>
						<int id="h">70</int>
					</object>
					<object id="ground_frontNew_top_03_1319489256906">
						<int id="w">500</int>
						<int id="z">5</int>
						<str id="name">ground_frontNew_top_03_1319489256905</str>
						<int id="x">2561</int>
						<bool id="h_flip">true</bool>
						<int id="y">1047</int>
						<str id="sprite_class">ground_frontNew_top_03</str>
						<int id="h">70</int>
					</object>
					<object id="vine_09_1319489256900">
						<int id="w">135</int>
						<int id="z">8</int>
						<str id="name">vine_09_1263889954043</str>
						<int id="x">1051</int>
						<int id="y">990</int>
						<str id="sprite_class">vine_09</str>
						<int id="h">301</int>
					</object>
					<object id="vine_09_1319489256909">
						<int id="w">73</int>
						<int id="z">7</int>
						<str id="name">vine_09_1263891180526</str>
						<int id="x">2680</int>
						<int id="y">1001</int>
						<str id="sprite_class">vine_09</str>
						<int id="h">163</int>
						<int id="r">20</int>
					</object>
					<object id="vine_11_1319489256910">
						<int id="w">316</int>
						<int id="z">10</int>
						<str id="name">vine_11_1263889856051</str>
						<int id="x">413</int>
						<int id="y">1179</int>
						<str id="sprite_class">vine_11</str>
						<int id="h">538</int>
					</object>
					<object id="ground_frontNew_top_04_1319489256911">
						<int id="w">645</int>
						<int id="z">9</int>
						<str id="name">ground_frontNew_top_04_1319489256911</str>
						<int id="x">702</int>
						<int id="y">1018</int>
						<str id="sprite_class">ground_frontNew_top_04</str>
						<int id="h">115</int>
					</object>
					<object id="ground_frontNew_top_12_1319489256912">
						<int id="w">743</int>
						<int id="z">0</int>
						<str id="name">ground_frontNew_top_12_1319489256912</str>
						<int id="x">15</int>
						<int id="y">1072</int>
						<str id="sprite_class">ground_frontNew_top_12</str>
						<int id="h">122</int>
					</object>
				</object>
				<int id="w">3249</int>
				<int id="h">1000</int>
				<int id="z">2</int>
				<str id="name">foreground</str>
				<object id="filtersNEW">
					<object id="contrast">
						<int id="value">-3</int>
					</object>
					<object id="saturation">
						<int id="value">-100</int>
					</object>
					<object id="tintAmount">
						<int id="value">14</int>
					</object>
					<object id="brightness">
						<int id="value">-100</int>
					</object>
				</object>
			</object>
			<object id="L5871059883621">
				<object id="decos">
					<object id="grass_01_1263889574545">
						<int id="w">1712</int>
						<int id="z">0</int>
						<str id="name">grass_01_1263889574545</str>
						<int id="x">2352</int>
						<bool id="h_flip">true</bool>
						<int id="y">663</int>
						<str id="sprite_class">grass_01</str>
						<int id="h">270</int>
						<int id="r">-10</int>
					</object>
					<object id="grass_01_1263889734989">
						<int id="w">1712</int>
						<int id="z">1</int>
						<str id="name">grass_01_1263889734989</str>
						<int id="x">672</int>
						<bool id="h_flip">true</bool>
						<int id="y">738</int>
						<str id="sprite_class">grass_01</str>
						<int id="h">270</int>
					</object>
				</object>
				<int id="w">2550</int>
				<int id="h">925</int>
				<int id="z">-4</int>
				<str id="name">L5871059883621</str>
				<object id="filtersNEW">
					<object id="contrast">
						<int id="value">9</int>
					</object>
					<object id="saturation">
						<int id="value">100</int>
					</object>
					<object id="blur">
						<int id="value">10</int>
					</object>
					<object id="tintAmount">
						<int id="value">87</int>
					</object>
					<object id="tintColor">
						<int id="value">13710336</int>
					</object>
					<object id="brightness">
						<int id="value">34</int>
					</object>
				</object>
			</object>
			<object id="L9938048883621">
				<object id="decos">
					<object id="cl2_altar_01_1263890342171">
						<int id="w">329</int>
						<int id="z">7</int>
						<str id="name">cl2_altar_01_1263890342171</str>
						<int id="x">691</int>
						<int id="y">697</int>
						<str id="sprite_class">cl2_altar_01</str>
						<int id="h">53</int>
					</object>
					<object id="ground_front_1500px_1263888427661">
						<int id="w">1500</int>
						<int id="z">4</int>
						<str id="name">ground_front_1500px_1263888427661</str>
						<int id="x">750</int>
						<int id="y">851</int>
						<str id="sprite_class">ground_front_1500px</str>
						<int id="h">35</int>
					</object>
					<object id="hell_yelling_head_v2_1264655568956">
						<bool id="animated">true</bool>
						<int id="w">443</int>
						<int id="z">9</int>
						<str id="name">hell_yelling_head_v2_1264655568956</str>
						<int id="x">342</int>
						<int id="y">662</int>
						<str id="sprite_class">hell_yelling_head_v2</str>
						<int id="h">524</int>
						<int id="r">10</int>
					</object>
					<object id="cl2_mountains_wayBack_05_1319489256888">
						<int id="w">380</int>
						<int id="z">1</int>
						<str id="name">cl2_mountains_wayBack_05_1263896709469</str>
						<int id="x">1928</int>
						<int id="y">928</int>
						<str id="sprite_class">cl2_mountains_wayBack_05</str>
						<int id="h">381</int>
						<int id="r">5</int>
					</object>
					<object id="ground_frontNew_top_04_1263888496794">
						<int id="w">500</int>
						<int id="z">5</int>
						<str id="name">ground_frontNew_top_04_1263888496794</str>
						<int id="x">2930</int>
						<int id="y">829</int>
						<str id="sprite_class">ground_frontNew_top_04</str>
						<int id="h">90</int>
					</object>
					<object id="ground_front_2500px_02_1263888414898">
						<int id="w">2500</int>
						<int id="z">2</int>
						<str id="name">ground_front_2500px_02_1263888414898</str>
						<int id="x">1189</int>
						<int id="y">818</int>
						<str id="sprite_class">ground_front_2500px_02</str>
						<int id="h">111</int>
					</object>
					<object id="cl2_mountains_wayBack_05_1263896709469">
						<int id="w">380</int>
						<int id="z">0</int>
						<str id="name">cl2_mountains_wayBack_05_1263896709469</str>
						<int id="x">165</int>
						<int id="y">910</int>
						<str id="sprite_class">cl2_mountains_wayBack_05</str>
						<int id="h">381</int>
						<int id="r">5</int>
					</object>
					<object id="cl2_stairsArm_right_1319491530909">
						<int id="w">137</int>
						<int id="z">13</int>
						<str id="name">cl2_stairsArm_right_1319491530903</str>
						<int id="x">2623</int>
						<int id="y">799</int>
						<str id="sprite_class">cl2_stairsArm_right</str>
						<int id="h">37</int>
						<int id="r">-130</int>
					</object>
					<object id="ground_frontNew_top_02_1263888501823">
						<int id="w">500</int>
						<int id="z">6</int>
						<str id="name">ground_frontNew_top_02_1263888501823</str>
						<int id="x">2685</int>
						<int id="y">818</int>
						<str id="sprite_class">ground_frontNew_top_02</str>
						<int id="h">111</int>
					</object>
					<object id="fountain_main_1263896908967">
						<int id="w">163</int>
						<int id="z">8</int>
						<str id="name">fountain_main_1263896908967</str>
						<int id="x">2973</int>
						<int id="y">800</int>
						<str id="sprite_class">fountain_main</str>
						<int id="h">123</int>
					</object>
					<object id="ground_front_1500px_1263888420169">
						<int id="w">1500</int>
						<int id="z">3</int>
						<str id="name">ground_front_1500px_1263888420169</str>
						<int id="x">2250</int>
						<int id="y">850</int>
						<str id="sprite_class">ground_front_1500px</str>
						<int id="h">35</int>
					</object>
					<object id="cl2_door_asset_hole_1319491530910">
						<int id="w">162</int>
						<int id="z">11</int>
						<str id="name">cl2_door_asset_hole_1319489256862</str>
						<int id="x">2673</int>
						<int id="y">841</int>
						<str id="sprite_class">cl2_door_asset_hole</str>
						<int id="h">52</int>
					</object>
					<object id="vine_03_1319491530907">
						<int id="w">185</int>
						<int id="z">10</int>
						<str id="name">vine_03_1319491530905</str>
						<int id="x">2760</int>
						<int id="y">780</int>
						<str id="sprite_class">vine_03</str>
						<int id="h">64</int>
					</object>
				</object>
				<int id="w">3000</int>
				<int id="h">1000</int>
				<int id="z">-1</int>
				<str id="name">L9938048883621</str>
				<object id="filtersNEW">
					<object id="saturation">
						<int id="value">-100</int>
					</object>
					<object id="brightness">
						<dbl id="value">-80.350877192982</dbl>
					</object>
				</object>
			</object>
			<object id="bg_2">
				<object id="decos">
					<object id="cl2_gearTree_Back_05_1263888912063">
						<int id="w">290</int>
						<int id="z">3</int>
						<str id="name">cl2_gearTree_Back_05_1263888912063</str>
						<int id="x">2128</int>
						<int id="y">721</int>
						<str id="sprite_class">cl2_gearTree_Back_05</str>
						<int id="h">290</int>
						<int id="r">15</int>
					</object>
					<object id="cl2_gearTree_midBack_01_1263888822236">
						<int id="w">333</int>
						<int id="z">1</int>
						<str id="name">cl2_gearTree_midBack_01_1263888822236</str>
						<int id="x">752</int>
						<int id="y">761</int>
						<str id="sprite_class">cl2_gearTree_midBack_01</str>
						<int id="h">303</int>
					</object>
					<object id="cl2_gearTree_02_1263888900577">
						<int id="w">376</int>
						<int id="z">2</int>
						<str id="name">cl2_gearTree_02_1263888900577</str>
						<int id="x">1857</int>
						<int id="y">776</int>
						<str id="sprite_class">cl2_gearTree_02</str>
						<int id="h">407</int>
						<int id="r">-10</int>
					</object>
					<object id="vine_08_1263890572104">
						<int id="w">135</int>
						<int id="z">6</int>
						<str id="name">vine_08_1263890572104</str>
						<int id="x">71</int>
						<int id="y">744</int>
						<str id="sprite_class">vine_08</str>
						<int id="h">225</int>
						<int id="r">-10</int>
					</object>
					<object id="cl2_gearTree_Back_03_1263889458738">
						<int id="w">204</int>
						<int id="z">5</int>
						<str id="name">cl2_gearTree_Back_03_1263889458738</str>
						<int id="x">1463</int>
						<int id="y">746</int>
						<str id="sprite_class">cl2_gearTree_Back_03</str>
						<int id="h">230</int>
						<int id="r">-10</int>
					</object>
					<object id="cl2_gearTree_Back_02_1263889430852">
						<int id="w">156</int>
						<int id="z">4</int>
						<str id="name">cl2_gearTree_Back_02_1263889430852</str>
						<int id="x">183</int>
						<int id="y">765</int>
						<str id="sprite_class">cl2_gearTree_Back_02</str>
						<int id="h">354</int>
						<int id="r">-15</int>
					</object>
					<object id="cl2_gearTree_midBack_02_1263888012879">
						<int id="w">192</int>
						<int id="z">0</int>
						<str id="name">cl2_gearTree_midBack_02_1263888012879</str>
						<int id="x">1026</int>
						<int id="y">765</int>
						<str id="sprite_class">cl2_gearTree_midBack_02</str>
						<int id="h">242</int>
					</object>
				</object>
				<int id="w">2444</int>
				<int id="h">980</int>
				<int id="z">-3</int>
				<str id="name">bg_2</str>
				<object id="filtersNEW">
					<object id="contrast">
					</object>
					<object id="saturation">
						<int id="value">-100</int>
					</object>
					<object id="blur">
					</object>
					<object id="tintAmount">
					</object>
					<object id="brightness">
						<int id="value">-100</int>
					</object>
				</object>
			</object>
		</object>
		<null id="hub_map_url"/>
		<str id="tsid">LA5PPFP86NF2FOS</str>
		<object id="gradient">
			<str id="top">FF5330</str>
			<str id="bottom">690900</str>
		</object>
		<int id="ground_y">-249</int>
		<null id="img_file_versioned"/>
		<bool id="no_map">false</bool>
		<str id="swf_file_versioned">http://c2.glitch.bz/locations/leavens1/1319502138.swf</str>
		<null id="loading_label"/>
		<int id="rookable_type">0</int>
		<null id="physics"/>
		<object id="sources">
		</object>
		<str id="music_file"></str>
		<bool id="wall_jump">false</bool>
		<bool id="no_zoom">false</bool>
	</object>
</game_object>
