<game_object tsid="GA5RPAFK9OE28GN" ts="1346027120921" label="Panka Surazu" class_tsid="" lastUpdateTime="1346027110" upd_gs="gs9" load_time="2012-08-26 14:54:50.643" upd_time="2012-08-26 17:20:45.496">
	<object id="dynamic">
		<int id="l">-2000</int>
		<int id="r">2000</int>
		<int id="t">-750</int>
		<int id="b">0</int>
		<str id="label">FireBrimstoneFernando</str>
		<str id="swf_file">kukubee.swf,alpine_landscape.swf,zutto1.swf,groddle_arid.swf,leavens1.swf</str>
		<object id="layers">
			<object id="T_1318022374435">
				<int id="w">3600</int>
				<str id="name">bg1</str>
				<object id="decos">
					<object id="cave_large_rock_2_1319136229792">
						<str id="name">cave_large_rock_2_1319136229766</str>
						<int id="y">731</int>
						<int id="x">3054</int>
						<str id="sprite_class">cave_large_rock_2</str>
						<int id="z">16</int>
						<int id="w">140</int>
						<int id="h">359</int>
						<int id="r">-3</int>
					</object>
					<object id="cave_large_rock_2_1319136229780">
						<str id="name">cave_large_rock_2_1319136229766</str>
						<int id="y">687</int>
						<int id="x">398</int>
						<str id="sprite_class">cave_large_rock_2</str>
						<int id="z">12</int>
						<int id="w">257</int>
						<int id="h">660</int>
						<int id="r">-3</int>
					</object>
					<object id="cave_large_rock_2_1319136229791">
						<str id="name">cave_large_rock_2_1319136229766</str>
						<int id="y">669</int>
						<int id="x">3000</int>
						<str id="sprite_class">cave_large_rock_2</str>
						<int id="z">15</int>
						<int id="w">140</int>
						<int id="h">359</int>
						<int id="r">-3</int>
					</object>
					<object id="cave_large_rock_2_1319136229784">
						<str id="name">cave_large_rock_2_1319136229766</str>
						<int id="y">594</int>
						<int id="x">114</int>
						<str id="sprite_class">cave_large_rock_2</str>
						<int id="z">18</int>
						<int id="w">257</int>
						<int id="h">660</int>
						<int id="r">-3</int>
					</object>
					<object id="cave_large_rock_2_1319136229782">
						<str id="name">cave_large_rock_2_1319136229766</str>
						<int id="y">604</int>
						<int id="x">2646</int>
						<str id="sprite_class">cave_large_rock_2</str>
						<int id="z">14</int>
						<int id="w">257</int>
						<int id="h">660</int>
						<int id="r">-3</int>
					</object>
					<object id="mound_modular_1a_al1_1318025299178">
						<str id="name">mound_modular_1a_al1_1318022374444</str>
						<int id="y">650</int>
						<int id="x">1627</int>
						<str id="sprite_class">mound_modular_1a_al1</str>
						<int id="z">6</int>
						<int id="w">377</int>
						<int id="h">215</int>
					</object>
					<object id="mound_modular_1a_al1_1318022374444">
						<str id="name">mound_modular_1a_al1_1318022374444</str>
						<int id="y">671</int>
						<int id="x">328</int>
						<str id="sprite_class">mound_modular_1a_al1</str>
						<int id="z">0</int>
						<int id="w">436</int>
						<int id="h">214</int>
					</object>
					<object id="mound_modular_1a_al1_1318025299162">
						<str id="name">mound_modular_1a_al1_1318022374444</str>
						<int id="y">604</int>
						<int id="x">2009</int>
						<str id="sprite_class">mound_modular_1a_al1</str>
						<int id="z">7</int>
						<int id="w">343</int>
						<int id="h">169</int>
					</object>
					<object id="cave_large_rock_2_1319136229786">
						<str id="name">cave_large_rock_2_1319136229766</str>
						<int id="y">467</int>
						<int id="x">1848</int>
						<str id="sprite_class">cave_large_rock_2</str>
						<int id="z">20</int>
						<int id="w">257</int>
						<int id="h">660</int>
						<int id="r">-3</int>
					</object>
					<object id="mound_modular_1c_al1_1318025299164">
						<str id="name">mound_modular_1c_al1_1318025299164</str>
						<int id="y">541</int>
						<int id="x">2087</int>
						<str id="sprite_class">mound_modular_1c_al1</str>
						<int id="z">9</int>
						<int id="w">314</int>
						<int id="h">344</int>
					</object>
					<object id="cave_large_rock_1_1319136229779">
						<str id="name">cave_large_rock_1_1319136229768</str>
						<int id="y">706</int>
						<int id="x">568</int>
						<str id="sprite_class">cave_large_rock_1</str>
						<int id="z">13</int>
						<int id="w">191</int>
						<int id="h">539</int>
						<int id="r">-1</int>
					</object>
					<object id="mound_modular_1a_al1_1318025299163">
						<str id="name">mound_modular_1a_al1_1318022374444</str>
						<int id="y">639</int>
						<int id="x">2229</int>
						<str id="sprite_class">mound_modular_1a_al1</str>
						<int id="z">8</int>
						<int id="w">464</int>
						<int id="h">228</int>
					</object>
					<object id="cave_large_rock_1_1319136229783">
						<str id="name">cave_large_rock_1_1319136229768</str>
						<int id="y">714</int>
						<int id="x">254</int>
						<str id="sprite_class">cave_large_rock_1</str>
						<int id="z">19</int>
						<int id="w">191</int>
						<int id="h">539</int>
						<int id="r">-1</int>
					</object>
					<object id="mound_modular_1a_al1_1318022374445">
						<str id="name">mound_modular_1a_al1_1318022374444</str>
						<int id="y">697</int>
						<int id="x">625</int>
						<str id="sprite_class">mound_modular_1a_al1</str>
						<int id="z">2</int>
						<int id="w">436</int>
						<int id="h">214</int>
					</object>
					<object id="cave_large_rock_1_1319136229781">
						<str id="name">cave_large_rock_1_1319136229768</str>
						<int id="y">623</int>
						<int id="x">2816</int>
						<str id="sprite_class">cave_large_rock_1</str>
						<int id="z">17</int>
						<int id="w">191</int>
						<int id="h">539</int>
						<int id="r">-1</int>
					</object>
					<object id="mound_modular_1c_al1_1318959201277">
						<str id="name">mound_modular_1c_al1_1318025299180</str>
						<int id="y">615</int>
						<int id="x">1432</int>
						<str id="sprite_class">mound_modular_1c_al1</str>
						<int id="z">11</int>
						<int id="w">227</int>
						<int id="h">265</int>
					</object>
					<object id="mound_modular_1a_al1_1318022374446">
						<str id="name">mound_modular_1a_al1_1318022374444</str>
						<int id="y">544</int>
						<int id="x">518</int>
						<str id="sprite_class">mound_modular_1a_al1</str>
						<int id="z">3</int>
						<int id="w">305</int>
						<int id="h">150</int>
					</object>
					<object id="mound_modular_1a_al1_1318023473241">
						<str id="name">mound_modular_1a_al1_1318022374444</str>
						<int id="y">691</int>
						<int id="x">82</int>
						<str id="sprite_class">mound_modular_1a_al1</str>
						<int id="z">1</int>
						<int id="w">436</int>
						<int id="h">214</int>
					</object>
					<object id="mound_modular_1c_al1_1318025299180">
						<str id="name">mound_modular_1c_al1_1318025299180</str>
						<int id="y">533</int>
						<int id="x">1626</int>
						<str id="sprite_class">mound_modular_1c_al1</str>
						<int id="z">10</int>
						<int id="w">176</int>
						<int id="h">265</int>
					</object>
					<object id="mound_modular_1a_al1_1318022374447">
						<str id="name">mound_modular_1a_al1_1318022374444</str>
						<int id="y">693</int>
						<int id="x">913</int>
						<str id="sprite_class">mound_modular_1a_al1</str>
						<int id="z">4</int>
						<int id="w">436</int>
						<int id="h">214</int>
					</object>
					<object id="mound_modular_1a_al1_1318025299145">
						<str id="name">mound_modular_1a_al1_1318022374444</str>
						<int id="y">632</int>
						<int id="x">1138</int>
						<str id="sprite_class">mound_modular_1a_al1</str>
						<int id="z">5</int>
						<int id="w">377</int>
						<int id="h">215</int>
					</object>
				</object>
				<object id="filtersNEW">
					<object id="tintAmount">
						<int id="value">22</int>
					</object>
					<object id="contrast">
						<int id="value">100</int>
					</object>
					<object id="saturation">
						<int id="value">100</int>
					</object>
					<object id="tintColor">
						<int id="value">10027008</int>
					</object>
					<object id="brightness">
						<int id="value">-77</int>
					</object>
					<object id="blur">
						<int id="value">0</int>
					</object>
				</object>
				<int id="h">750</int>
				<int id="z">-2</int>
			</object>
			<object id="middleground">
				<str id="name">middleground</str>
				<object id="walls">
				</object>
				<object id="decos">
					<object id="cave_shaft_light_3_1319136229812">
						<str id="name">cave_shaft_light_3_1319136229811</str>
						<int id="y">-173</int>
						<int id="x">-159</int>
						<str id="sprite_class">cave_shaft_light_3</str>
						<int id="z">0</int>
						<int id="w">460</int>
						<int id="h">896</int>
					</object>
				</object>
				<int id="w">4000</int>
				<object id="filtersNEW">
					<object id="tintAmount">
						<int id="value">50</int>
					</object>
					<object id="contrast">
						<int id="value">100</int>
					</object>
					<object id="saturation">
						<int id="value">11</int>
					</object>
					<object id="tintColor">
						<int id="value">10027008</int>
					</object>
					<object id="brightness">
						<int id="value">75</int>
					</object>
				</object>
				<object id="doors">
					<object id="door_1330398275523">
						<str id="house_number">0</str>
						<null id="owner_label"/>
						<int id="w">350</int>
						<object id="connect">
							<int id="y">-77</int>
							<int id="x">240</int>
							<str id="mote_id">9</str>
							<str id="hub_id">40</str>
							<str id="swf_file_versioned">http://c2.glitch.bz/locations/kukubee/1330398048.swf,http://c2.glitch.bz/locations/groddle1/1341875645.swf,http://c2.glitch.bz/locations/firebog/1331248191.swf</str>
							<objref id="target" tsid="LA5FPUNAI7P2NVF" label="Hell Bar"/>
						</object>
						<null id="owner_tsid"/>
						<null id="item_tsid"/>
						<int id="x">-157</int>
						<int id="key_id">0</int>
						<int id="requires_level">0</int>
						<int id="y">-170</int>
						<null id="itemstack_tsid"/>
						<bool id="for_sale">false</bool>
						<object id="deco">
							<int id="h">298</int>
							<str id="name">door_asset_hell_bar_entrance_01a_1330398275522</str>
							<int id="w">350</int>
							<str id="sprite_class">door_asset_hell_bar_entrance_01a</str>
						</object>
						<int id="h">298</int>
						<bool id="is_locked">false</bool>
					</object>
				</object>
				<object id="platform_lines">
					<object id="plat_1330392363053">
						<int id="platform_item_perm">-1</int>
						<object id="end">
							<int id="y">-371</int>
							<int id="x">1999</int>
						</object>
						<object id="start">
							<int id="y">-359</int>
							<int id="x">1861</int>
						</object>
						<int id="platform_pc_perm">-1</int>
					</object>
					<object id="plat_1330392363056">
						<int id="platform_item_perm">-1</int>
						<object id="end">
							<int id="y">-570</int>
							<int id="x">1999</int>
						</object>
						<object id="start">
							<int id="y">-561</int>
							<int id="x">1906</int>
						</object>
						<int id="platform_pc_perm">-1</int>
					</object>
					<object id="plat_1334183250663">
						<int id="platform_item_perm">-1</int>
						<object id="end">
							<int id="y">-279</int>
							<int id="x">-1354</int>
						</object>
						<object id="start">
							<int id="y">-280</int>
							<int id="x">-1407</int>
						</object>
						<int id="platform_pc_perm">-1</int>
					</object>
					<object id="plat_1334183250667">
						<int id="platform_item_perm">-1</int>
						<object id="end">
							<int id="y">-401</int>
							<int id="x">-938</int>
						</object>
						<object id="start">
							<int id="y">-400</int>
							<int id="x">-1053</int>
						</object>
						<int id="platform_pc_perm">-1</int>
					</object>
					<object id="plat_1330392363066">
						<int id="platform_item_perm">-1</int>
						<object id="end">
							<int id="y">-726</int>
							<int id="x">1193</int>
						</object>
						<object id="start">
							<int id="y">-723</int>
							<int id="x">1048</int>
						</object>
						<int id="platform_pc_perm">-1</int>
					</object>
					<object id="plat_1318023473279">
						<int id="platform_item_perm">-1</int>
						<object id="end">
							<int id="y">-148</int>
							<int id="x">-1021</int>
						</object>
						<object id="start">
							<int id="y">-142</int>
							<int id="x">-1212</int>
						</object>
						<int id="platform_pc_perm">-1</int>
					</object>
					<object id="plat_1334183250665">
						<int id="platform_item_perm">-1</int>
						<object id="end">
							<int id="y">-287</int>
							<int id="x">-1188</int>
						</object>
						<object id="start">
							<int id="y">-292</int>
							<int id="x">-1292</int>
						</object>
						<int id="platform_pc_perm">-1</int>
					</object>
					<object id="plat_1334183250664">
						<int id="platform_item_perm">-1</int>
						<object id="end">
							<int id="y">-292</int>
							<int id="x">-1292</int>
						</object>
						<object id="start">
							<int id="y">-279</int>
							<int id="x">-1354</int>
						</object>
						<int id="platform_pc_perm">-1</int>
					</object>
					<object id="plat_1318025299141">
						<int id="platform_item_perm">-1</int>
						<object id="end">
							<int id="y">-174</int>
							<int id="x">-644</int>
						</object>
						<object id="start">
							<int id="y">-176</int>
							<int id="x">-877</int>
						</object>
						<int id="platform_pc_perm">-1</int>
					</object>
					<object id="plat_1330392363055">
						<int id="platform_item_perm">-1</int>
						<object id="end">
							<int id="y">-493</int>
							<int id="x">1851</int>
						</object>
						<object id="start">
							<int id="y">-498</int>
							<int id="x">1770</int>
						</object>
						<int id="platform_pc_perm">-1</int>
					</object>
					<object id="plat_1318023473284">
						<int id="platform_item_perm">-1</int>
						<object id="end">
							<int id="y">-114</int>
							<int id="x">96</int>
						</object>
						<object id="start">
							<int id="y">-139</int>
							<int id="x">-224</int>
						</object>
						<int id="platform_pc_perm">-1</int>
					</object>
					<object id="plat_1330392363054">
						<int id="platform_item_perm">-1</int>
						<object id="end">
							<int id="y">-498</int>
							<int id="x">1770</int>
						</object>
						<object id="start">
							<int id="y">-489</int>
							<int id="x">1684</int>
						</object>
						<int id="platform_pc_perm">-1</int>
					</object>
					<object id="plat_1330392363065">
						<int id="platform_item_perm">-1</int>
						<object id="end">
							<int id="y">-723</int>
							<int id="x">1048</int>
						</object>
						<object id="start">
							<int id="y">-713</int>
							<int id="x">952</int>
						</object>
						<int id="platform_pc_perm">-1</int>
					</object>
					<object id="plat_1318023473289">
						<int id="platform_item_perm">-1</int>
						<object id="end">
							<int id="y">-114</int>
							<int id="x">1723</int>
						</object>
						<object id="start">
							<int id="y">-147</int>
							<int id="x">1493</int>
						</object>
						<int id="platform_pc_perm">-1</int>
					</object>
					<object id="plat_1330392363052">
						<int id="platform_item_perm">-1</int>
						<object id="end">
							<int id="y">-264</int>
							<int id="x">1676</int>
						</object>
						<object id="start">
							<int id="y">-274</int>
							<int id="x">1532</int>
						</object>
						<int id="platform_pc_perm">-1</int>
					</object>
					<object id="plat_1330392363070">
						<int id="platform_item_perm">-1</int>
						<object id="end">
							<int id="y">-725</int>
							<int id="x">1578</int>
						</object>
						<object id="start">
							<int id="y">-720</int>
							<int id="x">1479</int>
						</object>
						<int id="platform_pc_perm">-1</int>
					</object>
					<object id="plat_1318023473288">
						<int id="platform_item_perm">-1</int>
						<object id="end">
							<int id="y">-147</int>
							<int id="x">1493</int>
						</object>
						<object id="start">
							<int id="y">-132</int>
							<int id="x">1090</int>
						</object>
						<int id="platform_pc_perm">-1</int>
					</object>
					<object id="plat_1318023473290">
						<int id="platform_item_perm">-1</int>
						<object id="end">
							<int id="y">-123</int>
							<int id="x">1999</int>
						</object>
						<object id="start">
							<int id="y">-114</int>
							<int id="x">1723</int>
						</object>
						<int id="platform_pc_perm">-1</int>
					</object>
					<object id="plat_1318023473285">
						<int id="platform_item_perm">-1</int>
						<object id="end">
							<int id="y">-157</int>
							<int id="x">400</int>
						</object>
						<object id="start">
							<int id="y">-114</int>
							<int id="x">96</int>
						</object>
						<int id="platform_pc_perm">-1</int>
					</object>
					<object id="plat_1330392363068">
						<int id="platform_item_perm">-1</int>
						<object id="end">
							<int id="y">-720</int>
							<int id="x">1479</int>
						</object>
						<object id="start">
							<int id="y">-727</int>
							<int id="x">1348</int>
						</object>
						<int id="platform_pc_perm">-1</int>
					</object>
					<object id="plat_1330392363069">
						<int id="platform_item_perm">-1</int>
						<object id="end">
							<int id="y">-729</int>
							<int id="x">1655</int>
						</object>
						<object id="start">
							<int id="y">-725</int>
							<int id="x">1578</int>
						</object>
						<int id="platform_pc_perm">-1</int>
					</object>
					<object id="plat_1330392363051">
						<int id="platform_item_perm">-1</int>
						<object id="end">
							<int id="y">-274</int>
							<int id="x">1532</int>
						</object>
						<object id="start">
							<int id="y">-268</int>
							<int id="x">1494</int>
						</object>
						<int id="platform_pc_perm">-1</int>
					</object>
					<object id="plat_1318023473277">
						<int id="platform_item_perm">-1</int>
						<object id="end">
							<int id="y">-155</int>
							<int id="x">-1669</int>
						</object>
						<object id="start">
							<int id="y">-185</int>
							<int id="x">-1999</int>
						</object>
						<int id="platform_pc_perm">-1</int>
					</object>
					<object id="plat_1318025299142">
						<int id="platform_item_perm">-1</int>
						<object id="end">
							<int id="y">-139</int>
							<int id="x">-224</int>
						</object>
						<object id="start">
							<int id="y">-174</int>
							<int id="x">-644</int>
						</object>
						<int id="platform_pc_perm">-1</int>
					</object>
					<object id="plat_1318023473280">
						<int id="platform_item_perm">-1</int>
						<object id="end">
							<int id="y">-176</int>
							<int id="x">-877</int>
						</object>
						<object id="start">
							<int id="y">-148</int>
							<int id="x">-1021</int>
						</object>
						<int id="platform_pc_perm">-1</int>
					</object>
					<object id="plat_1330392363067">
						<int id="platform_item_perm">-1</int>
						<object id="end">
							<int id="y">-727</int>
							<int id="x">1348</int>
						</object>
						<object id="start">
							<int id="y">-726</int>
							<int id="x">1193</int>
						</object>
						<int id="platform_pc_perm">-1</int>
					</object>
					<object id="plat_1334183250666">
						<int id="platform_item_perm">-1</int>
						<object id="end">
							<int id="y">-400</int>
							<int id="x">-1053</int>
						</object>
						<object id="start">
							<int id="y">-394</int>
							<int id="x">-1119</int>
						</object>
						<int id="platform_pc_perm">-1</int>
					</object>
					<object id="plat_1318023473278">
						<int id="platform_item_perm">-1</int>
						<object id="end">
							<int id="y">-142</int>
							<int id="x">-1212</int>
						</object>
						<object id="start">
							<int id="y">-155</int>
							<int id="x">-1669</int>
						</object>
						<int id="platform_pc_perm">-1</int>
					</object>
					<object id="plat_1318023473287">
						<int id="platform_item_perm">-1</int>
						<object id="end">
							<int id="y">-132</int>
							<int id="x">1090</int>
						</object>
						<object id="start">
							<int id="y">-120</int>
							<int id="x">707</int>
						</object>
						<int id="platform_pc_perm">-1</int>
					</object>
					<object id="plat_1318023473286">
						<int id="platform_item_perm">-1</int>
						<object id="end">
							<int id="y">-120</int>
							<int id="x">707</int>
						</object>
						<object id="start">
							<int id="y">-157</int>
							<int id="x">400</int>
						</object>
						<int id="platform_pc_perm">-1</int>
					</object>
				</object>
				<int id="z">0</int>
				<object id="signposts">
					<object id="signpost_2">
						<int id="w">100</int>
						<int id="y">-184</int>
						<object id="connects">
							<object id="0">
								<int id="y">-150</int>
								<int id="x">-1665</int>
								<str id="mote_id">9</str>
								<str id="hub_id">40</str>
								<str id="swf_file_versioned">http://c2.glitch.bz/locations/groddle1/1341875645.swf,http://c2.glitch.bz/locations/zutto1/1345681433.swf,http://c2.glitch.bz/locations/alpine_landscape/1342224074.swf</str>
								<objref id="target" tsid="LA5S44RM9OE2416" label="Valuka Himsa"/>
							</object>
						</object>
						<int id="h">200</int>
						<int id="x">-1795</int>
					</object>
				</object>
				<object id="targets">
				</object>
				<object id="ladders">
					<object id="ladder_1330392363064">
						<int id="w">50</int>
						<int id="y">-495</int>
						<int id="x">1698</int>
						<int id="h">257</int>
					</object>
				</object>
				<int id="h">750</int>
				<object id="boxes">
				</object>
			</object>
			<object id="T_1318022374436">
				<int id="w">3200</int>
				<str id="name">sky</str>
				<object id="decos">
					<object id="mound_modular_1b_al1_1318025299074">
						<str id="name">mound_modular_1b_al1_1318025299067</str>
						<int id="y">681</int>
						<int id="x">2295</int>
						<str id="sprite_class">mound_modular_1b_al1</str>
						<int id="z">22</int>
						<int id="w">383</int>
						<int id="h">218</int>
					</object>
					<object id="mound_modular_1c_al1_1318023473321">
						<str id="name">mound_modular_1c_al1_1318022374437</str>
						<int id="y">601</int>
						<int id="x">948</int>
						<str id="sprite_class">mound_modular_1c_al1</str>
						<int id="z">12</int>
						<int id="w">158</int>
						<int id="h">250</int>
					</object>
					<object id="steam_smallerburst_02_1318023473327">
						<str id="name">steam_smallerburst_02_1318023473327</str>
						<int id="y">813</int>
						<int id="x">1445</int>
						<str id="sprite_class">steam_smallerburst_02</str>
						<int id="z">17</int>
						<int id="w">190</int>
						<bool id="animated">true</bool>
						<int id="h">400</int>
					</object>
					<object id="mound_modular_1b_al1_1318025299069">
						<str id="name">mound_modular_1b_al1_1318025299067</str>
						<int id="y">655</int>
						<int id="x">2072</int>
						<str id="sprite_class">mound_modular_1b_al1</str>
						<int id="z">13</int>
						<int id="w">383</int>
						<int id="h">218</int>
					</object>
					<object id="mound_modular_1b_al1_1318025299073">
						<str id="name">mound_modular_1b_al1_1318025299067</str>
						<int id="y">611</int>
						<int id="x">-20</int>
						<str id="sprite_class">mound_modular_1b_al1</str>
						<int id="z">21</int>
						<int id="w">383</int>
						<int id="h">218</int>
					</object>
					<object id="steam_smallerburst_01_1318025299080">
						<str id="name">steam_smallerburst_01_1318023473328</str>
						<int id="y">717</int>
						<int id="x">3080</int>
						<str id="sprite_class">steam_smallerburst_01</str>
						<int id="z">26</int>
						<int id="w">190</int>
						<bool id="animated">true</bool>
						<int id="h">400</int>
					</object>
					<object id="mound_modular_1e_al1_1318025299084">
						<str id="name">mound_modular_1e_al1_1318025299084</str>
						<int id="y">548</int>
						<int id="x">366</int>
						<str id="sprite_class">mound_modular_1e_al1</str>
						<int id="z">27</int>
						<int id="w">125</int>
						<int id="h">129</int>
					</object>
					<object id="mound_modular_1b_al1_1318025299070">
						<str id="name">mound_modular_1b_al1_1318025299067</str>
						<int id="y">739</int>
						<int id="x">1504</int>
						<str id="sprite_class">mound_modular_1b_al1</str>
						<int id="z">18</int>
						<int id="w">190</int>
						<int id="h">252</int>
						<int id="r">1</int>
					</object>
					<object id="mound_modular_1c_al1_1318023473322">
						<str id="name">mound_modular_1c_al1_1318022374437</str>
						<int id="y">650</int>
						<int id="x">1106</int>
						<str id="sprite_class">mound_modular_1c_al1</str>
						<int id="z">14</int>
						<int id="w">244</int>
						<int id="h">246</int>
					</object>
					<object id="mound_modular_1b_al1_1318025299075">
						<str id="name">mound_modular_1b_al1_1318025299067</str>
						<int id="y">723</int>
						<int id="x">2626</int>
						<str id="sprite_class">mound_modular_1b_al1</str>
						<int id="z">0</int>
						<int id="w">383</int>
						<int id="h">218</int>
					</object>
					<object id="mound_modular_1c_al1_1318023473325">
						<str id="name">mound_modular_1c_al1_1318022374437</str>
						<int id="y">682</int>
						<int id="x">1702</int>
						<str id="sprite_class">mound_modular_1c_al1</str>
						<int id="z">30</int>
						<int id="w">173</int>
						<int id="h">238</int>
					</object>
					<object id="cliffside_1a_al1_1318023473319">
						<str id="name">cliffside_1a_al1_1318022374438</str>
						<int id="y">531</int>
						<int id="x">286</int>
						<str id="sprite_class">cliffside_1a_al1</str>
						<int id="z">2</int>
						<int id="w">681</int>
						<int id="h">447</int>
					</object>
					<object id="mound_modular_1c_al1_1318023473323">
						<str id="name">mound_modular_1c_al1_1318022374437</str>
						<int id="y">627</int>
						<int id="x">1222</int>
						<str id="sprite_class">mound_modular_1c_al1</str>
						<int id="z">31</int>
						<int id="w">244</int>
						<int id="h">189</int>
					</object>
					<object id="mound_modular_1b_al1_1318025299078">
						<str id="name">mound_modular_1b_al1_1318025299067</str>
						<int id="y">726</int>
						<int id="x">3170</int>
						<str id="sprite_class">mound_modular_1b_al1</str>
						<int id="z">25</int>
						<int id="w">383</int>
						<int id="h">218</int>
					</object>
					<object id="mound_modular_1c_al1_1318022374442">
						<str id="name">mound_modular_1c_al1_1318022374437</str>
						<int id="y">488</int>
						<int id="x">717</int>
						<str id="sprite_class">mound_modular_1c_al1</str>
						<int id="z">10</int>
						<int id="w">65</int>
						<int id="h">220</int>
					</object>
					<object id="cliffside_1a_al1_1318023473317">
						<str id="name">cliffside_1a_al1_1318022374438</str>
						<int id="y">611</int>
						<int id="x">2815</int>
						<str id="sprite_class">cliffside_1a_al1</str>
						<int id="z">3</int>
						<int id="w">776</int>
						<int id="h">510</int>
					</object>
					<object id="mound_modular_1b_al1_1318025299072">
						<str id="name">mound_modular_1b_al1_1318025299067</str>
						<int id="y">621</int>
						<int id="x">234</int>
						<str id="sprite_class">mound_modular_1b_al1</str>
						<int id="z">19</int>
						<int id="w">383</int>
						<int id="h">218</int>
					</object>
					<object id="mound_modular_1c_al1_1318022374437">
						<str id="name">mound_modular_1c_al1_1318022374437</str>
						<int id="y">554</int>
						<int id="x">537</int>
						<str id="sprite_class">mound_modular_1c_al1</str>
						<int id="z">4</int>
						<int id="w">99</int>
						<int id="h">195</int>
					</object>
					<object id="stalagmite_1_1318025299085">
						<str id="name">stalagmite_1_1318025299085</str>
						<int id="y">665</int>
						<int id="x">1440</int>
						<str id="sprite_class">stalagmite_1</str>
						<int id="z">32</int>
						<int id="w">197</int>
						<int id="h">202</int>
						<int id="r">5</int>
					</object>
					<object id="mound_modular_1c_al1_1318023473326">
						<str id="name">mound_modular_1c_al1_1318022374437</str>
						<int id="y">648</int>
						<int id="x">1842</int>
						<str id="sprite_class">mound_modular_1c_al1</str>
						<int id="z">15</int>
						<int id="w">97</int>
						<int id="h">197</int>
						<int id="r">-15</int>
					</object>
					<object id="mound_modular_1c_al1_1318023473320">
						<str id="name">mound_modular_1c_al1_1318022374437</str>
						<int id="y">619</int>
						<int id="x">1026</int>
						<str id="sprite_class">mound_modular_1c_al1</str>
						<int id="z">11</int>
						<int id="w">151</int>
						<int id="h">250</int>
					</object>
					<object id="cliffside_1a_al1_1318023473318">
						<str id="name">cliffside_1a_al1_1318022374438</str>
						<int id="y">573</int>
						<int id="x">818</int>
						<str id="sprite_class">cliffside_1a_al1</str>
						<int id="z">1</int>
						<int id="w">768</int>
						<int id="h">505</int>
					</object>
					<object id="cliffside_1a_al1_1318023473316">
						<str id="name">cliffside_1a_al1_1318022374438</str>
						<int id="y">575</int>
						<int id="x">1844</int>
						<str id="sprite_class">cliffside_1a_al1</str>
						<int id="z">8</int>
						<int id="w">822</int>
						<int id="h">541</int>
					</object>
					<object id="mound_modular_1b_al1_1318025299077">
						<str id="name">mound_modular_1b_al1_1318025299067</str>
						<int id="y">735</int>
						<int id="x">2957</int>
						<str id="sprite_class">mound_modular_1b_al1</str>
						<int id="z">24</int>
						<int id="w">383</int>
						<int id="h">218</int>
					</object>
					<object id="mound_modular_1b_al1_1318025299071">
						<str id="name">mound_modular_1b_al1_1318025299067</str>
						<int id="y">726</int>
						<int id="x">2004</int>
						<str id="sprite_class">mound_modular_1b_al1</str>
						<int id="z">20</int>
						<int id="w">383</int>
						<int id="h">218</int>
					</object>
					<object id="cliffside_1a_al1_1318355220599">
						<str id="name">cliffside_1a_al1_1318022374438</str>
						<int id="y">614</int>
						<int id="x">2534</int>
						<str id="sprite_class">cliffside_1a_al1</str>
						<int id="z">9</int>
						<int id="w">889</int>
						<int id="h">585</int>
					</object>
					<object id="mound_modular_1c_al1_1318025299167">
						<str id="name">mound_modular_1c_al1_1318022374437</str>
						<int id="y">598</int>
						<int id="x">1495</int>
						<str id="sprite_class">mound_modular_1c_al1</str>
						<int id="z">16</int>
						<int id="w">73</int>
						<int id="h">197</int>
						<int id="r">1</int>
					</object>
					<object id="steam_smallerburst_01_1318025299081">
						<str id="name">steam_smallerburst_01_1318023473328</str>
						<int id="y">826</int>
						<int id="x">2261</int>
						<str id="sprite_class">steam_smallerburst_01</str>
						<int id="z">33</int>
						<int id="w">358</int>
						<bool id="animated">true</bool>
						<int id="h">754</int>
					</object>
					<object id="mound_modular_1c_al1_1318022374440">
						<str id="name">mound_modular_1c_al1_1318022374437</str>
						<int id="y">623</int>
						<int id="x">865</int>
						<str id="sprite_class">mound_modular_1c_al1</str>
						<int id="z">7</int>
						<int id="w">277</int>
						<int id="h">213</int>
					</object>
					<object id="stalagmite_1_1318025299165">
						<str id="name">stalagmite_1_1318025299085</str>
						<int id="y">695</int>
						<int id="x">2288</int>
						<str id="sprite_class">stalagmite_1</str>
						<int id="z">28</int>
						<int id="w">124</int>
						<int id="h">328</int>
						<int id="r">5</int>
					</object>
					<object id="cliffside_1a_al1_1318022374438">
						<str id="name">cliffside_1a_al1_1318022374438</str>
						<int id="y">554</int>
						<int id="x">1332</int>
						<str id="sprite_class">cliffside_1a_al1</str>
						<int id="z">29</int>
						<int id="w">745</int>
						<int id="h">528</int>
					</object>
					<object id="mound_modular_1c_al1_1318022374443">
						<str id="name">mound_modular_1c_al1_1318022374437</str>
						<int id="y">573</int>
						<int id="x">446</int>
						<str id="sprite_class">mound_modular_1c_al1</str>
						<int id="z">5</int>
						<int id="w">159</int>
						<int id="h">194</int>
					</object>
					<object id="mound_modular_1c_al1_1318022374439">
						<str id="name">mound_modular_1c_al1_1318022374437</str>
						<int id="y">582</int>
						<int id="x">682</int>
						<str id="sprite_class">mound_modular_1c_al1</str>
						<int id="z">6</int>
						<int id="w">277</int>
						<int id="h">213</int>
					</object>
					<object id="mound_modular_1b_al1_1318025299076">
						<str id="name">mound_modular_1b_al1_1318025299067</str>
						<int id="y">708</int>
						<int id="x">2800</int>
						<str id="sprite_class">mound_modular_1b_al1</str>
						<int id="z">23</int>
						<int id="w">383</int>
						<int id="h">218</int>
					</object>
				</object>
				<object id="filtersNEW">
					<object id="tintAmount">
						<int id="value">28</int>
					</object>
					<object id="contrast">
						<int id="value">80</int>
					</object>
					<object id="saturation">
						<int id="value">46</int>
					</object>
					<object id="tintColor">
						<int id="value">9043968</int>
					</object>
					<object id="brightness">
						<int id="value">-100</int>
					</object>
					<object id="blur">
						<int id="value">0</int>
					</object>
				</object>
				<int id="h">750</int>
				<int id="z">-5</int>
			</object>
			<object id="T_1318023473236">
				<int id="w">3400</int>
				<str id="name">bg2</str>
				<object id="decos">
					<object id="cave_large_rock_1_1319136229800">
						<str id="name">cave_large_rock_1_1319136229768</str>
						<int id="y">572</int>
						<int id="x">2559</int>
						<str id="sprite_class">cave_large_rock_1</str>
						<int id="z">6</int>
						<int id="w">191</int>
						<int id="h">539</int>
					</object>
					<object id="cave_crystal_8_1319136229795">
						<str id="name">cave_crystal_8_1319136229795</str>
						<int id="y">620</int>
						<int id="x">264</int>
						<str id="sprite_class">cave_crystal_8</str>
						<int id="z">2</int>
						<int id="w">336</int>
						<int id="h">335</int>
					</object>
					<object id="steam_smallerburst_01_1318025299157">
						<str id="name">steam_smallerburst_01_1318023473328</str>
						<int id="y">898</int>
						<int id="x">1090</int>
						<str id="sprite_class">steam_smallerburst_01</str>
						<int id="z">1</int>
						<int id="w">465</int>
						<bool id="animated">true</bool>
						<int id="h">979</int>
					</object>
					<object id="cave_large_rock_1_1319136229796">
						<str id="name">cave_large_rock_1_1319136229768</str>
						<int id="y">575</int>
						<int id="x">1201</int>
						<str id="sprite_class">cave_large_rock_1</str>
						<int id="z">4</int>
						<int id="w">114</int>
						<int id="h">322</int>
						<int id="r">-1</int>
					</object>
					<object id="steam_smallerburst_02_1318023473238">
						<str id="name">steam_smallerburst_02_1318023473237</str>
						<int id="y">557</int>
						<int id="x">600</int>
						<str id="sprite_class">steam_smallerburst_02</str>
						<int id="z">0</int>
						<int id="w">773</int>
						<bool id="animated">true</bool>
						<int id="h">418</int>
					</object>
					<object id="cave_large_rock_2_1319136229801">
						<str id="name">cave_large_rock_2_1319136229766</str>
						<int id="y">597</int>
						<int id="x">2273</int>
						<str id="sprite_class">cave_large_rock_2</str>
						<int id="z">5</int>
						<int id="w">257</int>
						<int id="h">660</int>
						<int id="r">-2</int>
					</object>
					<object id="cave_large_rock_2_1319136229797">
						<str id="name">cave_large_rock_2_1319136229766</str>
						<int id="y">595</int>
						<int id="x">1096</int>
						<str id="sprite_class">cave_large_rock_2</str>
						<int id="z">3</int>
						<int id="w">184</int>
						<int id="h">473</int>
						<int id="r">-3</int>
					</object>
				</object>
				<object id="filtersNEW">
					<object id="tintAmount">
						<int id="value">100</int>
					</object>
					<object id="contrast">
						<int id="value">5</int>
					</object>
					<object id="saturation">
						<int id="value">43</int>
					</object>
					<object id="tintColor">
						<int id="value">16746496</int>
					</object>
					<object id="brightness">
						<int id="value">-100</int>
					</object>
					<object id="blur">
						<int id="value">0</int>
					</object>
				</object>
				<int id="h">750</int>
				<int id="z">-4</int>
			</object>
			<object id="T_1318023473249">
				<int id="w">4000</int>
				<str id="name">asset mg</str>
				<object id="decos">
					<object id="cave_large_rock_2_1319136229788">
						<str id="name">cave_large_rock_2_1319136229766</str>
						<int id="y">510</int>
						<int id="x">1711</int>
						<str id="sprite_class">cave_large_rock_2</str>
						<int id="z">110</int>
						<int id="w">257</int>
						<int id="h">660</int>
						<int id="r">-2</int>
					</object>
					<object id="rev0718_cl2_houseTrunk_1319136229778">
						<str id="name">rev0718_cl2_houseTrunk_1319136229778</str>
						<int id="y">580</int>
						<int id="x">1846</int>
						<str id="sprite_class">rev0718_cl2_houseTrunk</str>
						<int id="z">113</int>
						<int id="w">593</int>
						<int id="h">566</int>
						<int id="r">3</int>
					</object>
					<object id="heights_mound_3_1318023473275">
						<str id="name">heights_mound_3_1318023473239</str>
						<int id="y">836</int>
						<int id="x">968</int>
						<str id="sprite_class">heights_mound_3</str>
						<int id="z">12</int>
						<int id="w">731</int>
						<int id="h">277</int>
					</object>
					<object id="heights_mound_3_1318023473274">
						<str id="name">heights_mound_3_1318023473239</str>
						<int id="y">804</int>
						<int id="x">1467</int>
						<str id="sprite_class">heights_mound_3</str>
						<int id="z">13</int>
						<int id="w">731</int>
						<int id="h">277</int>
					</object>
					<object id="mound_modular_1a_al1_1318023473272">
						<str id="name">mound_modular_1a_al1_1318022374444</str>
						<int id="y">702</int>
						<int id="x">87</int>
						<str id="sprite_class">mound_modular_1a_al1</str>
						<int id="z">15</int>
						<int id="w">436</int>
						<int id="h">214</int>
					</object>
					<object id="heights_mound_3_1318023473273">
						<str id="name">heights_mound_3_1318023473239</str>
						<int id="y">884</int>
						<int id="x">1924</int>
						<str id="sprite_class">heights_mound_3</str>
						<int id="z">14</int>
						<int id="w">731</int>
						<int id="h">277</int>
					</object>
					<object id="mound_modular_1a_al1_1318959201276">
						<str id="name">mound_modular_1a_al1_1318022374444</str>
						<int id="y">569</int>
						<int id="x">986</int>
						<str id="sprite_class">mound_modular_1a_al1</str>
						<int id="z">19</int>
						<int id="w">492</int>
						<int id="h">241</int>
						<bool id="h_flip">true</bool>
					</object>
					<object id="heights_topper_1_1319136229764">
						<str id="name">heights_topper_1_1318025299174</str>
						<int id="y">617</int>
						<int id="x">1870</int>
						<str id="sprite_class">heights_topper_1</str>
						<int id="z">105</int>
						<int id="w">269</int>
						<int id="h">69</int>
						<int id="r">15</int>
					</object>
					<object id="heights_topper_2_1318025299097">
						<str id="name">heights_topper_2_1318025299086</str>
						<int id="y">595</int>
						<int id="x">1638</int>
						<str id="sprite_class">heights_topper_2</str>
						<int id="z">52</int>
						<int id="w">214</int>
						<int id="h">70</int>
						<int id="r">3</int>
					</object>
					<object id="heights_topper_2_1318025299114">
						<str id="name">heights_topper_2_1318025299086</str>
						<int id="y">690</int>
						<int id="x">2073</int>
						<str id="sprite_class">heights_topper_2</str>
						<int id="z">77</int>
						<int id="w">214</int>
						<int id="h">63</int>
					</object>
					<object id="heights_topper_2_1320186981239">
						<str id="name">heights_topper_2_1318025299086</str>
						<int id="y">660</int>
						<int id="x">2998</int>
						<str id="sprite_class">heights_topper_2</str>
						<int id="z">59</int>
						<int id="w">214</int>
						<int id="h">63</int>
						<int id="r">3</int>
					</object>
					<object id="mound_modular_1a_al1_1318025299155">
						<str id="name">mound_modular_1a_al1_1318022374444</str>
						<int id="y">433</int>
						<int id="x">3983</int>
						<str id="sprite_class">mound_modular_1a_al1</str>
						<int id="z">64</int>
						<int id="w">541</int>
						<int id="h">266</int>
					</object>
					<object id="heights_topper_2_1318025299128">
						<str id="name">heights_topper_2_1318025299086</str>
						<int id="y">667</int>
						<int id="x">3569</int>
						<str id="sprite_class">heights_topper_2</str>
						<int id="z">95</int>
						<int id="w">214</int>
						<int id="h">63</int>
					</object>
					<object id="heights_topper_2_1318025299110">
						<str id="name">heights_topper_2_1318025299086</str>
						<int id="y">636</int>
						<int id="x">479</int>
						<str id="sprite_class">heights_topper_2</str>
						<int id="z">33</int>
						<int id="w">214</int>
						<int id="h">63</int>
						<int id="r">10</int>
					</object>
					<object id="heights_topper_2_1318025299099">
						<str id="name">heights_topper_2_1318025299086</str>
						<int id="y">662</int>
						<int id="x">1892</int>
						<str id="sprite_class">heights_topper_2</str>
						<int id="z">54</int>
						<int id="w">214</int>
						<int id="h">63</int>
						<int id="r">3</int>
					</object>
					<object id="heights_topper_2_1330392363048">
						<str id="name">heights_topper_2_1318025299086</str>
						<int id="y">292</int>
						<int id="x">3770</int>
						<str id="sprite_class">heights_topper_2</str>
						<int id="z">66</int>
						<int id="w">197</int>
						<int id="h">57</int>
					</object>
					<object id="heights_topper_2_1318025299111">
						<str id="name">heights_topper_2_1318025299086</str>
						<int id="y">636</int>
						<int id="x">617</int>
						<str id="sprite_class">heights_topper_2</str>
						<int id="z">34</int>
						<int id="w">214</int>
						<int id="h">63</int>
					</object>
					<object id="heights_topper_2_1330392363047">
						<str id="name">heights_topper_2_1318025299086</str>
						<int id="y">222</int>
						<int id="x">4000</int>
						<str id="sprite_class">heights_topper_2</str>
						<int id="z">65</int>
						<int id="w">214</int>
						<int id="h">63</int>
					</object>
					<object id="heights_topper_1_1319136229765">
						<str id="name">heights_topper_1_1318025299174</str>
						<int id="y">615</int>
						<int id="x">2014</int>
						<str id="sprite_class">heights_topper_1</str>
						<int id="z">106</int>
						<int id="w">269</int>
						<int id="h">69</int>
						<int id="r">15</int>
					</object>
					<object id="heights_topper_2_1330392363059">
						<str id="name">heights_topper_2_1318025299086</str>
						<int id="y">67</int>
						<int id="x">3467</int>
						<str id="sprite_class">heights_topper_2</str>
						<int id="z">72</int>
						<int id="w">197</int>
						<int id="h">57</int>
					</object>
					<object id="heights_topper_2_1318025299130">
						<str id="name">heights_topper_2_1318025299086</str>
						<int id="y">672</int>
						<int id="x">3859</int>
						<str id="sprite_class">heights_topper_2</str>
						<int id="z">97</int>
						<int id="w">214</int>
						<int id="h">63</int>
					</object>
					<object id="mound_modular_1a_al1_1319136229758">
						<str id="name">mound_modular_1a_al1_1318022374444</str>
						<int id="y">631</int>
						<int id="x">2108</int>
						<str id="sprite_class">mound_modular_1a_al1</str>
						<int id="z">6</int>
						<int id="w">541</int>
						<int id="h">266</int>
					</object>
					<object id="heights_topper_2_1319152337600">
						<str id="name">heights_topper_2_1318025299086</str>
						<int id="y">617</int>
						<int id="x">392</int>
						<str id="sprite_class">heights_topper_2</str>
						<int id="z">45</int>
						<int id="w">214</int>
						<int id="h">63</int>
						<int id="r">2</int>
					</object>
					<object id="cave_large_rock_1_1319136229790">
						<str id="name">cave_large_rock_1_1319136229768</str>
						<int id="y">418</int>
						<int id="x">1881</int>
						<str id="sprite_class">cave_large_rock_1</str>
						<int id="z">112</int>
						<int id="w">220</int>
						<int id="h">553</int>
					</object>
					<object id="mound_modular_1a_al1_1319136229762">
						<str id="name">mound_modular_1a_al1_1318022374444</str>
						<int id="y">581</int>
						<int id="x">1732</int>
						<str id="sprite_class">mound_modular_1a_al1</str>
						<int id="z">10</int>
						<int id="w">541</int>
						<int id="h">266</int>
					</object>
					<object id="heights_topper_1_1318025299177">
						<str id="name">heights_topper_1_1318025299174</str>
						<int id="y">692</int>
						<int id="x">1895</int>
						<str id="sprite_class">heights_topper_1</str>
						<int id="z">109</int>
						<int id="w">269</int>
						<int id="h">69</int>
						<int id="r">9</int>
					</object>
					<object id="heights_topper_2_1319136229820">
						<str id="name">heights_topper_2_1318025299086</str>
						<int id="y">669</int>
						<int id="x">3975</int>
						<str id="sprite_class">heights_topper_2</str>
						<int id="z">90</int>
						<int id="w">214</int>
						<int id="h">63</int>
					</object>
					<object id="mound_modular_1a_al1_1318025299104">
						<str id="name">mound_modular_1a_al1_1318022374444</str>
						<int id="y">653</int>
						<int id="x">1783</int>
						<str id="sprite_class">mound_modular_1a_al1</str>
						<int id="z">4</int>
						<int id="w">541</int>
						<int id="h">266</int>
					</object>
					<object id="heights_topper_2_1318025299096">
						<str id="name">heights_topper_2_1318025299086</str>
						<int id="y">593</int>
						<int id="x">1471</int>
						<str id="sprite_class">heights_topper_2</str>
						<int id="z">51</int>
						<int id="w">214</int>
						<int id="h">63</int>
					</object>
					<object id="cave_large_rock_2_1319136229789">
						<str id="name">cave_large_rock_2_1319136229766</str>
						<int id="y">364</int>
						<int id="x">1776</int>
						<str id="sprite_class">cave_large_rock_2</str>
						<int id="z">111</int>
						<int id="w">257</int>
						<int id="h">660</int>
						<int id="r">-2</int>
					</object>
					<object id="heights_mound_3_1318023473276">
						<str id="name">heights_mound_3_1318023473239</str>
						<int id="y">1327</int>
						<int id="x">311</int>
						<str id="sprite_class">heights_mound_3</str>
						<int id="z">11</int>
						<int id="w">498</int>
						<int id="h">189</int>
					</object>
					<object id="mound_modular_1a_al1_1318023473271">
						<str id="name">mound_modular_1a_al1_1318022374444</str>
						<int id="y">668</int>
						<int id="x">655</int>
						<str id="sprite_class">mound_modular_1a_al1</str>
						<int id="z">16</int>
						<int id="w">452</int>
						<int id="h">222</int>
					</object>
					<object id="mound_modular_1a_al1_1319136229759">
						<str id="name">mound_modular_1a_al1_1318022374444</str>
						<int id="y">430</int>
						<int id="x">2048</int>
						<str id="sprite_class">mound_modular_1a_al1</str>
						<int id="z">7</int>
						<int id="w">541</int>
						<int id="h">266</int>
					</object>
					<object id="heights_topper_2_1319136229817">
						<str id="name">heights_topper_2_1318025299086</str>
						<int id="y">642</int>
						<int id="x">3663</int>
						<str id="sprite_class">heights_topper_2</str>
						<int id="z">87</int>
						<int id="w">214</int>
						<int id="h">63</int>
					</object>
					<object id="heights_topper_2_1334183250662">
						<str id="name">heights_topper_2_1318025299086</str>
						<int id="y">389</int>
						<int id="x">973</int>
						<str id="sprite_class">heights_topper_2</str>
						<int id="z">119</int>
						<int id="w">214</int>
						<int id="h">63</int>
					</object>
					<object id="heights_topper_2_1318025299102">
						<str id="name">heights_topper_2_1318025299086</str>
						<int id="y">596</int>
						<int id="x">3177</int>
						<str id="sprite_class">heights_topper_2</str>
						<int id="z">57</int>
						<int id="w">214</int>
						<int id="h">63</int>
						<int id="r">3</int>
					</object>
					<object id="heights_mound_3_1318023473268">
						<str id="name">heights_mound_3_1318023473239</str>
						<int id="y">833</int>
						<int id="x">2766</int>
						<str id="sprite_class">heights_mound_3</str>
						<int id="z">23</int>
						<int id="w">731</int>
						<int id="h">277</int>
					</object>
					<object id="heights_topper_2_1330392363063">
						<str id="name">heights_topper_2_1318025299086</str>
						<int id="y">66</int>
						<int id="x">3032</int>
						<str id="sprite_class">heights_topper_2</str>
						<int id="z">71</int>
						<int id="w">197</int>
						<int id="h">57</int>
					</object>
					<object id="heights_topper_2_1318025299136">
						<str id="name">heights_topper_2_1318025299086</str>
						<int id="y">661</int>
						<int id="x">242</int>
						<str id="sprite_class">heights_topper_2</str>
						<int id="z">42</int>
						<int id="w">214</int>
						<int id="h">63</int>
						<int id="r">-8</int>
					</object>
					<object id="heights_topper_2_1318025299138">
						<str id="name">heights_topper_2_1318025299086</str>
						<int id="y">639</int>
						<int id="x">1539</int>
						<str id="sprite_class">heights_topper_2</str>
						<int id="z">99</int>
						<int id="w">214</int>
						<int id="h">63</int>
					</object>
					<object id="heights_topper_2_1318025299095">
						<str id="name">heights_topper_2_1318025299086</str>
						<int id="y">581</int>
						<int id="x">1317</int>
						<str id="sprite_class">heights_topper_2</str>
						<int id="z">49</int>
						<int id="w">214</int>
						<int id="h">63</int>
					</object>
					<object id="heights_topper_2_1319152337598">
						<str id="name">heights_topper_2_1318025299086</str>
						<int id="y">586</int>
						<int id="x">231</int>
						<str id="sprite_class">heights_topper_2</str>
						<int id="z">43</int>
						<int id="w">214</int>
						<int id="h">63</int>
						<int id="r">-8</int>
					</object>
					<object id="heights_topper_2_1318025299144">
						<str id="name">heights_topper_2_1318025299086</str>
						<int id="y">660</int>
						<int id="x">1073</int>
						<str id="sprite_class">heights_topper_2</str>
						<int id="z">37</int>
						<int id="w">214</int>
						<int id="h">63</int>
					</object>
					<object id="mound_modular_1a_al1_1318025299106">
						<str id="name">mound_modular_1a_al1_1318022374444</str>
						<int id="y">716</int>
						<int id="x">3029</int>
						<str id="sprite_class">mound_modular_1a_al1</str>
						<int id="z">3</int>
						<int id="w">541</int>
						<int id="h">266</int>
					</object>
					<object id="heights_mound_3_1318023473266">
						<str id="name">heights_mound_3_1318023473239</str>
						<int id="y">883</int>
						<int id="x">3717</int>
						<str id="sprite_class">heights_mound_3</str>
						<int id="z">25</int>
						<int id="w">731</int>
						<int id="h">277</int>
					</object>
					<object id="heights_topper_2_1318355220601">
						<str id="name">heights_topper_2_1318025299086</str>
						<int id="y">623</int>
						<int id="x">3563</int>
						<str id="sprite_class">heights_topper_2</str>
						<int id="z">86</int>
						<int id="w">214</int>
						<int id="h">63</int>
					</object>
					<object id="heights_topper_2_1318025299119">
						<str id="name">heights_topper_2_1318025299086</str>
						<int id="y">682</int>
						<int id="x">2681</int>
						<str id="sprite_class">heights_topper_2</str>
						<int id="z">82</int>
						<int id="w">214</int>
						<int id="h">63</int>
					</object>
					<object id="heights_topper_2_1330392363060">
						<str id="name">heights_topper_2_1318025299086</str>
						<int id="y">55</int>
						<int id="x">3355</int>
						<str id="sprite_class">heights_topper_2</str>
						<int id="z">68</int>
						<int id="w">197</int>
						<int id="h">57</int>
					</object>
					<object id="heights_topper_2_1318025299100">
						<str id="name">heights_topper_2_1318025299086</str>
						<int id="y">623</int>
						<int id="x">2723</int>
						<str id="sprite_class">heights_topper_2</str>
						<int id="z">55</int>
						<int id="w">214</int>
						<int id="h">63</int>
						<int id="r">3</int>
					</object>
					<object id="heights_topper_2_1318025299113">
						<str id="name">heights_topper_2_1318025299086</str>
						<int id="y">630</int>
						<int id="x">2169</int>
						<str id="sprite_class">heights_topper_2</str>
						<int id="z">76</int>
						<int id="w">214</int>
						<int id="h">63</int>
					</object>
					<object id="cave_large_rock_2_1319136229787">
						<str id="name">cave_large_rock_2_1319136229766</str>
						<int id="y">597</int>
						<int id="x">2094</int>
						<str id="sprite_class">cave_large_rock_2</str>
						<int id="z">114</int>
						<int id="w">257</int>
						<int id="h">660</int>
						<int id="r">-2</int>
					</object>
					<object id="mound_modular_1a_al1_1318025299152">
						<str id="name">mound_modular_1a_al1_1318022374444</str>
						<int id="y">658</int>
						<int id="x">3628</int>
						<str id="sprite_class">mound_modular_1a_al1</str>
						<int id="z">61</int>
						<int id="w">541</int>
						<int id="h">266</int>
					</object>
					<object id="heights_topper_2_1318025299090">
						<str id="name">heights_topper_2_1318025299086</str>
						<int id="y">605</int>
						<int id="x">2273</int>
						<str id="sprite_class">heights_topper_2</str>
						<int id="z">28</int>
						<int id="w">214</int>
						<int id="h">63</int>
					</object>
					<object id="mound_modular_1a_al1_1319136229757">
						<str id="name">mound_modular_1a_al1_1318022374444</str>
						<int id="y">504</int>
						<int id="x">1929</int>
						<str id="sprite_class">mound_modular_1a_al1</str>
						<int id="z">5</int>
						<int id="w">541</int>
						<int id="h">266</int>
					</object>
					<object id="heights_topper_2_1318025299137">
						<str id="name">heights_topper_2_1318025299086</str>
						<int id="y">629</int>
						<int id="x">1348</int>
						<str id="sprite_class">heights_topper_2</str>
						<int id="z">47</int>
						<int id="w">214</int>
						<int id="h">63</int>
					</object>
					<object id="heights_topper_2_1318025299125">
						<str id="name">heights_topper_2_1318025299086</str>
						<int id="y">689</int>
						<int id="x">3126</int>
						<str id="sprite_class">heights_topper_2</str>
						<int id="z">93</int>
						<int id="w">214</int>
						<int id="h">63</int>
						<int id="r">6</int>
					</object>
					<object id="heights_topper_2_1330392363049">
						<str id="name">heights_topper_2_1318025299086</str>
						<int id="y">425</int>
						<int id="x">3962</int>
						<str id="sprite_class">heights_topper_2</str>
						<int id="z">73</int>
						<int id="w">214</int>
						<int id="h">63</int>
					</object>
					<object id="cave_crystal_6_1319147598331">
						<str id="name">cave_crystal_6_1319147598331</str>
						<int id="y">565</int>
						<int id="x">2437</int>
						<str id="sprite_class">cave_crystal_6</str>
						<int id="z">116</int>
						<int id="w">281</int>
						<int id="h">305</int>
					</object>
					<object id="heights_topper_1_1319136229763">
						<str id="name">heights_topper_1_1318025299174</str>
						<int id="y">579</int>
						<int id="x">1927</int>
						<str id="sprite_class">heights_topper_1</str>
						<int id="z">104</int>
						<int id="w">269</int>
						<int id="h">69</int>
						<int id="r">15</int>
					</object>
					<object id="heights_topper_2_1318025299131">
						<str id="name">heights_topper_2_1318025299086</str>
						<int id="y">707</int>
						<int id="x">3946</int>
						<str id="sprite_class">heights_topper_2</str>
						<int id="z">98</int>
						<int id="w">214</int>
						<int id="h">63</int>
					</object>
					<object id="heights_topper_2_1318025299092">
						<str id="name">heights_topper_2_1318025299086</str>
						<int id="y">624</int>
						<int id="x">867</int>
						<str id="sprite_class">heights_topper_2</str>
						<int id="z">35</int>
						<int id="w">214</int>
						<int id="h">63</int>
					</object>
					<object id="heights_topper_1_1334183250660">
						<str id="name">heights_topper_1_1334183250659</str>
						<int id="y">510</int>
						<int id="x">707</int>
						<str id="sprite_class">heights_topper_1</str>
						<int id="z">117</int>
						<int id="w">269</int>
						<int id="h">69</int>
						<int id="r">5</int>
					</object>
					<object id="heights_mound_3_1318023473267">
						<str id="name">heights_mound_3_1318023473239</str>
						<int id="y">816</int>
						<int id="x">3258</int>
						<str id="sprite_class">heights_mound_3</str>
						<int id="z">24</int>
						<int id="w">731</int>
						<int id="h">277</int>
					</object>
					<object id="heights_topper_1_1318025299175">
						<str id="name">heights_topper_1_1318025299174</str>
						<int id="y">566</int>
						<int id="x">1497</int>
						<str id="sprite_class">heights_topper_1</str>
						<int id="z">107</int>
						<int id="w">269</int>
						<int id="h">69</int>
						<int id="r">10</int>
					</object>
					<object id="heights_topper_2_1318025299124">
						<str id="name">heights_topper_2_1318025299086</str>
						<int id="y">651</int>
						<int id="x">3367</int>
						<str id="sprite_class">heights_topper_2</str>
						<int id="z">92</int>
						<int id="w">214</int>
						<int id="h">63</int>
					</object>
					<object id="mound_modular_1a_al1_1318025299153">
						<str id="name">mound_modular_1a_al1_1318022374444</str>
						<int id="y">660</int>
						<int id="x">3933</int>
						<str id="sprite_class">mound_modular_1a_al1</str>
						<int id="z">62</int>
						<int id="w">541</int>
						<int id="h">266</int>
					</object>
					<object id="heights_topper_2_1318025299123">
						<str id="name">heights_topper_2_1318025299086</str>
						<int id="y">649</int>
						<int id="x">3166</int>
						<str id="sprite_class">heights_topper_2</str>
						<int id="z">91</int>
						<int id="w">214</int>
						<int id="h">63</int>
					</object>
					<object id="heights_topper_2_1318025299129">
						<str id="name">heights_topper_2_1318025299086</str>
						<int id="y">690</int>
						<int id="x">3710</int>
						<str id="sprite_class">heights_topper_2</str>
						<int id="z">96</int>
						<int id="w">214</int>
						<int id="h">63</int>
					</object>
					<object id="heights_topper_2_1318025299135">
						<str id="name">heights_topper_2_1318025299086</str>
						<int id="y">661</int>
						<int id="x">42</int>
						<str id="sprite_class">heights_topper_2</str>
						<int id="z">41</int>
						<int id="w">214</int>
						<int id="h">63</int>
					</object>
					<object id="heights_topper_2_1318025299118">
						<str id="name">heights_topper_2_1318025299086</str>
						<int id="y">665</int>
						<int id="x">2562</int>
						<str id="sprite_class">heights_topper_2</str>
						<int id="z">81</int>
						<int id="w">214</int>
						<int id="h">63</int>
					</object>
					<object id="heights_topper_2_1318025299103">
						<str id="name">heights_topper_2_1318025299086</str>
						<int id="y">624</int>
						<int id="x">3018</int>
						<str id="sprite_class">heights_topper_2</str>
						<int id="z">58</int>
						<int id="w">214</int>
						<int id="h">63</int>
						<int id="r">3</int>
					</object>
					<object id="heights_topper_2_1318025299127">
						<str id="name">heights_topper_2_1318025299086</str>
						<int id="y">690</int>
						<int id="x">3278</int>
						<str id="sprite_class">heights_topper_2</str>
						<int id="z">94</int>
						<int id="w">214</int>
						<int id="h">63</int>
					</object>
					<object id="heights_mound_3_1318023473269">
						<str id="name">heights_mound_3_1318023473239</str>
						<int id="y">820</int>
						<int id="x">2360</int>
						<str id="sprite_class">heights_mound_3</str>
						<int id="z">22</int>
						<int id="w">731</int>
						<int id="h">277</int>
					</object>
					<object id="heights_topper_1_1318025299176">
						<str id="name">heights_topper_1_1318025299174</str>
						<int id="y">662</int>
						<int id="x">1642</int>
						<str id="sprite_class">heights_topper_1</str>
						<int id="z">108</int>
						<int id="w">269</int>
						<int id="h">69</int>
						<int id="r">10</int>
					</object>
					<object id="mound_modular_1a_al1_1318025299146">
						<str id="name">mound_modular_1a_al1_1318022374444</str>
						<int id="y">681</int>
						<int id="x">885</int>
						<str id="sprite_class">mound_modular_1a_al1</str>
						<int id="z">17</int>
						<int id="w">492</int>
						<int id="h">241</int>
						<bool id="h_flip">true</bool>
					</object>
					<object id="heights_topper_2_1318025299091">
						<str id="name">heights_topper_2_1318025299086</str>
						<int id="y">643</int>
						<int id="x">702</int>
						<str id="sprite_class">heights_topper_2</str>
						<int id="z">29</int>
						<int id="w">214</int>
						<int id="h">63</int>
					</object>
					<object id="heights_topper_2_1318025299107">
						<str id="name">heights_topper_2_1318025299086</str>
						<int id="y">605</int>
						<int id="x">29</int>
						<str id="sprite_class">heights_topper_2</str>
						<int id="z">30</int>
						<int id="w">214</int>
						<int id="h">63</int>
					</object>
					<object id="cave_large_rock_1_1319136229785">
						<str id="name">cave_large_rock_1_1319136229768</str>
						<int id="y">593</int>
						<int id="x">1579</int>
						<str id="sprite_class">cave_large_rock_1</str>
						<int id="z">115</int>
						<int id="w">220</int>
						<int id="h">553</int>
					</object>
					<object id="heights_topper_2_1330392363062">
						<str id="name">heights_topper_2_1318025299086</str>
						<int id="y">60</int>
						<int id="x">3127</int>
						<str id="sprite_class">heights_topper_2</str>
						<int id="z">70</int>
						<int id="w">197</int>
						<int id="h">57</int>
						<bool id="h_flip">true</bool>
					</object>
					<object id="heights_topper_2_1318025299121">
						<str id="name">heights_topper_2_1318025299086</str>
						<int id="y">685</int>
						<int id="x">2961</int>
						<str id="sprite_class">heights_topper_2</str>
						<int id="z">84</int>
						<int id="w">214</int>
						<int id="h">63</int>
						<int id="r">6</int>
					</object>
					<object id="heights_topper_2_1319152337599">
						<str id="name">heights_topper_2_1318025299086</str>
						<int id="y">593</int>
						<int id="x">305</int>
						<str id="sprite_class">heights_topper_2</str>
						<int id="z">44</int>
						<int id="w">214</int>
						<int id="h">63</int>
						<int id="r">2</int>
					</object>
					<object id="heights_topper_2_1318025299116">
						<str id="name">heights_topper_2_1318025299086</str>
						<int id="y">653</int>
						<int id="x">2342</int>
						<str id="sprite_class">heights_topper_2</str>
						<int id="z">79</int>
						<int id="w">214</int>
						<int id="h">63</int>
					</object>
					<object id="heights_topper_2_1334168419270">
						<str id="name">heights_topper_2_1318025299086</str>
						<int id="y">45</int>
						<int id="x">3468</int>
						<str id="sprite_class">heights_topper_2</str>
						<int id="z">0</int>
						<int id="w">197</int>
						<int id="h">57</int>
					</object>
					<object id="heights_topper_2_1318025299117">
						<str id="name">heights_topper_2_1318025299086</str>
						<int id="y">629</int>
						<int id="x">2442</int>
						<str id="sprite_class">heights_topper_2</str>
						<int id="z">80</int>
						<int id="w">214</int>
						<int id="h">63</int>
					</object>
					<object id="heights_mound_3_1318023473270">
						<str id="name">heights_mound_3_1318023473239</str>
						<int id="y">881</int>
						<int id="x">21</int>
						<str id="sprite_class">heights_mound_3</str>
						<int id="z">20</int>
						<int id="w">731</int>
						<int id="h">277</int>
					</object>
					<object id="heights_topper_2_1334168419272">
						<str id="name">heights_topper_2_1318025299086</str>
						<int id="y">43</int>
						<int id="x">3096</int>
						<str id="sprite_class">heights_topper_2</str>
						<int id="z">2</int>
						<int id="w">197</int>
						<int id="h">57</int>
						<int id="r">-5</int>
					</object>
					<object id="heights_topper_2_1318025299139">
						<str id="name">heights_topper_2_1318025299086</str>
						<int id="y">649</int>
						<int id="x">1768</int>
						<str id="sprite_class">heights_topper_2</str>
						<int id="z">100</int>
						<int id="w">214</int>
						<int id="h">63</int>
					</object>
					<object id="heights_topper_1_1334183250661">
						<str id="name">heights_topper_1_1334183250659</str>
						<int id="y">392</int>
						<int id="x">963</int>
						<str id="sprite_class">heights_topper_1</str>
						<int id="z">118</int>
						<int id="w">218</int>
						<int id="h">69</int>
						<int id="r">5</int>
					</object>
					<object id="heights_topper_2_1334168419271">
						<str id="name">heights_topper_2_1318025299086</str>
						<int id="y">37</int>
						<int id="x">3251</int>
						<str id="sprite_class">heights_topper_2</str>
						<int id="z">1</int>
						<int id="w">197</int>
						<int id="h">57</int>
					</object>
					<object id="mound_modular_1a_al1_1319136229761">
						<str id="name">mound_modular_1a_al1_1318022374444</str>
						<int id="y">466</int>
						<int id="x">2337</int>
						<str id="sprite_class">mound_modular_1a_al1</str>
						<int id="z">9</int>
						<int id="w">541</int>
						<int id="h">266</int>
					</object>
					<object id="heights_topper_2_1330392363061">
						<str id="name">heights_topper_2_1318025299086</str>
						<int id="y">65</int>
						<int id="x">3237</int>
						<str id="sprite_class">heights_topper_2</str>
						<int id="z">69</int>
						<int id="w">197</int>
						<int id="h">57</int>
					</object>
					<object id="heights_topper_2_1318025299172">
						<str id="name">heights_topper_2_1318025299086</str>
						<int id="y">581</int>
						<int id="x">1185</int>
						<str id="sprite_class">heights_topper_2</str>
						<int id="z">50</int>
						<int id="w">214</int>
						<int id="h">63</int>
					</object>
					<object id="heights_topper_2_1318025299098">
						<str id="name">heights_topper_2_1318025299086</str>
						<int id="y">625</int>
						<int id="x">1757</int>
						<str id="sprite_class">heights_topper_2</str>
						<int id="z">53</int>
						<int id="w">214</int>
						<int id="h">63</int>
						<int id="r">3</int>
					</object>
					<object id="heights_topper_2_1318025299140">
						<str id="name">heights_topper_2_1318025299086</str>
						<int id="y">693</int>
						<int id="x">3452</int>
						<str id="sprite_class">heights_topper_2</str>
						<int id="z">101</int>
						<int id="w">214</int>
						<int id="h">63</int>
						<int id="r">6</int>
					</object>
					<object id="mound_modular_1a_al1_1318959201275">
						<str id="name">mound_modular_1a_al1_1318022374444</str>
						<int id="y">655</int>
						<int id="x">1142</int>
						<str id="sprite_class">mound_modular_1a_al1</str>
						<int id="z">18</int>
						<int id="w">492</int>
						<int id="h">241</int>
						<bool id="h_flip">true</bool>
					</object>
					<object id="heights_topper_2_1318025299108">
						<str id="name">heights_topper_2_1318025299086</str>
						<int id="y">628</int>
						<int id="x">160</int>
						<str id="sprite_class">heights_topper_2</str>
						<int id="z">31</int>
						<int id="w">214</int>
						<int id="h">63</int>
					</object>
					<object id="heights_topper_2_1318025299112">
						<str id="name">heights_topper_2_1318025299086</str>
						<int id="y">649</int>
						<int id="x">2057</int>
						<str id="sprite_class">heights_topper_2</str>
						<int id="z">75</int>
						<int id="w">214</int>
						<int id="h">63</int>
					</object>
					<object id="heights_topper_2_1330392363050">
						<str id="name">heights_topper_2_1318025299086</str>
						<int id="y">519</int>
						<int id="x">3588</int>
						<str id="sprite_class">heights_topper_2</str>
						<int id="z">74</int>
						<int id="w">214</int>
						<int id="h">63</int>
						<bool id="h_flip">true</bool>
					</object>
					<object id="heights_topper_2_1318025299101">
						<str id="name">heights_topper_2_1318025299086</str>
						<int id="y">651</int>
						<int id="x">2845</int>
						<str id="sprite_class">heights_topper_2</str>
						<int id="z">56</int>
						<int id="w">214</int>
						<int id="h">63</int>
						<int id="r">3</int>
					</object>
					<object id="mound_modular_1a_al1_1318025299105">
						<str id="name">mound_modular_1a_al1_1318022374444</str>
						<int id="y">595</int>
						<int id="x">2767</int>
						<str id="sprite_class">mound_modular_1a_al1</str>
						<int id="z">60</int>
						<int id="w">416</int>
						<int id="h">205</int>
					</object>
					<object id="heights_topper_2_1318025299094">
						<str id="name">heights_topper_2_1318025299086</str>
						<int id="y">627</int>
						<int id="x">1155</int>
						<str id="sprite_class">heights_topper_2</str>
						<int id="z">48</int>
						<int id="w">214</int>
						<int id="h">63</int>
					</object>
					<object id="heights_topper_2_1318025299132">
						<str id="name">heights_topper_2_1318025299086</str>
						<int id="y">673</int>
						<int id="x">747</int>
						<str id="sprite_class">heights_topper_2</str>
						<int id="z">38</int>
						<int id="w">214</int>
						<int id="h">63</int>
					</object>
					<object id="heights_topper_2_1318025299093">
						<str id="name">heights_topper_2_1318025299086</str>
						<int id="y">606</int>
						<int id="x">1052</int>
						<str id="sprite_class">heights_topper_2</str>
						<int id="z">46</int>
						<int id="w">214</int>
						<int id="h">63</int>
						<int id="r">-8</int>
					</object>
					<object id="heights_topper_2_1318025299122">
						<str id="name">heights_topper_2_1318025299086</str>
						<int id="y">608</int>
						<int id="x">3310</int>
						<str id="sprite_class">heights_topper_2</str>
						<int id="z">85</int>
						<int id="w">214</int>
						<int id="h">63</int>
					</object>
					<object id="heights_topper_2_1318025299143">
						<str id="name">heights_topper_2_1318025299086</str>
						<int id="y">668</int>
						<int id="x">935</int>
						<str id="sprite_class">heights_topper_2</str>
						<int id="z">36</int>
						<int id="w">214</int>
						<int id="h">63</int>
					</object>
					<object id="heights_topper_2_1318025299115">
						<str id="name">heights_topper_2_1318025299086</str>
						<int id="y">677</int>
						<int id="x">2216</int>
						<str id="sprite_class">heights_topper_2</str>
						<int id="z">78</int>
						<int id="w">214</int>
						<int id="h">63</int>
					</object>
					<object id="heights_mound_3_1319147598334">
						<str id="name">heights_mound_3_1318023473239</str>
						<int id="y">873</int>
						<int id="x">498</int>
						<str id="sprite_class">heights_mound_3</str>
						<int id="z">21</int>
						<int id="w">731</int>
						<int id="h">277</int>
					</object>
					<object id="mound_modular_1a_al1_1318025299154">
						<str id="name">mound_modular_1a_al1_1318022374444</str>
						<int id="y">500</int>
						<int id="x">3776</int>
						<str id="sprite_class">mound_modular_1a_al1</str>
						<int id="z">63</int>
						<int id="w">541</int>
						<int id="h">266</int>
					</object>
					<object id="heights_topper_2_1318025299134">
						<str id="name">heights_topper_2_1318025299086</str>
						<int id="y">679</int>
						<int id="x">386</int>
						<str id="sprite_class">heights_topper_2</str>
						<int id="z">40</int>
						<int id="w">214</int>
						<int id="h">63</int>
					</object>
					<object id="heights_topper_2_1318025299088">
						<str id="name">heights_topper_2_1318025299086</str>
						<int id="y">584</int>
						<int id="x">2464</int>
						<str id="sprite_class">heights_topper_2</str>
						<int id="z">26</int>
						<int id="w">214</int>
						<int id="h">63</int>
					</object>
					<object id="heights_topper_2_1319136229818">
						<str id="name">heights_topper_2_1318025299086</str>
						<int id="y">649</int>
						<int id="x">3785</int>
						<str id="sprite_class">heights_topper_2</str>
						<int id="z">88</int>
						<int id="w">214</int>
						<int id="h">63</int>
					</object>
					<object id="mound_modular_1a_al1_1319136229760">
						<str id="name">mound_modular_1a_al1_1318022374444</str>
						<int id="y">613</int>
						<int id="x">2488</int>
						<str id="sprite_class">mound_modular_1a_al1</str>
						<int id="z">8</int>
						<int id="w">541</int>
						<int id="h">266</int>
					</object>
					<object id="heights_topper_2_1318025299120">
						<str id="name">heights_topper_2_1318025299086</str>
						<int id="y">696</int>
						<int id="x">2819</int>
						<str id="sprite_class">heights_topper_2</str>
						<int id="z">83</int>
						<int id="w">214</int>
						<int id="h">63</int>
					</object>
					<object id="heights_topper_2_1318025299109">
						<str id="name">heights_topper_2_1318025299086</str>
						<int id="y">621</int>
						<int id="x">291</int>
						<str id="sprite_class">heights_topper_2</str>
						<int id="z">32</int>
						<int id="w">214</int>
						<int id="h">63</int>
						<int id="r">10</int>
					</object>
					<object id="heights_topper_2_1318025299089">
						<str id="name">heights_topper_2_1318025299086</str>
						<int id="y">611</int>
						<int id="x">2597</int>
						<str id="sprite_class">heights_topper_2</str>
						<int id="z">27</int>
						<int id="w">214</int>
						<int id="h">63</int>
					</object>
					<object id="heights_topper_1_1318355220598">
						<str id="name">heights_topper_1_1318025299174</str>
						<int id="y">583</int>
						<int id="x">2112</int>
						<str id="sprite_class">heights_topper_1</str>
						<int id="z">103</int>
						<int id="w">269</int>
						<int id="h">69</int>
						<int id="r">15</int>
					</object>
					<object id="heights_topper_2_1330392363058">
						<str id="name">heights_topper_2_1318025299086</str>
						<int id="y">58</int>
						<int id="x">3574</int>
						<str id="sprite_class">heights_topper_2</str>
						<int id="z">67</int>
						<int id="w">197</int>
						<int id="h">57</int>
					</object>
					<object id="heights_topper_2_1319136229819">
						<str id="name">heights_topper_2_1318025299086</str>
						<int id="y">641</int>
						<int id="x">3943</int>
						<str id="sprite_class">heights_topper_2</str>
						<int id="z">89</int>
						<int id="w">214</int>
						<int id="h">63</int>
					</object>
					<object id="heights_topper_1_1318025299174">
						<str id="name">heights_topper_1_1318025299174</str>
						<int id="y">585</int>
						<int id="x">1738</int>
						<str id="sprite_class">heights_topper_1</str>
						<int id="z">102</int>
						<int id="w">269</int>
						<int id="h">69</int>
						<int id="r">1</int>
					</object>
					<object id="heights_topper_2_1318025299133">
						<str id="name">heights_topper_2_1318025299086</str>
						<int id="y">687</int>
						<int id="x">581</int>
						<str id="sprite_class">heights_topper_2</str>
						<int id="z">39</int>
						<int id="w">214</int>
						<int id="h">63</int>
						<int id="r">-8</int>
					</object>
				</object>
				<object id="filtersNEW">
					<object id="tintAmount">
						<int id="value">72</int>
					</object>
					<object id="contrast">
						<int id="value">100</int>
					</object>
					<object id="saturation">
						<int id="value">21</int>
					</object>
					<object id="tintColor">
						<int id="value">6689536</int>
					</object>
					<object id="brightness">
						<int id="value">55</int>
					</object>
				</object>
				<int id="h">750</int>
				<int id="z">-1</int>
			</object>
			<object id="T_1319136229802">
				<int id="w">3520</int>
				<str id="name">flames</str>
				<object id="decos">
					<object id="cloud_fluffy_1_1319136229814">
						<str id="name">cloud_fluffy_1_1319136229813</str>
						<int id="y">544</int>
						<int id="x">2347</int>
						<str id="sprite_class">cloud_fluffy_1</str>
						<int id="z">8</int>
						<int id="w">667</int>
						<int id="h">250</int>
					</object>
					<object id="steam_smallerburst_01_1319136229803">
						<str id="name">steam_smallerburst_01_1318023473328</str>
						<int id="y">837</int>
						<int id="x">1217</int>
						<str id="sprite_class">steam_smallerburst_01</str>
						<int id="z">0</int>
						<int id="w">465</int>
						<bool id="animated">true</bool>
						<int id="h">979</int>
					</object>
					<object id="cloud_fluffy_1_1319136229815">
						<str id="name">cloud_fluffy_1_1319136229813</str>
						<int id="y">681</int>
						<int id="x">2985</int>
						<str id="sprite_class">cloud_fluffy_1</str>
						<int id="z">9</int>
						<int id="w">667</int>
						<int id="h">250</int>
					</object>
					<object id="steam_smallerburst_01_1319136229805">
						<str id="name">steam_smallerburst_01_1318023473328</str>
						<int id="y">777</int>
						<int id="x">118</int>
						<str id="sprite_class">steam_smallerburst_01</str>
						<int id="z">2</int>
						<int id="w">465</int>
						<bool id="animated">true</bool>
						<int id="h">979</int>
					</object>
					<object id="cloud_fluffy_1_1319136229813">
						<str id="name">cloud_fluffy_1_1319136229813</str>
						<int id="y">599</int>
						<int id="x">419</int>
						<str id="sprite_class">cloud_fluffy_1</str>
						<int id="z">7</int>
						<int id="w">667</int>
						<int id="h">250</int>
					</object>
					<object id="steam_smallerburst_01_1319136229806">
						<str id="name">steam_smallerburst_01_1318023473328</str>
						<int id="y">950</int>
						<int id="x">2816</int>
						<str id="sprite_class">steam_smallerburst_01</str>
						<int id="z">3</int>
						<int id="w">465</int>
						<bool id="animated">true</bool>
						<int id="h">979</int>
					</object>
				</object>
				<object id="filtersNEW">
					<object id="tintAmount">
						<int id="value">100</int>
					</object>
					<object id="saturation">
						<int id="value">100</int>
					</object>
					<object id="tintColor">
						<int id="value">16760576</int>
					</object>
					<object id="blur">
						<int id="value">10</int>
					</object>
				</object>
				<int id="h">750</int>
				<int id="z">-3</int>
			</object>
			<object id="T_1318025299148">
				<int id="w">4400</int>
				<str id="name">T_1318025299148</str>
				<object id="decos">
					<object id="cave_large_rock_1_1319147598332">
						<str id="name">cave_large_rock_1_1319136229768</str>
						<int id="y">804</int>
						<int id="x">62</int>
						<str id="sprite_class">cave_large_rock_1</str>
						<int id="z">15</int>
						<int id="w">152</int>
						<int id="h">429</int>
						<int id="r">-1</int>
					</object>
					<object id="cave_large_rock_2_1319136229771">
						<str id="name">cave_large_rock_2_1319136229766</str>
						<int id="y">-92</int>
						<int id="x">3808</int>
						<str id="sprite_class">cave_large_rock_2</str>
						<int id="z">4</int>
						<int id="w">148</int>
						<int id="h">353</int>
						<int id="r">178</int>
					</object>
					<object id="cave_large_rock_2_1319136229799">
						<str id="name">cave_large_rock_2_1319136229766</str>
						<int id="y">1048</int>
						<int id="x">1086</int>
						<str id="sprite_class">cave_large_rock_2</str>
						<int id="z">17</int>
						<int id="w">257</int>
						<int id="h">660</int>
						<int id="r">-3</int>
					</object>
					<object id="cave_large_rock_1_1319136229774">
						<str id="name">cave_large_rock_1_1319136229768</str>
						<int id="y">832</int>
						<int id="x">1414</int>
						<str id="sprite_class">cave_large_rock_1</str>
						<int id="z">10</int>
						<int id="w">191</int>
						<int id="h">539</int>
						<int id="r">-1</int>
					</object>
					<object id="cave_large_rock_1_1319136229772">
						<str id="name">cave_large_rock_1_1319136229768</str>
						<int id="y">-67</int>
						<int id="x">1438</int>
						<str id="sprite_class">cave_large_rock_1</str>
						<int id="z">8</int>
						<int id="w">162</int>
						<int id="h">407</int>
						<int id="r">180</int>
					</object>
					<object id="cave_large_rock_2_1319136229773">
						<str id="name">cave_large_rock_2_1319136229766</str>
						<int id="y">-113</int>
						<int id="x">1592</int>
						<str id="sprite_class">cave_large_rock_2</str>
						<int id="z">7</int>
						<int id="w">148</int>
						<int id="h">353</int>
						<int id="r">178</int>
					</object>
					<object id="cave_large_rock_1_1319136229793">
						<str id="name">cave_large_rock_1_1319136229768</str>
						<int id="y">879</int>
						<int id="x">659</int>
						<str id="sprite_class">cave_large_rock_1</str>
						<int id="z">14</int>
						<int id="w">152</int>
						<int id="h">429</int>
						<int id="r">-1</int>
					</object>
					<object id="cave_large_rock_1_1319136229768">
						<str id="name">cave_large_rock_1_1319136229768</str>
						<int id="y">869</int>
						<int id="x">2532</int>
						<str id="sprite_class">cave_large_rock_1</str>
						<int id="z">2</int>
						<int id="w">197</int>
						<int id="h">495</int>
					</object>
					<object id="cave_large_rock_1_1319136229769">
						<str id="name">cave_large_rock_1_1319136229768</str>
						<int id="y">-73</int>
						<int id="x">2811</int>
						<str id="sprite_class">cave_large_rock_1</str>
						<int id="z">3</int>
						<int id="w">197</int>
						<int id="h">495</int>
						<int id="r">180</int>
					</object>
					<object id="cave_large_rock_1_1319147598333">
						<str id="name">cave_large_rock_1_1319136229768</str>
						<int id="y">957</int>
						<int id="x">139</int>
						<str id="sprite_class">cave_large_rock_1</str>
						<int id="z">16</int>
						<int id="w">152</int>
						<int id="h">429</int>
						<int id="r">-1</int>
					</object>
					<object id="cave_large_rock_2_1330392363057">
						<str id="name">cave_large_rock_2_1319136229766</str>
						<int id="y">-23</int>
						<int id="x">4092</int>
						<str id="sprite_class">cave_large_rock_2</str>
						<int id="z">5</int>
						<int id="w">164</int>
						<int id="h">391</int>
						<int id="r">178</int>
					</object>
					<object id="cave_large_rock_2_1319136229794">
						<str id="name">cave_large_rock_2_1319136229766</str>
						<int id="y">849</int>
						<int id="x">793</int>
						<str id="sprite_class">cave_large_rock_2</str>
						<int id="z">13</int>
						<int id="w">175</int>
						<int id="h">449</int>
						<int id="r">-3</int>
					</object>
					<object id="cave_large_rock_2_1319136229777">
						<str id="name">cave_large_rock_2_1319136229766</str>
						<int id="y">848</int>
						<int id="x">3512</int>
						<str id="sprite_class">cave_large_rock_2</str>
						<int id="z">11</int>
						<int id="w">257</int>
						<int id="h">660</int>
						<int id="r">-3</int>
					</object>
					<object id="cave_large_rock_1_1319136229776">
						<str id="name">cave_large_rock_1_1319136229768</str>
						<int id="y">860</int>
						<int id="x">3613</int>
						<str id="sprite_class">cave_large_rock_1</str>
						<int id="z">12</int>
						<int id="w">191</int>
						<int id="h">539</int>
						<int id="r">-1</int>
					</object>
					<object id="cave_large_rock_1_1319136229770">
						<str id="name">cave_large_rock_1_1319136229768</str>
						<int id="y">-46</int>
						<int id="x">3654</int>
						<str id="sprite_class">cave_large_rock_1</str>
						<int id="z">6</int>
						<int id="w">162</int>
						<int id="h">407</int>
						<int id="r">180</int>
					</object>
					<object id="cave_large_rock_2_1319136229766">
						<str id="name">cave_large_rock_2_1319136229766</str>
						<int id="y">-95</int>
						<int id="x">2311</int>
						<str id="sprite_class">cave_large_rock_2</str>
						<int id="z">0</int>
						<int id="w">181</int>
						<int id="h">432</int>
						<int id="r">178</int>
					</object>
					<object id="cave_large_rock_1_1319136229798">
						<str id="name">cave_large_rock_1_1319136229768</str>
						<int id="y">942</int>
						<int id="x">1820</int>
						<str id="sprite_class">cave_large_rock_1</str>
						<int id="z">18</int>
						<int id="w">191</int>
						<int id="h">539</int>
						<int id="r">-1</int>
					</object>
					<object id="cave_large_rock_2_1319136229775">
						<str id="name">cave_large_rock_2_1319136229766</str>
						<int id="y">820</int>
						<int id="x">1313</int>
						<str id="sprite_class">cave_large_rock_2</str>
						<int id="z">9</int>
						<int id="w">257</int>
						<int id="h">660</int>
						<int id="r">-3</int>
					</object>
					<object id="cave_large_rock_2_1319136229767">
						<str id="name">cave_large_rock_2_1319136229766</str>
						<int id="y">-102</int>
						<int id="x">2925</int>
						<str id="sprite_class">cave_large_rock_2</str>
						<int id="z">1</int>
						<int id="w">181</int>
						<int id="h">432</int>
						<int id="r">178</int>
					</object>
				</object>
				<object id="filtersNEW">
					<object id="tintAmount">
						<int id="value">51</int>
					</object>
					<object id="contrast">
						<int id="value">100</int>
					</object>
					<object id="saturation">
						<int id="value">32</int>
					</object>
					<object id="tintColor">
						<int id="value">10027008</int>
					</object>
					<object id="brightness">
						<int id="value">-25</int>
					</object>
				</object>
				<int id="h">750</int>
				<int id="z">1</int>
			</object>
		</object>
		<int id="ground_y">-197</int>
		<null id="img_file_versioned"/>
		<str id="tsid">LA5RPAFK9OE28GN</str>
		<null id="loading_label"/>
		<str id="swf_file_versioned">http://c2.glitch.bz/locations/kukubee/1330398048.swf,http://c2.glitch.bz/locations/alpine_landscape/1342224074.swf,http://c2.glitch.bz/locations/zutto1/1345681433.swf,http://c2.glitch.bz/locations/groddle_arid/1328909397.swf,http://c2.glitch.bz/locations/leavens1/1322700959.swf</str>
		<int id="rookable_type">0</int>
		<null id="physics"/>
		<object id="gradient">
			<str id="top">360001</str>
			<str id="bottom">000000</str>
		</object>
		<object id="sources">
			<int id="LA5S44RM9OE2416">1</int>
			<int id="LDO4N2V13PE2CI2">1</int>
			<int id="LA5FPUNAI7P2NVF">1</int>
		</object>
		<str id="music_file"></str>
		<bool id="wall_jump">false</bool>
	</object>
</game_object>
