<game_object tsid="GA5T7SLLO3H2ERO" ts="1353373761447" label="Alecha Kolo" class_tsid="" lastUpdateTime="1353373758" upd_gs="gs8" load_time="2012-11-19 17:03:30.000" upd_time="2012-11-19 17:01:47.588">
	<object id="dynamic">
		<int id="l">-1000</int>
		<int id="r">1000</int>
		<int id="t">-1500</int>
		<int id="b">0</int>
		<str id="label">Alecha Kolo</str>
		<str id="swf_file">groddle1.swf</str>
		<object id="layers">
			<object id="T_1317326758263">
				<int id="w">1900</int>
				<str id="name">BG1</str>
				<object id="filtersNEW">
					<object id="brightness">
						<int id="value">-55</int>
					</object>
					<object id="tintAmount">
						<int id="value">19</int>
					</object>
					<object id="blur">
						<int id="value">3</int>
					</object>
					<object id="contrast">
						<int id="value">15</int>
					</object>
					<object id="tintColor">
						<int id="value">3342591</int>
					</object>
					<object id="saturation">
						<int id="value">-38</int>
					</object>
				</object>
				<object id="decos">
					<object id="stalagmite_3_1321667733440">
						<str id="name">stalagmite_3_1317326758394</str>
						<int id="y">917</int>
						<int id="x">94</int>
						<int id="z">20</int>
						<int id="w">116</int>
						<bool id="h_flip">true</bool>
						<int id="h">213</int>
						<str id="sprite_class">stalagmite_3</str>
					</object>
					<object id="cloud_fluffy_1_1317332702801">
						<str id="name">cloud_fluffy_1_1317332702799</str>
						<int id="y">1359</int>
						<int id="x">466</int>
						<int id="z">15</int>
						<int id="w">789</int>
						<int id="h">314</int>
						<str id="sprite_class">cloud_fluffy_1</str>
						<int id="r">-356</int>
					</object>
					<object id="stalagmite_3_1317332702824">
						<str id="name">stalagmite_3_1317326758394</str>
						<int id="y">754</int>
						<int id="x">857</int>
						<int id="z">16</int>
						<int id="w">135</int>
						<int id="h">304</int>
						<str id="sprite_class">stalagmite_3</str>
						<int id="r">180</int>
					</object>
					<object id="heights_face_1_1321667733437">
						<str id="name">heights_face_1_1317326758264</str>
						<int id="y">1189</int>
						<int id="x">-36</int>
						<int id="z">0</int>
						<int id="w">648</int>
						<int id="h">443</int>
						<str id="sprite_class">heights_face_1</str>
						<int id="r">33</int>
					</object>
					<object id="stalagmite_3_1317326758393">
						<str id="name">stalagmite_3_1317326758341</str>
						<int id="y">290</int>
						<int id="x">655</int>
						<int id="z">4</int>
						<int id="w">129</int>
						<int id="h">238</int>
						<str id="sprite_class">stalagmite_3</str>
						<int id="r">-1</int>
					</object>
					<object id="cloud_fluffy_2_1317332702793">
						<str id="name">cloud_fluffy_2_1317332702792</str>
						<int id="y">1591</int>
						<int id="x">1483</int>
						<int id="z">10</int>
						<int id="w">1330</int>
						<int id="h">506</int>
						<str id="sprite_class">cloud_fluffy_2</str>
					</object>
					<object id="cloud_fluffy_1_1317332702800">
						<str id="name">cloud_fluffy_1_1317332702799</str>
						<int id="y">937</int>
						<int id="x">294</int>
						<int id="z">9</int>
						<int id="w">985</int>
						<int id="h">321</int>
						<str id="sprite_class">cloud_fluffy_1</str>
					</object>
					<object id="stalagmite_3_1317332702796">
						<str id="name">stalagmite_3_1317326758394</str>
						<int id="y">432</int>
						<int id="x">361</int>
						<int id="z">11</int>
						<int id="w">92</int>
						<int id="h">146</int>
						<str id="sprite_class">stalagmite_3</str>
						<int id="r">180</int>
					</object>
					<object id="heights_face_1_1317326758381">
						<str id="name">heights_face_1_1317326758264</str>
						<int id="y">951</int>
						<int id="x">1543</int>
						<int id="z">7</int>
						<int id="w">648</int>
						<int id="h">443</int>
						<str id="sprite_class">heights_face_1</str>
						<int id="r">-37</int>
					</object>
					<object id="stalagmite_3_1317332702826">
						<str id="name">stalagmite_3_1317326758394</str>
						<int id="y">785</int>
						<int id="x">559</int>
						<int id="z">5</int>
						<int id="w">135</int>
						<int id="h">304</int>
						<str id="sprite_class">stalagmite_3</str>
						<int id="r">180</int>
					</object>
					<object id="stalagmite_3_1317332702802">
						<str id="name">stalagmite_3_1317326758341</str>
						<int id="y">470</int>
						<int id="x">1664</int>
						<int id="z">2</int>
						<int id="w">149</int>
						<int id="h">225</int>
						<str id="sprite_class">stalagmite_3</str>
						<int id="r">-1</int>
					</object>
					<object id="stalagmite_3_1317668567028">
						<str id="name">stalagmite_3_1317326758394</str>
						<int id="y">1503</int>
						<int id="x">652</int>
						<int id="z">18</int>
						<int id="w">227</int>
						<bool id="h_flip">true</bool>
						<int id="h">521</int>
						<str id="sprite_class">stalagmite_3</str>
					</object>
					<object id="stalagmite_3_1321667733439">
						<str id="name">stalagmite_3_1317326758394</str>
						<int id="y">919</int>
						<int id="x">44</int>
						<int id="z">19</int>
						<int id="w">144</int>
						<bool id="h_flip">true</bool>
						<int id="h">310</int>
						<str id="sprite_class">stalagmite_3</str>
					</object>
					<object id="stalagmite_3_1317332702825">
						<str id="name">stalagmite_3_1317326758394</str>
						<int id="y">774</int>
						<int id="x">944</int>
						<int id="z">17</int>
						<int id="w">135</int>
						<int id="h">229</int>
						<str id="sprite_class">stalagmite_3</str>
						<int id="r">180</int>
					</object>
					<object id="heights_face_1_1321667733438">
						<str id="name">heights_face_1_1317326758264</str>
						<int id="y">1305</int>
						<int id="x">31</int>
						<int id="z">1</int>
						<int id="w">648</int>
						<int id="h">443</int>
						<str id="sprite_class">heights_face_1</str>
						<int id="r">78</int>
					</object>
					<object id="stalagmite_3_1317332702798">
						<str id="name">stalagmite_3_1317326758394</str>
						<int id="y">473</int>
						<int id="x">443</int>
						<int id="z">13</int>
						<int id="w">92</int>
						<int id="h">146</int>
						<str id="sprite_class">stalagmite_3</str>
						<int id="r">180</int>
					</object>
					<object id="stalagmite_3_1317332702797">
						<str id="name">stalagmite_3_1317326758394</str>
						<int id="y">476</int>
						<int id="x">324</int>
						<int id="z">14</int>
						<int id="w">151</int>
						<int id="h">210</int>
						<str id="sprite_class">stalagmite_3</str>
						<int id="r">180</int>
					</object>
					<object id="heights_face_1_1317326758382">
						<str id="name">heights_face_1_1317326758264</str>
						<int id="y">786</int>
						<int id="x">1955</int>
						<int id="z">8</int>
						<int id="w">648</int>
						<int id="h">443</int>
						<str id="sprite_class">heights_face_1</str>
						<int id="r">-20</int>
					</object>
					<object id="stalagmite_3_1317332702795">
						<str id="name">stalagmite_3_1317326758394</str>
						<int id="y">435</int>
						<int id="x">242</int>
						<int id="z">12</int>
						<int id="w">151</int>
						<int id="h">210</int>
						<str id="sprite_class">stalagmite_3</str>
						<int id="r">180</int>
					</object>
					<object id="stalagmite_3_1317326758392">
						<str id="name">stalagmite_3_1317326758341</str>
						<int id="y">467</int>
						<int id="x">1764</int>
						<int id="z">3</int>
						<int id="w">194</int>
						<int id="h">360</int>
						<str id="sprite_class">stalagmite_3</str>
						<int id="r">-1</int>
					</object>
					<object id="stalagmite_3_1317668567027">
						<str id="name">stalagmite_3_1317326758394</str>
						<int id="y">1428</int>
						<int id="x">814</int>
						<int id="z">6</int>
						<int id="w">174</int>
						<bool id="h_flip">true</bool>
						<int id="h">399</int>
						<str id="sprite_class">stalagmite_3</str>
					</object>
				</object>
				<int id="h">1485</int>
				<int id="z">-1</int>
			</object>
			<object id="T_1317326758262">
				<int id="w">2200</int>
				<str id="name">foreground</str>
				<object id="filtersNEW">
					<object id="brightness">
						<int id="value">-82</int>
					</object>
					<object id="tintAmount">
						<int id="value">23</int>
					</object>
					<object id="contrast">
						<int id="value">1</int>
					</object>
					<object id="tintColor">
						<int id="value">3342591</int>
					</object>
					<object id="saturation">
						<int id="value">-14</int>
					</object>
				</object>
				<object id="decos">
					<object id="heights_mound_3_1321667733423">
						<str id="name">heights_mound_3_1317326758329</str>
						<int id="y">-174</int>
						<int id="x">680</int>
						<int id="z">21</int>
						<int id="w">565</int>
						<int id="h">232</int>
						<str id="sprite_class">heights_mound_3</str>
						<int id="r">-175</int>
					</object>
					<object id="stalagmite_1_1317326758338">
						<str id="name">stalagmite_1_1317326758338</str>
						<int id="y">1545</int>
						<int id="x">482</int>
						<int id="z">3</int>
						<int id="w">124</int>
						<int id="h">328</int>
						<str id="sprite_class">stalagmite_1</str>
					</object>
					<object id="heights_mound_3_1321667733418">
						<str id="name">heights_mound_3_1317326758329</str>
						<int id="y">-136</int>
						<int id="x">1193</int>
						<int id="z">19</int>
						<int id="w">565</int>
						<int id="h">232</int>
						<str id="sprite_class">heights_mound_3</str>
						<int id="r">-172</int>
					</object>
					<object id="stalagmite_3_1317326758345">
						<str id="name">stalagmite_3_1317326758341</str>
						<int id="y">-34</int>
						<int id="x">1433</int>
						<int id="z">9</int>
						<int id="w">273</int>
						<int id="h">412</int>
						<str id="sprite_class">stalagmite_3</str>
						<int id="r">-181</int>
					</object>
					<object id="alakol_water_rock_1_1317405990575">
						<str id="name">alakol_water_rock_1_1317405990574</str>
						<int id="y">1707</int>
						<int id="x">1442</int>
						<int id="z">14</int>
						<int id="w">345</int>
						<int id="h">280</int>
						<str id="sprite_class">alakol_water_rock_1</str>
					</object>
					<object id="heights_mound_3_1321667733422">
						<str id="name">heights_mound_3_1317326758329</str>
						<int id="y">-194</int>
						<int id="x">880</int>
						<int id="z">20</int>
						<int id="w">565</int>
						<int id="h">232</int>
						<str id="sprite_class">heights_mound_3</str>
						<int id="r">-178</int>
					</object>
					<object id="heights_mound_3_1321667733419">
						<str id="name">heights_mound_3_1317326758329</str>
						<int id="y">-84</int>
						<int id="x">1585</int>
						<int id="z">2</int>
						<int id="w">440</int>
						<int id="h">198</int>
						<str id="sprite_class">heights_mound_3</str>
						<int id="r">-191</int>
					</object>
					<object id="heights_mound_3_1321667733420">
						<str id="name">heights_mound_3_1317326758329</str>
						<int id="y">-69</int>
						<int id="x">1905</int>
						<int id="z">1</int>
						<int id="w">440</int>
						<int id="h">198</int>
						<str id="sprite_class">heights_mound_3</str>
						<int id="r">-164</int>
					</object>
					<object id="alakol_water_rock_2_1317405990576">
						<str id="name">alakol_water_rock_2_1317405990576</str>
						<int id="y">1622</int>
						<int id="x">1521</int>
						<int id="z">18</int>
						<int id="w">354</int>
						<int id="h">137</int>
						<str id="sprite_class">alakol_water_rock_2</str>
					</object>
					<object id="stalagmite_3_1317326758341">
						<str id="name">stalagmite_3_1317326758341</str>
						<int id="y">-147</int>
						<int id="x">1333</int>
						<int id="z">6</int>
						<int id="w">273</int>
						<int id="h">412</int>
						<str id="sprite_class">stalagmite_3</str>
						<int id="r">-181</int>
					</object>
					<object id="stalagmite_1_1317326758348">
						<str id="name">stalagmite_1_1317326758338</str>
						<int id="y">1767</int>
						<int id="x">1279</int>
						<int id="z">15</int>
						<int id="w">238</int>
						<int id="h">563</int>
						<str id="sprite_class">stalagmite_1</str>
					</object>
					<object id="stalagmite_1_1317326758343">
						<str id="name">stalagmite_1_1317326758343</str>
						<int id="y">-39</int>
						<int id="x">1562</int>
						<int id="z">7</int>
						<int id="w">124</int>
						<int id="h">328</int>
						<str id="sprite_class">stalagmite_1</str>
						<int id="r">180</int>
					</object>
					<object id="roots_ug_5_1317326758373">
						<str id="name">roots_ug_5_1317326758372</str>
						<int id="y">305</int>
						<int id="x">1225</int>
						<int id="z">16</int>
						<int id="w">94</int>
						<int id="h">299</int>
						<str id="sprite_class">roots_ug_5</str>
					</object>
					<object id="roots_ug_5_1317326758374">
						<str id="name">roots_ug_5_1317326758372</str>
						<int id="y">249</int>
						<int id="x">578</int>
						<int id="z">17</int>
						<int id="w">86</int>
						<int id="h">274</int>
						<str id="sprite_class">roots_ug_5</str>
					</object>
					<object id="stalagmite_1_1317326758346">
						<str id="name">stalagmite_1_1317326758338</str>
						<int id="y">1799</int>
						<int id="x">575</int>
						<int id="z">12</int>
						<int id="w">238</int>
						<int id="h">563</int>
						<str id="sprite_class">stalagmite_1</str>
					</object>
					<object id="stalagmite_1_1317326758349">
						<str id="name">stalagmite_1_1317326758338</str>
						<int id="y">1880</int>
						<int id="x">1222</int>
						<int id="z">13</int>
						<int id="w">238</int>
						<int id="h">563</int>
						<str id="sprite_class">stalagmite_1</str>
					</object>
					<object id="stalagmite_1_1317326758339">
						<str id="name">stalagmite_1_1317326758338</str>
						<int id="y">1710</int>
						<int id="x">940</int>
						<int id="z">4</int>
						<int id="w">238</int>
						<int id="h">563</int>
						<str id="sprite_class">stalagmite_1</str>
					</object>
					<object id="stalagmite_1_1317326758347">
						<str id="name">stalagmite_1_1317326758338</str>
						<int id="y">1985</int>
						<int id="x">524</int>
						<int id="z">11</int>
						<int id="w">238</int>
						<int id="h">563</int>
						<str id="sprite_class">stalagmite_1</str>
					</object>
					<object id="stalagmite_1_1317326758340">
						<str id="name">stalagmite_1_1317326758338</str>
						<int id="y">1904</int>
						<int id="x">1016</int>
						<int id="z">5</int>
						<int id="w">238</int>
						<int id="h">563</int>
						<str id="sprite_class">stalagmite_1</str>
					</object>
					<object id="heights_mound_3_1321667733421">
						<str id="name">heights_mound_3_1317326758329</str>
						<int id="y">-29</int>
						<int id="x">2070</int>
						<int id="z">0</int>
						<int id="w">440</int>
						<int id="h">198</int>
						<str id="sprite_class">heights_mound_3</str>
						<int id="r">-179</int>
					</object>
					<object id="stalagmite_1_1317326758344">
						<str id="name">stalagmite_1_1317326758343</str>
						<int id="y">-22</int>
						<int id="x">1991</int>
						<int id="z">10</int>
						<int id="w">124</int>
						<int id="h">328</int>
						<str id="sprite_class">stalagmite_1</str>
						<int id="r">180</int>
					</object>
					<object id="stalagmite_1_1317326758387">
						<str id="name">stalagmite_1_1317326758343</str>
						<int id="y">-146</int>
						<int id="x">1281</int>
						<int id="z">8</int>
						<int id="w">124</int>
						<int id="h">328</int>
						<str id="sprite_class">stalagmite_1</str>
						<int id="r">180</int>
					</object>
				</object>
				<int id="h">1545</int>
				<int id="z">1</int>
			</object>
			<object id="T_1317326758327">
				<int id="w">1840</int>
				<str id="name">SKY</str>
				<object id="filtersNEW">
					<object id="brightness">
						<int id="value">-100</int>
					</object>
					<object id="tintColor">
						<int id="value">0</int>
					</object>
					<object id="saturation">
						<int id="value">-31</int>
					</object>
				</object>
				<object id="decos">
					<object id="stalagmite_3_1317326758428">
						<str id="name">stalagmite_3_1317326758341</str>
						<int id="y">683</int>
						<int id="x">1319</int>
						<int id="z">6</int>
						<int id="w">149</int>
						<int id="h">225</int>
						<str id="sprite_class">stalagmite_3</str>
						<int id="r">-1</int>
					</object>
					<object id="cloud_fluffy_2_1317332702794">
						<str id="name">cloud_fluffy_2_1317332702792</str>
						<int id="y">72</int>
						<int id="x">1785</int>
						<int id="z">2</int>
						<int id="w">1236</int>
						<int id="h">365</int>
						<str id="sprite_class">cloud_fluffy_2</str>
						<int id="r">-180</int>
					</object>
					<object id="stalagmite_3_1317326758427">
						<str id="name">stalagmite_3_1317326758341</str>
						<int id="y">733</int>
						<int id="x">1257</int>
						<int id="z">5</int>
						<int id="w">149</int>
						<int id="h">334</int>
						<str id="sprite_class">stalagmite_3</str>
						<int id="r">-1</int>
					</object>
					<object id="cloud_fluffy_2_1321667733426">
						<str id="name">cloud_fluffy_2_1317332702792</str>
						<int id="y">113</int>
						<int id="x">903</int>
						<int id="z">3</int>
						<int id="w">1236</int>
						<int id="h">365</int>
						<str id="sprite_class">cloud_fluffy_2</str>
						<int id="r">-180</int>
					</object>
					<object id="stalagmite_3_1321667733442">
						<str id="name">stalagmite_3_1317326758341</str>
						<int id="y">323</int>
						<int id="x">591</int>
						<int id="z">1</int>
						<int id="w">135</int>
						<int id="h">241</int>
						<str id="sprite_class">stalagmite_3</str>
						<int id="r">-1</int>
					</object>
					<object id="stalagmite_3_1321667733441">
						<str id="name">stalagmite_3_1317326758341</str>
						<int id="y">320</int>
						<int id="x">506</int>
						<int id="z">0</int>
						<int id="w">173</int>
						<int id="h">381</int>
						<str id="sprite_class">stalagmite_3</str>
						<int id="r">-1</int>
					</object>
					<object id="stalagmite_3_1317326758386">
						<str id="name">stalagmite_3_1317326758341</str>
						<int id="y">-140</int>
						<int id="x">1250</int>
						<int id="z">4</int>
						<int id="w">190</int>
						<int id="h">287</int>
						<str id="sprite_class">stalagmite_3</str>
						<int id="r">-181</int>
					</object>
				</object>
				<int id="h">1470</int>
				<int id="z">-2</int>
			</object>
			<object id="middleground">
				<object id="decos">
					<object id="heights_ladder_2_1321667733506">
						<str id="name">heights_ladder_2_1321667733456</str>
						<int id="y">-404</int>
						<int id="x">724</int>
						<int id="z">158</int>
						<int id="w">83</int>
						<int id="h">103</int>
						<str id="sprite_class">heights_ladder_2</str>
					</object>
					<object id="heights_topper_stone_1_1321667733473">
						<str id="name">heights_topper_stone_1_1321667733470</str>
						<int id="y">-1185</int>
						<int id="x">-743</int>
						<int id="z">143</int>
						<int id="w">218</int>
						<int id="h">60</int>
						<str id="sprite_class">heights_topper_stone_1</str>
					</object>
					<object id="heights_topper_stone_1_1321667733404">
						<str id="name">heights_topper_stone_1_1321667733395</str>
						<int id="y">-155</int>
						<int id="x">-826</int>
						<int id="z">89</int>
						<int id="w">196</int>
						<int id="h">45</int>
						<str id="sprite_class">heights_topper_stone_1</str>
					</object>
					<object id="heights_platform_2_1321667733445">
						<str id="name">heights_platform_2_1317326758278</str>
						<int id="y">-1057</int>
						<int id="x">-1105</int>
						<int id="z">69</int>
						<int id="w">492</int>
						<int id="h">208</int>
						<str id="sprite_class">heights_platform_2</str>
					</object>
					<object id="heights_platform_2_1317326758295">
						<str id="name">heights_platform_2_1317326758278</str>
						<int id="y">-753</int>
						<int id="x">684</int>
						<int id="z">74</int>
						<int id="w">451</int>
						<int id="h">208</int>
						<str id="sprite_class">heights_platform_2</str>
					</object>
					<object id="heights_moss_3_1321667733465">
						<str id="name">heights_moss_3_1321667733405</str>
						<int id="y">-1102</int>
						<int id="x">-260</int>
						<int id="z">136</int>
						<int id="w">358</int>
						<int id="h">135</int>
						<str id="sprite_class">heights_moss_3</str>
						<int id="r">-2</int>
					</object>
					<object id="heights_ladder_1_1321667733505">
						<str id="name">heights_ladder_1_1321667733455</str>
						<int id="y">-640</int>
						<int id="x">724</int>
						<int id="z">50</int>
						<int id="w">88</int>
						<int id="h">95</int>
						<str id="sprite_class">heights_ladder_1</str>
					</object>
					<object id="heights_moss_2_1321667733467">
						<str id="name">heights_moss_2_1321667733443</str>
						<int id="y">-1211</int>
						<int id="x">-308</int>
						<int id="z">109</int>
						<int id="w">199</int>
						<int id="h">44</int>
						<str id="sprite_class">heights_moss_2</str>
						<int id="r">-1</int>
					</object>
					<object id="heights_ladderbed_1_1321667733492">
						<str id="name">heights_ladderbed_1_1317326758354</str>
						<int id="y">-620</int>
						<int id="x">729</int>
						<int id="z">49</int>
						<int id="w">136</int>
						<int id="h">147</int>
						<str id="sprite_class">heights_ladderbed_1</str>
					</object>
					<object id="heights_mound_3_1317326758391">
						<str id="name">heights_mound_3_1317326758329</str>
						<int id="y">-604</int>
						<int id="x">-692</int>
						<int id="z">12</int>
						<int id="w">512</int>
						<bool id="h_flip">true</bool>
						<int id="h">194</int>
						<str id="sprite_class">heights_mound_3</str>
						<int id="r">171</int>
					</object>
					<object id="heights_platform_2_1317332702827">
						<str id="name">heights_platform_2_1317326758278</str>
						<int id="y">-485</int>
						<int id="x">-933</int>
						<int id="z">93</int>
						<int id="w">451</int>
						<bool id="h_flip">true</bool>
						<int id="h">208</int>
						<str id="sprite_class">heights_platform_2</str>
					</object>
					<object id="heights_moss_3_1321667733429">
						<str id="name">heights_moss_3_1321667733405</str>
						<int id="y">-768</int>
						<int id="x">-68</int>
						<int id="z">133</int>
						<int id="w">358</int>
						<int id="h">135</int>
						<str id="sprite_class">heights_moss_3</str>
						<int id="r">-2</int>
					</object>
					<object id="heights_ladderbed_1_1321667733493">
						<str id="name">heights_ladderbed_1_1317326758354</str>
						<int id="y">-752</int>
						<int id="x">720</int>
						<int id="z">78</int>
						<int id="w">136</int>
						<int id="h">147</int>
						<str id="sprite_class">heights_ladderbed_1</str>
					</object>
					<object id="heights_ladderbed_1_1321667733491">
						<str id="name">heights_ladderbed_1_1317326758354</str>
						<int id="y">-487</int>
						<int id="x">728</int>
						<int id="z">48</int>
						<int id="w">136</int>
						<int id="h">147</int>
						<str id="sprite_class">heights_ladderbed_1</str>
					</object>
					<object id="heights_face_1_1317326758268">
						<str id="name">heights_face_1_1317326758264</str>
						<int id="y">-287</int>
						<int id="x">408</int>
						<int id="z">38</int>
						<int id="w">648</int>
						<int id="h">443</int>
						<str id="sprite_class">heights_face_1</str>
					</object>
					<object id="heights_moss_1_1321667733469">
						<str id="name">heights_moss_1_1321667733434</str>
						<int id="y">-1065</int>
						<int id="x">-879</int>
						<int id="z">146</int>
						<int id="w">284</int>
						<int id="h">154</int>
						<str id="sprite_class">heights_moss_1</str>
					</object>
					<object id="heights_platform_2_1317326758334">
						<str id="name">heights_platform_2_1317326758278</str>
						<int id="y">-767</int>
						<int id="x">671</int>
						<int id="z">73</int>
						<int id="w">451</int>
						<int id="h">208</int>
						<str id="sprite_class">heights_platform_2</str>
					</object>
					<object id="heights_face_rock_1_1317326758352">
						<str id="name">heights_face_rock_1_1317326758350</str>
						<int id="y">-646</int>
						<int id="x">-75</int>
						<int id="z">81</int>
						<int id="w">351</int>
						<int id="h">111</int>
						<str id="sprite_class">heights_face_rock_1</str>
					</object>
					<object id="moss_3_1321667733501">
						<str id="name">moss_3_1321667733499</str>
						<int id="y">-910</int>
						<int id="x">561</int>
						<int id="z">156</int>
						<int id="w">152</int>
						<bool id="h_flip">true</bool>
						<int id="h">29</int>
						<str id="sprite_class">moss_3</str>
					</object>
					<object id="heights_face_rock_2_1317332702812">
						<str id="name">heights_face_rock_2_1317332702809</str>
						<int id="y">-1239</int>
						<int id="x">-758</int>
						<int id="z">27</int>
						<int id="w">561</int>
						<int id="h">159</int>
						<str id="sprite_class">heights_face_rock_2</str>
					</object>
					<object id="heights_platform_2_1317326758283">
						<str id="name">heights_platform_2_1317326758278</str>
						<int id="y">-149</int>
						<int id="x">633</int>
						<int id="z">58</int>
						<int id="w">451</int>
						<int id="h">208</int>
						<str id="sprite_class">heights_platform_2</str>
					</object>
					<object id="heights_mound_3_1321667733383">
						<str id="name">heights_mound_3_1317326758329</str>
						<int id="y">-511</int>
						<int id="x">119</int>
						<int id="z">13</int>
						<int id="w">286</int>
						<bool id="h_flip">true</bool>
						<int id="h">108</int>
						<str id="sprite_class">heights_mound_3</str>
						<int id="r">209</int>
					</object>
					<object id="heights_platform_2_1317326758371">
						<str id="name">heights_platform_2_1317326758278</str>
						<int id="y">-689</int>
						<int id="x">-40</int>
						<int id="z">98</int>
						<int id="w">451</int>
						<bool id="h_flip">true</bool>
						<int id="h">208</int>
						<str id="sprite_class">heights_platform_2</str>
					</object>
					<object id="heights_platform_2_1317326758279">
						<str id="name">heights_platform_2_1317326758278</str>
						<int id="y">-719</int>
						<int id="x">-383</int>
						<int id="z">52</int>
						<int id="w">451</int>
						<int id="h">208</int>
						<str id="sprite_class">heights_platform_2</str>
					</object>
					<object id="heights_platform_2_1321667733388">
						<str id="name">heights_platform_2_1317326758278</str>
						<int id="y">-6</int>
						<int id="x">-139</int>
						<int id="z">60</int>
						<int id="w">451</int>
						<int id="h">208</int>
						<str id="sprite_class">heights_platform_2</str>
						<int id="r">-12</int>
					</object>
					<object id="stalagmite_3_1317326758396">
						<str id="name">stalagmite_3_1317326758394</str>
						<int id="y">-645</int>
						<int id="x">-156</int>
						<int id="z">7</int>
						<int id="w">92</int>
						<int id="h">146</int>
						<str id="sprite_class">stalagmite_3</str>
						<int id="r">180</int>
					</object>
					<object id="stalagmite_3_1317326758394">
						<str id="name">stalagmite_3_1317326758394</str>
						<int id="y">-1086</int>
						<int id="x">-829</int>
						<int id="z">8</int>
						<int id="w">135</int>
						<int id="h">214</int>
						<str id="sprite_class">stalagmite_3</str>
						<int id="r">180</int>
					</object>
					<object id="stalagmite_1_1321667733449">
						<str id="name">stalagmite_1_1321667733449</str>
						<int id="y">-1402</int>
						<int id="x">564</int>
						<int id="z">5</int>
						<int id="w">137</int>
						<bool id="h_flip">true</bool>
						<int id="h">254</int>
						<str id="sprite_class">stalagmite_1</str>
						<int id="r">-180</int>
					</object>
					<object id="stalagmite_3_1317326758414">
						<str id="name">stalagmite_3_1317326758394</str>
						<int id="y">-329</int>
						<int id="x">950</int>
						<int id="z">112</int>
						<int id="w">136</int>
						<int id="h">216</int>
						<str id="sprite_class">stalagmite_3</str>
					</object>
					<object id="stalagmite_3_1317668567030">
						<str id="name">stalagmite_3_1317326758394</str>
						<int id="y">-1068</int>
						<int id="x">-905</int>
						<int id="z">10</int>
						<int id="w">102</int>
						<int id="h">220</int>
						<str id="sprite_class">stalagmite_3</str>
						<int id="r">180</int>
					</object>
					<object id="heights_mound_3_1321667733415">
						<str id="name">heights_mound_3_1317326758329</str>
						<int id="y">-1484</int>
						<int id="x">355</int>
						<int id="z">19</int>
						<int id="w">440</int>
						<int id="h">198</int>
						<str id="sprite_class">heights_mound_3</str>
						<int id="r">-191</int>
					</object>
					<object id="gravel_1_1321667733487">
						<str id="name">gravel_1_1321667733485</str>
						<int id="y">-1184</int>
						<int id="x">-450</int>
						<int id="z">150</int>
						<int id="w">280</int>
						<int id="h">51</int>
						<str id="sprite_class">gravel_1</str>
					</object>
					<object id="heights_topper_stone_1_1321667733472">
						<str id="name">heights_topper_stone_1_1321667733470</str>
						<int id="y">-1224</int>
						<int id="x">-722</int>
						<int id="z">145</int>
						<int id="w">156</int>
						<int id="h">43</int>
						<str id="sprite_class">heights_topper_stone_1</str>
					</object>
					<object id="heights_moss_1_1321667733484">
						<str id="name">heights_moss_1_1321667733434</str>
						<int id="y">-492</int>
						<int id="x">338</int>
						<int id="z">134</int>
						<int id="w">198</int>
						<int id="h">107</int>
						<str id="sprite_class">heights_moss_1</str>
					</object>
					<object id="heights_moss_1_1321667733435">
						<str id="name">heights_moss_1_1321667733434</str>
						<int id="y">-775</int>
						<int id="x">-505</int>
						<int id="z">131</int>
						<int id="w">208</int>
						<int id="h">113</int>
						<str id="sprite_class">heights_moss_1</str>
					</object>
					<object id="stalagmite_1_1321667733479">
						<str id="name">stalagmite_1_1321667733449</str>
						<int id="y">-697</int>
						<int id="x">469</int>
						<int id="z">0</int>
						<int id="w">142</int>
						<int id="h">212</int>
						<str id="sprite_class">stalagmite_1</str>
					</object>
					<object id="heights_platform_2_1317326758296">
						<str id="name">heights_platform_2_1317326758278</str>
						<int id="y">-773</int>
						<int id="x">930</int>
						<int id="z">71</int>
						<int id="w">451</int>
						<bool id="h_flip">true</bool>
						<int id="h">208</int>
						<str id="sprite_class">heights_platform_2</str>
					</object>
					<object id="heights_topper_2_1321667733407">
						<str id="name">heights_topper_2_1321667733407</str>
						<int id="y">-76</int>
						<int id="x">-789</int>
						<int id="z">126</int>
						<int id="w">145</int>
						<int id="h">60</int>
						<str id="sprite_class">heights_topper_2</str>
					</object>
					<object id="heights_face_1_1317326758294">
						<str id="name">heights_face_1_1317326758264</str>
						<int id="y">-415</int>
						<int id="x">789</int>
						<int id="z">44</int>
						<int id="w">713</int>
						<int id="h">443</int>
						<str id="sprite_class">heights_face_1</str>
					</object>
					<object id="heights_moss_2_1321667733468">
						<str id="name">heights_moss_2_1321667733443</str>
						<int id="y">-1225</int>
						<int id="x">-418</int>
						<int id="z">108</int>
						<int id="w">199</int>
						<int id="h">44</int>
						<str id="sprite_class">heights_moss_2</str>
						<int id="r">-2</int>
					</object>
					<object id="heights_moss_2_1321667733444">
						<str id="name">heights_moss_2_1321667733443</str>
						<int id="y">-843</int>
						<int id="x">-438</int>
						<int id="z">130</int>
						<int id="w">199</int>
						<int id="h">44</int>
						<str id="sprite_class">heights_moss_2</str>
						<int id="r">7</int>
					</object>
					<object id="moss_3_1321667733499">
						<str id="name">moss_3_1321667733499</str>
						<int id="y">-921</int>
						<int id="x">669</int>
						<int id="z">155</int>
						<int id="w">188</int>
						<int id="h">36</int>
						<str id="sprite_class">moss_3</str>
					</object>
					<object id="stalagmite_1_1321667733451">
						<str id="name">stalagmite_1_1321667733449</str>
						<int id="y">-1373</int>
						<int id="x">281</int>
						<int id="z">4</int>
						<int id="w">139</int>
						<bool id="h_flip">true</bool>
						<int id="h">350</int>
						<str id="sprite_class">stalagmite_1</str>
						<int id="r">-180</int>
					</object>
					<object id="heights_ladderbed_1_1321667733490">
						<str id="name">heights_ladderbed_1_1317326758354</str>
						<int id="y">-352</int>
						<int id="x">732</int>
						<int id="z">45</int>
						<int id="w">136</int>
						<int id="h">147</int>
						<str id="sprite_class">heights_ladderbed_1</str>
					</object>
					<object id="heights_face_rock_1_1321667733478">
						<str id="name">heights_face_rock_1_1317326758350</str>
						<int id="y">-996</int>
						<int id="x">-502</int>
						<int id="z">29</int>
						<int id="w">307</int>
						<int id="h">97</int>
						<str id="sprite_class">heights_face_rock_1</str>
					</object>
					<object id="heights_topper_stone_1_1321667733495">
						<str id="name">heights_topper_stone_1_1321667733470</str>
						<int id="y">-962</int>
						<int id="x">511</int>
						<int id="z">75</int>
						<int id="w">126</int>
						<int id="h">28</int>
						<str id="sprite_class">heights_topper_stone_1</str>
					</object>
					<object id="heights_platform_2_1317326758370">
						<str id="name">heights_platform_2_1317326758278</str>
						<int id="y">-691</int>
						<int id="x">-400</int>
						<int id="z">92</int>
						<int id="w">451</int>
						<int id="h">208</int>
						<str id="sprite_class">heights_platform_2</str>
					</object>
					<object id="gravel_1_1321667733486">
						<str id="name">gravel_1_1321667733485</str>
						<int id="y">-608</int>
						<int id="x">496</int>
						<int id="z">149</int>
						<int id="w">280</int>
						<int id="h">51</int>
						<str id="sprite_class">gravel_1</str>
					</object>
					<object id="heights_face_1_1317326758265">
						<str id="name">heights_face_1_1317326758264</str>
						<int id="y">-878</int>
						<int id="x">-226</int>
						<int id="z">28</int>
						<int id="w">648</int>
						<int id="h">447</int>
						<str id="sprite_class">heights_face_1</str>
					</object>
					<object id="heights_platform_2_1317326758333">
						<str id="name">heights_platform_2_1317326758278</str>
						<int id="y">-781</int>
						<int id="x">645</int>
						<int id="z">23</int>
						<int id="w">451</int>
						<int id="h">208</int>
						<str id="sprite_class">heights_platform_2</str>
					</object>
					<object id="heights_platform_2_1317326758288">
						<str id="name">heights_platform_2_1317326758278</str>
						<int id="y">-100</int>
						<int id="x">269</int>
						<int id="z">63</int>
						<int id="w">451</int>
						<bool id="h_flip">true</bool>
						<int id="h">208</int>
						<str id="sprite_class">heights_platform_2</str>
						<int id="r">-14</int>
					</object>
					<object id="heights_moss_3_1321667733462">
						<str id="name">heights_moss_3_1321667733405</str>
						<int id="y">-521</int>
						<int id="x">-728</int>
						<int id="z">140</int>
						<int id="w">358</int>
						<int id="h">135</int>
						<str id="sprite_class">heights_moss_3</str>
						<int id="r">-2</int>
					</object>
					<object id="heights_topper_stone_1_1321667733474">
						<str id="name">heights_topper_stone_1_1321667733470</str>
						<int id="y">-1216</int>
						<int id="x">-599</int>
						<int id="z">144</int>
						<int id="w">205</int>
						<int id="h">46</int>
						<str id="sprite_class">heights_topper_stone_1</str>
						<int id="r">1</int>
					</object>
					<object id="heights_face_rock_1_1317326758353">
						<str id="name">heights_face_rock_1_1317326758350</str>
						<int id="y">-752</int>
						<int id="x">956</int>
						<int id="z">84</int>
						<int id="w">240</int>
						<int id="h">76</int>
						<str id="sprite_class">heights_face_rock_1</str>
						<int id="r">2</int>
					</object>
					<object id="heights_platform_2_1321667733410">
						<str id="name">heights_platform_2_1317326758278</str>
						<int id="y">-456</int>
						<int id="x">-533</int>
						<int id="z">96</int>
						<int id="w">451</int>
						<bool id="h_flip">true</bool>
						<int id="h">208</int>
						<str id="sprite_class">heights_platform_2</str>
						<int id="r">-2</int>
					</object>
					<object id="heights_ladderbed_1_1321667733448">
						<str id="name">heights_ladderbed_1_1317326758354</str>
						<int id="y">-919</int>
						<int id="x">-10</int>
						<int id="z">33</int>
						<int id="w">136</int>
						<int id="h">147</int>
						<str id="sprite_class">heights_ladderbed_1</str>
					</object>
					<object id="stalagmite_1_1321667733450">
						<str id="name">stalagmite_1_1321667733449</str>
						<int id="y">-1464</int>
						<int id="x">515</int>
						<int id="z">3</int>
						<int id="w">137</int>
						<bool id="h_flip">true</bool>
						<int id="h">254</int>
						<str id="sprite_class">stalagmite_1</str>
						<int id="r">-180</int>
					</object>
					<object id="stalagmite_3_1321667733428">
						<str id="name">stalagmite_3_1317326758394</str>
						<int id="y">-558</int>
						<int id="x">-413</int>
						<int id="z">118</int>
						<int id="w">131</int>
						<int id="h">249</int>
						<str id="sprite_class">stalagmite_3</str>
						<int id="r">180</int>
					</object>
					<object id="heights_face_rock_1_1317326758351">
						<str id="name">heights_face_rock_1_1317326758350</str>
						<int id="y">-470</int>
						<int id="x">483</int>
						<int id="z">91</int>
						<int id="w">240</int>
						<int id="h">76</int>
						<str id="sprite_class">heights_face_rock_1</str>
					</object>
					<object id="heights_platform_2_1317326758284">
						<str id="name">heights_platform_2_1317326758278</str>
						<int id="y">-148</int>
						<int id="x">983</int>
						<int id="z">57</int>
						<int id="w">451</int>
						<bool id="h_flip">true</bool>
						<int id="h">208</int>
						<str id="sprite_class">heights_platform_2</str>
					</object>
					<object id="heights_moss_1_1321667733475">
						<str id="name">heights_moss_1_1321667733434</str>
						<int id="y">-1086</int>
						<int id="x">-665</int>
						<int id="z">147</int>
						<int id="w">260</int>
						<int id="h">125</int>
						<str id="sprite_class">heights_moss_1</str>
					</object>
					<object id="heights_ladder_2_1321667733502">
						<str id="name">heights_ladder_2_1321667733456</str>
						<int id="y">-725</int>
						<int id="x">722</int>
						<int id="z">80</int>
						<int id="w">83</int>
						<int id="h">103</int>
						<str id="sprite_class">heights_ladder_2</str>
					</object>
					<object id="heights_face_1_1317326758271">
						<str id="name">heights_face_1_1317326758264</str>
						<int id="y">146</int>
						<int id="x">-279</int>
						<int id="z">41</int>
						<int id="w">648</int>
						<int id="h">443</int>
						<str id="sprite_class">heights_face_1</str>
					</object>
					<object id="heights_platform_2_1317326758407">
						<str id="name">heights_platform_2_1317326758278</str>
						<int id="y">-1015</int>
						<int id="x">-906</int>
						<int id="z">103</int>
						<int id="w">451</int>
						<int id="h">208</int>
						<str id="sprite_class">heights_platform_2</str>
						<int id="r">-2</int>
					</object>
					<object id="heights_topper_stone_1_1321667733496">
						<str id="name">heights_topper_stone_1_1321667733470</str>
						<int id="y">-941</int>
						<int id="x">589</int>
						<int id="z">76</int>
						<int id="w">208</int>
						<int id="h">46</int>
						<str id="sprite_class">heights_topper_stone_1</str>
					</object>
					<object id="stalagmite_3_1321667733453">
						<str id="name">stalagmite_3_1317326758394</str>
						<int id="y">-1207</int>
						<int id="x">7</int>
						<int id="z">2</int>
						<int id="w">138</int>
						<int id="h">233</int>
						<str id="sprite_class">stalagmite_3</str>
					</object>
					<object id="heights_face_rock_1_1317332702823">
						<str id="name">heights_face_rock_1_1317326758350</str>
						<int id="y">-663</int>
						<int id="x">-278</int>
						<int id="z">82</int>
						<int id="w">292</int>
						<int id="h">92</int>
						<str id="sprite_class">heights_face_rock_1</str>
					</object>
					<object id="alakol_beach_1_1321667733459">
						<str id="name">alakol_beach_1_1321667733394</str>
						<int id="y">-625</int>
						<int id="x">-643</int>
						<int id="z">137</int>
						<int id="w">627</int>
						<int id="h">91</int>
						<str id="sprite_class">alakol_beach_1</str>
					</object>
					<object id="heights_ladder_2_1321667733504">
						<str id="name">heights_ladder_2_1321667733456</str>
						<int id="y">-562</int>
						<int id="x">727</int>
						<int id="z">51</int>
						<int id="w">83</int>
						<int id="h">103</int>
						<str id="sprite_class">heights_ladder_2</str>
					</object>
					<object id="stalagmite_3_1321667733454">
						<str id="name">stalagmite_3_1317326758394</str>
						<int id="y">-1274</int>
						<int id="x">67</int>
						<int id="z">1</int>
						<int id="w">167</int>
						<int id="h">238</int>
						<str id="sprite_class">stalagmite_3</str>
					</object>
					<object id="heights_ladder_2_1321667733508">
						<str id="name">heights_ladder_2_1321667733456</str>
						<int id="y">-246</int>
						<int id="x">719</int>
						<int id="z">47</int>
						<int id="w">83</int>
						<int id="h">103</int>
						<str id="sprite_class">heights_ladder_2</str>
					</object>
					<object id="heights_platform_2_1321667733409">
						<str id="name">heights_platform_2_1317326758278</str>
						<int id="y">-489</int>
						<int id="x">-557</int>
						<int id="z">94</int>
						<int id="w">451</int>
						<bool id="h_flip">true</bool>
						<int id="h">208</int>
						<str id="sprite_class">heights_platform_2</str>
					</object>
					<object id="heights_platform_2_1317326758287">
						<str id="name">heights_platform_2_1317326758278</str>
						<int id="y">29</int>
						<int id="x">-135</int>
						<int id="z">67</int>
						<int id="w">451</int>
						<int id="h">208</int>
						<str id="sprite_class">heights_platform_2</str>
						<int id="r">-9</int>
					</object>
					<object id="stalagmite_3_1317326758408">
						<str id="name">stalagmite_3_1317326758394</str>
						<int id="y">-1065</int>
						<int id="x">-667</int>
						<int id="z">110</int>
						<int id="w">151</int>
						<int id="h">210</int>
						<str id="sprite_class">stalagmite_3</str>
						<int id="r">180</int>
					</object>
					<object id="heights_ladder_1_1321667733509">
						<str id="name">heights_ladder_1_1321667733455</str>
						<int id="y">-324</int>
						<int id="x">716</int>
						<int id="z">46</int>
						<int id="w">88</int>
						<int id="h">95</int>
						<str id="sprite_class">heights_ladder_1</str>
					</object>
					<object id="heights_platform_2_1317326758309">
						<str id="name">heights_platform_2_1317326758278</str>
						<int id="y">32</int>
						<int id="x">-875</int>
						<int id="z">62</int>
						<int id="w">451</int>
						<int id="h">208</int>
						<str id="sprite_class">heights_platform_2</str>
					</object>
					<object id="heights_moss_3_1321667733405">
						<str id="name">heights_moss_3_1321667733405</str>
						<int id="y">-30</int>
						<int id="x">-944</int>
						<int id="z">127</int>
						<int id="w">358</int>
						<int id="h">135</int>
						<str id="sprite_class">heights_moss_3</str>
					</object>
					<object id="alakol_beach_1_1321667733431">
						<str id="name">alakol_beach_1_1321667733394</str>
						<int id="y">-248</int>
						<int id="x">480</int>
						<int id="z">121</int>
						<int id="w">701</int>
						<bool id="h_flip">true</bool>
						<int id="h">95</int>
						<str id="sprite_class">alakol_beach_1</str>
						<int id="r">-8</int>
					</object>
					<object id="heights_ladder_2_1321667733457">
						<str id="name">heights_ladder_2_1321667733456</str>
						<int id="y">-950</int>
						<int id="x">-13</int>
						<int id="z">37</int>
						<int id="w">83</int>
						<int id="h">103</int>
						<str id="sprite_class">heights_ladder_2</str>
					</object>
					<object id="heights_platform_2_1317326758401">
						<str id="name">heights_platform_2_1317326758278</str>
						<int id="y">-1020</int>
						<int id="x">-286</int>
						<int id="z">104</int>
						<int id="w">451</int>
						<bool id="h_flip">true</bool>
						<int id="h">208</int>
						<str id="sprite_class">heights_platform_2</str>
					</object>
					<object id="heights_platform_2_1317326758292">
						<str id="name">heights_platform_2_1317326758278</str>
						<int id="y">-1052</int>
						<int id="x">-300</int>
						<int id="z">70</int>
						<int id="w">451</int>
						<bool id="h_flip">true</bool>
						<int id="h">208</int>
						<str id="sprite_class">heights_platform_2</str>
					</object>
					<object id="heights_moss_1_1321667733434">
						<str id="name">heights_moss_1_1321667733434</str>
						<int id="y">-194</int>
						<int id="x">933</int>
						<int id="z">129</int>
						<int id="w">208</int>
						<int id="h">113</int>
						<str id="sprite_class">heights_moss_1</str>
					</object>
					<object id="stalagmite_3_1317668567029">
						<str id="name">stalagmite_3_1317326758394</str>
						<int id="y">-1082</int>
						<int id="x">-973</int>
						<int id="z">9</int>
						<int id="w">102</int>
						<int id="h">162</int>
						<str id="sprite_class">stalagmite_3</str>
						<int id="r">180</int>
					</object>
					<object id="alakol_beach_1_1321667733482">
						<str id="name">alakol_beach_1_1321667733394</str>
						<int id="y">-572</int>
						<int id="x">286</int>
						<int id="z">101</int>
						<int id="w">395</int>
						<bool id="h_flip">true</bool>
						<int id="h">65</int>
						<str id="sprite_class">alakol_beach_1</str>
						<int id="r">1</int>
					</object>
					<object id="heights_ladderbed_1_1321667733447">
						<str id="name">heights_ladderbed_1_1317326758354</str>
						<int id="y">-1006</int>
						<int id="x">-12</int>
						<int id="z">32</int>
						<int id="w">136</int>
						<int id="h">147</int>
						<str id="sprite_class">heights_ladderbed_1</str>
					</object>
					<object id="gravel_1_1321667733489">
						<str id="name">gravel_1_1321667733485</str>
						<int id="y">-283</int>
						<int id="x">906</int>
						<int id="z">152</int>
						<int id="w">280</int>
						<int id="h">51</int>
						<str id="sprite_class">gravel_1</str>
					</object>
					<object id="heights_platform_2_1317326758326">
						<str id="name">heights_platform_2_1317326758278</str>
						<int id="y">-9</int>
						<int id="x">-851</int>
						<int id="z">61</int>
						<int id="w">451</int>
						<int id="h">208</int>
						<str id="sprite_class">heights_platform_2</str>
					</object>
					<object id="heights_platform_2_1317326758285">
						<str id="name">heights_platform_2_1317326758278</str>
						<int id="y">51</int>
						<int id="x">-543</int>
						<int id="z">85</int>
						<int id="w">451</int>
						<int id="h">208</int>
						<str id="sprite_class">heights_platform_2</str>
					</object>
					<object id="heights_platform_2_1317326758280">
						<str id="name">heights_platform_2_1317326758278</str>
						<int id="y">-719</int>
						<int id="x">-42</int>
						<int id="z">53</int>
						<int id="w">451</int>
						<bool id="h_flip">true</bool>
						<int id="h">208</int>
						<str id="sprite_class">heights_platform_2</str>
					</object>
					<object id="heights_moss_1_1321667733494">
						<str id="name">heights_moss_1_1321667733434</str>
						<int id="y">-762</int>
						<int id="x">956</int>
						<int id="z">153</int>
						<int id="w">300</int>
						<int id="h">197</int>
						<str id="sprite_class">heights_moss_1</str>
						<int id="r">5</int>
					</object>
					<object id="heights_mound_3_1317326758329">
						<str id="name">heights_mound_3_1317326758329</str>
						<int id="y">-1139</int>
						<int id="x">-644</int>
						<int id="z">24</int>
						<int id="w">420</int>
						<int id="h">159</int>
						<str id="sprite_class">heights_mound_3</str>
						<int id="r">192</int>
					</object>
					<object id="heights_moss_2_1321667733466">
						<str id="name">heights_moss_2_1321667733443</str>
						<int id="y">-1217</int>
						<int id="x">-215</int>
						<int id="z">107</int>
						<int id="w">199</int>
						<int id="h">44</int>
						<str id="sprite_class">heights_moss_2</str>
					</object>
					<object id="heights_face_1_1317326758269">
						<str id="name">heights_face_1_1317326758264</str>
						<int id="y">-102</int>
						<int id="x">815</int>
						<int id="z">39</int>
						<int id="w">648</int>
						<int id="h">443</int>
						<str id="sprite_class">heights_face_1</str>
					</object>
					<object id="stalagmite_1_1321667733452">
						<str id="name">stalagmite_1_1321667733449</str>
						<int id="y">-1467</int>
						<int id="x">973</int>
						<int id="z">6</int>
						<int id="w">138</int>
						<bool id="h_flip">true</bool>
						<int id="h">279</int>
						<str id="sprite_class">stalagmite_1</str>
						<int id="r">-180</int>
					</object>
					<object id="heights_topper_stone_1_1321667733400">
						<str id="name">heights_topper_stone_1_1321667733395</str>
						<int id="y">-185</int>
						<int id="x">-974</int>
						<int id="z">86</int>
						<int id="w">151</int>
						<int id="h">35</int>
						<str id="sprite_class">heights_topper_stone_1</str>
					</object>
					<object id="heights_moss_3_1321667733483">
						<str id="name">heights_moss_3_1321667733405</str>
						<int id="y">-493</int>
						<int id="x">484</int>
						<int id="z">135</int>
						<int id="w">358</int>
						<int id="h">135</int>
						<str id="sprite_class">heights_moss_3</str>
						<int id="r">-2</int>
					</object>
					<object id="heights_platform_2_1317326758286">
						<str id="name">heights_platform_2_1317326758278</str>
						<int id="y">39</int>
						<int id="x">-438</int>
						<int id="z">59</int>
						<int id="w">451</int>
						<bool id="h_flip">true</bool>
						<int id="h">208</int>
						<str id="sprite_class">heights_platform_2</str>
					</object>
					<object id="heights_platform_2_1317326758368">
						<str id="name">heights_platform_2_1317326758278</str>
						<int id="y">-419</int>
						<int id="x">196</int>
						<int id="z">56</int>
						<int id="w">451</int>
						<int id="h">208</int>
						<str id="sprite_class">heights_platform_2</str>
					</object>
					<object id="heights_face_rock_2_1321667733417">
						<str id="name">heights_face_rock_2_1317332702809</str>
						<int id="y">-1259</int>
						<int id="x">-950</int>
						<int id="z">26</int>
						<int id="w">441</int>
						<int id="h">146</int>
						<str id="sprite_class">heights_face_rock_2</str>
					</object>
					<object id="heights_platform_2_1317326758281">
						<str id="name">heights_platform_2_1317326758278</str>
						<int id="y">-446</int>
						<int id="x">443</int>
						<int id="z">54</int>
						<int id="w">451</int>
						<bool id="h_flip">true</bool>
						<int id="h">208</int>
						<str id="sprite_class">heights_platform_2</str>
					</object>
					<object id="alakol_beach_2_1321667733393">
						<str id="name">alakol_beach_2_1321667733392</str>
						<int id="y">-146</int>
						<int id="x">-40</int>
						<int id="z">123</int>
						<int id="w">721</int>
						<int id="h">87</int>
						<str id="sprite_class">alakol_beach_2</str>
						<int id="r">-9</int>
					</object>
					<object id="alakol_beach_1_1321667733394">
						<str id="name">alakol_beach_1_1321667733394</str>
						<int id="y">-115</int>
						<int id="x">-342</int>
						<int id="z">124</int>
						<int id="w">627</int>
						<int id="h">91</int>
						<str id="sprite_class">alakol_beach_1</str>
					</object>
					<object id="heights_face_1_1317668567020">
						<str id="name">heights_face_1_1317326758264</str>
						<int id="y">-582</int>
						<int id="x">-42</int>
						<int id="z">30</int>
						<int id="w">648</int>
						<int id="h">447</int>
						<str id="sprite_class">heights_face_1</str>
						<int id="r">-10</int>
					</object>
					<object id="heights_mound_3_1317326758388">
						<str id="name">heights_mound_3_1317326758329</str>
						<int id="y">-569</int>
						<int id="x">-747</int>
						<int id="z">15</int>
						<int id="w">420</int>
						<bool id="h_flip">true</bool>
						<int id="h">159</int>
						<str id="sprite_class">heights_mound_3</str>
						<int id="r">4</int>
					</object>
					<object id="heights_mound_3_1317326758390">
						<str id="name">heights_mound_3_1317326758329</str>
						<int id="y">-408</int>
						<int id="x">-960</int>
						<int id="z">22</int>
						<int id="w">420</int>
						<bool id="h_flip">true</bool>
						<int id="h">159</int>
						<str id="sprite_class">heights_mound_3</str>
						<int id="r">4</int>
					</object>
					<object id="stalagmite_3_1321667733389">
						<str id="name">stalagmite_3_1317326758394</str>
						<int id="y">-144</int>
						<int id="x">659</int>
						<int id="z">115</int>
						<int id="w">131</int>
						<bool id="h_flip">true</bool>
						<int id="h">261</int>
						<str id="sprite_class">stalagmite_3</str>
						<int id="r">-180</int>
					</object>
					<object id="heights_mound_3_1321667733414">
						<str id="name">heights_mound_3_1317326758329</str>
						<int id="y">-1332</int>
						<int id="x">44</int>
						<int id="z">20</int>
						<int id="w">440</int>
						<int id="h">198</int>
						<str id="sprite_class">heights_mound_3</str>
						<int id="r">-233</int>
					</object>
					<object id="stalagmite_1_1321667733391">
						<str id="name">stalagmite_1_1321667733390</str>
						<int id="y">-126</int>
						<int id="x">977</int>
						<int id="z">114</int>
						<int id="w">127</int>
						<bool id="h_flip">true</bool>
						<int id="h">257</int>
						<str id="sprite_class">stalagmite_1</str>
						<int id="r">-180</int>
					</object>
					<object id="heights_platform_2_1321667733384">
						<str id="name">heights_platform_2_1317326758278</str>
						<int id="y">-110</int>
						<int id="x">829</int>
						<int id="z">66</int>
						<int id="w">451</int>
						<bool id="h_flip">true</bool>
						<int id="h">208</int>
						<str id="sprite_class">heights_platform_2</str>
						<int id="r">1</int>
					</object>
					<object id="alakol_beach_2_1321667733392">
						<str id="name">alakol_beach_2_1321667733392</str>
						<int id="y">-152</int>
						<int id="x">-400</int>
						<int id="z">119</int>
						<int id="w">721</int>
						<int id="h">87</int>
						<str id="sprite_class">alakol_beach_2</str>
						<int id="r">1</int>
					</object>
					<object id="heights_face_rock_1_1317332702832">
						<str id="name">heights_face_rock_1_1317326758350</str>
						<int id="y">-407</int>
						<int id="x">-827</int>
						<int id="z">83</int>
						<int id="w">351</int>
						<int id="h">111</int>
						<str id="sprite_class">heights_face_rock_1</str>
					</object>
					<object id="alakol_beach_1_1321667733436">
						<str id="name">alakol_beach_1_1321667733394</str>
						<int id="y">-838</int>
						<int id="x">-216</int>
						<int id="z">99</int>
						<int id="w">793</int>
						<bool id="h_flip">true</bool>
						<int id="h">130</int>
						<str id="sprite_class">alakol_beach_1</str>
						<int id="r">1</int>
					</object>
					<object id="heights_ladder_2_1321667733456">
						<str id="name">heights_ladder_2_1321667733456</str>
						<int id="y">-1102</int>
						<int id="x">-9</int>
						<int id="z">35</int>
						<int id="w">83</int>
						<int id="h">103</int>
						<str id="sprite_class">heights_ladder_2</str>
					</object>
					<object id="stalagmite_3_1317326758415">
						<str id="name">stalagmite_3_1317326758394</str>
						<int id="y">-316</int>
						<int id="x">868</int>
						<int id="z">111</int>
						<int id="w">208</int>
						<int id="h">330</int>
						<str id="sprite_class">stalagmite_3</str>
					</object>
					<object id="heights_platform_2_1321667733385">
						<str id="name">heights_platform_2_1317326758278</str>
						<int id="y">-92</int>
						<int id="x">472</int>
						<int id="z">64</int>
						<int id="w">451</int>
						<bool id="h_flip">true</bool>
						<int id="h">208</int>
						<str id="sprite_class">heights_platform_2</str>
						<int id="r">-5</int>
					</object>
					<object id="heights_topper_stone_1_1321667733470">
						<str id="name">heights_topper_stone_1_1321667733470</str>
						<int id="y">-1220</int>
						<int id="x">-961</int>
						<int id="z">141</int>
						<int id="w">181</int>
						<int id="h">42</int>
						<str id="sprite_class">heights_topper_stone_1</str>
					</object>
					<object id="stalagmite_3_1321667733427">
						<str id="name">stalagmite_3_1317326758394</str>
						<int id="y">-546</int>
						<int id="x">-466</int>
						<int id="z">117</int>
						<int id="w">91</int>
						<int id="h">173</int>
						<str id="sprite_class">stalagmite_3</str>
						<int id="r">180</int>
					</object>
					<object id="heights_topper_stone_1_1321667733471">
						<str id="name">heights_topper_stone_1_1321667733470</str>
						<int id="y">-1207</int>
						<int id="x">-847</int>
						<int id="z">142</int>
						<int id="w">218</int>
						<int id="h">60</int>
						<str id="sprite_class">heights_topper_stone_1</str>
					</object>
					<object id="heights_face_rock_1_1321667733476">
						<str id="name">heights_face_rock_1_1317326758350</str>
						<int id="y">-1089</int>
						<int id="x">-894</int>
						<int id="z">105</int>
						<int id="w">236</int>
						<int id="h">75</int>
						<str id="sprite_class">heights_face_rock_1</str>
						<int id="r">-4</int>
					</object>
					<object id="heights_ladder_1_1321667733507">
						<str id="name">heights_ladder_1_1321667733455</str>
						<int id="y">-482</int>
						<int id="x">721</int>
						<int id="z">157</int>
						<int id="w">88</int>
						<int id="h">95</int>
						<str id="sprite_class">heights_ladder_1</str>
					</object>
					<object id="alakol_beach_1_1321667733481">
						<str id="name">alakol_beach_1_1321667733394</str>
						<int id="y">-595</int>
						<int id="x">424</int>
						<int id="z">100</int>
						<int id="w">499</int>
						<bool id="h_flip">true</bool>
						<int id="h">86</int>
						<str id="sprite_class">alakol_beach_1</str>
						<int id="r">1</int>
					</object>
					<object id="heights_platform_2_1317326758293">
						<str id="name">heights_platform_2_1317326758278</str>
						<int id="y">-1055</int>
						<int id="x">-736</int>
						<int id="z">68</int>
						<int id="w">492</int>
						<int id="h">208</int>
						<str id="sprite_class">heights_platform_2</str>
					</object>
					<object id="heights_face_1_1317326758264">
						<str id="name">heights_face_1_1317326758264</str>
						<int id="y">-1152</int>
						<int id="x">-686</int>
						<int id="z">25</int>
						<int id="w">648</int>
						<int id="h">443</int>
						<str id="sprite_class">heights_face_1</str>
						<int id="r">-13</int>
					</object>
					<object id="heights_face_1_1317326758270">
						<str id="name">heights_face_1_1317326758264</str>
						<int id="y">34</int>
						<int id="x">279</int>
						<int id="z">40</int>
						<int id="w">648</int>
						<int id="h">443</int>
						<str id="sprite_class">heights_face_1</str>
						<int id="r">-25</int>
					</object>
					<object id="heights_platform_2_1321667733386">
						<str id="name">heights_platform_2_1317326758278</str>
						<int id="y">-19</int>
						<int id="x">139</int>
						<int id="z">65</int>
						<int id="w">451</int>
						<bool id="h_flip">true</bool>
						<int id="h">208</int>
						<str id="sprite_class">heights_platform_2</str>
						<int id="r">-10</int>
					</object>
					<object id="stalagmite_3_1317326758395">
						<str id="name">stalagmite_3_1317326758394</str>
						<int id="y">-1090</int>
						<int id="x">-769</int>
						<int id="z">11</int>
						<int id="w">92</int>
						<int id="h">146</int>
						<str id="sprite_class">stalagmite_3</str>
						<int id="r">180</int>
					</object>
					<object id="gravel_1_1321667733488">
						<str id="name">gravel_1_1321667733485</str>
						<int id="y">-167</int>
						<int id="x">-189</int>
						<int id="z">151</int>
						<int id="w">280</int>
						<int id="h">51</int>
						<str id="sprite_class">gravel_1</str>
					</object>
					<object id="heights_face_rock_2_1317332702811">
						<str id="name">heights_face_rock_2_1317332702809</str>
						<int id="y">-200</int>
						<int id="x">-962</int>
						<int id="z">43</int>
						<int id="w">467</int>
						<int id="h">133</int>
						<str id="sprite_class">heights_face_rock_2</str>
					</object>
					<object id="alakol_beach_2_1321667733430">
						<str id="name">alakol_beach_2_1321667733392</str>
						<int id="y">-245</int>
						<int id="x">315</int>
						<int id="z">120</int>
						<int id="w">721</int>
						<int id="h">87</int>
						<str id="sprite_class">alakol_beach_2</str>
						<int id="r">-12</int>
					</object>
					<object id="heights_platform_2_1317326758369">
						<str id="name">heights_platform_2_1317326758278</str>
						<int id="y">-415</int>
						<int id="x">460</int>
						<int id="z">90</int>
						<int id="w">451</int>
						<bool id="h_flip">true</bool>
						<int id="h">208</int>
						<str id="sprite_class">heights_platform_2</str>
					</object>
					<object id="heights_mound_3_1321667733416">
						<str id="name">heights_mound_3_1317326758329</str>
						<int id="y">-1564</int>
						<int id="x">605</int>
						<int id="z">17</int>
						<int id="w">440</int>
						<int id="h">198</int>
						<str id="sprite_class">heights_mound_3</str>
						<int id="r">-201</int>
					</object>
					<object id="heights_ladder_1_1321667733458">
						<str id="name">heights_ladder_1_1321667733455</str>
						<int id="y">-1028</int>
						<int id="x">-16</int>
						<int id="z">36</int>
						<int id="w">88</int>
						<int id="h">95</int>
						<str id="sprite_class">heights_ladder_1</str>
					</object>
					<object id="heights_ladder_1_1321667733503">
						<str id="name">heights_ladder_1_1321667733455</str>
						<int id="y">-803</int>
						<int id="x">719</int>
						<int id="z">79</int>
						<int id="w">88</int>
						<int id="h">95</int>
						<str id="sprite_class">heights_ladder_1</str>
					</object>
					<object id="heights_ladder_1_1321667733455">
						<str id="name">heights_ladder_1_1321667733455</str>
						<int id="y">-1178</int>
						<int id="x">-12</int>
						<int id="z">34</int>
						<int id="w">88</int>
						<int id="h">95</int>
						<str id="sprite_class">heights_ladder_1</str>
					</object>
					<object id="heights_mound_3_1317668567021">
						<str id="name">heights_mound_3_1317326758329</str>
						<int id="y">-665</int>
						<int id="x">-425</int>
						<int id="z">14</int>
						<int id="w">512</int>
						<bool id="h_flip">true</bool>
						<int id="h">194</int>
						<str id="sprite_class">heights_mound_3</str>
						<int id="r">152</int>
					</object>
					<object id="heights_mound_3_1321667733412">
						<str id="name">heights_mound_3_1317326758329</str>
						<int id="y">-602</int>
						<int id="x">-465</int>
						<int id="z">18</int>
						<int id="w">440</int>
						<int id="h">198</int>
						<str id="sprite_class">heights_mound_3</str>
						<int id="r">-29</int>
					</object>
					<object id="heights_mound_3_1317326758389">
						<str id="name">heights_mound_3_1317326758329</str>
						<int id="y">-298</int>
						<int id="x">-982</int>
						<int id="z">21</int>
						<int id="w">420</int>
						<bool id="h_flip">true</bool>
						<int id="h">159</int>
						<str id="sprite_class">heights_mound_3</str>
						<int id="r">4</int>
					</object>
					<object id="heights_topper_stone_1_1321667733398">
						<str id="name">heights_topper_stone_1_1321667733395</str>
						<int id="y">-178</int>
						<int id="x">-755</int>
						<int id="z">88</int>
						<int id="w">155</int>
						<bool id="h_flip">true</bool>
						<int id="h">36</int>
						<str id="sprite_class">heights_topper_stone_1</str>
						<int id="r">-4</int>
					</object>
					<object id="heights_moss_3_1321667733461">
						<str id="name">heights_moss_3_1321667733405</str>
						<int id="y">-516</int>
						<int id="x">-920</int>
						<int id="z">139</int>
						<int id="w">358</int>
						<int id="h">135</int>
						<str id="sprite_class">heights_moss_3</str>
						<int id="r">-2</int>
					</object>
					<object id="alakol_beach_1_1321667733432">
						<str id="name">alakol_beach_1_1321667733394</str>
						<int id="y">-266</int>
						<int id="x">902</int>
						<int id="z">122</int>
						<int id="w">545</int>
						<int id="h">92</int>
						<str id="sprite_class">alakol_beach_1</str>
						<int id="r">-4</int>
					</object>
					<object id="heights_face_rock_1_1321667733406">
						<str id="name">heights_face_rock_1_1321667733406</str>
						<int id="y">-49</int>
						<int id="x">-745</int>
						<int id="z">125</int>
						<int id="w">173</int>
						<int id="h">55</int>
						<str id="sprite_class">heights_face_rock_1</str>
						<int id="r">-4</int>
					</object>
					<object id="heights_topper_stone_1_1321667733497">
						<str id="name">heights_topper_stone_1_1321667733470</str>
						<int id="y">-906</int>
						<int id="x">813</int>
						<int id="z">77</int>
						<int id="w">126</int>
						<int id="h">28</int>
						<str id="sprite_class">heights_topper_stone_1</str>
					</object>
					<object id="alakol_beach_1_1321667733460">
						<str id="name">alakol_beach_1_1321667733394</str>
						<int id="y">-602</int>
						<int id="x">-882</int>
						<int id="z">138</int>
						<int id="w">627</int>
						<int id="h">91</int>
						<str id="sprite_class">alakol_beach_1</str>
					</object>
					<object id="heights_moss_2_1321667733443">
						<str id="name">heights_moss_2_1321667733443</str>
						<int id="y">-847</int>
						<int id="x">-183</int>
						<int id="z">132</int>
						<int id="w">199</int>
						<int id="h">44</int>
						<str id="sprite_class">heights_moss_2</str>
						<int id="r">-11</int>
					</object>
					<object id="gravel_1_1321667733498">
						<str id="name">gravel_1_1321667733485</str>
						<int id="y">-913</int>
						<int id="x">865</int>
						<int id="z">154</int>
						<int id="w">280</int>
						<int id="h">51</int>
						<str id="sprite_class">gravel_1</str>
					</object>
					<object id="heights_platform_2_1317326758402">
						<str id="name">heights_platform_2_1317326758278</str>
						<int id="y">-1024</int>
						<int id="x">-694</int>
						<int id="z">102</int>
						<int id="w">451</int>
						<int id="h">208</int>
						<str id="sprite_class">heights_platform_2</str>
					</object>
					<object id="heights_face_rock_1_1321667733477">
						<str id="name">heights_face_rock_1_1317326758350</str>
						<int id="y">-1101</int>
						<int id="x">-715</int>
						<int id="z">106</int>
						<int id="w">166</int>
						<int id="h">52</int>
						<str id="sprite_class">heights_face_rock_1</str>
					</object>
					<object id="stalagmite_1_1321667733390">
						<str id="name">stalagmite_1_1321667733390</str>
						<int id="y">-124</int>
						<int id="x">715</int>
						<int id="z">113</int>
						<int id="w">76</int>
						<bool id="h_flip">true</bool>
						<int id="h">199</int>
						<str id="sprite_class">stalagmite_1</str>
						<int id="r">-180</int>
					</object>
					<object id="heights_platform_2_1317332702828">
						<str id="name">heights_platform_2_1317326758278</str>
						<int id="y">-443</int>
						<int id="x">-797</int>
						<int id="z">95</int>
						<int id="w">451</int>
						<bool id="h_flip">true</bool>
						<int id="h">208</int>
						<str id="sprite_class">heights_platform_2</str>
					</object>
					<object id="heights_topper_stone_1_1321667733399">
						<str id="name">heights_topper_stone_1_1321667733395</str>
						<int id="y">-175</int>
						<int id="x">-888</int>
						<int id="z">87</int>
						<int id="w">196</int>
						<int id="h">45</int>
						<str id="sprite_class">heights_topper_stone_1</str>
					</object>
					<object id="heights_platform_2_1317326758282">
						<str id="name">heights_platform_2_1317326758278</str>
						<int id="y">-442</int>
						<int id="x">213</int>
						<int id="z">55</int>
						<int id="w">451</int>
						<int id="h">208</int>
						<str id="sprite_class">heights_platform_2</str>
					</object>
					<object id="heights_face_1_1317326758272">
						<str id="name">heights_face_1_1317326758264</str>
						<int id="y">67</int>
						<int id="x">-846</int>
						<int id="z">42</int>
						<int id="w">648</int>
						<int id="h">443</int>
						<str id="sprite_class">heights_face_1</str>
					</object>
					<object id="heights_moss_2_1321667733463">
						<str id="name">heights_moss_2_1321667733443</str>
						<int id="y">-664</int>
						<int id="x">-440</int>
						<int id="z">97</int>
						<int id="w">201</int>
						<bool id="h_flip">true</bool>
						<int id="h">36</int>
						<str id="sprite_class">heights_moss_2</str>
						<int id="r">10</int>
					</object>
					<object id="heights_platform_2_1317326758335">
						<str id="name">heights_platform_2_1317326758278</str>
						<int id="y">-750</int>
						<int id="x">1096</int>
						<int id="z">72</int>
						<int id="w">451</int>
						<bool id="h_flip">true</bool>
						<int id="h">208</int>
						<str id="sprite_class">heights_platform_2</str>
					</object>
					<object id="heights_ladderbed_1_1317326758365">
						<str id="name">heights_ladderbed_1_1317326758354</str>
						<int id="y">-1127</int>
						<int id="x">-15</int>
						<int id="z">31</int>
						<int id="w">136</int>
						<int id="h">147</int>
						<str id="sprite_class">heights_ladderbed_1</str>
					</object>
					<object id="stalagmite_3_1317326758397">
						<str id="name">stalagmite_3_1317326758394</str>
						<int id="y">-693</int>
						<int id="x">-193</int>
						<int id="z">116</int>
						<int id="w">135</int>
						<int id="h">214</int>
						<str id="sprite_class">stalagmite_3</str>
						<int id="r">180</int>
					</object>
					<object id="gravel_1_1321667733485">
						<str id="name">gravel_1_1321667733485</str>
						<int id="y">-592</int>
						<int id="x">146</int>
						<int id="z">148</int>
						<int id="w">280</int>
						<int id="h">51</int>
						<str id="sprite_class">gravel_1</str>
					</object>
					<object id="heights_mound_3_1321667733413">
						<str id="name">heights_mound_3_1317326758329</str>
						<int id="y">-873</int>
						<int id="x">952</int>
						<int id="z">16</int>
						<int id="w">420</int>
						<int id="h">159</int>
						<str id="sprite_class">heights_mound_3</str>
						<int id="r">-11</int>
					</object>
					<object id="heights_moss_3_1321667733433">
						<str id="name">heights_moss_3_1321667733405</str>
						<int id="y">-184</int>
						<int id="x">727</int>
						<int id="z">128</int>
						<int id="w">358</int>
						<int id="h">135</int>
						<str id="sprite_class">heights_moss_3</str>
						<int id="r">-3</int>
					</object>
				</object>
				<str id="name">middleground</str>
				<object id="doors">
				</object>
				<int id="h">1500</int>
				<object id="targets">
				</object>
				<int id="w">2000</int>
				<object id="filtersNEW">
					<object id="brightness">
						<int id="value">-30</int>
					</object>
					<object id="tintAmount">
						<int id="value">16</int>
					</object>
					<object id="contrast">
						<int id="value">8</int>
					</object>
					<object id="tintColor">
						<int id="value">3342591</int>
					</object>
					<object id="saturation">
						<int id="value">-38</int>
					</object>
				</object>
				<object id="platform_lines">
					<object id="plat_1321667733547">
						<int id="platform_item_perm">-1</int>
						<object id="end">
							<int id="y">-945</int>
							<int id="x">999</int>
						</object>
						<object id="start">
							<int id="y">-920</int>
							<int id="x">801</int>
						</object>
						<int id="platform_pc_perm">-1</int>
					</object>
					<object id="plat_1321667733544">
						<int id="platform_item_perm">-1</int>
						<object id="end">
							<int id="y">-931</int>
							<int id="x">564</int>
						</object>
						<object id="start">
							<int id="y">-955</int>
							<int id="x">434</int>
						</object>
						<int id="platform_pc_perm">-1</int>
					</object>
					<object id="plat_1321667733515">
						<int id="platform_item_perm">-1</int>
						<object id="end">
							<int id="y">-1201</int>
							<int id="x">-431</int>
						</object>
						<object id="start">
							<int id="y">-1197</int>
							<int id="x">-568</int>
						</object>
						<int id="platform_pc_perm">-1</int>
					</object>
					<object id="plat_1321667733531">
						<int id="platform_item_perm">-1</int>
						<object id="end">
							<int id="y">-165</int>
							<int id="x">-463</int>
						</object>
						<object id="start">
							<int id="y">-132</int>
							<int id="x">-584</int>
						</object>
						<int id="platform_pc_perm">-1</int>
					</object>
					<object id="plat_1321667733543">
						<int id="platform_item_perm">-1</int>
						<object id="end">
							<int id="y">-590</int>
							<int id="x">671</int>
						</object>
						<object id="start">
							<int id="y">-618</int>
							<int id="x">483</int>
						</object>
						<int id="platform_pc_perm">-1</int>
					</object>
					<object id="plat_1321667733530">
						<int id="platform_item_perm">-1</int>
						<object id="end">
							<int id="y">-132</int>
							<int id="x">-584</int>
						</object>
						<object id="start">
							<int id="y">-132</int>
							<int id="x">-786</int>
						</object>
						<int id="platform_pc_perm">-1</int>
					</object>
					<object id="plat_1321667733546">
						<int id="platform_item_perm">-1</int>
						<object id="end">
							<int id="y">-920</int>
							<int id="x">801</int>
						</object>
						<object id="start">
							<int id="y">-926</int>
							<int id="x">678</int>
						</object>
						<int id="platform_pc_perm">-1</int>
					</object>
					<object id="plat_1321667733542">
						<int id="platform_item_perm">-1</int>
						<object id="end">
							<int id="y">-618</int>
							<int id="x">483</int>
						</object>
						<object id="start">
							<int id="y">-626</int>
							<int id="x">308</int>
						</object>
						<int id="platform_pc_perm">-1</int>
					</object>
					<object id="plat_1321667733545">
						<int id="platform_item_perm">-1</int>
						<object id="end">
							<int id="y">-926</int>
							<int id="x">678</int>
						</object>
						<object id="start">
							<int id="y">-931</int>
							<int id="x">564</int>
						</object>
						<int id="platform_pc_perm">-1</int>
					</object>
					<object id="plat_1321667733535">
						<int id="platform_item_perm">-1</int>
						<object id="end">
							<int id="y">-271</int>
							<int id="x">271</int>
						</object>
						<object id="start">
							<int id="y">-194</int>
							<int id="x">0</int>
						</object>
						<int id="platform_pc_perm">-1</int>
					</object>
					<object id="plat_1321667733516">
						<int id="platform_item_perm">-1</int>
						<object id="end">
							<int id="y">-1199</int>
							<int id="x">-314</int>
						</object>
						<object id="start">
							<int id="y">-1201</int>
							<int id="x">-431</int>
						</object>
						<int id="platform_pc_perm">-1</int>
					</object>
					<object id="plat_1321667733538">
						<int id="platform_item_perm">-1</int>
						<object id="end">
							<int id="y">-330</int>
							<int id="x">791</int>
						</object>
						<object id="start">
							<int id="y">-334</int>
							<int id="x">645</int>
						</object>
						<int id="platform_pc_perm">-1</int>
					</object>
					<object id="plat_1321667733532">
						<int id="platform_item_perm">-1</int>
						<object id="end">
							<int id="y">-175</int>
							<int id="x">-265</int>
						</object>
						<object id="start">
							<int id="y">-165</int>
							<int id="x">-463</int>
						</object>
						<int id="platform_pc_perm">-1</int>
					</object>
					<object id="plat_1321667733512">
						<int id="platform_item_perm">-1</int>
						<object id="end">
							<int id="y">-1195</int>
							<int id="x">-829</int>
						</object>
						<object id="start">
							<int id="y">-1203</int>
							<int id="x">-999</int>
						</object>
						<int id="platform_pc_perm">-1</int>
					</object>
					<object id="plat_1321667733533">
						<int id="platform_item_perm">-1</int>
						<object id="end">
							<int id="y">-170</int>
							<int id="x">-151</int>
						</object>
						<object id="start">
							<int id="y">-175</int>
							<int id="x">-265</int>
						</object>
						<int id="platform_pc_perm">-1</int>
					</object>
					<object id="plat_1321667733519">
						<int id="platform_item_perm">-1</int>
						<object id="end">
							<int id="y">-910</int>
							<int id="x">-306</int>
						</object>
						<object id="start">
							<int id="y">-878</int>
							<int id="x">-473</int>
						</object>
						<int id="platform_pc_perm">-1</int>
					</object>
					<object id="plat_1321667733523">
						<int id="platform_item_perm">-1</int>
						<object id="end">
							<int id="y">-617</int>
							<int id="x">-903</int>
						</object>
						<object id="start">
							<int id="y">-617</int>
							<int id="x">-999</int>
						</object>
						<int id="platform_pc_perm">-1</int>
					</object>
					<object id="plat_1321667733534">
						<int id="platform_item_perm">-1</int>
						<object id="end">
							<int id="y">-194</int>
							<int id="x">0</int>
						</object>
						<object id="start">
							<int id="y">-170</int>
							<int id="x">-151</int>
						</object>
						<int id="platform_pc_perm">-1</int>
					</object>
					<object id="plat_1321667733527">
						<int id="platform_item_perm">-1</int>
						<object id="end">
							<int id="y">-656</int>
							<int id="x">-418</int>
						</object>
						<object id="start">
							<int id="y">-648</int>
							<int id="x">-513</int>
						</object>
						<int id="platform_pc_perm">-1</int>
					</object>
					<object id="plat_1321667733522">
						<int id="platform_item_perm">-1</int>
						<object id="end">
							<int id="y">-893</int>
							<int id="x">156</int>
						</object>
						<object id="start">
							<int id="y">-916</int>
							<int id="x">49</int>
						</object>
						<int id="platform_pc_perm">-1</int>
					</object>
					<object id="plat_1321667733541">
						<int id="platform_item_perm">-1</int>
						<object id="end">
							<int id="y">-626</int>
							<int id="x">308</int>
						</object>
						<object id="start">
							<int id="y">-607</int>
							<int id="x">160</int>
						</object>
						<int id="platform_pc_perm">-1</int>
					</object>
					<object id="plat_1321667733537">
						<int id="platform_item_perm">-1</int>
						<object id="end">
							<int id="y">-334</int>
							<int id="x">645</int>
						</object>
						<object id="start">
							<int id="y">-307</int>
							<int id="x">494</int>
						</object>
						<int id="platform_pc_perm">-1</int>
					</object>
					<object id="plat_1321667733540">
						<int id="platform_item_perm">-1</int>
						<object id="end">
							<int id="y">-607</int>
							<int id="x">160</int>
						</object>
						<object id="start">
							<int id="y">-605</int>
							<int id="x">-17</int>
						</object>
						<int id="platform_pc_perm">-1</int>
					</object>
					<object id="plat_1321667733521">
						<int id="platform_item_perm">-1</int>
						<object id="end">
							<int id="y">-916</int>
							<int id="x">49</int>
						</object>
						<object id="start">
							<int id="y">-917</int>
							<int id="x">-85</int>
						</object>
						<int id="platform_pc_perm">-1</int>
					</object>
					<object id="plat_1327886109854">
						<int id="platform_item_perm">-1</int>
						<object id="end">
							<int id="y">-629</int>
							<int id="x">-789</int>
						</object>
						<object id="start">
							<int id="y">-617</int>
							<int id="x">-903</int>
						</object>
						<int id="platform_pc_perm">-1</int>
					</object>
					<object id="plat_1321667733536">
						<int id="platform_item_perm">-1</int>
						<object id="end">
							<int id="y">-307</int>
							<int id="x">494</int>
						</object>
						<object id="start">
							<int id="y">-271</int>
							<int id="x">271</int>
						</object>
						<int id="platform_pc_perm">-1</int>
					</object>
					<object id="plat_1321667733539">
						<int id="platform_item_perm">-1</int>
						<object id="end">
							<int id="y">-332</int>
							<int id="x">999</int>
						</object>
						<object id="start">
							<int id="y">-330</int>
							<int id="x">791</int>
						</object>
						<int id="platform_pc_perm">-1</int>
					</object>
					<object id="plat_1321667733517">
						<int id="platform_item_perm">-1</int>
						<object id="end">
							<int id="y">-1197</int>
							<int id="x">-71</int>
						</object>
						<object id="start">
							<int id="y">-1199</int>
							<int id="x">-314</int>
						</object>
						<int id="platform_pc_perm">-1</int>
					</object>
					<object id="plat_1321667733520">
						<int id="platform_item_perm">-1</int>
						<object id="end">
							<int id="y">-917</int>
							<int id="x">-85</int>
						</object>
						<object id="start">
							<int id="y">-910</int>
							<int id="x">-306</int>
						</object>
						<int id="platform_pc_perm">-1</int>
					</object>
					<object id="plat_1321667733526">
						<int id="platform_item_perm">-1</int>
						<object id="end">
							<int id="y">-648</int>
							<int id="x">-513</int>
						</object>
						<object id="start">
							<int id="y">-629</int>
							<int id="x">-603</int>
						</object>
						<int id="platform_pc_perm">-1</int>
					</object>
					<object id="plat_1321667733524">
						<int id="platform_item_perm">-1</int>
						<object id="end">
							<int id="y">-629</int>
							<int id="x">-603</int>
						</object>
						<object id="start">
							<int id="y">-629</int>
							<int id="x">-789</int>
						</object>
						<int id="platform_pc_perm">-1</int>
					</object>
					<object id="plat_1321667733529">
						<int id="platform_item_perm">-1</int>
						<object id="end">
							<int id="y">-132</int>
							<int id="x">-786</int>
						</object>
						<object id="start">
							<int id="y">-133</int>
							<int id="x">-999</int>
						</object>
						<int id="platform_pc_perm">-1</int>
					</object>
					<object id="plat_1321667733513">
						<int id="platform_item_perm">-1</int>
						<object id="end">
							<int id="y">-1212</int>
							<int id="x">-739</int>
						</object>
						<object id="start">
							<int id="y">-1195</int>
							<int id="x">-829</int>
						</object>
						<int id="platform_pc_perm">-1</int>
					</object>
					<object id="plat_1321667733528">
						<int id="platform_item_perm">-1</int>
						<object id="end">
							<int id="y">-639</int>
							<int id="x">-327</int>
						</object>
						<object id="start">
							<int id="y">-656</int>
							<int id="x">-418</int>
						</object>
						<int id="platform_pc_perm">-1</int>
					</object>
					<object id="plat_1321667733518">
						<int id="platform_item_perm">-1</int>
						<object id="end">
							<int id="y">-878</int>
							<int id="x">-473</int>
						</object>
						<object id="start">
							<int id="y">-865</int>
							<int id="x">-615</int>
						</object>
						<int id="platform_pc_perm">-1</int>
					</object>
					<object id="plat_1321667733514">
						<int id="platform_item_perm">-1</int>
						<object id="end">
							<int id="y">-1197</int>
							<int id="x">-568</int>
						</object>
						<object id="start">
							<int id="y">-1212</int>
							<int id="x">-739</int>
						</object>
						<int id="platform_pc_perm">-1</int>
					</object>
				</object>
				<int id="z">0</int>
				<object id="signposts">
					<object id="signpost_1">
						<int id="w">100</int>
						<int id="y">-1212</int>
						<int id="h">200</int>
						<int id="x">-815</int>
						<object id="connects">
							<object id="0">
								<int id="y">-250</int>
								<str id="hub_id">110</str>
								<str id="mote_id">9</str>
								<int id="x">1480</int>
								<bool id="hidden">false</bool>
								<str id="swf_file_versioned">http://c2.glitch.bz/locations/groddle1/1324491805.swf</str>
								<objref id="target" tsid="LA58P18ELAH2ERI" label="Difo Dabo"/>
							</object>
							<object id="1">
								<int id="y">-225</int>
								<str id="hub_id">110</str>
								<str id="mote_id">9</str>
								<int id="x">-1735</int>
								<bool id="hidden">false</bool>
								<str id="swf_file_versioned">http://c2.glitch.bz/locations/groddle1/1324491805.swf</str>
								<objref id="target" tsid="LA52VVB0LDH23N7" label="Injera Nitre"/>
							</object>
							<object id="2">
								<int id="y">-190</int>
								<str id="hub_id">110</str>
								<str id="mote_id">9</str>
								<int id="x">1510</int>
								<bool id="hidden">false</bool>
								<str id="swf_file_versioned">http://c2.glitch.bz/locations/groddle1/1324491805.swf</str>
								<objref id="target" tsid="LA57S02C1BH2TP4" label="Canjeero Cambe"/>
							</object>
						</object>
					</object>
				</object>
				<object id="ladders">
					<object id="ladder_1321667733510">
						<int id="w">50</int>
						<int id="y">-344</int>
						<int id="x">722</int>
						<int id="h">586</int>
					</object>
					<object id="ladder_1321667733511">
						<int id="w">50</int>
						<int id="y">-938</int>
						<int id="x">-14</int>
						<int id="h">301</int>
					</object>
				</object>
				<object id="walls">
				</object>
				<object id="boxes">
				</object>
			</object>
		</object>
		<null id="loading_label"/>
		<null id="physics"/>
		<str id="tsid">LA5T7SLLO3H2ERO</str>
		<null id="img_file_versioned"/>
		<int id="ground_y">-359</int>
		<str id="swf_file_versioned">http://c2.glitch.bz/locations/groddle1/1324491805.swf</str>
		<object id="gradient">
			<str id="top">121212</str>
			<str id="bottom">120812</str>
		</object>
		<int id="rookable_type">0</int>
		<object id="sources">
			<int id="LA52VVB0LDH23N7">1</int>
			<int id="LA57S02C1BH2TP4">1</int>
			<int id="LA58P18ELAH2ERI">1</int>
		</object>
		<str id="music_file"></str>
		<bool id="wall_jump">false</bool>
		<bool id="no_zoom">false</bool>
		<bool id="no_camera_mode">false</bool>
		<bool id="no_ambient_music">false</bool>
		<bool id="no_physics_adjustments">false</bool>
		<bool id="no_upgrade_physics_adjustments">false</bool>
	</object>
</game_object>
