<game_object tsid="GA5T6PDF7K42SNM" ts="1337668962263" label="Contour Rd NW" class_tsid="" lastUpdateTime="1337668952107" upd_gs="gs8" load_time="2012-05-21 23:11:51.548" upd_time="2012-05-21 23:38:22.444">
	<object id="dynamic">
		<int id="l">-3000</int>
		<int id="r">3000</int>
		<int id="t">-1000</int>
		<int id="b">0</int>
		<str id="label">Contour Rd NW</str>
		<str id="swf_file">groddle1.swf</str>
		<object id="layers">
			<object id="T_1307725023670">
				<object id="decos">
					<object id="alakol_water_rock_1_1308193052428">
						<int id="w">28</int>
						<str id="sprite_class">alakol_water_rock_1</str>
						<int id="x">177</int>
						<int id="y">718</int>
						<int id="h">8</int>
						<str id="name">alakol_water_rock_1_1307731442935</str>
						<int id="z">49</int>
					</object>
					<object id="tree_acacia_4_1308279008329">
						<int id="w">39</int>
						<str id="sprite_class">tree_acacia_4</str>
						<int id="x">479</int>
						<int id="y">721</int>
						<int id="h">30</int>
						<str id="name">tree_acacia_4_1307731442853</str>
						<int id="z">37</int>
					</object>
					<object id="lens_grass_2_1307725023719">
						<int id="w">1158</int>
						<str id="sprite_class">lens_grass_2</str>
						<int id="r">-1</int>
						<int id="x">1886</int>
						<int id="y">761</int>
						<int id="h">47</int>
						<str id="name">lens_grass_2_1307725023672</str>
						<int id="z">12</int>
					</object>
					<object id="alakol_water_rock_1_1308193052432">
						<int id="w">22</int>
						<str id="sprite_class">alakol_water_rock_1</str>
						<int id="r">6</int>
						<int id="x">164</int>
						<int id="y">714</int>
						<int id="h">10</int>
						<str id="name">alakol_water_rock_1_1307731442935</str>
						<int id="z">41</int>
					</object>
					<object id="heights_bush_1_1307731442963">
						<int id="w">28</int>
						<str id="sprite_class">heights_bush_1</str>
						<int id="x">5399</int>
						<int id="y">710</int>
						<int id="h">16</int>
						<str id="name">heights_bush_1_1307731442942</str>
						<int id="z">31</int>
					</object>
					<object id="alakol_water_rock_1_1308279008330">
						<int id="w">28</int>
						<str id="sprite_class">alakol_water_rock_1</str>
						<int id="x">996</int>
						<int id="y">732</int>
						<int id="h">8</int>
						<str id="name">alakol_water_rock_1_1307731442935</str>
						<int id="z">52</int>
					</object>
					<object id="lens_grass_2_1307725023724">
						<int id="w">1158</int>
						<str id="sprite_class">lens_grass_2</str>
						<int id="r">1</int>
						<int id="x">4690</int>
						<int id="y">748</int>
						<int id="h">47</int>
						<str id="name">lens_grass_2_1307725023672</str>
						<int id="z">16</int>
					</object>
					<object id="alakol_water_rock_1_1307731442938">
						<int id="w">13</int>
						<str id="sprite_class">alakol_water_rock_1</str>
						<int id="x">5125</int>
						<int id="y">706</int>
						<int id="h">11</int>
						<str id="name">alakol_water_rock_1_1307731442935</str>
						<int id="z">25</int>
					</object>
					<object id="alakol_cliff_1_1307731442933">
						<int id="w">61</int>
						<str id="sprite_class">alakol_cliff_1</str>
						<int id="x">4026</int>
						<int id="y">691</int>
						<int id="h">10</int>
						<str id="name">alakol_cliff_1_1307731442933</str>
						<int id="z">19</int>
					</object>
					<object id="alakol_water_rock_1_1307731442959">
						<int id="w">32</int>
						<str id="sprite_class">alakol_water_rock_1</str>
						<int id="x">5440</int>
						<int id="y">715</int>
						<int id="h">26</int>
						<str id="name">alakol_water_rock_1_1307731442935</str>
						<int id="z">30</int>
					</object>
					<object id="alakol_cliff_1_1308279008338">
						<int id="w">49</int>
						<str id="sprite_class">alakol_cliff_1</str>
						<int id="x">5123</int>
						<int id="y">702</int>
						<int id="h">8</int>
						<str id="name">alakol_cliff_1_1307731442933</str>
						<int id="z">22</int>
					</object>
					<object id="lens_grass_2_1307725023716">
						<int id="w">1158</int>
						<str id="sprite_class">lens_grass_2</str>
						<int id="r">1</int>
						<int id="x">350</int>
						<int id="y">757</int>
						<int id="h">47</int>
						<str id="name">lens_grass_2_1307725023672</str>
						<int id="z">10</int>
					</object>
					<object id="alakol_water_rock_2_1307731442940">
						<int id="w">21</int>
						<str id="sprite_class">alakol_water_rock_2</str>
						<int id="x">5117</int>
						<int id="y">703</int>
						<int id="h">10</int>
						<str id="name">alakol_water_rock_2_1307731442936</str>
						<int id="z">40</int>
					</object>
					<object id="heights_bush_4_1308041830115">
						<int id="w">374</int>
						<str id="sprite_class">heights_bush_4</str>
						<int id="x">1607</int>
						<int id="y">732</int>
						<int id="h">16</int>
						<str id="name">heights_bush_4_1307731442857</str>
						<int id="z">3</int>
					</object>
					<object id="tree_acacia_2_1307731442867">
						<int id="w">37</int>
						<str id="sprite_class">tree_acacia_2</str>
						<int id="x">2423</int>
						<int id="y">710</int>
						<int id="h">20</int>
						<str id="name">tree_acacia_2_1307731442867</str>
						<int id="z">43</int>
					</object>
					<object id="alakol_cliff_2_1308193052430">
						<int id="w">34</int>
						<str id="sprite_class">alakol_cliff_2</str>
						<int id="r">1</int>
						<int id="x">162</int>
						<int id="y">717</int>
						<int id="h">9</int>
						<str id="name">alakol_cliff_2_1307731442934</str>
						<int id="z">47</int>
					</object>
					<object id="alakol_water_rock_2_1307731442955">
						<int id="w">85</int>
						<str id="sprite_class">alakol_water_rock_2</str>
						<int id="x">5400</int>
						<int id="y">702</int>
						<int id="h">54</int>
						<str id="name">alakol_water_rock_2_1307731442936</str>
						<int id="z">26</int>
					</object>
					<object id="lens_grass_2_1307725023718">
						<int id="w">1158</int>
						<str id="sprite_class">lens_grass_2</str>
						<int id="r">1</int>
						<int id="x">1548</int>
						<int id="y">770</int>
						<int id="h">47</int>
						<str id="name">lens_grass_2_1307725023672</str>
						<int id="z">11</int>
					</object>
					<object id="alakol_water_rock_1_1308279008347">
						<int id="w">28</int>
						<str id="sprite_class">alakol_water_rock_1</str>
						<int id="x">607</int>
						<int id="y">727</int>
						<int id="h">8</int>
						<str id="name">alakol_water_rock_1_1307731442935</str>
						<int id="z">53</int>
					</object>
					<object id="pampas_1_1307735717350">
						<int id="w">6</int>
						<str id="sprite_class">pampas_1</str>
						<int id="x">1945</int>
						<int id="y">723</int>
						<int id="h">9</int>
						<str id="name">pampas_1_1307731442969</str>
						<int id="z">38</int>
					</object>
					<object id="lens_grass_2_1307725023725">
						<int id="w">1158</int>
						<str id="sprite_class">lens_grass_2</str>
						<int id="r">-1</int>
						<int id="x">5130</int>
						<int id="y">743</int>
						<int id="h">47</int>
						<str id="name">lens_grass_2_1307725023672</str>
						<int id="z">17</int>
					</object>
					<object id="heights_bush_4_1308041830120">
						<int id="w">374</int>
						<str id="sprite_class">heights_bush_4</str>
						<int id="r">-4</int>
						<int id="x">1095</int>
						<int id="y">739</int>
						<int id="h">19</int>
						<str id="name">heights_bush_4_1307731442857</str>
						<int id="z">6</int>
					</object>
					<object id="tree_acacia_1_1308279008335">
						<int id="w">30</int>
						<str id="sprite_class">tree_acacia_1</str>
						<int id="x">4011</int>
						<int id="y">685</int>
						<int id="h">18</int>
						<str id="name">tree_acacia_1_1307731442861</str>
						<int id="z">54</int>
					</object>
					<object id="tree_acacia_2_1307735717324">
						<int id="w">58</int>
						<str id="sprite_class">tree_acacia_2</str>
						<int id="x">171</int>
						<int id="y">714</int>
						<int id="h">32</int>
						<str id="name">tree_acacia_2_1307731442855</str>
						<int id="z">34</int>
					</object>
					<object id="tree_acacia_2_1308279008339">
						<int id="w">37</int>
						<str id="sprite_class">tree_acacia_2</str>
						<int id="x">1574</int>
						<int id="y">728</int>
						<int id="h">20</int>
						<str id="name">tree_acacia_2_1307731442867</str>
						<int id="z">44</int>
					</object>
					<object id="alakol_water_rock_2_1308279008331">
						<int id="w">26</int>
						<str id="sprite_class">alakol_water_rock_2</str>
						<int id="x">593</int>
						<int id="y">728</int>
						<int id="h">7</int>
						<str id="name">alakol_water_rock_2_1307731442936</str>
						<int id="z">51</int>
					</object>
					<object id="alakol_water_rock_2_1307731442936">
						<int id="w">28</int>
						<str id="sprite_class">alakol_water_rock_2</str>
						<int id="x">5153</int>
						<int id="y">706</int>
						<int id="h">11</int>
						<str id="name">alakol_water_rock_2_1307731442936</str>
						<int id="z">24</int>
					</object>
					<object id="lens_grass_2_1307725023723">
						<int id="w">1158</int>
						<str id="sprite_class">lens_grass_2</str>
						<int id="x">4029</int>
						<int id="y">733</int>
						<int id="h">47</int>
						<str id="name">lens_grass_2_1307725023672</str>
						<int id="z">8</int>
					</object>
					<object id="heights_bush_4_1308041830113">
						<int id="w">708</int>
						<str id="sprite_class">heights_bush_4</str>
						<int id="x">1672</int>
						<int id="y">728</int>
						<int id="h">9</int>
						<str id="name">heights_bush_4_1307731442857</str>
						<int id="z">5</int>
					</object>
					<object id="heights_bush_4_1307731442860">
						<int id="w">474</int>
						<str id="sprite_class">heights_bush_4</str>
						<int id="r">2</int>
						<int id="x">4280</int>
						<int id="y">701</int>
						<int id="h">15</int>
						<str id="name">heights_bush_4_1307731442857</str>
						<int id="z">1</int>
					</object>
					<object id="tree_acacia_3_1308295269833">
						<int id="w">48</int>
						<str id="sprite_class">tree_acacia_3</str>
						<int id="x">4047</int>
						<int id="y">693</int>
						<int id="h">22</int>
						<str id="name">tree_acacia_3_1307731442854</str>
						<int id="z">55</int>
					</object>
					<object id="tree_acacia_3_1307741552436">
						<int id="w">45</int>
						<str id="sprite_class">tree_acacia_3</str>
						<int id="x">2675</int>
						<int id="y">714</int>
						<int id="h">20</int>
						<str id="name">tree_acacia_3_1307731442854</str>
						<int id="z">42</int>
					</object>
					<object id="alakol_cliff_1_1308279008337">
						<int id="w">49</int>
						<str id="sprite_class">alakol_cliff_1</str>
						<int id="x">5259</int>
						<int id="y">704</int>
						<int id="h">8</int>
						<str id="name">alakol_cliff_1_1307731442933</str>
						<int id="z">21</int>
					</object>
					<object id="tree_acacia_4_1307735717330">
						<int id="w">39</int>
						<str id="sprite_class">tree_acacia_4</str>
						<int id="x">628</int>
						<int id="y">726</int>
						<int id="h">30</int>
						<str id="name">tree_acacia_4_1307731442853</str>
						<int id="z">36</int>
					</object>
					<object id="alakol_water_rock_2_1307731442962">
						<int id="w">43</int>
						<str id="sprite_class">alakol_water_rock_2</str>
						<int id="x">5299</int>
						<int id="y">708</int>
						<int id="h">18</int>
						<str id="name">alakol_water_rock_2_1307731442936</str>
						<int id="z">29</int>
					</object>
					<object id="heights_bush_4_1307731442857">
						<int id="w">467</int>
						<str id="sprite_class">heights_bush_4</str>
						<int id="r">1</int>
						<int id="x">216</int>
						<int id="y">719</int>
						<int id="h">19</int>
						<str id="name">heights_bush_4_1307731442857</str>
						<int id="z">0</int>
					</object>
					<object id="alakol_water_rock_1_1308193052429">
						<int id="w">19</int>
						<str id="sprite_class">alakol_water_rock_1</str>
						<int id="x">649</int>
						<int id="y">736</int>
						<int id="h">13</int>
						<str id="name">alakol_water_rock_1_1307731442935</str>
						<int id="z">46</int>
					</object>
					<object id="tree_acacia_1_1307735717322">
						<int id="w">39</int>
						<str id="sprite_class">tree_acacia_1</str>
						<int id="x">645</int>
						<int id="y">732</int>
						<int id="h">25</int>
						<str id="name">tree_acacia_1_1307731442861</str>
						<int id="z">32</int>
					</object>
					<object id="alakol_water_rock_1_1307731442960">
						<int id="w">72</int>
						<str id="sprite_class">alakol_water_rock_1</str>
						<int id="x">5452</int>
						<int id="y">687</int>
						<int id="h">19</int>
						<str id="name">alakol_water_rock_1_1307731442935</str>
						<int id="z">7</int>
					</object>
					<object id="lens_grass_2_1307725023721">
						<int id="w">1158</int>
						<str id="sprite_class">lens_grass_2</str>
						<int id="r">1</int>
						<int id="x">2980</int>
						<int id="y">758</int>
						<int id="h">47</int>
						<str id="name">lens_grass_2_1307725023672</str>
						<int id="z">14</int>
					</object>
					<object id="tree_acacia_1_1307731442861">
						<int id="w">30</int>
						<str id="sprite_class">tree_acacia_1</str>
						<int id="x">2962</int>
						<int id="y">717</int>
						<int id="h">19</int>
						<str id="name">tree_acacia_1_1307731442861</str>
						<int id="z">18</int>
					</object>
					<object id="lens_grass_2_1307725023717">
						<int id="w">1158</int>
						<str id="sprite_class">lens_grass_2</str>
						<int id="r">1</int>
						<int id="x">1027</int>
						<int id="y">771</int>
						<int id="h">47</int>
						<str id="name">lens_grass_2_1307725023672</str>
						<int id="z">13</int>
					</object>
					<object id="tree_acacia_3_1307741552437">
						<int id="w">48</int>
						<str id="sprite_class">tree_acacia_3</str>
						<int id="x">2576</int>
						<int id="y">712</int>
						<int id="h">22</int>
						<str id="name">tree_acacia_3_1307731442854</str>
						<int id="z">39</int>
					</object>
					<object id="tree_acacia_3_1307735717328">
						<int id="w">47</int>
						<str id="sprite_class">tree_acacia_3</str>
						<int id="x">357</int>
						<int id="y">715</int>
						<int id="h">22</int>
						<str id="name">tree_acacia_3_1307731442854</str>
						<int id="z">45</int>
					</object>
					<object id="alakol_water_rock_2_1308193052431">
						<int id="w">26</int>
						<str id="sprite_class">alakol_water_rock_2</str>
						<int id="x">987</int>
						<int id="y">729</int>
						<int id="h">7</int>
						<str id="name">alakol_water_rock_2_1307731442936</str>
						<int id="z">48</int>
					</object>
					<object id="lens_grass_2_1307725023720">
						<int id="w">1158</int>
						<str id="sprite_class">lens_grass_2</str>
						<int id="x">2351</int>
						<int id="y">748</int>
						<int id="h">47</int>
						<str id="name">lens_grass_2_1307725023672</str>
						<int id="z">9</int>
					</object>
					<object id="heights_bush_4_1307731442859">
						<int id="w">617</int>
						<str id="sprite_class">heights_bush_4</str>
						<int id="r">-1</int>
						<int id="x">3118</int>
						<int id="y">723</int>
						<int id="h">17</int>
						<str id="name">heights_bush_4_1307731442857</str>
						<int id="z">2</int>
					</object>
					<object id="alakol_water_rock_1_1308279008333">
						<int id="w">28</int>
						<str id="sprite_class">alakol_water_rock_1</str>
						<int id="x">322</int>
						<int id="y">717</int>
						<int id="h">8</int>
						<str id="name">alakol_water_rock_1_1307731442935</str>
						<int id="z">50</int>
					</object>
					<object id="tree_acacia_1_1307735717323">
						<int id="w">39</int>
						<str id="sprite_class">tree_acacia_1</str>
						<int id="x">319</int>
						<int id="y">714</int>
						<int id="h">25</int>
						<str id="name">tree_acacia_1_1307731442861</str>
						<int id="z">33</int>
					</object>
					<object id="alakol_cliff_2_1307731442934">
						<int id="w">35</int>
						<str id="sprite_class">alakol_cliff_2</str>
						<int id="x">5186</int>
						<int id="y">706</int>
						<int id="h">10</int>
						<str id="name">alakol_cliff_2_1307731442934</str>
						<int id="z">23</int>
					</object>
					<object id="tree_acacia_3_1307735717326">
						<int id="w">42</int>
						<str id="sprite_class">tree_acacia_3</str>
						<int id="x">600</int>
						<int id="y">724</int>
						<int id="h">19</int>
						<str id="name">tree_acacia_3_1307731442854</str>
						<int id="z">35</int>
					</object>
					<object id="alakol_water_rock_2_1307731442956">
						<int id="w">109</int>
						<str id="sprite_class">alakol_water_rock_2</str>
						<int id="x">5353</int>
						<int id="y">713</int>
						<int id="h">30</int>
						<str id="name">alakol_water_rock_2_1307731442936</str>
						<int id="z">28</int>
					</object>
					<object id="heights_bush_4_1308041830114">
						<int id="w">570</int>
						<str id="sprite_class">heights_bush_4</str>
						<int id="x">1386</int>
						<int id="y">730</int>
						<int id="h">15</int>
						<str id="name">heights_bush_4_1307731442857</str>
						<int id="z">4</int>
					</object>
					<object id="alakol_cliff_1_1308279008336">
						<int id="w">61</int>
						<str id="sprite_class">alakol_cliff_1</str>
						<int id="x">5216</int>
						<int id="y">704</int>
						<int id="h">10</int>
						<str id="name">alakol_cliff_1_1307731442933</str>
						<int id="z">20</int>
					</object>
					<object id="alakol_cliff_2_1307731442954">
						<int id="w">112</int>
						<str id="sprite_class">alakol_cliff_2</str>
						<int id="r">1</int>
						<int id="x">5414</int>
						<int id="y">707</int>
						<int id="h">31</int>
						<str id="name">alakol_cliff_2_1307731442934</str>
						<int id="z">27</int>
					</object>
					<object id="lens_grass_2_1307725023722">
						<int id="w">1158</int>
						<str id="sprite_class">lens_grass_2</str>
						<int id="r">-1</int>
						<int id="x">3517</int>
						<int id="y">748</int>
						<int id="h">47</int>
						<str id="name">lens_grass_2_1307725023672</str>
						<int id="z">15</int>
					</object>
				</object>
				<int id="w">5280</int>
				<int id="h">1000</int>
				<int id="z">-4</int>
				<str id="name">bg_4</str>
				<object id="filtersNEW">
					<object id="brightness">
						<int id="value">25</int>
					</object>
					<object id="saturation">
						<int id="value">6</int>
					</object>
					<object id="tintColor">
						<int id="value">0</int>
					</object>
					<object id="contrast">
						<int id="value">0</int>
					</object>
					<object id="blur">
						<int id="value">2</int>
					</object>
				</object>
			</object>
			<object id="T_1307725023669">
				<object id="decos">
					<object id="cloud_fluffy_2_1308213477374">
						<int id="w">1231</int>
						<str id="sprite_class">cloud_fluffy_2</str>
						<int id="x">4274</int>
						<int id="y">650</int>
						<int id="h">89</int>
						<str id="name">cloud_fluffy_2_1307725023726</str>
						<int id="z">5</int>
					</object>
					<object id="cloud_fluffy_2_1307731442948">
						<int id="w">1231</int>
						<str id="sprite_class">cloud_fluffy_2</str>
						<int id="x">3415</int>
						<int id="y">595</int>
						<int id="h">89</int>
						<str id="name">cloud_fluffy_2_1307725023726</str>
						<int id="z">0</int>
					</object>
					<object id="cloud_fluffy_1_1308213477373">
						<int id="w">1009</int>
						<str id="sprite_class">cloud_fluffy_1</str>
						<int id="x">2788</int>
						<int id="y">664</int>
						<int id="h">95</int>
						<str id="name">cloud_fluffy_1_1307731442949</str>
						<int id="z">4</int>
					</object>
					<object id="cloud_fluffy_1_1307731442952">
						<int id="w">1009</int>
						<str id="sprite_class">cloud_fluffy_1</str>
						<int id="x">2112</int>
						<int id="y">706</int>
						<int id="h">95</int>
						<str id="name">cloud_fluffy_1_1307731442949</str>
						<int id="z">1</int>
					</object>
					<object id="cloud_fluffy_2_1308213477375">
						<int id="w">1231</int>
						<str id="sprite_class">cloud_fluffy_2</str>
						<int id="x">628</int>
						<int id="y">688</int>
						<int id="h">89</int>
						<str id="name">cloud_fluffy_2_1307725023726</str>
						<int id="z">6</int>
					</object>
				</object>
				<int id="w">4800</int>
				<int id="h">1000</int>
				<int id="z">-5</int>
				<str id="name">sky</str>
				<object id="filtersNEW">
					<object id="saturation">
						<int id="value">-60</int>
					</object>
					<object id="tintColor">
						<int id="value">16763904</int>
					</object>
					<object id="blur">
						<int id="value">3</int>
					</object>
					<object id="brightness">
						<int id="value">19</int>
					</object>
					<object id="contrast">
						<int id="value">-10</int>
					</object>
					<object id="tintAmount">
						<int id="value">80</int>
					</object>
				</object>
			</object>
			<object id="middleground">
				<object id="doors">
				</object>
				<int id="h">1000</int>
				<object id="boxes">
				</object>
				<object id="signposts">
					<object id="signpost_1">
						<int id="y">-108</int>
						<object id="connects">
							<object id="0">
								<str id="swf_file_versioned">http://c2.glitch.bz/locations/groddle1/1316726082.swf</str>
								<int id="x">2565</int>
								<int id="y">-385</int>
								<str id="mote_id">9</str>
								<str id="hub_id">86</str>
								<objref id="target" tsid="LA512CSG4H42RKG" label="Stake Claim Rd A"/>
							</object>
							<object id="1">
								<str id="swf_file_versioned">http://c2.glitch.bz/locations/groddle1/1316726082.swf</str>
								<int id="x">-2640</int>
								<int id="y">-125</int>
								<str id="mote_id">9</str>
								<str id="hub_id">86</str>
								<objref id="target" tsid="LA5PV4JH5K42CIV" label="Contour Rd W"/>
							</object>
							<object id="2">
								<str id="swf_file_versioned">http://c2.glitch.bz/locations/groddle1/1316726082.swf</str>
								<int id="x">-2650</int>
								<int id="y">-130</int>
								<str id="mote_id">9</str>
								<str id="hub_id">86</str>
								<objref id="target" tsid="LA5DNE9DVJ429P8" label="Stake Claim Rd B"/>
							</object>
						</object>
						<int id="h">200</int>
						<str id="id">signpost_1</str>
						<int id="w">100</int>
						<int id="x">2529</int>
					</object>
				</object>
				<object id="filtersNEW">
					<object id="brightness">
						<int id="value">9</int>
					</object>
					<object id="saturation">
						<int id="value">18</int>
					</object>
					<object id="tintColor">
						<int id="value">0</int>
					</object>
					<object id="contrast">
						<int id="value">0</int>
					</object>
				</object>
				<str id="name">middleground</str>
				<object id="targets">
				</object>
				<object id="decos">
					<object id="lens_grass_1_1307725023692">
						<int id="w">269</int>
						<str id="sprite_class">lens_grass_1</str>
						<int id="x">-738</int>
						<int id="y">-8</int>
						<int id="h">53</int>
						<str id="name">lens_grass_1_1307725023671</str>
						<int id="z">6</int>
					</object>
					<object id="lens_grass_1_1308279008351">
						<int id="w">269</int>
						<str id="sprite_class">lens_grass_1</str>
						<int id="x">2860</int>
						<int id="y">-100</int>
						<int id="h">53</int>
						<str id="name">lens_grass_1_1307725023671</str>
						<int id="z">18</int>
					</object>
					<object id="lens_grass_2_1307725023674">
						<int id="w">2536</int>
						<str id="sprite_class">lens_grass_2</str>
						<int id="x">-201</int>
						<int id="y">48</int>
						<int id="h">219</int>
						<str id="name">lens_grass_2_1307725023672</str>
						<int id="z">1</int>
					</object>
					<object id="lens_grass_1_1308295269819">
						<int id="w">269</int>
						<str id="sprite_class">lens_grass_1</str>
						<int id="x">2156</int>
						<int id="y">-71</int>
						<int id="h">53</int>
						<str id="name">lens_grass_1_1307725023671</str>
						<int id="z">23</int>
					</object>
					<object id="lens_grass_1_1307731442877">
						<int id="w">269</int>
						<str id="sprite_class">lens_grass_1</str>
						<int id="x">1742</int>
						<int id="y">-119</int>
						<int id="h">53</int>
						<str id="name">lens_grass_1_1307725023671</str>
						<int id="z">13</int>
					</object>
					<object id="lens_grass_2_1307725023675">
						<int id="w">2168</int>
						<str id="sprite_class">lens_grass_2</str>
						<int id="x">702</int>
						<int id="y">88</int>
						<int id="h">219</int>
						<str id="name">lens_grass_2_1307725023672</str>
						<int id="z">4</int>
					</object>
					<object id="lens_grass_1_1307731442873">
						<int id="w">269</int>
						<str id="sprite_class">lens_grass_1</str>
						<int id="x">35</int>
						<int id="y">-110</int>
						<int id="h">53</int>
						<str id="name">lens_grass_1_1307725023671</str>
						<int id="z">8</int>
					</object>
					<object id="lens_grass_2_1307725023677">
						<int id="w">2168</int>
						<str id="sprite_class">lens_grass_2</str>
						<int id="r">-1</int>
						<int id="x">2582</int>
						<int id="y">60</int>
						<int id="h">219</int>
						<str id="name">lens_grass_2_1307725023672</str>
						<int id="z">5</int>
					</object>
					<object id="lens_grass_1_1307731442872">
						<int id="w">269</int>
						<str id="sprite_class">lens_grass_1</str>
						<int id="x">-97</int>
						<int id="y">-126</int>
						<int id="h">53</int>
						<str id="name">lens_grass_1_1307725023671</str>
						<int id="z">7</int>
					</object>
					<object id="lens_grass_1_1308279008352">
						<int id="w">269</int>
						<str id="sprite_class">lens_grass_1</str>
						<int id="x">2879</int>
						<int id="y">-82</int>
						<int id="h">53</int>
						<str id="name">lens_grass_1_1307725023671</str>
						<int id="z">20</int>
					</object>
					<object id="lens_grass_1_1308279008350">
						<int id="w">269</int>
						<str id="sprite_class">lens_grass_1</str>
						<int id="x">2950</int>
						<int id="y">-71</int>
						<int id="h">53</int>
						<str id="name">lens_grass_1_1307725023671</str>
						<int id="z">22</int>
					</object>
					<object id="lens_grass_1_1308279008349">
						<int id="w">269</int>
						<str id="sprite_class">lens_grass_1</str>
						<int id="x">2954</int>
						<int id="y">-87</int>
						<int id="h">53</int>
						<str id="name">lens_grass_1_1307725023671</str>
						<int id="z">19</int>
					</object>
					<object id="lens_grass_2_1307725023672">
						<int id="w">2168</int>
						<str id="sprite_class">lens_grass_2</str>
						<int id="x">-2486</int>
						<int id="y">56</int>
						<int id="h">219</int>
						<str id="name">lens_grass_2_1307725023672</str>
						<int id="z">2</int>
					</object>
					<object id="lens_grass_2_1307725023673">
						<int id="w">2168</int>
						<str id="sprite_class">lens_grass_2</str>
						<int id="x">-1362</int>
						<int id="y">72</int>
						<int id="h">219</int>
						<str id="name">lens_grass_2_1307725023672</str>
						<int id="z">3</int>
					</object>
					<object id="lens_grass_1_1307731442876">
						<int id="w">269</int>
						<str id="sprite_class">lens_grass_1</str>
						<int id="x">1610</int>
						<int id="y">-131</int>
						<int id="h">53</int>
						<str id="name">lens_grass_1_1307725023671</str>
						<int id="z">12</int>
					</object>
					<object id="lens_grass_1_1307731442881">
						<int id="w">269</int>
						<str id="sprite_class">lens_grass_1</str>
						<int id="x">2592</int>
						<int id="y">5</int>
						<int id="h">53</int>
						<str id="name">lens_grass_1_1307725023671</str>
						<int id="z">15</int>
					</object>
					<object id="lens_grass_1_1307731442875">
						<int id="w">269</int>
						<str id="sprite_class">lens_grass_1</str>
						<int id="x">345</int>
						<int id="y">-10</int>
						<int id="h">53</int>
						<str id="name">lens_grass_1_1307725023671</str>
						<int id="z">9</int>
					</object>
					<object id="lens_grass_1_1307731442879">
						<int id="w">269</int>
						<str id="sprite_class">lens_grass_1</str>
						<int id="x">1185</int>
						<int id="y">-9</int>
						<int id="h">53</int>
						<str id="name">lens_grass_1_1307725023671</str>
						<int id="z">11</int>
					</object>
					<object id="lens_grass_1_1307731442874">
						<int id="w">269</int>
						<str id="sprite_class">lens_grass_1</str>
						<int id="x">201</int>
						<int id="y">13</int>
						<int id="h">53</int>
						<str id="name">lens_grass_1_1307725023671</str>
						<int id="z">10</int>
					</object>
					<object id="lens_grass_1_1308279008353">
						<int id="w">269</int>
						<str id="sprite_class">lens_grass_1</str>
						<int id="x">2835</int>
						<int id="y">-87</int>
						<int id="h">53</int>
						<str id="name">lens_grass_1_1307725023671</str>
						<int id="z">21</int>
					</object>
					<object id="lens_grass_1_1307731442882">
						<int id="w">269</int>
						<str id="sprite_class">lens_grass_1</str>
						<int id="x">2935</int>
						<int id="y">-120</int>
						<int id="h">53</int>
						<str id="name">lens_grass_1_1307725023671</str>
						<int id="z">16</int>
					</object>
					<object id="lens_grass_1_1307731442880">
						<int id="w">269</int>
						<str id="sprite_class">lens_grass_1</str>
						<int id="x">2463</int>
						<int id="y">-10</int>
						<int id="h">53</int>
						<str id="name">lens_grass_1_1307725023671</str>
						<int id="z">14</int>
					</object>
					<object id="lens_grass_1_1308279008348">
						<int id="w">269</int>
						<str id="sprite_class">lens_grass_1</str>
						<int id="x">2960</int>
						<int id="y">-102</int>
						<int id="h">53</int>
						<str id="name">lens_grass_1_1307725023671</str>
						<int id="z">17</int>
					</object>
					<object id="lens_grass_2_1307725023676">
						<int id="w">2469</int>
						<str id="sprite_class">lens_grass_2</str>
						<int id="r">-1</int>
						<int id="x">1429</int>
						<int id="y">45</int>
						<int id="h">219</int>
						<str id="name">lens_grass_2_1307725023672</str>
						<int id="z">0</int>
					</object>
				</object>
				<object id="platform_lines">
					<object id="plat_1307731443069">
						<int id="platform_pc_perm">-1</int>
						<int id="platform_item_perm">-1</int>
						<object id="start">
							<int id="y">-118</int>
							<int id="x">-2448</int>
						</object>
						<object id="end">
							<int id="y">-122</int>
							<int id="x">-2237</int>
						</object>
					</object>
					<object id="plat_1307731443087">
						<int id="platform_pc_perm">-1</int>
						<int id="platform_item_perm">-1</int>
						<object id="start">
							<int id="y">-82</int>
							<int id="x">2277</int>
						</object>
						<object id="end">
							<int id="y">-100</int>
							<int id="x">2650</int>
						</object>
					</object>
					<object id="plat_1307731443075">
						<int id="platform_pc_perm">-1</int>
						<int id="platform_item_perm">-1</int>
						<object id="start">
							<int id="y">-96</int>
							<int id="x">-869</int>
						</object>
						<object id="end">
							<int id="y">-117</int>
							<int id="x">-654</int>
						</object>
					</object>
					<object id="plat_1307731443088">
						<int id="platform_pc_perm">-1</int>
						<int id="platform_item_perm">-1</int>
						<object id="start">
							<int id="y">-100</int>
							<int id="x">2650</int>
						</object>
						<object id="end">
							<int id="y">-108</int>
							<int id="x">2706</int>
						</object>
					</object>
					<object id="plat_1308295269824">
						<int id="platform_pc_perm">-1</int>
						<int id="platform_item_perm">-1</int>
						<object id="start">
							<int id="y">-91</int>
							<int id="x">2030</int>
						</object>
						<object id="end">
							<int id="y">-103</int>
							<int id="x">2065</int>
						</object>
					</object>
					<object id="plat_1307731443080">
						<int id="platform_pc_perm">-1</int>
						<int id="platform_item_perm">-1</int>
						<object id="start">
							<int id="y">-101</int>
							<int id="x">403</int>
						</object>
						<object id="end">
							<int id="y">-76</int>
							<int id="x">536</int>
						</object>
					</object>
					<object id="plat_1308295269823">
						<int id="platform_pc_perm">-1</int>
						<int id="platform_item_perm">-1</int>
						<object id="start">
							<int id="y">-103</int>
							<int id="x">2065</int>
						</object>
						<object id="end">
							<int id="y">-110</int>
							<int id="x">2113</int>
						</object>
					</object>
					<object id="plat_1307731443077">
						<int id="platform_pc_perm">-1</int>
						<int id="platform_item_perm">-1</int>
						<object id="start">
							<int id="y">-130</int>
							<int id="x">-356</int>
						</object>
						<object id="end">
							<int id="y">-83</int>
							<int id="x">-2</int>
						</object>
					</object>
					<object id="plat_1307731443067">
						<int id="platform_pc_perm">-1</int>
						<int id="platform_item_perm">-1</int>
						<object id="start">
							<int id="y">-80</int>
							<int id="x">-3000</int>
						</object>
						<object id="end">
							<int id="y">-102</int>
							<int id="x">-2729</int>
						</object>
					</object>
					<object id="plat_1307731443068">
						<int id="platform_pc_perm">-1</int>
						<int id="platform_item_perm">-1</int>
						<object id="start">
							<int id="y">-102</int>
							<int id="x">-2729</int>
						</object>
						<object id="end">
							<int id="y">-118</int>
							<int id="x">-2448</int>
						</object>
					</object>
					<object id="plat_1307731443084">
						<int id="platform_pc_perm">-1</int>
						<int id="platform_item_perm">-1</int>
						<object id="start">
							<int id="y">-131</int>
							<int id="x">1347</int>
						</object>
						<object id="end">
							<int id="y">-99</int>
							<int id="x">1715</int>
						</object>
					</object>
					<object id="plat_1308295269822">
						<int id="platform_pc_perm">-1</int>
						<int id="platform_item_perm">-1</int>
						<object id="start">
							<int id="y">-110</int>
							<int id="x">2113</int>
						</object>
						<object id="end">
							<int id="y">-111</int>
							<int id="x">2184</int>
						</object>
					</object>
					<object id="plat_1308295269826">
						<int id="platform_pc_perm">-1</int>
						<int id="platform_item_perm">-1</int>
						<object id="start">
							<int id="y">-86</int>
							<int id="x">1836</int>
						</object>
						<object id="end">
							<int id="y">-94</int>
							<int id="x">1920</int>
						</object>
					</object>
					<object id="plat_1307731443070">
						<int id="platform_pc_perm">-1</int>
						<int id="platform_item_perm">-1</int>
						<object id="start">
							<int id="y">-122</int>
							<int id="x">-2237</int>
						</object>
						<object id="end">
							<int id="y">-119</int>
							<int id="x">-2070</int>
						</object>
					</object>
					<object id="plat_1307731443076">
						<int id="platform_pc_perm">-1</int>
						<int id="platform_item_perm">-1</int>
						<object id="start">
							<int id="y">-117</int>
							<int id="x">-654</int>
						</object>
						<object id="end">
							<int id="y">-130</int>
							<int id="x">-356</int>
						</object>
					</object>
					<object id="plat_1308279008355">
						<int id="platform_pc_perm">-1</int>
						<int id="platform_item_perm">-1</int>
						<object id="start">
							<int id="y">-122</int>
							<int id="x">2749</int>
						</object>
						<object id="end">
							<int id="y">-135</int>
							<int id="x">2799</int>
						</object>
					</object>
					<object id="plat_1307731443081">
						<int id="platform_pc_perm">-1</int>
						<int id="platform_item_perm">-1</int>
						<object id="start">
							<int id="y">-76</int>
							<int id="x">536</int>
						</object>
						<object id="end">
							<int id="y">-96</int>
							<int id="x">763</int>
						</object>
					</object>
					<object id="plat_1307731443079">
						<int id="platform_pc_perm">-1</int>
						<int id="platform_item_perm">-1</int>
						<object id="start">
							<int id="y">-83</int>
							<int id="x">147</int>
						</object>
						<object id="end">
							<int id="y">-101</int>
							<int id="x">403</int>
						</object>
					</object>
					<object id="plat_1308295269825">
						<int id="platform_pc_perm">-1</int>
						<int id="platform_item_perm">-1</int>
						<object id="start">
							<int id="y">-94</int>
							<int id="x">1920</int>
						</object>
						<object id="end">
							<int id="y">-91</int>
							<int id="x">2030</int>
						</object>
					</object>
					<object id="plat_1308279008354">
						<int id="platform_pc_perm">-1</int>
						<int id="platform_item_perm">-1</int>
						<object id="start">
							<int id="y">-108</int>
							<int id="x">2706</int>
						</object>
						<object id="end">
							<int id="y">-122</int>
							<int id="x">2749</int>
						</object>
					</object>
					<object id="plat_1308295269828">
						<int id="platform_pc_perm">-1</int>
						<int id="platform_item_perm">-1</int>
						<object id="start">
							<int id="y">-99</int>
							<int id="x">1715</int>
						</object>
						<object id="end">
							<int id="y">-94</int>
							<int id="x">1777</int>
						</object>
					</object>
					<object id="plat_1307731443082">
						<int id="platform_pc_perm">-1</int>
						<int id="platform_item_perm">-1</int>
						<object id="start">
							<int id="y">-96</int>
							<int id="x">763</int>
						</object>
						<object id="end">
							<int id="y">-125</int>
							<int id="x">1146</int>
						</object>
					</object>
					<object id="plat_1307731443072">
						<int id="platform_pc_perm">-1</int>
						<int id="platform_item_perm">-1</int>
						<object id="start">
							<int id="y">-96</int>
							<int id="x">-1812</int>
						</object>
						<object id="end">
							<int id="y">-108</int>
							<int id="x">-1480</int>
						</object>
					</object>
					<object id="plat_1308279008358">
						<int id="platform_pc_perm">-1</int>
						<int id="platform_item_perm">-1</int>
						<object id="start">
							<int id="y">-142</int>
							<int id="x">2941</int>
						</object>
						<object id="end">
							<int id="y">-140</int>
							<int id="x">2995</int>
						</object>
					</object>
					<object id="plat_1307731443078">
						<int id="platform_pc_perm">-1</int>
						<int id="platform_item_perm">-1</int>
						<object id="start">
							<int id="y">-83</int>
							<int id="x">-2</int>
						</object>
						<object id="end">
							<int id="y">-83</int>
							<int id="x">147</int>
						</object>
					</object>
					<object id="plat_1308295269827">
						<int id="platform_pc_perm">-1</int>
						<int id="platform_item_perm">-1</int>
						<object id="start">
							<int id="y">-94</int>
							<int id="x">1777</int>
						</object>
						<object id="end">
							<int id="y">-86</int>
							<int id="x">1836</int>
						</object>
					</object>
					<object id="plat_1308279008357">
						<int id="platform_pc_perm">-1</int>
						<int id="platform_item_perm">-1</int>
						<object id="start">
							<int id="y">-142</int>
							<int id="x">2887</int>
						</object>
						<object id="end">
							<int id="y">-142</int>
							<int id="x">2941</int>
						</object>
					</object>
					<object id="plat_1308295269821">
						<int id="platform_pc_perm">-1</int>
						<int id="platform_item_perm">-1</int>
						<object id="start">
							<int id="y">-111</int>
							<int id="x">2184</int>
						</object>
						<object id="end">
							<int id="y">-104</int>
							<int id="x">2237</int>
						</object>
					</object>
					<object id="plat_1307731443074">
						<int id="platform_pc_perm">-1</int>
						<int id="platform_item_perm">-1</int>
						<object id="start">
							<int id="y">-70</int>
							<int id="x">-1063</int>
						</object>
						<object id="end">
							<int id="y">-96</int>
							<int id="x">-869</int>
						</object>
					</object>
					<object id="plat_1307731443071">
						<int id="platform_pc_perm">-1</int>
						<int id="platform_item_perm">-1</int>
						<object id="start">
							<int id="y">-119</int>
							<int id="x">-2070</int>
						</object>
						<object id="end">
							<int id="y">-96</int>
							<int id="x">-1812</int>
						</object>
					</object>
					<object id="plat_1308279008356">
						<int id="platform_pc_perm">-1</int>
						<int id="platform_item_perm">-1</int>
						<object id="start">
							<int id="y">-135</int>
							<int id="x">2799</int>
						</object>
						<object id="end">
							<int id="y">-142</int>
							<int id="x">2887</int>
						</object>
					</object>
					<object id="plat_1307731443073">
						<int id="platform_pc_perm">-1</int>
						<int id="platform_item_perm">-1</int>
						<object id="start">
							<int id="y">-108</int>
							<int id="x">-1480</int>
						</object>
						<object id="end">
							<int id="y">-70</int>
							<int id="x">-1063</int>
						</object>
					</object>
					<object id="plat_1308295269820">
						<int id="platform_pc_perm">-1</int>
						<int id="platform_item_perm">-1</int>
						<object id="start">
							<int id="y">-104</int>
							<int id="x">2237</int>
						</object>
						<object id="end">
							<int id="y">-82</int>
							<int id="x">2277</int>
						</object>
					</object>
					<object id="plat_1307731443083">
						<int id="platform_pc_perm">-1</int>
						<int id="platform_item_perm">-1</int>
						<object id="start">
							<int id="y">-125</int>
							<int id="x">1146</int>
						</object>
						<object id="end">
							<int id="y">-131</int>
							<int id="x">1347</int>
						</object>
					</object>
				</object>
				<int id="w">6000</int>
				<object id="walls">
				</object>
				<object id="ladders">
				</object>
				<int id="z">0</int>
			</object>
			<object id="T_1307741552414">
				<object id="decos">
					<object id="tree_acacia_2_1308279008328">
						<int id="w">1421</int>
						<str id="sprite_class">tree_acacia_2</str>
						<int id="x">2631</int>
						<int id="y">945</int>
						<int id="h">795</int>
						<str id="name">tree_acacia_2_1307731442855</str>
						<int id="z">4</int>
					</object>
					<object id="lens_grass_1_1308295269816">
						<int id="w">329</int>
						<str id="sprite_class">lens_grass_1</str>
						<int id="x">975</int>
						<int id="y">1001</int>
						<int id="h">65</int>
						<str id="name">lens_grass_1_1307725023671</str>
						<int id="z">7</int>
					</object>
					<object id="lens_grass_1_1308295269818">
						<int id="w">329</int>
						<str id="sprite_class">lens_grass_1</str>
						<int id="x">892</int>
						<int id="y">960</int>
						<int id="h">65</int>
						<str id="name">lens_grass_1_1307725023671</str>
						<int id="z">5</int>
					</object>
					<object id="pampas_2_1307741552419">
						<int id="w">45</int>
						<str id="sprite_class">pampas_2</str>
						<int id="x">1598</int>
						<int id="y">937</int>
						<int id="h">69</int>
						<str id="name">pampas_2_1307731442968</str>
						<int id="z">2</int>
					</object>
					<object id="pampas_2_1307741552417">
						<int id="w">46</int>
						<str id="sprite_class">pampas_2</str>
						<int id="x">2230</int>
						<int id="y">923</int>
						<int id="h">70</int>
						<str id="name">pampas_2_1307731442968</str>
						<int id="z">1</int>
					</object>
					<object id="alakol_water_rock_2_1308295269830">
						<int id="w">528</int>
						<str id="sprite_class">alakol_water_rock_2</str>
						<int id="x">5648</int>
						<int id="y">1048</int>
						<int id="h">176</int>
						<str id="name">alakol_water_rock_2_1308295269830</str>
						<int id="z">8</int>
					</object>
					<object id="lens_grass_1_1308295269817">
						<int id="w">329</int>
						<str id="sprite_class">lens_grass_1</str>
						<int id="x">1006</int>
						<int id="y">979</int>
						<int id="h">65</int>
						<str id="name">lens_grass_1_1307725023671</str>
						<int id="z">6</int>
					</object>
					<object id="pampas_2_1307741552420">
						<int id="w">68</int>
						<str id="sprite_class">pampas_2</str>
						<int id="x">3454</int>
						<int id="y">943</int>
						<int id="h">105</int>
						<str id="name">pampas_2_1307731442968</str>
						<int id="z">3</int>
					</object>
					<object id="pampas_2_1307741552428">
						<int id="w">58</int>
						<str id="sprite_class">pampas_2</str>
						<int id="x">849</int>
						<int id="y">913</int>
						<int id="h">89</int>
						<str id="name">pampas_2_1307731442968</str>
						<int id="z">0</int>
					</object>
				</object>
				<int id="w">6000</int>
				<int id="h">1000</int>
				<int id="z">1</int>
				<str id="name">middleplus</str>
				<object id="filtersNEW">
					<object id="brightness">
						<int id="value">9</int>
					</object>
					<object id="saturation">
						<int id="value">21</int>
					</object>
					<object id="contrast">
						<int id="value">0</int>
					</object>
				</object>
			</object>
			<object id="T_1307725023668">
				<object id="decos">
					<object id="lens_grass_2_1307725023712">
						<int id="w">888</int>
						<str id="sprite_class">lens_grass_2</str>
						<int id="r">1</int>
						<int id="x">4362</int>
						<int id="y">773</int>
						<int id="h">65</int>
						<str id="name">lens_grass_2_1307725023672</str>
						<int id="z">2</int>
					</object>
					<object id="lens_grass_1_1307731442932">
						<int id="w">63</int>
						<str id="sprite_class">lens_grass_1</str>
						<int id="x">5466</int>
						<int id="y">738</int>
						<int id="h">12</int>
						<str id="name">lens_grass_1_1307725023671</str>
						<int id="z">36</int>
					</object>
					<object id="lens_grass_2_1307725023704">
						<int id="w">888</int>
						<str id="sprite_class">lens_grass_2</str>
						<int id="r">1</int>
						<int id="x">1047</int>
						<int id="y">808</int>
						<int id="h">65</int>
						<str id="name">lens_grass_2_1307725023672</str>
						<int id="z">11</int>
					</object>
					<object id="lens_grass_2_1307725023714">
						<int id="w">888</int>
						<str id="sprite_class">lens_grass_2</str>
						<int id="r">-3</int>
						<int id="x">5155</int>
						<int id="y">783</int>
						<int id="h">65</int>
						<str id="name">lens_grass_2_1307725023672</str>
						<int id="z">14</int>
					</object>
					<object id="lens_grass_2_1307725023715">
						<int id="w">888</int>
						<str id="sprite_class">lens_grass_2</str>
						<int id="r">1</int>
						<int id="x">5535</int>
						<int id="y">783</int>
						<int id="h">65</int>
						<str id="name">lens_grass_2_1307725023672</str>
						<int id="z">15</int>
					</object>
					<object id="lens_grass_1_1307731442927">
						<int id="w">63</int>
						<str id="sprite_class">lens_grass_1</str>
						<int id="x">5148</int>
						<int id="y">746</int>
						<int id="h">12</int>
						<str id="name">lens_grass_1_1307725023671</str>
						<int id="z">30</int>
					</object>
					<object id="lens_grass_2_1307725023713">
						<int id="w">888</int>
						<str id="sprite_class">lens_grass_2</str>
						<int id="r">1</int>
						<int id="x">4799</int>
						<int id="y">783</int>
						<int id="h">65</int>
						<str id="name">lens_grass_2_1307725023672</str>
						<int id="z">13</int>
					</object>
					<object id="lens_grass_1_1307731442931">
						<int id="w">63</int>
						<str id="sprite_class">lens_grass_1</str>
						<int id="x">5437</int>
						<int id="y">736</int>
						<int id="h">12</int>
						<str id="name">lens_grass_1_1307725023671</str>
						<int id="z">35</int>
					</object>
					<object id="lens_grass_2_1307725023711">
						<int id="w">888</int>
						<str id="sprite_class">lens_grass_2</str>
						<int id="x">3948</int>
						<int id="y">773</int>
						<int id="h">65</int>
						<str id="name">lens_grass_2_1307725023672</str>
						<int id="z">3</int>
					</object>
					<object id="lens_grass_2_1307725023702">
						<int id="w">888</int>
						<str id="sprite_class">lens_grass_2</str>
						<int id="r">1</int>
						<int id="x">238</int>
						<int id="y">783</int>
						<int id="h">65</int>
						<str id="name">lens_grass_2_1307725023672</str>
						<int id="z">9</int>
					</object>
					<object id="lens_grass_2_1307725023706">
						<int id="w">888</int>
						<str id="sprite_class">lens_grass_2</str>
						<int id="r">-1</int>
						<int id="x">1853</int>
						<int id="y">798</int>
						<int id="h">65</int>
						<str id="name">lens_grass_2_1307725023672</str>
						<int id="z">8</int>
					</object>
					<object id="lens_grass_2_1307725023709">
						<int id="w">888</int>
						<str id="sprite_class">lens_grass_2</str>
						<int id="r">2</int>
						<int id="x">3070</int>
						<int id="y">798</int>
						<int id="h">65</int>
						<str id="name">lens_grass_2_1307725023672</str>
						<int id="z">6</int>
					</object>
					<object id="tree_acacia_3_1307731442869">
						<int id="w">274</int>
						<str id="sprite_class">tree_acacia_3</str>
						<int id="x">3407</int>
						<int id="y">744</int>
						<int id="h">126</int>
						<str id="name">tree_acacia_3_1307731442854</str>
						<int id="z">17</int>
					</object>
					<object id="lens_grass_1_1307731442928">
						<int id="w">63</int>
						<str id="sprite_class">lens_grass_1</str>
						<int id="x">5180</int>
						<int id="y">750</int>
						<int id="h">12</int>
						<str id="name">lens_grass_1_1307725023671</str>
						<int id="z">32</int>
					</object>
					<object id="lens_grass_2_1307725023710">
						<int id="w">888</int>
						<str id="sprite_class">lens_grass_2</str>
						<int id="r">-2</int>
						<int id="x">3526</int>
						<int id="y">793</int>
						<int id="h">65</int>
						<str id="name">lens_grass_2_1307725023672</str>
						<int id="z">4</int>
					</object>
					<object id="lens_grass_1_1307731442909">
						<int id="w">68</int>
						<str id="sprite_class">lens_grass_1</str>
						<int id="x">2535</int>
						<int id="y">747</int>
						<int id="h">13</int>
						<str id="name">lens_grass_1_1307725023671</str>
						<int id="z">24</int>
					</object>
					<object id="lens_grass_1_1307731442930">
						<int id="w">63</int>
						<str id="sprite_class">lens_grass_1</str>
						<int id="x">5436</int>
						<int id="y">729</int>
						<int id="h">12</int>
						<str id="name">lens_grass_1_1307725023671</str>
						<int id="z">34</int>
					</object>
					<object id="lens_grass_1_1307731442907">
						<int id="w">68</int>
						<str id="sprite_class">lens_grass_1</str>
						<int id="x">2482</int>
						<int id="y">736</int>
						<int id="h">13</int>
						<str id="name">lens_grass_1_1307725023671</str>
						<int id="z">22</int>
					</object>
					<object id="lens_grass_2_1307725023708">
						<int id="w">888</int>
						<str id="sprite_class">lens_grass_2</str>
						<int id="r">1</int>
						<int id="x">2650</int>
						<int id="y">788</int>
						<int id="h">65</int>
						<str id="name">lens_grass_2_1307725023672</str>
						<int id="z">5</int>
					</object>
					<object id="lens_grass_2_1307725023707">
						<int id="w">888</int>
						<str id="sprite_class">lens_grass_2</str>
						<int id="r">-1</int>
						<int id="x">2221</int>
						<int id="y">788</int>
						<int id="h">65</int>
						<str id="name">lens_grass_2_1307725023672</str>
						<int id="z">7</int>
					</object>
					<object id="lens_grass_1_1307731442908">
						<int id="w">68</int>
						<str id="sprite_class">lens_grass_1</str>
						<int id="x">2501</int>
						<int id="y">742</int>
						<int id="h">13</int>
						<str id="name">lens_grass_1_1307725023671</str>
						<int id="z">23</int>
					</object>
					<object id="lens_grass_2_1307725023705">
						<int id="w">888</int>
						<str id="sprite_class">lens_grass_2</str>
						<int id="r">-1</int>
						<int id="x">1497</int>
						<int id="y">804</int>
						<int id="h">65</int>
						<str id="name">lens_grass_2_1307725023672</str>
						<int id="z">12</int>
					</object>
					<object id="lens_grass_1_1307731442929">
						<int id="w">63</int>
						<str id="sprite_class">lens_grass_1</str>
						<int id="x">5408</int>
						<int id="y">724</int>
						<int id="h">12</int>
						<str id="name">lens_grass_1_1307725023671</str>
						<int id="z">33</int>
					</object>
					<object id="lens_grass_1_1307731442910">
						<int id="w">68</int>
						<str id="sprite_class">lens_grass_1</str>
						<int id="x">2516</int>
						<int id="y">754</int>
						<int id="h">13</int>
						<str id="name">lens_grass_1_1307725023671</str>
						<int id="z">25</int>
					</object>
					<object id="lens_grass_2_1307725023703">
						<int id="w">888</int>
						<str id="sprite_class">lens_grass_2</str>
						<int id="r">1</int>
						<int id="x">735</int>
						<int id="y">803</int>
						<int id="h">65</int>
						<str id="name">lens_grass_2_1307725023672</str>
						<int id="z">10</int>
					</object>
				</object>
				<int id="w">5520</int>
				<int id="h">1000</int>
				<int id="z">-3</int>
				<str id="name">bg_3</str>
				<object id="filtersNEW">
					<object id="brightness">
						<int id="value">20</int>
					</object>
					<object id="saturation">
						<int id="value">10</int>
					</object>
					<object id="contrast">
						<int id="value">0</int>
					</object>
					<object id="blur">
						<int id="value">1</int>
					</object>
				</object>
			</object>
			<object id="T_1307725023667">
				<object id="decos">
					<object id="lens_grass_1_1308107342129">
						<int id="w">147</int>
						<str id="sprite_class">lens_grass_1</str>
						<int id="x">-2</int>
						<int id="y">804</int>
						<int id="h">29</int>
						<str id="name">lens_grass_1_1307725023671</str>
						<int id="z">42</int>
					</object>
					<object id="lens_grass_1_1308107342124">
						<int id="w">147</int>
						<str id="sprite_class">lens_grass_1</str>
						<int id="x">84</int>
						<int id="y">826</int>
						<int id="h">29</int>
						<str id="name">lens_grass_1_1307725023671</str>
						<int id="z">47</int>
					</object>
					<object id="pampas_1_1308107342122">
						<int id="w">28</int>
						<str id="sprite_class">pampas_1</str>
						<int id="x">457</int>
						<int id="y">808</int>
						<int id="h">40</int>
						<str id="name">pampas_1_1307731442969</str>
						<int id="z">49</int>
					</object>
					<object id="lens_grass_2_1307725023696">
						<int id="w">1400</int>
						<str id="sprite_class">lens_grass_2</str>
						<int id="r">-1</int>
						<int id="x">2344</int>
						<int id="y">848</int>
						<int id="h">102</int>
						<str id="name">lens_grass_2_1307725023672</str>
						<int id="z">4</int>
					</object>
					<object id="lens_grass_1_1307731442921">
						<int id="w">98</int>
						<str id="sprite_class">lens_grass_1</str>
						<int id="x">4558</int>
						<int id="y">764</int>
						<int id="h">19</int>
						<str id="name">lens_grass_1_1307725023671</str>
						<int id="z">27</int>
					</object>
					<object id="lens_grass_2_1307725023698">
						<int id="w">1400</int>
						<str id="sprite_class">lens_grass_2</str>
						<int id="r">-1</int>
						<int id="x">3650</int>
						<int id="y">868</int>
						<int id="h">102</int>
						<str id="name">lens_grass_2_1307725023672</str>
						<int id="z">11</int>
					</object>
					<object id="lens_grass_1_1307731442899">
						<int id="w">107</int>
						<str id="sprite_class">lens_grass_1</str>
						<int id="x">1228</int>
						<int id="y">795</int>
						<int id="h">21</int>
						<str id="name">lens_grass_1_1307725023671</str>
						<int id="z">17</int>
					</object>
					<object id="tree_acacia_3_1308107342123">
						<int id="w">941</int>
						<str id="sprite_class">tree_acacia_3</str>
						<int id="x">441</int>
						<int id="y">812</int>
						<int id="h">430</int>
						<str id="name">tree_acacia_3_1307731442854</str>
						<int id="z">48</int>
					</object>
					<object id="lens_grass_2_1308107342132">
						<int id="w">1763</int>
						<str id="sprite_class">lens_grass_2</str>
						<int id="x">3811</int>
						<int id="y">976</int>
						<int id="h">178</int>
						<str id="name">lens_grass_2_1307725023672</str>
						<int id="z">39</int>
					</object>
					<object id="lens_grass_1_1307731442918">
						<int id="w">98</int>
						<str id="sprite_class">lens_grass_1</str>
						<int id="x">4484</int>
						<int id="y">747</int>
						<int id="h">19</int>
						<str id="name">lens_grass_1_1307725023671</str>
						<int id="z">24</int>
					</object>
					<object id="lens_grass_1_1308107342126">
						<int id="w">147</int>
						<str id="sprite_class">lens_grass_1</str>
						<int id="x">228</int>
						<int id="y">810</int>
						<int id="h">29</int>
						<str id="name">lens_grass_1_1307725023671</str>
						<int id="z">45</int>
					</object>
					<object id="lens_grass_2_1308107342136">
						<int id="w">1763</int>
						<str id="sprite_class">lens_grass_2</str>
						<int id="r">2</int>
						<int id="x">717</int>
						<int id="y">974</int>
						<int id="h">178</int>
						<str id="name">lens_grass_2_1307725023672</str>
						<int id="z">35</int>
					</object>
					<object id="lens_grass_1_1307731442917">
						<int id="w">98</int>
						<str id="sprite_class">lens_grass_1</str>
						<int id="x">3074</int>
						<int id="y">785</int>
						<int id="h">19</int>
						<str id="name">lens_grass_1_1307725023671</str>
						<int id="z">23</int>
					</object>
					<object id="tree_acacia_2_1307731442870">
						<int id="w">351</int>
						<str id="sprite_class">tree_acacia_2</str>
						<int id="x">5548</int>
						<int id="y">742</int>
						<int id="h">197</int>
						<str id="name">tree_acacia_2_1307731442855</str>
						<int id="z">13</int>
					</object>
					<object id="lens_grass_1_1308107342113">
						<int id="w">147</int>
						<str id="sprite_class">lens_grass_1</str>
						<int id="x">2206</int>
						<int id="y">812</int>
						<int id="h">29</int>
						<str id="name">lens_grass_1_1307725023671</str>
						<int id="z">58</int>
					</object>
					<object id="lens_grass_1_1307731442920">
						<int id="w">98</int>
						<str id="sprite_class">lens_grass_1</str>
						<int id="x">4563</int>
						<int id="y">755</int>
						<int id="h">19</int>
						<str id="name">lens_grass_1_1307725023671</str>
						<int id="z">26</int>
					</object>
					<object id="pampas_2_1307731442986">
						<int id="w">17</int>
						<str id="sprite_class">pampas_2</str>
						<int id="x">4460</int>
						<int id="y">744</int>
						<int id="h">26</int>
						<str id="name">pampas_2_1307731442968</str>
						<int id="z">29</int>
					</object>
					<object id="lens_grass_1_1307731442922">
						<int id="w">98</int>
						<str id="sprite_class">lens_grass_1</str>
						<int id="x">4531</int>
						<int id="y">772</int>
						<int id="h">19</int>
						<str id="name">lens_grass_1_1307725023671</str>
						<int id="z">28</int>
					</object>
					<object id="lens_grass_1_1308107342125">
						<int id="w">147</int>
						<str id="sprite_class">lens_grass_1</str>
						<int id="x">112</int>
						<int id="y">815</int>
						<int id="h">29</int>
						<str id="name">lens_grass_1_1307725023671</str>
						<int id="z">46</int>
					</object>
					<object id="lens_grass_1_1308107342128">
						<int id="w">147</int>
						<str id="sprite_class">lens_grass_1</str>
						<int id="x">42</int>
						<int id="y">816</int>
						<int id="h">29</int>
						<str id="name">lens_grass_1_1307725023671</str>
						<int id="z">43</int>
					</object>
					<object id="lens_grass_1_1308107342112">
						<int id="w">147</int>
						<str id="sprite_class">lens_grass_1</str>
						<int id="x">2111</int>
						<int id="y">819</int>
						<int id="h">29</int>
						<str id="name">lens_grass_1_1307725023671</str>
						<int id="z">59</int>
					</object>
					<object id="lens_grass_1_1307731442911">
						<int id="w">98</int>
						<str id="sprite_class">lens_grass_1</str>
						<int id="x">2056</int>
						<int id="y">775</int>
						<int id="h">19</int>
						<str id="name">lens_grass_1_1307725023671</str>
						<int id="z">6</int>
					</object>
					<object id="lens_grass_2_1307725023694">
						<int id="w">1400</int>
						<str id="sprite_class">lens_grass_2</str>
						<int id="r">3</int>
						<int id="x">1089</int>
						<int id="y">869</int>
						<int id="h">102</int>
						<str id="name">lens_grass_2_1307725023672</str>
						<int id="z">9</int>
					</object>
					<object id="pampas_1_1307741552430">
						<int id="w">22</int>
						<str id="sprite_class">pampas_1</str>
						<int id="x">4852</int>
						<int id="y">765</int>
						<int id="h">32</int>
						<str id="name">pampas_1_1307731442969</str>
						<int id="z">12</int>
					</object>
					<object id="lens_grass_1_1308107342115">
						<int id="w">147</int>
						<str id="sprite_class">lens_grass_1</str>
						<int id="x">3527</int>
						<int id="y">835</int>
						<int id="h">29</int>
						<str id="name">lens_grass_1_1307725023671</str>
						<int id="z">56</int>
					</object>
					<object id="lens_grass_2_1307725023700">
						<int id="w">1400</int>
						<str id="sprite_class">lens_grass_2</str>
						<int id="r">2</int>
						<int id="x">4658</int>
						<int id="y">838</int>
						<int id="h">102</int>
						<str id="name">lens_grass_2_1307725023672</str>
						<int id="z">1</int>
					</object>
					<object id="lens_grass_1_1308107342116">
						<int id="w">147</int>
						<str id="sprite_class">lens_grass_1</str>
						<int id="x">3595</int>
						<int id="y">826</int>
						<int id="h">29</int>
						<str id="name">lens_grass_1_1307725023671</str>
						<int id="z">55</int>
					</object>
					<object id="lens_grass_1_1307731442900">
						<int id="w">107</int>
						<str id="sprite_class">lens_grass_1</str>
						<int id="x">1303</int>
						<int id="y">790</int>
						<int id="h">21</int>
						<str id="name">lens_grass_1_1307725023671</str>
						<int id="z">16</int>
					</object>
					<object id="lens_grass_2_1307725023699">
						<int id="w">1400</int>
						<str id="sprite_class">lens_grass_2</str>
						<int id="x">4145</int>
						<int id="y">838</int>
						<int id="h">102</int>
						<str id="name">lens_grass_2_1307725023672</str>
						<int id="z">2</int>
					</object>
					<object id="lens_grass_1_1308107342111">
						<int id="w">147</int>
						<str id="sprite_class">lens_grass_1</str>
						<int id="x">2294</int>
						<int id="y">819</int>
						<int id="h">29</int>
						<str id="name">lens_grass_1_1307725023671</str>
						<int id="z">60</int>
					</object>
					<object id="pampas_1_1307731443051">
						<int id="w">24</int>
						<str id="sprite_class">pampas_1</str>
						<int id="x">2002</int>
						<int id="y">777</int>
						<int id="h">35</int>
						<str id="name">pampas_1_1307731442969</str>
						<int id="z">30</int>
					</object>
					<object id="lens_grass_1_1307731442912">
						<int id="w">98</int>
						<str id="sprite_class">lens_grass_1</str>
						<int id="x">2010</int>
						<int id="y">781</int>
						<int id="h">19</int>
						<str id="name">lens_grass_1_1307725023671</str>
						<int id="z">7</int>
					</object>
					<object id="pampas_1_1308107342110">
						<int id="w">17</int>
						<str id="sprite_class">pampas_1</str>
						<int id="x">3428</int>
						<int id="y">811</int>
						<int id="h">25</int>
						<str id="name">pampas_1_1307731442969</str>
						<int id="z">61</int>
					</object>
					<object id="lens_grass_1_1307731442901">
						<int id="w">107</int>
						<str id="sprite_class">lens_grass_1</str>
						<int id="x">1374</int>
						<int id="y">784</int>
						<int id="h">21</int>
						<str id="name">lens_grass_1_1307725023671</str>
						<int id="z">15</int>
					</object>
					<object id="pampas_2_1307731443044">
						<int id="w">24</int>
						<str id="sprite_class">pampas_2</str>
						<int id="x">1286</int>
						<int id="y">779</int>
						<int id="h">37</int>
						<str id="name">pampas_2_1307731442968</str>
						<int id="z">63</int>
					</object>
					<object id="lens_grass_1_1307731442913">
						<int id="w">98</int>
						<str id="sprite_class">lens_grass_1</str>
						<int id="x">3059</int>
						<int id="y">771</int>
						<int id="h">19</int>
						<str id="name">lens_grass_1_1307725023671</str>
						<int id="z">19</int>
					</object>
					<object id="lens_grass_1_1308107342127">
						<int id="w">147</int>
						<str id="sprite_class">lens_grass_1</str>
						<int id="x">127</int>
						<int id="y">804</int>
						<int id="h">29</int>
						<str id="name">lens_grass_1_1307725023671</str>
						<int id="z">44</int>
					</object>
					<object id="lens_grass_1_1308107342118">
						<int id="w">147</int>
						<str id="sprite_class">lens_grass_1</str>
						<int id="x">4966</int>
						<int id="y">824</int>
						<int id="h">29</int>
						<str id="name">lens_grass_1_1307725023671</str>
						<int id="z">53</int>
					</object>
					<object id="lens_grass_2_1307725023701">
						<int id="w">1400</int>
						<str id="sprite_class">lens_grass_2</str>
						<int id="x">5510</int>
						<int id="y">843</int>
						<int id="h">102</int>
						<str id="name">lens_grass_2_1307725023672</str>
						<int id="z">0</int>
					</object>
					<object id="lens_grass_2_1308107342130">
						<int id="w">1763</int>
						<str id="sprite_class">lens_grass_2</str>
						<int id="r">-1</int>
						<int id="x">5555</int>
						<int id="y">953</int>
						<int id="h">178</int>
						<str id="name">lens_grass_2_1307725023672</str>
						<int id="z">41</int>
					</object>
					<object id="lens_grass_1_1307731442919">
						<int id="w">98</int>
						<str id="sprite_class">lens_grass_1</str>
						<int id="x">4509</int>
						<int id="y">750</int>
						<int id="h">19</int>
						<str id="name">lens_grass_1_1307725023671</str>
						<int id="z">25</int>
					</object>
					<object id="lens_grass_1_1308107342117">
						<int id="w">147</int>
						<str id="sprite_class">lens_grass_1</str>
						<int id="x">4898</int>
						<int id="y">831</int>
						<int id="h">29</int>
						<str id="name">lens_grass_1_1307725023671</str>
						<int id="z">54</int>
					</object>
					<object id="lens_grass_1_1308107342119">
						<int id="w">147</int>
						<str id="sprite_class">lens_grass_1</str>
						<int id="x">5030</int>
						<int id="y">816</int>
						<int id="h">29</int>
						<str id="name">lens_grass_1_1307725023671</str>
						<int id="z">52</int>
					</object>
					<object id="lens_grass_2_1308107342139">
						<int id="w">1763</int>
						<str id="sprite_class">lens_grass_2</str>
						<int id="r">-1</int>
						<int id="x">4202</int>
						<int id="y">943</int>
						<int id="h">178</int>
						<str id="name">lens_grass_2_1307725023672</str>
						<int id="z">32</int>
					</object>
					<object id="lens_grass_2_1308107342137">
						<int id="w">1763</int>
						<str id="sprite_class">lens_grass_2</str>
						<int id="x">18</int>
						<int id="y">952</int>
						<int id="h">178</int>
						<str id="name">lens_grass_2_1307725023672</str>
						<int id="z">34</int>
					</object>
					<object id="lens_grass_1_1307731442902">
						<int id="w">107</int>
						<str id="sprite_class">lens_grass_1</str>
						<int id="x">1359</int>
						<int id="y">792</int>
						<int id="h">21</int>
						<str id="name">lens_grass_1_1307725023671</str>
						<int id="z">18</int>
					</object>
					<object id="lens_grass_1_1307731442916">
						<int id="w">98</int>
						<str id="sprite_class">lens_grass_1</str>
						<int id="x">3199</int>
						<int id="y">789</int>
						<int id="h">19</int>
						<str id="name">lens_grass_1_1307725023671</str>
						<int id="z">22</int>
					</object>
					<object id="tree_acacia_2_1307731442855">
						<int id="w">352</int>
						<str id="sprite_class">tree_acacia_2</str>
						<int id="x">1269</int>
						<int id="y">780</int>
						<int id="h">197</int>
						<str id="name">tree_acacia_2_1307731442855</str>
						<int id="z">31</int>
					</object>
					<object id="lens_grass_2_1308107342133">
						<int id="w">1763</int>
						<str id="sprite_class">lens_grass_2</str>
						<int id="r">1</int>
						<int id="x">2762</int>
						<int id="y">960</int>
						<int id="h">178</int>
						<str id="name">lens_grass_2_1307725023672</str>
						<int id="z">38</int>
					</object>
					<object id="lens_grass_2_1307725023695">
						<int id="w">1400</int>
						<str id="sprite_class">lens_grass_2</str>
						<int id="r">-1</int>
						<int id="x">1599</int>
						<int id="y">863</int>
						<int id="h">102</int>
						<str id="name">lens_grass_2_1307725023672</str>
						<int id="z">10</int>
					</object>
					<object id="lens_grass_1_1308107342114">
						<int id="w">147</int>
						<str id="sprite_class">lens_grass_1</str>
						<int id="x">2261</int>
						<int id="y">803</int>
						<int id="h">29</int>
						<str id="name">lens_grass_1_1307725023671</str>
						<int id="z">57</int>
					</object>
					<object id="lens_grass_2_1308107342134">
						<int id="w">1763</int>
						<str id="sprite_class">lens_grass_2</str>
						<int id="r">-1</int>
						<int id="x">2239</int>
						<int id="y">955</int>
						<int id="h">178</int>
						<str id="name">lens_grass_2_1307725023672</str>
						<int id="z">37</int>
					</object>
					<object id="lens_grass_2_1307725023693">
						<int id="w">1400</int>
						<str id="sprite_class">lens_grass_2</str>
						<int id="r">2</int>
						<int id="x">388</int>
						<int id="y">853</int>
						<int id="h">102</int>
						<str id="name">lens_grass_2_1307725023672</str>
						<int id="z">8</int>
					</object>
					<object id="lens_grass_2_1308107342138">
						<int id="w">1763</int>
						<str id="sprite_class">lens_grass_2</str>
						<int id="x">4950</int>
						<int id="y">963</int>
						<int id="h">178</int>
						<str id="name">lens_grass_2_1307725023672</str>
						<int id="z">33</int>
					</object>
					<object id="lens_grass_2_1307725023697">
						<int id="w">1400</int>
						<str id="sprite_class">lens_grass_2</str>
						<int id="r">5</int>
						<int id="x">3288</int>
						<int id="y">874</int>
						<int id="h">102</int>
						<str id="name">lens_grass_2_1307725023672</str>
						<int id="z">3</int>
					</object>
					<object id="lens_grass_1_1307731442914">
						<int id="w">98</int>
						<str id="sprite_class">lens_grass_1</str>
						<int id="x">3104</int>
						<int id="y">778</int>
						<int id="h">19</int>
						<str id="name">lens_grass_1_1307725023671</str>
						<int id="z">20</int>
					</object>
					<object id="lens_grass_2_1308107342135">
						<int id="w">1763</int>
						<str id="sprite_class">lens_grass_2</str>
						<int id="r">-1</int>
						<int id="x">1450</int>
						<int id="y">969</int>
						<int id="h">178</int>
						<str id="name">lens_grass_2_1307725023672</str>
						<int id="z">36</int>
					</object>
					<object id="lens_grass_1_1307731442915">
						<int id="w">98</int>
						<str id="sprite_class">lens_grass_1</str>
						<int id="x">3167</int>
						<int id="y">781</int>
						<int id="h">19</int>
						<str id="name">lens_grass_1_1307725023671</str>
						<int id="z">21</int>
					</object>
					<object id="pampas_1_1308107342131">
						<int id="w">34</int>
						<str id="sprite_class">pampas_1</str>
						<int id="x">3698</int>
						<int id="y">853</int>
						<int id="h">48</int>
						<str id="name">pampas_1_1307731442969</str>
						<int id="z">40</int>
					</object>
				</object>
				<int id="w">5700</int>
				<int id="h">1000</int>
				<int id="z">-2</int>
				<str id="name">bg_2</str>
				<object id="filtersNEW">
					<object id="brightness">
						<int id="value">13</int>
					</object>
					<object id="saturation">
						<int id="value">13</int>
					</object>
					<object id="contrast">
						<int id="value">0</int>
					</object>
				</object>
			</object>
		</object>
		<null id="physics"/>
		<null id="img_file_versioned"/>
		<null id="loading_label"/>
		<int id="ground_y">0</int>
		<str id="tsid">LA5T6PDF7K42SNM</str>
		<int id="rookable_type">0</int>
		<str id="swf_file_versioned">http://c2.glitch.bz/locations/groddle1/1316726082.swf</str>
		<object id="gradient">
			<str id="top">678EB8</str>
			<str id="bottom">FFCF54</str>
		</object>
		<object id="sources">
			<int id="LA5DNE9DVJ429P8">1</int>
			<int id="LA512CSG4H42RKG">1</int>
			<int id="LA5PV4JH5K42CIV">1</int>
		</object>
		<str id="music_file"></str>
		<bool id="wall_jump">false</bool>
		<bool id="no_zoom">false</bool>
	</object>
</game_object>
