<game_object tsid="GA9118S28492QCL" ts="1337673741238" label="savanna_02" class_tsid="" lastUpdateTime="1337673731105" upd_gs="gs7" load_time="2012-05-21 23:01:31.238" upd_time="2012-05-22 01:01:38.765">
	<object id="dynamic">
		<int id="l">-3000</int>
		<int id="r">3000</int>
		<int id="t">-1000</int>
		<int id="b">0</int>
		<str id="label">savanna_02</str>
		<str id="swf_file">groddle1.swf</str>
		<object id="layers">
			<object id="T_1312849408695">
				<int id="z">-3</int>
				<str id="name">sky</str>
				<int id="h">1000</int>
				<object id="filtersNEW">
					<object id="brightness">
						<int id="value">40</int>
					</object>
					<object id="saturation">
						<int id="value">-30</int>
					</object>
					<object id="contrast">
						<int id="value">-26</int>
					</object>
				</object>
				<object id="decos">
					<object id="alakol_water_rock_1_1312996267384">
						<int id="z">4</int>
						<int id="x">1025</int>
						<int id="y">724</int>
						<str id="name">alakol_water_rock_1_1312996267182</str>
						<str id="sprite_class">alakol_water_rock_1</str>
						<int id="h">20</int>
						<int id="w">37</int>
					</object>
					<object id="mountain_trees_darker_1_1313007984251">
						<int id="z">11</int>
						<int id="r">-6</int>
						<int id="x">3517</int>
						<int id="y">816</int>
						<str id="name">mountain_trees_darker_1_1312996267362</str>
						<str id="sprite_class">mountain_trees_darker_1</str>
						<int id="h">367</int>
						<int id="w">794</int>
					</object>
					<object id="pinehills_distant_1_1312996267363">
						<bool id="h_flip">true</bool>
						<int id="r">-6</int>
						<int id="x">3584</int>
						<int id="z">13</int>
						<int id="y">948</int>
						<str id="name">pinehills_distant_1_1312996267363</str>
						<str id="sprite_class">pinehills_distant_1</str>
						<int id="h">334</int>
						<int id="w">1019</int>
					</object>
					<object id="alakol_water_rock_1_1312996267380">
						<int id="z">7</int>
						<int id="x">871</int>
						<int id="y">719</int>
						<str id="name">alakol_water_rock_1_1312996267182</str>
						<str id="sprite_class">alakol_water_rock_1</str>
						<int id="h">14</int>
						<int id="w">67</int>
					</object>
					<object id="mountain_trees_darker_1_1312996267362">
						<int id="z">10</int>
						<int id="r">-8</int>
						<int id="x">4119</int>
						<int id="y">750</int>
						<str id="name">mountain_trees_darker_1_1312996267362</str>
						<str id="sprite_class">mountain_trees_darker_1</str>
						<int id="h">529</int>
						<int id="w">1249</int>
					</object>
					<object id="alakol_cliff_1_1312996267383">
						<int id="z">15</int>
						<int id="x">916</int>
						<int id="y">736</int>
						<str id="name">alakol_cliff_1_1312996267185</str>
						<str id="sprite_class">alakol_cliff_1</str>
						<int id="h">25</int>
						<int id="w">183</int>
					</object>
					<object id="alakol_water_rock_1_1313012901624">
						<int id="z">21</int>
						<int id="x">2660</int>
						<int id="y">714</int>
						<str id="name">alakol_water_rock_1_1312996267182</str>
						<str id="sprite_class">alakol_water_rock_1</str>
						<int id="h">16</int>
						<int id="w">70</int>
					</object>
					<object id="mountain_trees_darker_1_1312996267370">
						<int id="z">9</int>
						<int id="r">1</int>
						<int id="x">4586</int>
						<int id="y">725</int>
						<str id="name">mountain_trees_darker_1_1312996267362</str>
						<str id="sprite_class">mountain_trees_darker_1</str>
						<int id="h">648</int>
						<int id="w">1240</int>
					</object>
					<object id="alakol_cliff_1_1312996267379">
						<int id="z">14</int>
						<int id="x">1069</int>
						<int id="y">733</int>
						<str id="name">alakol_cliff_1_1312996267185</str>
						<str id="sprite_class">alakol_cliff_1</str>
						<int id="h">16</int>
						<int id="w">177</int>
					</object>
					<object id="alakol_water_rock_1_1313007984315">
						<int id="z">19</int>
						<int id="x">1474</int>
						<int id="y">731</int>
						<str id="name">alakol_water_rock_1_1312996267182</str>
						<str id="sprite_class">alakol_water_rock_1</str>
						<int id="h">11</int>
						<int id="w">46</int>
					</object>
					<object id="alakol_cliff_2_1313012901623">
						<int id="z">23</int>
						<int id="r">-1</int>
						<int id="x">2643</int>
						<int id="y">729</int>
						<str id="name">alakol_cliff_2_1312996267184</str>
						<str id="sprite_class">alakol_cliff_2</str>
						<int id="h">21</int>
						<int id="w">100</int>
					</object>
					<object id="alakol_water_rock_1_1312996267389">
						<int id="z">2</int>
						<int id="x">736</int>
						<int id="y">731</int>
						<str id="name">alakol_water_rock_1_1312996267182</str>
						<str id="sprite_class">alakol_water_rock_1</str>
						<int id="h">16</int>
						<int id="w">47</int>
					</object>
					<object id="alakol_cliff_2_1313007984313">
						<int id="z">17</int>
						<int id="x">1535</int>
						<int id="y">731</int>
						<str id="name">alakol_cliff_2_1312996267184</str>
						<str id="sprite_class">alakol_cliff_2</str>
						<int id="h">12</int>
						<int id="w">91</int>
					</object>
					<object id="pinehills_distant_1_1313007984250">
						<bool id="h_flip">true</bool>
						<int id="x">4114</int>
						<int id="z">12</int>
						<int id="y">813</int>
						<str id="name">pinehills_distant_1_1312996267363</str>
						<str id="sprite_class">pinehills_distant_1</str>
						<int id="h">334</int>
						<int id="w">1019</int>
					</object>
					<object id="alakol_water_rock_2_1313012901622">
						<int id="z">24</int>
						<int id="x">2585</int>
						<int id="y">735</int>
						<str id="name">alakol_water_rock_2_1312996267183</str>
						<str id="sprite_class">alakol_water_rock_2</str>
						<int id="h">20</int>
						<int id="w">99</int>
					</object>
					<object id="alakol_water_rock_1_1312996267385">
						<int id="z">5</int>
						<int id="x">1187</int>
						<int id="y">733</int>
						<str id="name">alakol_water_rock_1_1312996267182</str>
						<str id="sprite_class">alakol_water_rock_1</str>
						<int id="h">12</int>
						<int id="w">27</int>
					</object>
					<object id="alakol_water_rock_1_1312996267387">
						<int id="z">6</int>
						<int id="x">716</int>
						<int id="y">728</int>
						<str id="name">alakol_water_rock_1_1312996267182</str>
						<str id="sprite_class">alakol_water_rock_1</str>
						<int id="h">24</int>
						<int id="w">58</int>
					</object>
					<object id="alakol_water_rock_1_1313007984317">
						<int id="z">0</int>
						<int id="x">1555</int>
						<int id="y">724</int>
						<str id="name">alakol_water_rock_1_1312996267182</str>
						<str id="sprite_class">alakol_water_rock_1</str>
						<int id="h">18</int>
						<int id="w">56</int>
					</object>
					<object id="cloud_fluffy_2_1313012901635">
						<int id="z">25</int>
						<int id="x">560</int>
						<int id="y">674</int>
						<str id="name">cloud_fluffy_2_1313012901632</str>
						<str id="sprite_class">cloud_fluffy_2</str>
						<int id="h">92</int>
						<int id="w">1079</int>
					</object>
					<object id="alakol_water_rock_2_1313007984314">
						<int id="z">18</int>
						<int id="x">1576</int>
						<int id="y">730</int>
						<str id="name">alakol_water_rock_2_1312996267183</str>
						<str id="sprite_class">alakol_water_rock_2</str>
						<int id="h">19</int>
						<int id="w">146</int>
					</object>
					<object id="alakol_water_rock_1_1312996267388">
						<int id="z">1</int>
						<int id="x">708</int>
						<int id="y">728</int>
						<str id="name">alakol_water_rock_1_1312996267182</str>
						<str id="sprite_class">alakol_water_rock_1</str>
						<int id="h">30</int>
						<int id="w">23</int>
					</object>
					<object id="alakol_water_rock_1_1313012901625">
						<int id="z">22</int>
						<int id="x">2708</int>
						<int id="y">723</int>
						<str id="name">alakol_water_rock_1_1312996267182</str>
						<str id="sprite_class">alakol_water_rock_1</str>
						<int id="h">13</int>
						<int id="w">17</int>
					</object>
					<object id="alakol_water_rock_2_1312996267386">
						<int id="z">3</int>
						<int id="r">3</int>
						<int id="x">679</int>
						<int id="y">725</int>
						<str id="name">alakol_water_rock_2_1312996267183</str>
						<str id="sprite_class">alakol_water_rock_2</str>
						<int id="h">15</int>
						<int id="w">62</int>
					</object>
					<object id="alakol_water_rock_2_1312996267381">
						<int id="z">8</int>
						<int id="x">972</int>
						<int id="y">723</int>
						<str id="name">alakol_water_rock_2_1312996267183</str>
						<str id="sprite_class">alakol_water_rock_2</str>
						<int id="h">19</int>
						<int id="w">146</int>
					</object>
					<object id="alakol_cliff_2_1312996267382">
						<int id="z">16</int>
						<int id="x">1112</int>
						<int id="y">721</int>
						<str id="name">alakol_cliff_2_1312996267184</str>
						<str id="sprite_class">alakol_cliff_2</str>
						<int id="h">8</int>
						<int id="w">53</int>
					</object>
					<object id="alakol_water_rock_1_1313007984316">
						<int id="z">20</int>
						<int id="x">1631</int>
						<int id="y">727</int>
						<str id="name">alakol_water_rock_1_1312996267182</str>
						<str id="sprite_class">alakol_water_rock_1</str>
						<int id="h">18</int>
						<int id="w">31</int>
					</object>
				</object>
				<int id="w">4920</int>
			</object>
			<object id="T_1312849408694">
				<int id="z">-2</int>
				<str id="name">bg_2</str>
				<int id="h">1000</int>
				<object id="filtersNEW">
					<object id="brightness">
						<int id="value">10</int>
					</object>
					<object id="saturation">
						<int id="value">-20</int>
					</object>
					<object id="contrast">
						<int id="value">-15</int>
					</object>
				</object>
				<object id="decos">
					<object id="stalagmite_base_1_1313007984258">
						<int id="z">33</int>
						<int id="x">3378</int>
						<int id="y">741</int>
						<str id="name">stalagmite_base_1_1313007984255</str>
						<str id="sprite_class">stalagmite_base_1</str>
						<int id="h">17</int>
						<int id="w">74</int>
					</object>
					<object id="lens_grass_1_1312933899746">
						<int id="z">13</int>
						<int id="x">955</int>
						<int id="y">771</int>
						<str id="name">lens_grass_1_1312933899711</str>
						<str id="sprite_class">lens_grass_1</str>
						<int id="h">46</int>
						<int id="w">807</int>
					</object>
					<object id="lens_grass_1_1312933899749">
						<int id="z">12</int>
						<int id="r">1</int>
						<int id="x">1980</int>
						<int id="y">762</int>
						<str id="name">lens_grass_1_1312933899711</str>
						<str id="sprite_class">lens_grass_1</str>
						<int id="h">46</int>
						<int id="w">807</int>
					</object>
					<object id="pinecluster_mask_1_1312996267337">
						<int id="z">76</int>
						<int id="x">3516</int>
						<int id="y">726</int>
						<str id="name">pinecluster_mask_1_1312996267336</str>
						<str id="sprite_class">pinecluster_mask_1</str>
						<int id="h">43</int>
						<int id="w">111</int>
					</object>
					<object id="moss_3_1312996267288">
						<bool id="h_flip">true</bool>
						<int id="r">-12</int>
						<int id="x">4025</int>
						<int id="z">65</int>
						<int id="y">576</int>
						<str id="name">moss_3_1312933899770</str>
						<str id="sprite_class">moss_3</str>
						<int id="h">10</int>
						<int id="w">54</int>
					</object>
					<object id="heights_moss_2_1313007984280">
						<int id="z">25</int>
						<int id="r">-2</int>
						<int id="x">3585</int>
						<int id="y">754</int>
						<str id="name">heights_moss_2_1312933899771</str>
						<str id="sprite_class">heights_moss_2</str>
						<int id="h">26</int>
						<int id="w">107</int>
					</object>
					<object id="patch_mossy_2_1313007984275">
						<int id="z">55</int>
						<int id="r">-3</int>
						<int id="x">3854</int>
						<int id="y">742</int>
						<str id="name">patch_mossy_2_1312996267339</str>
						<str id="sprite_class">patch_mossy_2</str>
						<int id="h">20</int>
						<int id="w">155</int>
					</object>
					<object id="alakol_grass_top_2_1312996267286">
						<bool id="h_flip">true</bool>
						<int id="x">4170</int>
						<int id="z">62</int>
						<int id="y">572</int>
						<str id="name">alakol_grass_top_2_1312996267234</str>
						<str id="sprite_class">alakol_grass_top_2</str>
						<int id="h">22</int>
						<int id="w">257</int>
					</object>
					<object id="patch_mossy_1_1312996267291">
						<bool id="h_flip">true</bool>
						<int id="r">-1</int>
						<int id="x">3969</int>
						<int id="z">66</int>
						<int id="y">618</int>
						<str id="name">patch_mossy_1_1312933899765</str>
						<str id="sprite_class">patch_mossy_1</str>
						<int id="h">8</int>
						<int id="w">52</int>
					</object>
					<object id="cliff_cover_1_1312996267293">
						<int id="z">58</int>
						<int id="x">4171</int>
						<int id="y">636</int>
						<str id="name">cliff_cover_1_1312996267293</str>
						<str id="sprite_class">cliff_cover_1</str>
						<int id="h">59</int>
						<int id="w">176</int>
					</object>
					<object id="tree_group_bg2_1_1313178318479">
						<int id="z">95</int>
						<int id="r">-1</int>
						<int id="x">4722</int>
						<int id="y">851</int>
						<str id="name">tree_group_bg2_1_1312996267295</str>
						<str id="sprite_class">tree_group_bg2_1</str>
						<int id="h">647</int>
						<int id="w">494</int>
					</object>
					<object id="alakol_beach_2_1312933899757">
						<int id="z">18</int>
						<int id="x">4257</int>
						<int id="y">746</int>
						<str id="name">alakol_beach_2_1312933899729</str>
						<str id="sprite_class">alakol_beach_2</str>
						<int id="h">45</int>
						<int id="w">657</int>
					</object>
					<object id="patch_mossy_1_1312996267292">
						<int id="z">67</int>
						<int id="r">-1</int>
						<int id="x">3997</int>
						<int id="y">621</int>
						<str id="name">patch_mossy_1_1312933899765</str>
						<str id="sprite_class">patch_mossy_1</str>
						<int id="h">12</int>
						<int id="w">52</int>
					</object>
					<object id="alakol_water_rock_2_1312996267356">
						<int id="z">57</int>
						<int id="x">4014</int>
						<int id="y">617</int>
						<str id="name">alakol_water_rock_2_1312996267183</str>
						<str id="sprite_class">alakol_water_rock_2</str>
						<int id="h">20</int>
						<int id="w">146</int>
					</object>
					<object id="lens_grass_1_1312933899745">
						<int id="z">9</int>
						<int id="x">576</int>
						<int id="y">763</int>
						<str id="name">lens_grass_1_1312933899711</str>
						<str id="sprite_class">lens_grass_1</str>
						<int id="h">46</int>
						<int id="w">807</int>
					</object>
					<object id="alakol_beach_1_1312933899759">
						<int id="z">19</int>
						<int id="x">4786</int>
						<int id="y">752</int>
						<str id="name">alakol_beach_1_1312933899730</str>
						<str id="sprite_class">alakol_beach_1</str>
						<int id="h">51</int>
						<int id="w">747</int>
					</object>
					<object id="patch_mossy_2_1313007984274">
						<int id="z">51</int>
						<int id="r">-3</int>
						<int id="x">3862</int>
						<int id="y">724</int>
						<str id="name">patch_mossy_2_1312996267339</str>
						<str id="sprite_class">patch_mossy_2</str>
						<int id="h">20</int>
						<int id="w">155</int>
					</object>
					<object id="pinecluster_mask_1_1313007984289">
						<int id="z">78</int>
						<int id="x">3752</int>
						<int id="y">731</int>
						<str id="name">pinecluster_mask_1_1312996267336</str>
						<str id="sprite_class">pinecluster_mask_1</str>
						<int id="h">43</int>
						<int id="w">111</int>
					</object>
					<object id="alakol_water_rock_1_1312996267358">
						<int id="z">7</int>
						<int id="x">4162</int>
						<int id="y">561</int>
						<str id="name">alakol_water_rock_1_1312996267182</str>
						<str id="sprite_class">alakol_water_rock_1</str>
						<int id="h">29</int>
						<int id="w">31</int>
					</object>
					<object id="patch_mossy_2_1313007984259">
						<int id="z">45</int>
						<int id="x">3467</int>
						<int id="y">729</int>
						<str id="name">patch_mossy_2_1312996267339</str>
						<str id="sprite_class">patch_mossy_2</str>
						<int id="h">20</int>
						<int id="w">155</int>
					</object>
					<object id="pinecluster_1_1313007984287">
						<bool id="h_flip">true</bool>
						<int id="x">3819</int>
						<int id="z">74</int>
						<int id="y">731</int>
						<str id="name">pinecluster_1_1313007984284</str>
						<str id="sprite_class">pinecluster_1</str>
						<int id="h">84</int>
						<int id="w">115</int>
					</object>
					<object id="patch_mossy_2_1313007984276">
						<int id="z">54</int>
						<int id="r">-3</int>
						<int id="x">3907</int>
						<int id="y">728</int>
						<str id="name">patch_mossy_2_1312996267339</str>
						<str id="sprite_class">patch_mossy_2</str>
						<int id="h">20</int>
						<int id="w">155</int>
					</object>
					<object id="pinecluster_2_1312996267335">
						<int id="z">71</int>
						<int id="x">3512</int>
						<int id="y">724</int>
						<str id="name">pinecluster_2_1312996267333</str>
						<str id="sprite_class">pinecluster_2</str>
						<int id="h">74</int>
						<int id="w">127</int>
					</object>
					<object id="patch_mossy_2_1312996267340">
						<int id="z">43</int>
						<int id="x">3412</int>
						<int id="y">731</int>
						<str id="name">patch_mossy_2_1312996267339</str>
						<str id="sprite_class">patch_mossy_2</str>
						<int id="h">20</int>
						<int id="w">155</int>
					</object>
					<object id="patch_mossy_2_1313007984260">
						<int id="z">46</int>
						<int id="x">3529</int>
						<int id="y">728</int>
						<str id="name">patch_mossy_2_1312996267339</str>
						<str id="sprite_class">patch_mossy_2</str>
						<int id="h">20</int>
						<int id="w">155</int>
					</object>
					<object id="heights_moss_2_1313007984281">
						<int id="z">26</int>
						<int id="r">4</int>
						<int id="x">3674</int>
						<int id="y">755</int>
						<str id="name">heights_moss_2_1312933899771</str>
						<str id="sprite_class">heights_moss_2</str>
						<int id="h">30</int>
						<int id="w">153</int>
					</object>
					<object id="stalagmite_base_1_1313007984277">
						<int id="z">40</int>
						<int id="r">-2</int>
						<int id="x">3805</int>
						<int id="y">756</int>
						<str id="name">stalagmite_base_1_1313007984255</str>
						<str id="sprite_class">stalagmite_base_1</str>
						<int id="h">43</int>
						<int id="w">144</int>
					</object>
					<object id="heights_bush_1_1313007984318">
						<int id="z">82</int>
						<int id="r">-1</int>
						<int id="x">2022</int>
						<int id="y">731</int>
						<str id="name">heights_bush_1_1312996267393</str>
						<str id="sprite_class">heights_bush_1</str>
						<int id="h">14</int>
						<int id="w">23</int>
					</object>
					<object id="tree_coniferous_2_1313007984248">
						<int id="z">88</int>
						<int id="x">4187</int>
						<int id="y">562</int>
						<str id="name">tree_coniferous_2_1313007984248</str>
						<str id="sprite_class">tree_coniferous_2</str>
						<int id="h">223</int>
						<int id="w">125</int>
					</object>
					<object id="pinecluster_1_1313007984284">
						<int id="z">72</int>
						<int id="x">3599</int>
						<int id="y">725</int>
						<str id="name">pinecluster_1_1313007984284</str>
						<str id="sprite_class">pinecluster_1</str>
						<int id="h">64</int>
						<int id="w">88</int>
					</object>
					<object id="alakol_beach_1_1312996267298">
						<bool id="h_flip">true</bool>
						<int id="r">1</int>
						<int id="x">-37</int>
						<int id="z">69</int>
						<int id="y">751</int>
						<str id="name">alakol_beach_1_1312933899730</str>
						<str id="sprite_class">alakol_beach_1</str>
						<int id="h">49</int>
						<int id="w">393</int>
					</object>
					<object id="heights_bush_2_1313007984321">
						<bool id="h_flip">true</bool>
						<int id="x">2053</int>
						<int id="z">85</int>
						<int id="y">737</int>
						<str id="name">heights_bush_2_1312996267394</str>
						<str id="sprite_class">heights_bush_2</str>
						<int id="h">12</int>
						<int id="w">25</int>
					</object>
					<object id="patch_mossy_2_1313007984267">
						<int id="z">48</int>
						<int id="r">-3</int>
						<int id="x">3677</int>
						<int id="y">727</int>
						<str id="name">patch_mossy_2_1312996267339</str>
						<str id="sprite_class">patch_mossy_2</str>
						<int id="h">20</int>
						<int id="w">155</int>
					</object>
					<object id="heights_bush_2_1313007984320">
						<int id="z">84</int>
						<int id="x">2039</int>
						<int id="y">734</int>
						<str id="name">heights_bush_2_1312996267394</str>
						<str id="sprite_class">heights_bush_2</str>
						<int id="h">12</int>
						<int id="w">25</int>
					</object>
					<object id="alakol_water_rock_2_1312996267360">
						<int id="z">5</int>
						<int id="x">4239</int>
						<int id="y">561</int>
						<str id="name">alakol_water_rock_2_1312996267183</str>
						<str id="sprite_class">alakol_water_rock_2</str>
						<int id="h">32</int>
						<int id="w">149</int>
					</object>
					<object id="stalagmite_base_1_1313007984266">
						<int id="z">37</int>
						<int id="r">-2</int>
						<int id="x">3632</int>
						<int id="y">731</int>
						<str id="name">stalagmite_base_1_1313007984255</str>
						<str id="sprite_class">stalagmite_base_1</str>
						<int id="h">20</int>
						<int id="w">94</int>
					</object>
					<object id="stalagmite_base_1_1313007984278">
						<int id="z">41</int>
						<int id="r">-2</int>
						<int id="x">3886</int>
						<int id="y">757</int>
						<str id="name">stalagmite_base_1_1313007984255</str>
						<str id="sprite_class">stalagmite_base_1</str>
						<int id="h">43</int>
						<int id="w">144</int>
					</object>
					<object id="heights_bush_4_1313007984252">
						<bool id="h_flip">true</bool>
						<int id="r">-6</int>
						<int id="x">3433</int>
						<int id="z">3</int>
						<int id="y">738</int>
						<str id="name">heights_bush_4_1312996267328</str>
						<str id="sprite_class">heights_bush_4</str>
						<int id="h">64</int>
						<int id="w">610</int>
					</object>
					<object id="tree_acacia_2_1312996267376">
						<int id="z">83</int>
						<int id="x">2029</int>
						<int id="y">731</int>
						<str id="name">tree_acacia_2_1312996267376</str>
						<str id="sprite_class">tree_acacia_2</str>
						<int id="h">76</int>
						<int id="w">135</int>
					</object>
					<object id="patch_mossy_2_1313007984270">
						<int id="z">53</int>
						<int id="r">-3</int>
						<int id="x">3793</int>
						<int id="y">738</int>
						<str id="name">patch_mossy_2_1312996267339</str>
						<str id="sprite_class">patch_mossy_2</str>
						<int id="h">20</int>
						<int id="w">155</int>
					</object>
					<object id="cloud_fluffy_2_1313012901641">
						<int id="z">0</int>
						<int id="x">4658</int>
						<int id="y">340</int>
						<str id="name">cloud_fluffy_2_1313012901632</str>
						<str id="sprite_class">cloud_fluffy_2</str>
						<int id="h">196</int>
						<int id="w">1301</int>
					</object>
					<object id="cloud_fluffy_1_1313012901636">
						<int id="z">92</int>
						<int id="x">1582</int>
						<int id="y">589</int>
						<str id="name">cloud_fluffy_1_1313012901633</str>
						<str id="sprite_class">cloud_fluffy_1</str>
						<int id="h">128</int>
						<int id="w">1069</int>
					</object>
					<object id="heights_bush_4_1312996267367">
						<bool id="h_flip">true</bool>
						<int id="r">-2</int>
						<int id="x">3718</int>
						<int id="z">2</int>
						<int id="y">722</int>
						<str id="name">heights_bush_4_1312996267328</str>
						<str id="sprite_class">heights_bush_4</str>
						<int id="h">64</int>
						<int id="w">610</int>
					</object>
					<object id="alakol_beach_2_1312933899758">
						<int id="z">21</int>
						<int id="x">4450</int>
						<int id="y">765</int>
						<str id="name">alakol_beach_2_1312933899729</str>
						<str id="sprite_class">alakol_beach_2</str>
						<int id="h">45</int>
						<int id="w">657</int>
					</object>
					<object id="stalagmite_base_1_1313007984262">
						<int id="z">34</int>
						<int id="x">3433</int>
						<int id="y">741</int>
						<str id="name">stalagmite_base_1_1313007984255</str>
						<str id="sprite_class">stalagmite_base_1</str>
						<int id="h">17</int>
						<int id="w">74</int>
					</object>
					<object id="cloud_fluffy_1_1313012901639">
						<int id="z">93</int>
						<int id="x">2529</int>
						<int id="y">560</int>
						<str id="name">cloud_fluffy_1_1313012901633</str>
						<str id="sprite_class">cloud_fluffy_1</str>
						<int id="h">98</int>
						<int id="w">621</int>
					</object>
					<object id="stalagmite_base_1_1313007984256">
						<int id="z">28</int>
						<int id="x">3476</int>
						<int id="y">732</int>
						<str id="name">stalagmite_base_1_1313007984255</str>
						<str id="sprite_class">stalagmite_base_1</str>
						<int id="h">17</int>
						<int id="w">94</int>
					</object>
					<object id="cloud_fluffy_1_1313012901640">
						<int id="z">1</int>
						<int id="x">3603</int>
						<int id="y">630</int>
						<str id="name">cloud_fluffy_1_1313012901633</str>
						<str id="sprite_class">cloud_fluffy_1</str>
						<int id="h">128</int>
						<int id="w">1069</int>
					</object>
					<object id="stalagmite_base_1_1313007984272">
						<int id="z">39</int>
						<int id="r">-2</int>
						<int id="x">3743</int>
						<int id="y">744</int>
						<str id="name">stalagmite_base_1_1313007984255</str>
						<str id="sprite_class">stalagmite_base_1</str>
						<int id="h">25</int>
						<int id="w">132</int>
					</object>
					<object id="lens_grass_1_1312933899748">
						<int id="z">14</int>
						<int id="x">1595</int>
						<int id="y">773</int>
						<str id="name">lens_grass_1_1312933899711</str>
						<str id="sprite_class">lens_grass_1</str>
						<int id="h">46</int>
						<int id="w">807</int>
					</object>
					<object id="patch_mossy_2_1313007984268">
						<int id="z">49</int>
						<int id="r">-3</int>
						<int id="x">3770</int>
						<int id="y">722</int>
						<str id="name">patch_mossy_2_1312996267339</str>
						<str id="sprite_class">patch_mossy_2</str>
						<int id="h">20</int>
						<int id="w">155</int>
					</object>
					<object id="stalagmite_base_2_1313012901628">
						<int id="z">31</int>
						<int id="x">3401</int>
						<int id="y">747</int>
						<str id="name">stalagmite_base_2_1312996267407</str>
						<str id="sprite_class">stalagmite_base_2</str>
						<int id="h">5</int>
						<int id="w">35</int>
					</object>
					<object id="lens_grass_1_1312933899747">
						<int id="z">10</int>
						<int id="x">1415</int>
						<int id="y">768</int>
						<str id="name">lens_grass_1_1312933899711</str>
						<str id="sprite_class">lens_grass_1</str>
						<int id="h">46</int>
						<int id="w">807</int>
					</object>
					<object id="stalagmite_base_2_1313012901627">
						<int id="z">30</int>
						<int id="x">3261</int>
						<int id="y">737</int>
						<str id="name">stalagmite_base_2_1312996267407</str>
						<str id="sprite_class">stalagmite_base_2</str>
						<int id="h">8</int>
						<int id="w">49</int>
					</object>
					<object id="lens_grass_1_1312933899750">
						<int id="z">11</int>
						<int id="x">2334</int>
						<int id="y">765</int>
						<str id="name">lens_grass_1_1312933899711</str>
						<str id="sprite_class">lens_grass_1</str>
						<int id="h">59</int>
						<int id="w">686</int>
					</object>
					<object id="alakol_beach_1_1312933899753">
						<int id="z">15</int>
						<int id="x">2983</int>
						<int id="y">760</int>
						<str id="name">alakol_beach_1_1312933899730</str>
						<str id="sprite_class">alakol_beach_1</str>
						<int id="h">42</int>
						<int id="w">736</int>
					</object>
					<object id="heights_bush_2_1313007984322">
						<int id="z">87</int>
						<int id="x">772</int>
						<int id="y">731</int>
						<str id="name">heights_bush_2_1312996267394</str>
						<str id="sprite_class">heights_bush_2</str>
						<int id="h">12</int>
						<int id="w">25</int>
					</object>
					<object id="pinecluster_2_1313007984285">
						<int id="z">73</int>
						<int id="r">3</int>
						<int id="x">3725</int>
						<int id="y">725</int>
						<str id="name">pinecluster_2_1312996267333</str>
						<str id="sprite_class">pinecluster_2</str>
						<int id="h">74</int>
						<int id="w">127</int>
					</object>
					<object id="alakol_beach_1_1312933899760">
						<int id="z">20</int>
						<int id="x">5134</int>
						<int id="y">772</int>
						<str id="name">alakol_beach_1_1312933899730</str>
						<str id="sprite_class">alakol_beach_1</str>
						<int id="h">63</int>
						<int id="w">747</int>
					</object>
					<object id="patch_mossy_2_1312996267341">
						<int id="z">56</int>
						<int id="x">3457</int>
						<int id="y">737</int>
						<str id="name">patch_mossy_2_1312996267339</str>
						<str id="sprite_class">patch_mossy_2</str>
						<int id="h">20</int>
						<int id="w">155</int>
					</object>
					<object id="stalagmite_base_1_1313007984264">
						<int id="z">35</int>
						<int id="x">3498</int>
						<int id="y">739</int>
						<str id="name">stalagmite_base_1_1313007984255</str>
						<str id="sprite_class">stalagmite_base_1</str>
						<int id="h">19</int>
						<int id="w">94</int>
					</object>
					<object id="alakol_cliff_1_1312996267262">
						<int id="z">44</int>
						<int id="x">4152</int>
						<int id="y">646</int>
						<str id="name">alakol_cliff_1_1312996267185</str>
						<str id="sprite_class">alakol_cliff_1</str>
						<int id="h">95</int>
						<int id="w">342</int>
					</object>
					<object id="moss_3_1312996267289">
						<bool id="h_flip">true</bool>
						<int id="x">4010</int>
						<int id="z">60</int>
						<int id="y">619</int>
						<str id="name">moss_3_1312933899770</str>
						<str id="sprite_class">moss_3</str>
						<int id="h">8</int>
						<int id="w">67</int>
					</object>
					<object id="moss_3_1312996267287">
						<bool id="h_flip">true</bool>
						<int id="x">4035</int>
						<int id="z">64</int>
						<int id="y">569</int>
						<str id="name">moss_3_1312933899770</str>
						<str id="sprite_class">moss_3</str>
						<int id="h">10</int>
						<int id="w">54</int>
					</object>
					<object id="tree_group_bg2_1_1313178318477">
						<int id="z">94</int>
						<int id="r">-1</int>
						<int id="x">4975</int>
						<int id="y">830</int>
						<str id="name">tree_group_bg2_1_1312996267295</str>
						<str id="sprite_class">tree_group_bg2_1</str>
						<int id="h">723</int>
						<int id="w">552</int>
					</object>
					<object id="gravel_1_1313012901630">
						<int id="z">90</int>
						<int id="x">3396</int>
						<int id="y">752</int>
						<str id="name">gravel_1_1313012901629</str>
						<str id="sprite_class">gravel_1</str>
						<int id="h">13</int>
						<int id="w">72</int>
					</object>
					<object id="tree_acacia_4_1312996267375">
						<int id="z">80</int>
						<int id="x">1983</int>
						<int id="y">726</int>
						<str id="name">tree_acacia_4_1312996267375</str>
						<str id="sprite_class">tree_acacia_4</str>
						<int id="h">90</int>
						<int id="w">119</int>
					</object>
					<object id="pinecluster_1_1313007984286">
						<int id="z">75</int>
						<int id="x">3657</int>
						<int id="y">719</int>
						<str id="name">pinecluster_1_1313007984284</str>
						<str id="sprite_class">pinecluster_1</str>
						<int id="h">64</int>
						<int id="w">88</int>
					</object>
					<object id="heights_moss_3_1313007984282">
						<int id="z">27</int>
						<int id="x">3674</int>
						<int id="y">788</int>
						<str id="name">heights_moss_3_1312996267189</str>
						<str id="sprite_class">heights_moss_3</str>
						<int id="h">47</int>
						<int id="w">119</int>
					</object>
					<object id="pinecluster_mask_1_1313007984253">
						<int id="z">79</int>
						<int id="x">3396</int>
						<int id="y">725</int>
						<str id="name">pinecluster_mask_1_1312996267336</str>
						<str id="sprite_class">pinecluster_mask_1</str>
						<int id="h">43</int>
						<int id="w">111</int>
					</object>
					<object id="pinecluster_mask_1_1313007984288">
						<int id="z">77</int>
						<int id="x">3662</int>
						<int id="y">725</int>
						<str id="name">pinecluster_mask_1_1312996267336</str>
						<str id="sprite_class">pinecluster_mask_1</str>
						<int id="h">43</int>
						<int id="w">111</int>
					</object>
					<object id="alakol_water_rock_1_1312996267357">
						<int id="z">6</int>
						<int id="x">4133</int>
						<int id="y">558</int>
						<str id="name">alakol_water_rock_1_1312996267182</str>
						<str id="sprite_class">alakol_water_rock_1</str>
						<int id="h">18</int>
						<int id="w">99</int>
					</object>
					<object id="tree_acacia_2_1312996267390">
						<int id="z">86</int>
						<int id="x">779</int>
						<int id="y">731</int>
						<str id="name">tree_acacia_2_1312996267376</str>
						<str id="sprite_class">tree_acacia_2</str>
						<int id="h">80</int>
						<int id="w">142</int>
					</object>
					<object id="alakol_beach_2_1312933899761">
						<int id="z">23</int>
						<int id="r">-1</int>
						<int id="x">3480</int>
						<int id="y">791</int>
						<str id="name">alakol_beach_2_1312933899729</str>
						<str id="sprite_class">alakol_beach_2</str>
						<int id="h">55</int>
						<int id="w">657</int>
					</object>
					<object id="alakol_beach_1_1312933899756">
						<int id="z">17</int>
						<int id="x">3879</int>
						<int id="y">755</int>
						<str id="name">alakol_beach_1_1312933899730</str>
						<str id="sprite_class">alakol_beach_1</str>
						<int id="h">51</int>
						<int id="w">747</int>
					</object>
					<object id="heights_bush_1_1313007984319">
						<int id="z">81</int>
						<int id="r">-1</int>
						<int id="x">1998</int>
						<int id="y">725</int>
						<str id="name">heights_bush_1_1312996267393</str>
						<str id="sprite_class">heights_bush_1</str>
						<int id="h">14</int>
						<int id="w">23</int>
					</object>
					<object id="stalagmite_base_1_1313007984263">
						<int id="z">42</int>
						<int id="x">3458</int>
						<int id="y">747</int>
						<str id="name">stalagmite_base_1_1313007984255</str>
						<str id="sprite_class">stalagmite_base_1</str>
						<int id="h">22</int>
						<int id="w">64</int>
					</object>
					<object id="lens_grass_1_1312933899744">
						<int id="z">8</int>
						<int id="x">129</int>
						<int id="y">755</int>
						<str id="name">lens_grass_1_1312933899711</str>
						<str id="sprite_class">lens_grass_1</str>
						<int id="h">46</int>
						<int id="w">807</int>
					</object>
					<object id="stalagmite_base_2_1313012901626">
						<int id="z">29</int>
						<int id="x">3307</int>
						<int id="y">729</int>
						<str id="name">stalagmite_base_2_1312996267407</str>
						<str id="sprite_class">stalagmite_base_2</str>
						<int id="h">13</int>
						<int id="w">67</int>
					</object>
					<object id="patch_mossy_2_1313007984261">
						<int id="z">47</int>
						<int id="r">-3</int>
						<int id="x">3592</int>
						<int id="y">732</int>
						<str id="name">patch_mossy_2_1312996267339</str>
						<str id="sprite_class">patch_mossy_2</str>
						<int id="h">20</int>
						<int id="w">155</int>
					</object>
					<object id="stalagmite_base_1_1313007984265">
						<int id="z">36</int>
						<int id="x">3571</int>
						<int id="y">738</int>
						<str id="name">stalagmite_base_1_1313007984255</str>
						<str id="sprite_class">stalagmite_base_1</str>
						<int id="h">19</int>
						<int id="w">94</int>
					</object>
					<object id="moss_3_1312996267290">
						<int id="z">61</int>
						<int id="x">4063</int>
						<int id="y">619</int>
						<str id="name">moss_3_1312933899770</str>
						<str id="sprite_class">moss_3</str>
						<int id="h">8</int>
						<int id="w">67</int>
					</object>
					<object id="alakol_beach_1_1312933899754">
						<int id="z">16</int>
						<int id="x">2936</int>
						<int id="y">781</int>
						<str id="name">alakol_beach_1_1312933899730</str>
						<str id="sprite_class">alakol_beach_1</str>
						<int id="h">51</int>
						<int id="w">747</int>
					</object>
					<object id="alakol_beach_2_1312933899755">
						<int id="z">22</int>
						<int id="r">-1</int>
						<int id="x">3419</int>
						<int id="y">770</int>
						<str id="name">alakol_beach_2_1312933899729</str>
						<str id="sprite_class">alakol_beach_2</str>
						<int id="h">55</int>
						<int id="w">657</int>
					</object>
					<object id="tree_group_bg2_1_1312996267295">
						<int id="z">4</int>
						<int id="x">4291</int>
						<int id="y">706</int>
						<str id="name">tree_group_bg2_1_1312996267295</str>
						<str id="sprite_class">tree_group_bg2_1</str>
						<int id="h">330</int>
						<int id="w">252</int>
					</object>
					<object id="pinecluster_2_1312996267334">
						<int id="z">70</int>
						<int id="x">3421</int>
						<int id="y">724</int>
						<str id="name">pinecluster_2_1312996267333</str>
						<str id="sprite_class">pinecluster_2</str>
						<int id="h">76</int>
						<int id="w">130</int>
					</object>
					<object id="stalagmite_base_1_1313007984271">
						<int id="z">38</int>
						<int id="r">-2</int>
						<int id="x">3685</int>
						<int id="y">737</int>
						<str id="name">stalagmite_base_1_1313007984255</str>
						<str id="sprite_class">stalagmite_base_1</str>
						<int id="h">20</int>
						<int id="w">94</int>
					</object>
					<object id="gravel_1_1313012901631">
						<int id="z">91</int>
						<int id="x">3232</int>
						<int id="y">742</int>
						<str id="name">gravel_1_1313012901629</str>
						<str id="sprite_class">gravel_1</str>
						<int id="h">13</int>
						<int id="w">72</int>
					</object>
					<object id="stalagmite_base_1_1313007984257">
						<int id="z">32</int>
						<int id="x">3336</int>
						<int id="y">736</int>
						<str id="name">stalagmite_base_1_1313007984255</str>
						<str id="sprite_class">stalagmite_base_1</str>
						<int id="h">19</int>
						<int id="w">95</int>
					</object>
					<object id="patch_mossy_2_1313007984269">
						<int id="z">52</int>
						<int id="r">-3</int>
						<int id="x">3729</int>
						<int id="y">734</int>
						<str id="name">patch_mossy_2_1312996267339</str>
						<str id="sprite_class">patch_mossy_2</str>
						<int id="h">20</int>
						<int id="w">155</int>
					</object>
					<object id="alakol_grass_top_2_1312996267294">
						<bool id="h_flip">true</bool>
						<int id="x">4286</int>
						<int id="z">63</int>
						<int id="y">580</int>
						<str id="name">alakol_grass_top_2_1312996267234</str>
						<str id="sprite_class">alakol_grass_top_2</str>
						<int id="h">28</int>
						<int id="w">185</int>
					</object>
					<object id="patch_mossy_2_1313007984273">
						<int id="z">50</int>
						<int id="r">-3</int>
						<int id="x">3822</int>
						<int id="y">723</int>
						<str id="name">patch_mossy_2_1312996267339</str>
						<str id="sprite_class">patch_mossy_2</str>
						<int id="h">20</int>
						<int id="w">155</int>
					</object>
					<object id="heights_moss_2_1313007984279">
						<int id="z">24</int>
						<int id="r">-2</int>
						<int id="x">3521</int>
						<int id="y">748</int>
						<str id="name">heights_moss_2_1312933899771</str>
						<str id="sprite_class">heights_moss_2</str>
						<int id="h">18</int>
						<int id="w">117</int>
					</object>
					<object id="alakol_cliff_2_1312996267263">
						<int id="z">59</int>
						<int id="x">4023</int>
						<int id="y">656</int>
						<str id="name">alakol_cliff_2_1312996267184</str>
						<str id="sprite_class">alakol_cliff_2</str>
						<int id="h">47</int>
						<int id="w">221</int>
					</object>
					<object id="gravel_1_1313012901629">
						<int id="z">89</int>
						<int id="x">3309</int>
						<int id="y">745</int>
						<str id="name">gravel_1_1313012901629</str>
						<str id="sprite_class">gravel_1</str>
						<int id="h">13</int>
						<int id="w">72</int>
					</object>
				</object>
				<int id="w">5280</int>
			</object>
			<object id="T_1312849408692">
				<int id="z">1</int>
				<str id="name">middeplus</str>
				<int id="h">1000</int>
				<object id="decos">
					<object id="pampas_1_1313003236533">
						<int id="z">10</int>
						<int id="r">-10</int>
						<int id="x">3151</int>
						<int id="y">927</int>
						<str id="name">pampas_1_1312996267391</str>
						<str id="sprite_class">pampas_1</str>
						<int id="h">80</int>
						<int id="w">55</int>
					</object>
					<object id="pampas_2_1313007984296">
						<int id="z">9</int>
						<int id="r">-15</int>
						<int id="x">3118</int>
						<int id="y">937</int>
						<str id="name">pampas_2_1312996267392</str>
						<str id="sprite_class">pampas_2</str>
						<int id="h">70</int>
						<int id="w">56</int>
					</object>
					<object id="pampas_2_1313007984311">
						<int id="z">22</int>
						<int id="r">-15</int>
						<int id="x">899</int>
						<int id="y">983</int>
						<str id="name">pampas_2_1312996267392</str>
						<str id="sprite_class">pampas_2</str>
						<int id="h">70</int>
						<int id="w">56</int>
					</object>
					<object id="tree_coniferous_4_1312996267245">
						<int id="z">3</int>
						<int id="x">5463</int>
						<int id="y">703</int>
						<str id="name">tree_coniferous_4_1312996267244</str>
						<str id="sprite_class">tree_coniferous_4</str>
						<int id="h">1095</int>
						<int id="w">620</int>
					</object>
					<object id="alakol_water_rock_2_1313007984304">
						<int id="z">16</int>
						<int id="x">2313</int>
						<int id="y">1032</int>
						<str id="name">alakol_water_rock_2_1312996267183</str>
						<str id="sprite_class">alakol_water_rock_2</str>
						<int id="h">114</int>
						<int id="w">441</int>
					</object>
					<object id="alakol_beach_1_1313007984302">
						<int id="z">1</int>
						<int id="x">1513</int>
						<int id="y">1022</int>
						<str id="name">alakol_beach_1_1312933899730</str>
						<str id="sprite_class">alakol_beach_1</str>
						<int id="h">133</int>
						<int id="w">1517</int>
					</object>
					<object id="pampas_2_1313007984312">
						<int id="z">0</int>
						<int id="r">-5</int>
						<int id="x">793</int>
						<int id="y">965</int>
						<str id="name">pampas_2_1312996267392</str>
						<str id="sprite_class">pampas_2</str>
						<int id="h">78</int>
						<int id="w">56</int>
					</object>
					<object id="heights_bush_2_1313003236532">
						<int id="z">7</int>
						<int id="x">3175</int>
						<int id="y">926</int>
						<str id="name">heights_bush_2_1312996267394</str>
						<str id="sprite_class">heights_bush_2</str>
						<int id="h">66</int>
						<int id="w">137</int>
					</object>
					<object id="gravel_2_1313007984295">
						<int id="z">15</int>
						<int id="x">3077</int>
						<int id="y">944</int>
						<str id="name">gravel_2_1312996267404</str>
						<str id="sprite_class">gravel_2</str>
						<int id="h">24</int>
						<int id="w">42</int>
					</object>
					<object id="heights_bush_2_1313007984305">
						<int id="z">18</int>
						<int id="x">2021</int>
						<int id="y">1030</int>
						<str id="name">heights_bush_2_1312996267394</str>
						<str id="sprite_class">heights_bush_2</str>
						<int id="h">93</int>
						<int id="w">194</int>
					</object>
					<object id="alakol_water_rock_2_1313007984340">
						<int id="z">30</int>
						<int id="x">4998</int>
						<int id="y">1010</int>
						<str id="name">alakol_water_rock_2_1312996267183</str>
						<str id="sprite_class">alakol_water_rock_2</str>
						<int id="h">52</int>
						<int id="w">287</int>
					</object>
					<object id="alakol_water_rock_1_1313007984308">
						<int id="z">20</int>
						<int id="x">2482</int>
						<int id="y">1037</int>
						<str id="name">alakol_water_rock_1_1312996267182</str>
						<str id="sprite_class">alakol_water_rock_1</str>
						<int id="h">61</int>
						<int id="w">170</int>
					</object>
					<object id="gravel_2_1313007984341">
						<int id="z">31</int>
						<int id="x">4022</int>
						<int id="y">987</int>
						<str id="name">gravel_2_1312996267404</str>
						<str id="sprite_class">gravel_2</str>
						<int id="h">16</int>
						<int id="w">28</int>
					</object>
					<object id="stalagmite_base_1_1313007984293">
						<int id="z">14</int>
						<int id="x">3183</int>
						<int id="y">949</int>
						<str id="name">stalagmite_base_1_1312996267406</str>
						<str id="sprite_class">stalagmite_base_1</str>
						<int id="h">40</int>
						<int id="w">218</int>
					</object>
					<object id="alakol_water_rock_1_1313007984339">
						<int id="z">25</int>
						<int id="x">5183</int>
						<int id="y">988</int>
						<str id="name">alakol_water_rock_1_1312996267182</str>
						<str id="sprite_class">alakol_water_rock_1</str>
						<int id="h">124</int>
						<int id="w">168</int>
					</object>
					<object id="alakol_cliff_1_1313178318463">
						<int id="z">27</int>
						<int id="x">5613</int>
						<int id="y">1053</int>
						<str id="name">alakol_cliff_1_1312996267185</str>
						<str id="sprite_class">alakol_cliff_1</str>
						<int id="h">145</int>
						<int id="w">859</int>
					</object>
					<object id="pampas_1_1313007984309">
						<int id="z">12</int>
						<int id="r">-20</int>
						<int id="x">2028</int>
						<int id="y">965</int>
						<str id="name">pampas_1_1312996267391</str>
						<str id="sprite_class">pampas_1</str>
						<int id="h">80</int>
						<int id="w">55</int>
					</object>
					<object id="alakol_cliff_2_1313007984337">
						<int id="z">26</int>
						<int id="x">5034</int>
						<int id="y">1057</int>
						<str id="name">alakol_cliff_2_1312996267184</str>
						<str id="sprite_class">alakol_cliff_2</str>
						<int id="h">127</int>
						<int id="w">530</int>
					</object>
					<object id="heights_bush_2_1313007984306">
						<bool id="h_flip">true</bool>
						<int id="x">2394</int>
						<int id="z">19</int>
						<int id="y">1028</int>
						<str id="name">heights_bush_2_1312996267394</str>
						<str id="sprite_class">heights_bush_2</str>
						<int id="h">93</int>
						<int id="w">194</int>
					</object>
					<object id="alakol_water_rock_1_1313007984331">
						<int id="z">24</int>
						<int id="x">4066</int>
						<int id="y">994</int>
						<str id="name">alakol_water_rock_1_1312996267182</str>
						<str id="sprite_class">alakol_water_rock_1</str>
						<int id="h">93</int>
						<int id="w">116</int>
					</object>
					<object id="alakol_water_rock_1_1313007984303">
						<int id="z">17</int>
						<int id="x">2061</int>
						<int id="y">1034</int>
						<str id="name">alakol_water_rock_1_1312996267182</str>
						<str id="sprite_class">alakol_water_rock_1</str>
						<int id="h">128</int>
						<int id="w">160</int>
					</object>
					<object id="tree_acacia_4_1313007984291">
						<int id="z">13</int>
						<int id="x">2124</int>
						<int id="y">1011</int>
						<str id="name">tree_acacia_4_1312996267375</str>
						<str id="sprite_class">tree_acacia_4</str>
						<int id="h">838</int>
						<int id="w">1108</int>
					</object>
					<object id="heights_bush_1_1313003236534">
						<int id="z">8</int>
						<int id="r">7</int>
						<int id="x">3053</int>
						<int id="y">934</int>
						<str id="name">heights_bush_1_1312996267393</str>
						<str id="sprite_class">heights_bush_1</str>
						<int id="h">94</int>
						<int id="w">160</int>
					</object>
					<object id="cliff_cover_5_1313178318464">
						<int id="z">29</int>
						<int id="r">-13</int>
						<int id="x">5758</int>
						<int id="y">1086</int>
						<str id="name">cliff_cover_5_1312996267187</str>
						<str id="sprite_class">cliff_cover_5</str>
						<int id="h">329</int>
						<int id="w">611</int>
					</object>
					<object id="pampas_1_1313007984310">
						<int id="z">21</int>
						<int id="r">5</int>
						<int id="x">914</int>
						<int id="y">988</int>
						<str id="name">pampas_1_1312996267391</str>
						<str id="sprite_class">pampas_1</str>
						<int id="h">80</int>
						<int id="w">55</int>
					</object>
					<object id="cliff_cover_1_1313178318465">
						<int id="z">28</int>
						<int id="x">5497</int>
						<int id="y">1104</int>
						<str id="name">cliff_cover_1_1313178318465</str>
						<str id="sprite_class">cliff_cover_1</str>
						<int id="h">385</int>
						<int id="w">582</int>
					</object>
					<object id="heights_bush_1_1313007984307">
						<bool id="h_flip">true</bool>
						<int id="r">-3</int>
						<int id="x">2322</int>
						<int id="z">11</int>
						<int id="y">999</int>
						<str id="name">heights_bush_1_1312996267393</str>
						<str id="sprite_class">heights_bush_1</str>
						<int id="h">110</int>
						<int id="w">273</int>
					</object>
					<object id="alakol_water_rock_2_1313007984330">
						<int id="z">23</int>
						<int id="x">3967</int>
						<int id="y">982</int>
						<str id="name">alakol_water_rock_2_1312996267183</str>
						<str id="sprite_class">alakol_water_rock_2</str>
						<int id="h">74</int>
						<int id="w">287</int>
					</object>
					<object id="groddle_grass_1_1312996267352">
						<int id="z">6</int>
						<int id="x">5963</int>
						<int id="y">695</int>
						<str id="name">groddle_grass_1_1312996267352</str>
						<str id="sprite_class">groddle_grass_1</str>
						<int id="h">51</int>
						<int id="w">106</int>
					</object>
					<object id="groddle_cover_clover2_1312996267342">
						<int id="z">4</int>
						<int id="x">5585</int>
						<int id="y">693</int>
						<str id="name">groddle_cover_clover2_1312996267342</str>
						<str id="sprite_class">groddle_cover_clover2</str>
						<int id="h">47</int>
						<int id="w">126</int>
					</object>
					<object id="groddle_cover_clover2_1312996267343">
						<int id="z">2</int>
						<int id="x">5484</int>
						<int id="y">305</int>
						<str id="name">groddle_cover_clover2_1312996267342</str>
						<str id="sprite_class">groddle_cover_clover2</str>
						<int id="h">47</int>
						<int id="w">126</int>
					</object>
					<object id="groddle_cover_clover2_1312996267351">
						<int id="z">5</int>
						<int id="x">5918</int>
						<int id="y">698</int>
						<str id="name">groddle_cover_clover2_1312996267342</str>
						<str id="sprite_class">groddle_cover_clover2</str>
						<int id="h">47</int>
						<int id="w">126</int>
					</object>
					<object id="groddle_cover_clover2_1312996267344">
						<int id="z">4</int>
						<int id="x">5585</int>
						<int id="y">693</int>
						<str id="name">groddle_cover_clover2_1312996267342</str>
						<str id="sprite_class">groddle_cover_clover2</str>
						<int id="h">47</int>
						<int id="w">126</int>
					</object>
				</object>
				<int id="w">6000</int>
			</object>
			<object id="T_1312849408693">
				<int id="z">-1</int>
				<str id="name">bg_1</str>
				<int id="h">1000</int>
				<object id="filtersNEW">
					<object id="brightness">
						<int id="value">5</int>
					</object>
					<object id="saturation">
						<int id="value">-12</int>
					</object>
					<object id="contrast">
						<int id="value">-10</int>
					</object>
				</object>
				<object id="decos">
					<object id="heights_moss_3_1312996267325">
						<int id="z">18</int>
						<int id="r">-5</int>
						<int id="x">4370</int>
						<int id="y">888</int>
						<str id="name">heights_moss_3_1312996267189</str>
						<str id="sprite_class">heights_moss_3</str>
						<int id="h">97</int>
						<int id="w">247</int>
					</object>
					<object id="gravel_2_1313003236527">
						<int id="z">55</int>
						<int id="r">-2</int>
						<int id="x">171</int>
						<int id="y">761</int>
						<str id="name">gravel_2_1312996267404</str>
						<str id="sprite_class">gravel_2</str>
						<int id="h">6</int>
						<int id="w">10</int>
					</object>
					<object id="alakol_beach_1_1312933899740">
						<int id="z">6</int>
						<int id="x">4400</int>
						<int id="y">836</int>
						<str id="name">alakol_beach_1_1312933899730</str>
						<str id="sprite_class">alakol_beach_1</str>
						<int id="h">95</int>
						<int id="w">1459</int>
					</object>
					<object id="lens_grass_2_1312933899735">
						<int id="z">4</int>
						<int id="x">1381</int>
						<int id="y">874</int>
						<str id="name">lens_grass_2_1312933899710</str>
						<str id="sprite_class">lens_grass_2</str>
						<int id="h">127</int>
						<int id="w">1808</int>
					</object>
					<object id="stalagmite_base_2_1312996267408">
						<int id="z">51</int>
						<int id="x">232</int>
						<int id="y">775</int>
						<str id="name">stalagmite_base_2_1312996267407</str>
						<str id="sprite_class">stalagmite_base_2</str>
						<int id="h">6</int>
						<int id="w">31</int>
					</object>
					<object id="tree_base_root_1_1313007984246">
						<int id="z">57</int>
						<int id="x">4504</int>
						<int id="y">645</int>
						<str id="name">tree_base_root_1_1313007984246</str>
						<str id="sprite_class">tree_base_root_1</str>
						<int id="h">39</int>
						<int id="w">66</int>
					</object>
					<object id="gravel_2_1313003236526">
						<int id="z">54</int>
						<int id="r">-11</int>
						<int id="x">181</int>
						<int id="y">774</int>
						<str id="name">gravel_2_1312996267404</str>
						<str id="sprite_class">gravel_2</str>
						<int id="h">9</int>
						<int id="w">16</int>
					</object>
					<object id="lens_grass_2_1312933899736">
						<int id="z">3</int>
						<int id="r">-1</int>
						<int id="x">2354</int>
						<int id="y">860</int>
						<str id="name">lens_grass_2_1312933899710</str>
						<str id="sprite_class">lens_grass_2</str>
						<int id="h">127</int>
						<int id="w">1808</int>
					</object>
					<object id="pampas_1_1313003236530">
						<int id="z">48</int>
						<int id="r">-20</int>
						<int id="x">150</int>
						<int id="y">763</int>
						<str id="name">pampas_1_1312996267391</str>
						<str id="sprite_class">pampas_1</str>
						<int id="h">21</int>
						<int id="w">21</int>
					</object>
					<object id="alakol_beach_2_1312933899741">
						<int id="z">21</int>
						<int id="x">5358</int>
						<int id="y">888</int>
						<str id="name">alakol_beach_2_1312933899729</str>
						<str id="sprite_class">alakol_beach_2</str>
						<int id="h">125</int>
						<int id="w">1221</int>
					</object>
					<object id="moss_3_1312996267285">
						<bool id="h_flip">true</bool>
						<int id="r">-4</int>
						<int id="x">4284</int>
						<int id="z">31</int>
						<int id="y">656</int>
						<str id="name">moss_3_1312933899770</str>
						<str id="sprite_class">moss_3</str>
						<int id="h">20</int>
						<int id="w">118</int>
					</object>
					<object id="stalagmite_base_1_1312996267406">
						<int id="z">46</int>
						<int id="x">195</int>
						<int id="y">767</int>
						<str id="name">stalagmite_base_1_1312996267406</str>
						<str id="sprite_class">stalagmite_base_1</str>
						<int id="h">21</int>
						<int id="w">87</int>
					</object>
					<object id="gravel_2_1313003236525">
						<bool id="h_flip">true</bool>
						<int id="x">190</int>
						<int id="z">53</int>
						<int id="y">771</int>
						<str id="name">gravel_2_1312996267404</str>
						<str id="sprite_class">gravel_2</str>
						<int id="h">11</int>
						<int id="w">19</int>
					</object>
					<object id="alakol_water_rock_1_1312996267282">
						<int id="z">30</int>
						<int id="x">4288</int>
						<int id="y">790</int>
						<str id="name">alakol_water_rock_1_1312996267182</str>
						<str id="sprite_class">alakol_water_rock_1</str>
						<int id="h">23</int>
						<int id="w">67</int>
					</object>
					<object id="alakol_water_rock_2_1312996267280">
						<int id="z">24</int>
						<int id="x">4072</int>
						<int id="y">777</int>
						<str id="name">alakol_water_rock_2_1312996267183</str>
						<str id="sprite_class">alakol_water_rock_2</str>
						<int id="h">37</int>
						<int id="w">143</int>
					</object>
					<object id="pampas_1_1313003236531">
						<int id="z">43</int>
						<int id="r">-15</int>
						<int id="x">339</int>
						<int id="y">756</int>
						<str id="name">pampas_1_1312996267391</str>
						<str id="sprite_class">pampas_1</str>
						<int id="h">26</int>
						<int id="w">18</int>
					</object>
					<object id="tree_group_bg2_1_1312996267371">
						<int id="z">1</int>
						<int id="r">-1</int>
						<int id="x">4789</int>
						<int id="y">756</int>
						<str id="name">tree_group_bg2_1_1312996267295</str>
						<str id="sprite_class">tree_group_bg2_1</str>
						<int id="h">572</int>
						<int id="w">437</int>
					</object>
					<object id="heights_moss_2_1312996267327">
						<int id="z">17</int>
						<int id="x">4529</int>
						<int id="y">798</int>
						<str id="name">heights_moss_2_1312933899771</str>
						<str id="sprite_class">heights_moss_2</str>
						<int id="h">42</int>
						<int id="w">174</int>
					</object>
					<object id="tree_acacia_3_1313007984292">
						<int id="z">39</int>
						<int id="x">2477</int>
						<int id="y">756</int>
						<str id="name">tree_acacia_3_1312996267373</str>
						<str id="sprite_class">tree_acacia_3</str>
						<int id="h">320</int>
						<int id="w">772</int>
					</object>
					<object id="lens_grass_2_1312933899734">
						<int id="z">2</int>
						<int id="x">393</int>
						<int id="y">860</int>
						<str id="name">lens_grass_2_1312933899710</str>
						<str id="sprite_class">lens_grass_2</str>
						<int id="h">127</int>
						<int id="w">1808</int>
					</object>
					<object id="pampas_2_1312996267405">
						<int id="z">40</int>
						<int id="x">2452</int>
						<int id="y">754</int>
						<str id="name">pampas_2_1312996267392</str>
						<str id="sprite_class">pampas_2</str>
						<int id="h">25</int>
						<int id="w">16</int>
					</object>
					<object id="stalagmite_base_2_1312996267407">
						<int id="z">49</int>
						<int id="x">160</int>
						<int id="y">772</int>
						<str id="name">stalagmite_base_2_1312996267407</str>
						<str id="sprite_class">stalagmite_base_2</str>
						<int id="h">15</int>
						<int id="w">73</int>
					</object>
					<object id="alakol_cliff_1_1312996267246">
						<int id="z">22</int>
						<int id="x">4484</int>
						<int id="y">777</int>
						<str id="name">alakol_cliff_1_1312996267185</str>
						<str id="sprite_class">alakol_cliff_1</str>
						<int id="h">145</int>
						<int id="w">859</int>
					</object>
					<object id="heights_bush_1_1312996267397">
						<int id="z">34</int>
						<int id="r">7</int>
						<int id="x">295</int>
						<int id="y">752</int>
						<str id="name">heights_bush_1_1312996267393</str>
						<str id="sprite_class">heights_bush_1</str>
						<int id="h">41</int>
						<int id="w">69</int>
					</object>
					<object id="heights_bush_2_1312996267399">
						<int id="z">41</int>
						<int id="x">2490</int>
						<int id="y">759</int>
						<str id="name">heights_bush_2_1312996267394</str>
						<str id="sprite_class">heights_bush_2</str>
						<int id="h">33</int>
						<int id="w">69</int>
					</object>
					<object id="gravel_2_1312996267404">
						<int id="z">45</int>
						<int id="x">2421</int>
						<int id="y">761</int>
						<str id="name">gravel_2_1312996267404</str>
						<str id="sprite_class">gravel_2</str>
						<int id="h">11</int>
						<int id="w">19</int>
					</object>
					<object id="moss_3_1312996267278">
						<int id="z">28</int>
						<int id="x">4238</int>
						<int id="y">670</int>
						<str id="name">moss_3_1312933899770</str>
						<str id="sprite_class">moss_3</str>
						<int id="h">20</int>
						<int id="w">105</int>
					</object>
					<object id="alakol_cliff_1_1313178318475">
						<int id="z">23</int>
						<int id="x">4988</int>
						<int id="y">819</int>
						<str id="name">alakol_cliff_1_1312996267185</str>
						<str id="sprite_class">alakol_cliff_1</str>
						<int id="h">145</int>
						<int id="w">859</int>
					</object>
					<object id="tree_base_root_3_1313007984247">
						<int id="z">58</int>
						<int id="x">4589</int>
						<int id="y">652</int>
						<str id="name">tree_base_root_3_1313007984247</str>
						<str id="sprite_class">tree_base_root_3</str>
						<int id="h">40</int>
						<int id="w">66</int>
					</object>
					<object id="alakol_water_rock_1_1312996267403">
						<int id="z">37</int>
						<int id="x">2380</int>
						<int id="y">753</int>
						<str id="name">alakol_water_rock_1_1312996267182</str>
						<str id="sprite_class">alakol_water_rock_1</str>
						<int id="h">24</int>
						<int id="w">30</int>
					</object>
					<object id="alakol_grass_top_2_1312996267283">
						<bool id="h_flip">true</bool>
						<int id="x">4500</int>
						<int id="z">32</int>
						<int id="y">663</int>
						<str id="name">alakol_grass_top_2_1312996267234</str>
						<str id="sprite_class">alakol_grass_top_2</str>
						<int id="h">40</int>
						<int id="w">406</int>
					</object>
					<object id="alakol_beach_2_1312996267296">
						<int id="z">33</int>
						<int id="x">1957</int>
						<int id="y">835</int>
						<str id="name">alakol_beach_2_1312933899729</str>
						<str id="sprite_class">alakol_beach_2</str>
						<int id="h">84</int>
						<int id="w">1221</int>
					</object>
					<object id="heights_moss_2_1313007984242">
						<int id="z">12</int>
						<int id="r">3</int>
						<int id="x">4118</int>
						<int id="y">789</int>
						<str id="name">heights_moss_2_1312933899771</str>
						<str id="sprite_class">heights_moss_2</str>
						<int id="h">25</int>
						<int id="w">181</int>
					</object>
					<object id="heights_bush_2_1312996267400">
						<int id="z">36</int>
						<int id="x">2427</int>
						<int id="y">750</int>
						<str id="name">heights_bush_2_1312996267394</str>
						<str id="sprite_class">heights_bush_2</str>
						<int id="h">33</int>
						<int id="w">69</int>
					</object>
					<object id="heights_bush_2_1312996267401">
						<bool id="h_flip">true</bool>
						<int id="x">2392</int>
						<int id="z">38</int>
						<int id="y">756</int>
						<str id="name">heights_bush_2_1312996267394</str>
						<str id="sprite_class">heights_bush_2</str>
						<int id="h">33</int>
						<int id="w">69</int>
					</object>
					<object id="tree_coniferous_fg_3_1313007984245">
						<int id="z">56</int>
						<int id="x">4546</int>
						<int id="y">645</int>
						<str id="name">tree_coniferous_fg_3_1313007984245</str>
						<str id="sprite_class">tree_coniferous_fg_3</str>
						<int id="h">624</int>
						<int id="w">274</int>
					</object>
					<object id="stalagmite_base_3_1313003236524">
						<int id="z">52</int>
						<int id="x">363</int>
						<int id="y">763</int>
						<str id="name">stalagmite_base_3_1313003236523</str>
						<str id="sprite_class">stalagmite_base_3</str>
						<int id="h">14</int>
						<int id="w">68</int>
					</object>
					<object id="heights_moss_2_1312996267323">
						<int id="z">15</int>
						<int id="x">4384</int>
						<int id="y">801</int>
						<str id="name">heights_moss_2_1312933899771</str>
						<str id="sprite_class">heights_moss_2</str>
						<int id="h">31</int>
						<int id="w">132</int>
					</object>
					<object id="moss_3_1312996267284">
						<bool id="h_flip">true</bool>
						<int id="x">4172</int>
						<int id="z">29</int>
						<int id="y">667</int>
						<str id="name">moss_3_1312933899770</str>
						<str id="sprite_class">moss_3</str>
						<int id="h">20</int>
						<int id="w">105</int>
					</object>
					<object id="cliff_cover_3_1312996267254">
						<int id="z">27</int>
						<int id="x">4405</int>
						<int id="y">790</int>
						<str id="name">cliff_cover_3_1312996267254</str>
						<str id="sprite_class">cliff_cover_3</str>
						<int id="h">119</int>
						<int id="w">232</int>
					</object>
					<object id="alakol_beach_2_1312933899738">
						<int id="z">8</int>
						<int id="x">3676</int>
						<int id="y">896</int>
						<str id="name">alakol_beach_2_1312933899729</str>
						<str id="sprite_class">alakol_beach_2</str>
						<int id="h">123</int>
						<int id="w">1288</int>
					</object>
					<object id="tree_coniferous_fg_4_1313007984249">
						<int id="z">59</int>
						<int id="x">4915</int>
						<int id="y">787</int>
						<str id="name">tree_coniferous_fg_4_1313007984249</str>
						<str id="sprite_class">tree_coniferous_fg_4</str>
						<int id="h">867</int>
						<int id="w">435</int>
					</object>
					<object id="heights_moss_3_1312996267326">
						<int id="z">19</int>
						<int id="r">-3</int>
						<int id="x">4503</int>
						<int id="y">884</int>
						<str id="name">heights_moss_3_1312996267189</str>
						<str id="sprite_class">heights_moss_3</str>
						<int id="h">97</int>
						<int id="w">247</int>
					</object>
					<object id="heights_moss_2_1313007984241">
						<int id="z">11</int>
						<int id="r">3</int>
						<int id="x">4050</int>
						<int id="y">772</int>
						<str id="name">heights_moss_2_1312933899771</str>
						<str id="sprite_class">heights_moss_2</str>
						<int id="h">25</int>
						<int id="w">181</int>
					</object>
					<object id="heights_moss_2_1313007984283">
						<int id="z">10</int>
						<int id="r">-1</int>
						<int id="x">3977</int>
						<int id="y">767</int>
						<str id="name">heights_moss_2_1312933899771</str>
						<str id="sprite_class">heights_moss_2</str>
						<int id="h">17</int>
						<int id="w">182</int>
					</object>
					<object id="heights_moss_3_1313178318474">
						<int id="z">20</int>
						<int id="r">-3</int>
						<int id="x">4636</int>
						<int id="y">885</int>
						<str id="name">heights_moss_3_1312996267189</str>
						<str id="sprite_class">heights_moss_3</str>
						<int id="h">97</int>
						<int id="w">247</int>
					</object>
					<object id="alakol_beach_1_1312933899739">
						<int id="z">9</int>
						<int id="r">-1</int>
						<int id="x">4698</int>
						<int id="y">868</int>
						<str id="name">alakol_beach_1_1312933899730</str>
						<str id="sprite_class">alakol_beach_1</str>
						<int id="h">89</int>
						<int id="w">1459</int>
					</object>
					<object id="heights_moss_2_1313007984243">
						<int id="z">13</int>
						<int id="r">-2</int>
						<int id="x">4176</int>
						<int id="y">797</int>
						<str id="name">heights_moss_2_1312933899771</str>
						<str id="sprite_class">heights_moss_2</str>
						<int id="h">30</int>
						<int id="w">166</int>
					</object>
					<object id="heights_bush_1_1312996267398">
						<bool id="h_flip">true</bool>
						<int id="r">-4</int>
						<int id="x">330</int>
						<int id="z">42</int>
						<int id="y">758</int>
						<str id="name">heights_bush_1_1312996267393</str>
						<str id="sprite_class">heights_bush_1</str>
						<int id="h">41</int>
						<int id="w">69</int>
					</object>
					<object id="pampas_1_1313003236528">
						<int id="z">47</int>
						<int id="x">160</int>
						<int id="y">760</int>
						<str id="name">pampas_1_1312996267391</str>
						<str id="sprite_class">pampas_1</str>
						<int id="h">26</int>
						<int id="w">18</int>
					</object>
					<object id="alakol_beach_2_1312933899737">
						<int id="z">5</int>
						<int id="x">3551</int>
						<int id="y">835</int>
						<str id="name">alakol_beach_2_1312933899729</str>
						<str id="sprite_class">alakol_beach_2</str>
						<int id="h">84</int>
						<int id="w">1221</int>
					</object>
					<object id="heights_moss_2_1312996267324">
						<int id="z">16</int>
						<int id="x">4447</int>
						<int id="y">805</int>
						<str id="name">heights_moss_2_1312933899771</str>
						<str id="sprite_class">heights_moss_2</str>
						<int id="h">31</int>
						<int id="w">132</int>
					</object>
					<object id="heights_moss_2_1313007984244">
						<int id="z">14</int>
						<int id="r">3</int>
						<int id="x">4292</int>
						<int id="y">799</int>
						<str id="name">heights_moss_2_1312933899771</str>
						<str id="sprite_class">heights_moss_2</str>
						<int id="h">36</int>
						<int id="w">121</int>
					</object>
					<object id="cliff_cover_5_1312996267253">
						<int id="z">26</int>
						<int id="r">-12</int>
						<int id="x">4235</int>
						<int id="y">795</int>
						<str id="name">cliff_cover_5_1312996267187</str>
						<str id="sprite_class">cliff_cover_5</str>
						<int id="h">116</int>
						<int id="w">336</int>
					</object>
					<object id="tree_group_bg2_1_1313178318476">
						<int id="z">0</int>
						<int id="r">-1</int>
						<int id="x">5427</int>
						<int id="y">739</int>
						<str id="name">tree_group_bg2_1_1312996267295</str>
						<str id="sprite_class">tree_group_bg2_1</str>
						<int id="h">723</int>
						<int id="w">552</int>
					</object>
					<object id="tree_acacia_1_1312996267374">
						<int id="z">35</int>
						<int id="x">295</int>
						<int id="y">756</int>
						<str id="name">tree_acacia_1_1312996267374</str>
						<str id="sprite_class">tree_acacia_1</str>
						<int id="h">276</int>
						<int id="w">441</int>
					</object>
					<object id="alakol_water_rock_2_1312996267402">
						<int id="z">44</int>
						<int id="x">2425</int>
						<int id="y">761</int>
						<str id="name">alakol_water_rock_2_1312996267183</str>
						<str id="sprite_class">alakol_water_rock_2</str>
						<int id="h">24</int>
						<int id="w">78</int>
					</object>
					<object id="pampas_1_1313003236529">
						<int id="z">50</int>
						<int id="r">-15</int>
						<int id="x">190</int>
						<int id="y">769</int>
						<str id="name">pampas_1_1312996267391</str>
						<str id="sprite_class">pampas_1</str>
						<int id="h">26</int>
						<int id="w">18</int>
					</object>
					<object id="alakol_water_rock_1_1312996267281">
						<int id="z">25</int>
						<int id="x">3992</int>
						<int id="y">770</int>
						<str id="name">alakol_water_rock_1_1312996267182</str>
						<str id="sprite_class">alakol_water_rock_1</str>
						<int id="h">24</int>
						<int id="w">30</int>
					</object>
					<object id="alakol_beach_2_1312933899742">
						<int id="z">7</int>
						<int id="x">5180</int>
						<int id="y">833</int>
						<str id="name">alakol_beach_2_1312933899729</str>
						<str id="sprite_class">alakol_beach_2</str>
						<int id="h">93</int>
						<int id="w">1363</int>
					</object>
				</object>
				<int id="w">5640</int>
			</object>
			<object id="middleground">
				<object id="platforms">
				</object>
				<object id="platform_lines">
					<object id="plat_1313178318458">
						<int id="platform_item_perm">-1</int>
						<object id="start">
							<int id="x">2161</int>
							<int id="y">-313</int>
						</object>
						<object id="end">
							<int id="x">2382</int>
							<int id="y">-345</int>
						</object>
						<int id="platform_pc_perm">-1</int>
					</object>
					<object id="plat_1313178318454">
						<int id="platform_item_perm">-1</int>
						<object id="start">
							<int id="x">1861</int>
							<int id="y">-131</int>
						</object>
						<object id="end">
							<int id="x">1947</int>
							<int id="y">-190</int>
						</object>
						<int id="platform_pc_perm">-1</int>
					</object>
					<object id="plat_1313178318456">
						<int id="platform_item_perm">-1</int>
						<object id="start">
							<int id="x">2038</int>
							<int id="y">-233</int>
						</object>
						<object id="end">
							<int id="x">2098</int>
							<int id="y">-286</int>
						</object>
						<int id="platform_pc_perm">-1</int>
					</object>
					<object id="plat_1313007984297">
						<int id="platform_item_perm">-1</int>
						<object id="start">
							<int id="x">-961</int>
							<int id="y">-110</int>
						</object>
						<object id="end">
							<int id="x">-108</int>
							<int id="y">-131</int>
						</object>
						<int id="platform_pc_perm">-1</int>
					</object>
					<object id="plat_1313003236536">
						<int id="platform_item_perm">-1</int>
						<object id="start">
							<int id="x">1213</int>
							<int id="y">-91</int>
						</object>
						<object id="end">
							<int id="x">1776</int>
							<int id="y">-91</int>
						</object>
						<int id="platform_pc_perm">-1</int>
					</object>
					<object id="plat_1313178318459">
						<int id="platform_item_perm">-1</int>
						<object id="start">
							<int id="x">2382</int>
							<int id="y">-345</int>
						</object>
						<object id="end">
							<int id="x">2579</int>
							<int id="y">-357</int>
						</object>
						<int id="platform_pc_perm">-1</int>
					</object>
					<object id="plat_1313178318455">
						<int id="platform_item_perm">-1</int>
						<object id="start">
							<int id="x">1947</int>
							<int id="y">-190</int>
						</object>
						<object id="end">
							<int id="x">2038</int>
							<int id="y">-233</int>
						</object>
						<int id="platform_pc_perm">-1</int>
					</object>
					<object id="plat_1313178318461">
						<int id="platform_item_perm">-1</int>
						<object id="start">
							<int id="x">2579</int>
							<int id="y">-357</int>
						</object>
						<object id="end">
							<int id="x">2727</int>
							<int id="y">-330</int>
						</object>
						<int id="platform_pc_perm">-1</int>
					</object>
					<object id="plat_1313178318462">
						<int id="platform_item_perm">-1</int>
						<object id="start">
							<int id="x">2727</int>
							<int id="y">-330</int>
						</object>
						<object id="end">
							<int id="x">2999</int>
							<int id="y">-332</int>
						</object>
						<int id="platform_pc_perm">-1</int>
					</object>
					<object id="plat_1313007984301">
						<int id="platform_item_perm">-1</int>
						<object id="start">
							<int id="x">-2999</int>
							<int id="y">-119</int>
						</object>
						<object id="end">
							<int id="x">-2544</int>
							<int id="y">-104</int>
						</object>
						<int id="platform_pc_perm">-1</int>
					</object>
					<object id="plat_1313003236538">
						<int id="platform_item_perm">-1</int>
						<object id="start">
							<int id="x">615</int>
							<int id="y">-32</int>
						</object>
						<object id="end">
							<int id="x">759</int>
							<int id="y">-60</int>
						</object>
						<int id="platform_pc_perm">-1</int>
					</object>
					<object id="plat_1313007984300">
						<int id="platform_item_perm">-1</int>
						<object id="start">
							<int id="x">-2544</int>
							<int id="y">-104</int>
						</object>
						<object id="end">
							<int id="x">-2023</int>
							<int id="y">-122</int>
						</object>
						<int id="platform_pc_perm">-1</int>
					</object>
					<object id="plat_1313003236539">
						<int id="platform_item_perm">-1</int>
						<object id="start">
							<int id="x">557</int>
							<int id="y">-58</int>
						</object>
						<object id="end">
							<int id="x">615</int>
							<int id="y">-32</int>
						</object>
						<int id="platform_pc_perm">-1</int>
					</object>
					<object id="plat_1313003236540">
						<int id="platform_item_perm">-1</int>
						<object id="start">
							<int id="x">331</int>
							<int id="y">-110</int>
						</object>
						<object id="end">
							<int id="x">557</int>
							<int id="y">-58</int>
						</object>
						<int id="platform_pc_perm">-1</int>
					</object>
					<object id="plat_1313178318453">
						<int id="platform_item_perm">-1</int>
						<object id="start">
							<int id="x">1776</int>
							<int id="y">-91</int>
						</object>
						<object id="end">
							<int id="x">1861</int>
							<int id="y">-131</int>
						</object>
						<int id="platform_pc_perm">-1</int>
					</object>
					<object id="plat_1313007984299">
						<int id="platform_item_perm">-1</int>
						<object id="start">
							<int id="x">-2023</int>
							<int id="y">-122</int>
						</object>
						<object id="end">
							<int id="x">-1464</int>
							<int id="y">-139</int>
						</object>
						<int id="platform_pc_perm">-1</int>
					</object>
					<object id="plat_1313003236537">
						<int id="platform_item_perm">-1</int>
						<object id="start">
							<int id="x">759</int>
							<int id="y">-60</int>
						</object>
						<object id="end">
							<int id="x">1213</int>
							<int id="y">-91</int>
						</object>
						<int id="platform_pc_perm">-1</int>
					</object>
					<object id="plat_1313007984298">
						<int id="platform_item_perm">-1</int>
						<object id="start">
							<int id="x">-1464</int>
							<int id="y">-139</int>
						</object>
						<object id="end">
							<int id="x">-961</int>
							<int id="y">-110</int>
						</object>
						<int id="platform_pc_perm">-1</int>
					</object>
					<object id="plat_1313178318457">
						<int id="platform_item_perm">-1</int>
						<object id="start">
							<int id="x">2098</int>
							<int id="y">-286</int>
						</object>
						<object id="end">
							<int id="x">2161</int>
							<int id="y">-313</int>
						</object>
						<int id="platform_pc_perm">-1</int>
					</object>
					<object id="plat_1313003236541">
						<int id="platform_item_perm">-1</int>
						<object id="start">
							<int id="x">-108</int>
							<int id="y">-131</int>
						</object>
						<object id="end">
							<int id="x">331</int>
							<int id="y">-110</int>
						</object>
						<int id="platform_pc_perm">-1</int>
					</object>
				</object>
				<object id="signposts">
					<object id="signpost_1">
						<object id="connects">
							<object id="0">
								<int id="x">-1645</int>
								<str id="hub_id">98</str>
								<int id="y">-135</int>
								<str id="swf_file_versioned">http://c2.glitch.bz/locations/groddle1/1313117930.swf</str>
								<bool id="hidden">false</bool>
								<str id="mote_id">9</str>
								<objref id="target" tsid="LA912PJ5D492UIL" label="Alikos Alder"/>
							</object>
							<object id="1">
								<int id="x">2693</int>
								<str id="hub_id">98</str>
								<int id="y">-115</int>
								<str id="swf_file_versioned">http://c2.glitch.bz/locations/groddle1/1313117930.swf</str>
								<bool id="hidden">false</bool>
								<str id="mote_id">9</str>
								<objref id="target" tsid="LA9NRNJSB792OG4" label="Akaki Cape"/>
							</object>
						</object>
						<int id="x">2809</int>
						<int id="h">200</int>
						<int id="y">-345</int>
						<int id="w">100</int>
					</object>
					<object id="signpost_2">
						<str id="id">signpost_2</str>
						<int id="x">-2780</int>
						<int id="h">200</int>
						<object id="connects">
							<object id="0">
								<int id="x">2663</int>
								<str id="hub_id">90</str>
								<int id="y">-400</int>
								<str id="swf_file_versioned">http://c2.glitch.bz/locations/groddle1/1313117930.swf</str>
								<str id="mote_id">9</str>
								<objref id="target" tsid="LIFMNSVS7952M4T" label="Tumble Rd 5"/>
							</object>
						</object>
						<int id="y">-124</int>
						<int id="w">100</int>
					</object>
				</object>
				<str id="name">middleground</str>
				<object id="targets">
				</object>
				<object id="decos">
					<object id="cliff_cover_5_1312996267202">
						<int id="z">19</int>
						<int id="r">-8</int>
						<int id="x">2443</int>
						<int id="y">-1</int>
						<str id="name">cliff_cover_5_1312996267187</str>
						<str id="sprite_class">cliff_cover_5</str>
						<int id="h">310</int>
						<int id="w">843</int>
					</object>
					<object id="heights_topper_1_1312996267228">
						<int id="z">26</int>
						<int id="x">2841</int>
						<int id="y">-259</int>
						<str id="name">heights_topper_1_1312996267227</str>
						<str id="sprite_class">heights_topper_1</str>
						<int id="h">69</int>
						<int id="w">269</int>
					</object>
					<object id="alakol_water_rock_1_1313007984332">
						<int id="z">47</int>
						<int id="x">1382</int>
						<int id="y">-117</int>
						<str id="name">alakol_water_rock_1_1312996267182</str>
						<str id="sprite_class">alakol_water_rock_1</str>
						<int id="h">86</int>
						<int id="w">225</int>
					</object>
					<object id="alakol_beach_1_1312933899730">
						<int id="z">9</int>
						<int id="x">1229</int>
						<int id="y">67</int>
						<str id="name">alakol_beach_1_1312933899730</str>
						<str id="sprite_class">alakol_beach_1</str>
						<int id="h">168</int>
						<int id="w">1382</int>
					</object>
					<object id="alakol_grass_top_1312996267235">
						<int id="z">0</int>
						<int id="r">-9</int>
						<int id="x">2385</int>
						<int id="y">-309</int>
						<str id="name">alakol_grass_top_1312933899763</str>
						<str id="sprite_class">alakol_grass_top</str>
						<int id="h">70</int>
						<int id="w">586</int>
					</object>
					<object id="pampas_1_1312996267391">
						<int id="z">46</int>
						<int id="x">-2442</int>
						<int id="y">-154</int>
						<str id="name">pampas_1_1312996267391</str>
						<str id="sprite_class">pampas_1</str>
						<int id="h">80</int>
						<int id="w">55</int>
					</object>
					<object id="heights_topper_2_1313178318467">
						<int id="z">49</int>
						<int id="x">1890</int>
						<int id="y">-102</int>
						<str id="name">heights_topper_2_1313178318467</str>
						<str id="sprite_class">heights_topper_2</str>
						<int id="h">48</int>
						<int id="w">116</int>
					</object>
					<object id="patch_mossy_3_1312996267237">
						<int id="z">34</int>
						<int id="r">1</int>
						<int id="x">2860</int>
						<int id="y">-292</int>
						<str id="name">patch_mossy_3_1312933899764</str>
						<str id="sprite_class">patch_mossy_3</str>
						<int id="h">37</int>
						<int id="w">195</int>
					</object>
					<object id="patch_mossy_1_1312996267239">
						<int id="z">36</int>
						<int id="r">6</int>
						<int id="x">2831</int>
						<int id="y">-280</int>
						<str id="name">patch_mossy_1_1312933899765</str>
						<str id="sprite_class">patch_mossy_1</str>
						<int id="h">34</int>
						<int id="w">144</int>
					</object>
					<object id="alakol_grass_top_1312933899763">
						<int id="z">28</int>
						<int id="r">3</int>
						<int id="x">2853</int>
						<int id="y">-301</int>
						<str id="name">alakol_grass_top_1312933899763</str>
						<str id="sprite_class">alakol_grass_top</str>
						<int id="h">101</int>
						<int id="w">733</int>
					</object>
					<object id="alakol_water_rock_1_1313007984333">
						<int id="z">48</int>
						<int id="x">1436</int>
						<int id="y">-116</int>
						<str id="name">alakol_water_rock_1_1312996267182</str>
						<str id="sprite_class">alakol_water_rock_1</str>
						<int id="h">46</int>
						<int id="w">100</int>
					</object>
					<object id="heights_topper_2_1313178318473">
						<bool id="h_flip">true</bool>
						<int id="x">1967</int>
						<int id="z">51</int>
						<int id="y">-149</int>
						<str id="name">heights_topper_2_1313178318467</str>
						<str id="sprite_class">heights_topper_2</str>
						<int id="h">48</int>
						<int id="w">116</int>
					</object>
					<object id="heights_topper_1_1312996267227">
						<int id="z">27</int>
						<int id="x">2929</int>
						<int id="y">-251</int>
						<str id="name">heights_topper_1_1312996267227</str>
						<str id="sprite_class">heights_topper_1</str>
						<int id="h">69</int>
						<int id="w">269</int>
					</object>
					<object id="heights_topper_1_1313178318470">
						<bool id="h_flip">true</bool>
						<int id="r">-18</int>
						<int id="x">2029</int>
						<int id="z">52</int>
						<int id="y">-163</int>
						<str id="name">heights_topper_1_1312996267227</str>
						<str id="sprite_class">heights_topper_1</str>
						<int id="h">69</int>
						<int id="w">269</int>
					</object>
					<object id="alakol_beach_2_1312933899729">
						<int id="z">7</int>
						<int id="x">1307</int>
						<int id="y">-39</int>
						<str id="name">alakol_beach_2_1312933899729</str>
						<str id="sprite_class">alakol_beach_2</str>
						<int id="h">125</int>
						<int id="w">1221</int>
					</object>
					<object id="heights_moss_1_1312996267194">
						<int id="z">17</int>
						<int id="x">1776</int>
						<int id="y">110</int>
						<str id="name">heights_moss_1_1312996267190</str>
						<str id="sprite_class">heights_moss_1</str>
						<int id="h">160</int>
						<int id="w">295</int>
					</object>
					<object id="alakol_grass_top_2_1312996267234">
						<bool id="h_flip">true</bool>
						<int id="r">-7</int>
						<int id="x">2408</int>
						<int id="z">29</int>
						<int id="y">-313</int>
						<str id="name">alakol_grass_top_2_1312996267234</str>
						<str id="sprite_class">alakol_grass_top_2</str>
						<int id="h">46</int>
						<int id="w">646</int>
					</object>
					<object id="alakol_beach_1_1312933899731">
						<int id="z">8</int>
						<int id="x">2297</int>
						<int id="y">26</int>
						<str id="name">alakol_beach_1_1312933899730</str>
						<str id="sprite_class">alakol_beach_1</str>
						<int id="h">171</int>
						<int id="w">1916</int>
					</object>
					<object id="lens_grass_2_1312933899710">
						<int id="z">4</int>
						<int id="x">-2680</int>
						<int id="y">75</int>
						<str id="name">lens_grass_2_1312933899710</str>
						<str id="sprite_class">lens_grass_2</str>
						<int id="h">274</int>
						<int id="w">2753</int>
					</object>
					<object id="heights_bush_1_1312996267395">
						<int id="z">45</int>
						<int id="r">7</int>
						<int id="x">-2517</int>
						<int id="y">-153</int>
						<str id="name">heights_bush_1_1312996267393</str>
						<str id="sprite_class">heights_bush_1</str>
						<int id="h">94</int>
						<int id="w">160</int>
					</object>
					<object id="lens_grass_1_1312933899713">
						<int id="z">3</int>
						<int id="x">-337</int>
						<int id="y">100</int>
						<str id="name">lens_grass_1_1312933899711</str>
						<str id="sprite_class">lens_grass_1</str>
						<int id="h">257</int>
						<int id="w">1974</int>
					</object>
					<object id="heights_topper_2_1313178318471">
						<int id="z">53</int>
						<int id="r">-3</int>
						<int id="x">1988</int>
						<int id="y">-185</int>
						<str id="name">heights_topper_2_1313178318467</str>
						<str id="sprite_class">heights_topper_2</str>
						<int id="h">48</int>
						<int id="w">116</int>
					</object>
					<object id="lens_topper_1_1312933899712">
						<int id="z">5</int>
						<int id="x">-1784</int>
						<int id="y">-87</int>
						<str id="name">lens_topper_1_1312933899712</str>
						<str id="sprite_class">lens_topper_1</str>
						<int id="h">93</int>
						<int id="w">601</int>
					</object>
					<object id="cliff_cover_5_1312996267187">
						<int id="z">18</int>
						<int id="r">-12</int>
						<int id="x">2141</int>
						<int id="y">-56</int>
						<str id="name">cliff_cover_5_1312996267187</str>
						<str id="sprite_class">cliff_cover_5</str>
						<int id="h">246</int>
						<int id="w">715</int>
					</object>
					<object id="tree_coniferous_fg_1_1312996267243">
						<int id="z">41</int>
						<int id="x">2780</int>
						<int id="y">-341</int>
						<str id="name">tree_coniferous_fg_1_1312996267243</str>
						<str id="sprite_class">tree_coniferous_fg_1</str>
						<int id="h">1406</int>
						<int id="w">633</int>
					</object>
					<object id="lens_grass_1_1312933899711">
						<int id="z">2</int>
						<int id="x">-1418</int>
						<int id="y">35</int>
						<str id="name">lens_grass_1_1312933899711</str>
						<str id="sprite_class">lens_grass_1</str>
						<int id="h">240</int>
						<int id="w">1976</int>
					</object>
					<object id="heights_topper_1_1312996267230">
						<bool id="h_flip">true</bool>
						<int id="r">-2</int>
						<int id="x">2495</int>
						<int id="z">22</int>
						<int id="y">-272</int>
						<str id="name">heights_topper_1_1312996267227</str>
						<str id="sprite_class">heights_topper_1</str>
						<int id="h">69</int>
						<int id="w">269</int>
					</object>
					<object id="heights_moss_2_1313007984336">
						<int id="z">12</int>
						<int id="r">4</int>
						<int id="x">1418</int>
						<int id="y">-121</int>
						<str id="name">heights_moss_2_1312933899771</str>
						<str id="sprite_class">heights_moss_2</str>
						<int id="h">51</int>
						<int id="w">349</int>
					</object>
					<object id="patch_mossy_1_1312933899765">
						<int id="z">32</int>
						<int id="x">2638</int>
						<int id="y">-300</int>
						<str id="name">patch_mossy_1_1312933899765</str>
						<str id="sprite_class">patch_mossy_1</str>
						<int id="h">34</int>
						<int id="w">144</int>
					</object>
					<object id="heights_topper_1_1313178318466">
						<bool id="h_flip">true</bool>
						<int id="r">-14</int>
						<int id="x">2108</int>
						<int id="z">24</int>
						<int id="y">-217</int>
						<str id="name">heights_topper_1_1312996267227</str>
						<str id="sprite_class">heights_topper_1</str>
						<int id="h">69</int>
						<int id="w">269</int>
					</object>
					<object id="heights_moss_3_1313007984334">
						<int id="z">15</int>
						<int id="x">1224</int>
						<int id="y">120</int>
						<str id="name">heights_moss_3_1312996267189</str>
						<str id="sprite_class">heights_moss_3</str>
						<int id="h">198</int>
						<int id="w">505</int>
					</object>
					<object id="heights_moss_2_1312996267199">
						<int id="z">10</int>
						<int id="r">-1</int>
						<int id="x">1737</int>
						<int id="y">-134</int>
						<str id="name">heights_moss_2_1312933899771</str>
						<str id="sprite_class">heights_moss_2</str>
						<int id="h">48</int>
						<int id="w">352</int>
					</object>
					<object id="heights_moss_2_1313007984335">
						<int id="z">16</int>
						<int id="r">5</int>
						<int id="x">1558</int>
						<int id="y">20</int>
						<str id="name">heights_moss_2_1312933899771</str>
						<str id="sprite_class">heights_moss_2</str>
						<int id="h">39</int>
						<int id="w">350</int>
					</object>
					<object id="heights_topper_1_1312996267231">
						<bool id="h_flip">true</bool>
						<int id="r">-7</int>
						<int id="x">2325</int>
						<int id="z">23</int>
						<int id="y">-272</int>
						<str id="name">heights_topper_1_1312996267227</str>
						<str id="sprite_class">heights_topper_1</str>
						<int id="h">69</int>
						<int id="w">269</int>
					</object>
					<object id="tree_acacia_3_1312996267373">
						<int id="z">44</int>
						<int id="x">-2458</int>
						<int id="y">-152</int>
						<str id="name">tree_acacia_3_1312996267373</str>
						<str id="sprite_class">tree_acacia_3</str>
						<int id="h">667</int>
						<int id="w">1610</int>
					</object>
					<object id="heights_bush_2_1312996267396">
						<int id="z">43</int>
						<int id="x">-2414</int>
						<int id="y">-165</int>
						<str id="name">heights_bush_2_1312996267394</str>
						<str id="sprite_class">heights_bush_2</str>
						<int id="h">68</int>
						<int id="w">142</int>
					</object>
					<object id="heights_topper_1_1312996267232">
						<bool id="h_flip">true</bool>
						<int id="r">-13</int>
						<int id="x">2195</int>
						<int id="z">25</int>
						<int id="y">-252</int>
						<str id="name">heights_topper_1_1312996267227</str>
						<str id="sprite_class">heights_topper_1</str>
						<int id="h">69</int>
						<int id="w">269</int>
					</object>
					<object id="patch_mossy_3_1312996267236">
						<int id="z">33</int>
						<int id="r">1</int>
						<int id="x">2734</int>
						<int id="y">-292</int>
						<str id="name">patch_mossy_3_1312933899764</str>
						<str id="sprite_class">patch_mossy_3</str>
						<int id="h">37</int>
						<int id="w">195</int>
					</object>
					<object id="heights_moss_2_1312996267226">
						<int id="z">11</int>
						<int id="r">5</int>
						<int id="x">1615</int>
						<int id="y">-120</int>
						<str id="name">heights_moss_2_1312933899771</str>
						<str id="sprite_class">heights_moss_2</str>
						<int id="h">50</int>
						<int id="w">278</int>
					</object>
					<object id="patch_mossy_3_1312933899764">
						<int id="z">31</int>
						<int id="r">1</int>
						<int id="x">2543</int>
						<int id="y">-302</int>
						<str id="name">patch_mossy_3_1312933899764</str>
						<str id="sprite_class">patch_mossy_3</str>
						<int id="h">37</int>
						<int id="w">195</int>
					</object>
					<object id="heights_topper_2_1313178318472">
						<int id="z">54</int>
						<int id="x">2054</int>
						<int id="y">-218</int>
						<str id="name">heights_topper_2_1313178318467</str>
						<str id="sprite_class">heights_topper_2</str>
						<int id="h">48</int>
						<int id="w">116</int>
					</object>
					<object id="alakol_beach_2_1312933899732">
						<int id="z">6</int>
						<int id="r">1</int>
						<int id="x">2415</int>
						<int id="y">-46</int>
						<str id="name">alakol_beach_2_1312933899729</str>
						<str id="sprite_class">alakol_beach_2</str>
						<int id="h">128</int>
						<int id="w">2042</int>
					</object>
					<object id="heights_topper_2_1313178318468">
						<bool id="h_flip">true</bool>
						<int id="x">1921</int>
						<int id="z">50</int>
						<int id="y">-125</int>
						<str id="name">heights_topper_2_1313178318467</str>
						<str id="sprite_class">heights_topper_2</str>
						<int id="h">48</int>
						<int id="w">116</int>
					</object>
					<object id="patch_mossy_3_1312996267238">
						<int id="z">35</int>
						<int id="r">1</int>
						<int id="x">2941</int>
						<int id="y">-289</int>
						<str id="name">patch_mossy_3_1312933899764</str>
						<str id="sprite_class">patch_mossy_3</str>
						<int id="h">37</int>
						<int id="w">195</int>
					</object>
					<object id="patch_mossy_3_1312996267240">
						<int id="z">30</int>
						<int id="r">-6</int>
						<int id="x">2239</int>
						<int id="y">-283</int>
						<str id="name">patch_mossy_3_1312933899764</str>
						<str id="sprite_class">patch_mossy_3</str>
						<int id="h">37</int>
						<int id="w">195</int>
					</object>
					<object id="lens_grass_1_1312933899728">
						<int id="z">1</int>
						<int id="x">-266</int>
						<int id="y">18</int>
						<str id="name">lens_grass_1_1312933899711</str>
						<str id="sprite_class">lens_grass_1</str>
						<int id="h">231</int>
						<int id="w">2323</int>
					</object>
					<object id="cliff_cover_5_1312996267203">
						<int id="z">20</int>
						<int id="r">-8</int>
						<int id="x">2857</int>
						<int id="y">16</int>
						<str id="name">cliff_cover_5_1312996267187</str>
						<str id="sprite_class">cliff_cover_5</str>
						<int id="h">310</int>
						<int id="w">843</int>
					</object>
					<object id="heights_topper_1_1312996267229">
						<bool id="h_flip">true</bool>
						<int id="r">-2</int>
						<int id="x">2665</int>
						<int id="z">21</int>
						<int id="y">-262</int>
						<str id="name">heights_topper_1_1312996267227</str>
						<str id="sprite_class">heights_topper_1</str>
						<int id="h">69</int>
						<int id="w">269</int>
					</object>
					<object id="heights_moss_3_1312996267189">
						<int id="z">14</int>
						<int id="x">2052</int>
						<int id="y">82</int>
						<str id="name">heights_moss_3_1312996267189</str>
						<str id="sprite_class">heights_moss_3</str>
						<int id="h">198</int>
						<int id="w">505</int>
					</object>
					<object id="heights_moss_2_1312996267197">
						<int id="z">13</int>
						<int id="r">-5</int>
						<int id="x">1832</int>
						<int id="y">-102</int>
						<str id="name">heights_moss_2_1312933899771</str>
						<str id="sprite_class">heights_moss_2</str>
						<int id="h">57</int>
						<int id="w">278</int>
					</object>
					<object id="groddle_grass_1_1312996267352">
						<int id="z">40</int>
						<int id="x">2719</int>
						<int id="y">-392</int>
						<str id="name">groddle_grass_1_1312996267352</str>
						<str id="sprite_class">groddle_grass_1</str>
						<int id="h">51</int>
						<int id="w">106</int>
					</object>
					<object id="groddle_bush1_1312996267345">
						<bool id="h_flip">true</bool>
						<int id="r">3</int>
						<int id="x">2881</int>
						<int id="z">37</int>
						<int id="y">-381</int>
						<str id="name">groddle_bush1_1312996267345</str>
						<str id="sprite_class">groddle_bush1</str>
						<int id="h">94</int>
						<int id="w">160</int>
					</object>
					<object id="groddle_cover_clover2_1312996267342">
						<int id="z">42</int>
						<int id="x">2775</int>
						<int id="y">-362</int>
						<str id="name">groddle_cover_clover2_1312996267342</str>
						<str id="sprite_class">groddle_cover_clover2</str>
						<int id="h">47</int>
						<int id="w">126</int>
					</object>
					<object id="groddle_grass_1_1312996267353">
						<int id="z">40</int>
						<int id="x">2719</int>
						<int id="y">-392</int>
						<str id="name">groddle_grass_1_1312996267352</str>
						<str id="sprite_class">groddle_grass_1</str>
						<int id="h">51</int>
						<int id="w">106</int>
					</object>
					<object id="groddle_cover_clover2_1312996267348">
						<int id="z">39</int>
						<int id="x">2685</int>
						<int id="y">-377</int>
						<str id="name">groddle_cover_clover2_1312996267342</str>
						<str id="sprite_class">groddle_cover_clover2</str>
						<int id="h">47</int>
						<int id="w">126</int>
					</object>
					<object id="groddle_cover_clover2_1312996267349">
						<int id="z">42</int>
						<int id="x">2775</int>
						<int id="y">-362</int>
						<str id="name">groddle_cover_clover2_1312996267342</str>
						<str id="sprite_class">groddle_cover_clover2</str>
						<int id="h">47</int>
						<int id="w">126</int>
					</object>
					<object id="groddle_bush1_1312996267346">
						<int id="z">38</int>
						<int id="r">3</int>
						<int id="x">2955</int>
						<int id="y">-362</int>
						<str id="name">groddle_bush1_1312996267345</str>
						<str id="sprite_class">groddle_bush1</str>
						<int id="h">94</int>
						<int id="w">160</int>
					</object>
				</object>
				<int id="w">6000</int>
				<object id="boxes">
				</object>
				<int id="z">0</int>
				<object id="ladders">
				</object>
				<int id="h">1000</int>
				<object id="walls">
				</object>
				<object id="doors">
				</object>
			</object>
		</object>
		<str id="music_file"></str>
		<str id="swf_file_versioned">http://c2.glitch.bz/locations/groddle1/1313117930.swf</str>
		<int id="rookable_type">0</int>
		<null id="img_file_versioned"/>
		<null id="physics"/>
		<str id="tsid">LA9118S28492QCL</str>
		<null id="loading_label"/>
		<int id="ground_y">-165</int>
		<object id="gradient">
			<str id="bottom">FFEAA6</str>
			<str id="top">7395BF</str>
		</object>
		<object id="sources">
			<int id="LA912PJ5D492UIL">1</int>
			<int id="LA9NRNJSB792OG4">1</int>
			<int id="LIFMNSVS7952M4T">1</int>
		</object>
	</object>
</game_object>
