<game_object tsid="GA91161VALA21D4" ts="1337785525926" label="underground_01" class_tsid="" lastUpdateTime="1337785386380" upd_gs="gs11" load_time="2012-05-23 08:03:06.353" upd_time="2012-05-23 08:05:15.825">
	<object id="dynamic">
		<int id="l">-2000</int>
		<int id="r">2000</int>
		<int id="t">-750</int>
		<int id="b">0</int>
		<str id="label">underground_01</str>
		<str id="swf_file">firebog.swf</str>
		<object id="layers">
			<object id="middleplus">
				<str id="name">middleplus</str>
				<int id="w">4000</int>
				<int id="h">750</int>
				<int id="z">1</int>
				<object id="decos">
					<object id="grass_transparent_scene_1_1289247776375">
						<str id="name">grass_transparent_scene_1_1289247776375</str>
						<str id="sprite_class">grass_transparent_scene_1</str>
						<int id="w">285</int>
						<int id="x">1483</int>
						<int id="y">828</int>
						<int id="h">242</int>
						<int id="z">1</int>
					</object>
					<object id="grass_transparent_4_1278531388789">
						<str id="name">grass_transparent_4_1278531388789</str>
						<str id="sprite_class">grass_transparent_4</str>
						<int id="w">278</int>
						<int id="x">2607</int>
						<int id="y">821</int>
						<int id="h">233</int>
						<int id="z">0</int>
					</object>
					<object id="grass_solid_5_1_1314758852216">
						<str id="name">grass_solid_5_1_1297366653063</str>
						<str id="sprite_class">grass_solid_5_1</str>
						<int id="w">125</int>
						<int id="x">642</int>
						<int id="y">769</int>
						<int id="h">106</int>
						<int id="z">5</int>
					</object>
				</object>
			</object>
			<object id="bg_2">
				<str id="name">bg_2</str>
				<int id="w">3700</int>
				<int id="h">750</int>
				<int id="z">-2</int>
				<object id="decos">
					<object id="hanging_braches2_1278529822489">
						<str id="name">hanging_braches2_1278529822489</str>
						<str id="sprite_class">hanging_braches2</str>
						<int id="w">340</int>
						<int id="x">1935</int>
						<int id="y">121</int>
						<int id="h">345</int>
						<int id="z">4</int>
					</object>
					<object id="sprout_1278532602076">
						<str id="name">sprout_1278532602076</str>
						<str id="sprite_class">sprout</str>
						<int id="w">164</int>
						<int id="r">4</int>
						<int id="x">2695</int>
						<int id="y">576</int>
						<int id="h">175</int>
						<int id="z">11</int>
					</object>
					<object id="hang_branch1_1278530082058">
						<str id="name">hang_branch1_1278530082058</str>
						<str id="sprite_class">hang_branch1</str>
						<int id="w">144</int>
						<int id="x">876</int>
						<int id="y">135</int>
						<int id="h">477</int>
						<int id="z">7</int>
						<bool id="h_flip">true</bool>
					</object>
					<object id="hanging_braches2_1278529801737">
						<str id="name">hanging_braches2_1278529801737</str>
						<str id="sprite_class">hanging_braches2</str>
						<int id="w">407</int>
						<int id="x">1254</int>
						<int id="y">174</int>
						<int id="h">413</int>
						<int id="z">2</int>
					</object>
					<object id="legs_front_4_small_middleplus_1297378305233">
						<str id="name">legs_front_4_small_middleplus_1297378305232</str>
						<str id="sprite_class">legs_front_4_small_middleplus</str>
						<int id="w">417</int>
						<int id="x">3511</int>
						<int id="y">537</int>
						<int id="h">595</int>
						<int id="z">13</int>
					</object>
					<object id="hang_branch1_1278529831070">
						<str id="name">hang_branch1_1278529831070</str>
						<str id="sprite_class">hang_branch1</str>
						<int id="w">127</int>
						<int id="x">2225</int>
						<int id="y">208</int>
						<int id="h">424</int>
						<int id="z">5</int>
						<bool id="h_flip">true</bool>
					</object>
					<object id="hang_branch1_1278530127669">
						<str id="name">hang_branch1_1278530127669</str>
						<str id="sprite_class">hang_branch1</str>
						<int id="w">127</int>
						<int id="x">3408</int>
						<int id="y">74</int>
						<int id="h">424</int>
						<int id="z">8</int>
						<bool id="h_flip">true</bool>
					</object>
					<object id="treetop_noflowers_1_1314758852250">
						<str id="name">treetop_noflowers_1_1314758852250</str>
						<str id="sprite_class">treetop_noflowers_1</str>
						<int id="w">501</int>
						<int id="r">10</int>
						<int id="x">333</int>
						<int id="y">562</int>
						<int id="h">252</int>
						<int id="z">14</int>
					</object>
					<object id="hanging_braches1_1278529845355">
						<str id="name">hanging_braches1_1278529845355</str>
						<str id="sprite_class">hanging_braches1</str>
						<int id="w">663</int>
						<int id="x">2645</int>
						<int id="y">306</int>
						<int id="h">563</int>
						<int id="z">6</int>
					</object>
					<object id="hanging_braches2_1278530163323">
						<str id="name">hanging_braches2_1278530163323</str>
						<str id="sprite_class">hanging_braches2</str>
						<int id="w">474</int>
						<int id="x">219</int>
						<int id="y">222</int>
						<int id="h">482</int>
						<int id="z">9</int>
						<bool id="h_flip">true</bool>
					</object>
					<object id="sprout_1278532595271">
						<str id="name">sprout_1278532595271</str>
						<str id="sprite_class">sprout</str>
						<int id="w">164</int>
						<int id="x">2131</int>
						<int id="y">552</int>
						<int id="h">175</int>
						<int id="z">10</int>
					</object>
					<object id="sprout_1297366653086">
						<str id="name">sprout_1297366653085</str>
						<str id="sprite_class">sprout</str>
						<int id="w">226</int>
						<int id="x">881</int>
						<int id="y">552</int>
						<int id="h">239</int>
						<int id="z">12</int>
					</object>
					<object id="hang_branch1_1278529811375">
						<str id="name">hang_branch1_1278529811375</str>
						<str id="sprite_class">hang_branch1</str>
						<int id="w">154</int>
						<int id="x">1631</int>
						<int id="y">197</int>
						<int id="h">511</int>
						<int id="z">3</int>
					</object>
					<object id="midground_1278463126450">
						<str id="name">midground_1278463126450</str>
						<str id="sprite_class">midground</str>
						<int id="w">4100</int>
						<int id="x">2034</int>
						<int id="y">610</int>
						<int id="h">100</int>
						<int id="z">0</int>
						<bool id="h_flip">true</bool>
					</object>
					<object id="firebog_puddle_1_1278463108961">
						<str id="name">firebog_puddle_1_1278463108961</str>
						<str id="sprite_class">firebog_puddle_1</str>
						<int id="w">1907</int>
						<int id="x">1200</int>
						<int id="y">590</int>
						<int id="h">58</int>
						<int id="z">1</int>
					</object>
				</object>
				<object id="filtersNEW">
					<object id="blur">
						<int id="value">3</int>
					</object>
					<object id="contrast">
					</object>
					<object id="tintAmount">
					</object>
					<object id="brightness">
						<int id="value">-19</int>
					</object>
					<object id="saturation">
						<int id="value">-24</int>
					</object>
				</object>
			</object>
			<object id="sky">
				<str id="name">sky</str>
				<int id="w">3600</int>
				<int id="h">750</int>
				<int id="z">-3</int>
				<object id="decos">
					<object id="hang_branch1_1278533155508">
						<str id="name">hang_branch1_1278533155508</str>
						<str id="sprite_class">hang_branch1</str>
						<int id="w">121</int>
						<int id="x">595</int>
						<int id="y">405</int>
						<int id="h">407</int>
						<int id="z">11</int>
						<bool id="h_flip">true</bool>
					</object>
					<object id="ground_cutaway_fossil3_1297378305245">
						<str id="name">ground_cutaway_fossil3_1297378305244</str>
						<str id="sprite_class">ground_cutaway_fossil3</str>
						<int id="w">244</int>
						<int id="r">30</int>
						<int id="x">655</int>
						<int id="y">475</int>
						<int id="h">163</int>
						<int id="z">0</int>
					</object>
					<object id="ground_cutaway_fossil2_1278533428063">
						<str id="name">ground_cutaway_fossil2_1278533428063</str>
						<str id="sprite_class">ground_cutaway_fossil2</str>
						<int id="w">205</int>
						<int id="r">55</int>
						<int id="x">822</int>
						<int id="y">626</int>
						<int id="h">143</int>
						<int id="z">14</int>
					</object>
					<object id="hang_branch3_1278530237291">
						<str id="name">hang_branch3_1278530237291</str>
						<str id="sprite_class">hang_branch3</str>
						<int id="w">75</int>
						<int id="x">2369</int>
						<int id="y">454</int>
						<int id="h">267</int>
						<int id="z">8</int>
						<bool id="h_flip">true</bool>
					</object>
					<object id="ground_cutaway_fossil3_1278529641252">
						<str id="name">ground_cutaway_fossil3_1278529641252</str>
						<str id="sprite_class">ground_cutaway_fossil3</str>
						<int id="w">115</int>
						<int id="x">2420</int>
						<int id="y">487</int>
						<int id="h">77</int>
						<int id="z">6</int>
					</object>
					<object id="hang_branch3_1278530220946">
						<str id="name">hang_branch3_1278530220946</str>
						<str id="sprite_class">hang_branch3</str>
						<int id="w">105</int>
						<int id="x">1753</int>
						<int id="y">394</int>
						<int id="h">373</int>
						<int id="z">7</int>
					</object>
					<object id="hanging_braches2_1278530265162">
						<str id="name">hanging_braches2_1278530265162</str>
						<str id="sprite_class">hanging_braches2</str>
						<int id="w">399</int>
						<int id="x">1899</int>
						<int id="y">355</int>
						<int id="h">405</int>
						<int id="z">10</int>
					</object>
					<object id="back_cave_texture_1278529590479">
						<str id="name">back_cave_texture_1278529590479</str>
						<str id="sprite_class">back_cave_texture</str>
						<int id="w">2600</int>
						<int id="x">3060</int>
						<int id="y">806</int>
						<int id="h">1176</int>
						<int id="z">3</int>
					</object>
					<object id="stripes_background_1278533522513">
						<str id="name">stripes_background_1278533522513</str>
						<str id="sprite_class">stripes_background</str>
						<int id="w">4000</int>
						<int id="x">1155</int>
						<int id="y">831</int>
						<int id="h">800</int>
						<int id="z">1</int>
					</object>
					<object id="ground_cutaway_fish2_1278533419412">
						<str id="name">ground_cutaway_fish2_1278533419412</str>
						<str id="sprite_class">ground_cutaway_fish2</str>
						<int id="w">288</int>
						<int id="x">1708</int>
						<int id="y">618</int>
						<int id="h">123</int>
						<int id="z">13</int>
					</object>
					<object id="back_cave_texture_1278529564318">
						<str id="name">back_cave_texture_1278529564318</str>
						<str id="sprite_class">back_cave_texture</str>
						<int id="w">2600</int>
						<int id="x">1109</int>
						<int id="y">773</int>
						<int id="h">1176</int>
						<int id="z">2</int>
					</object>
					<object id="ground_cutaway_fossil1_1278529627817">
						<str id="name">ground_cutaway_fossil1_1278529627817</str>
						<str id="sprite_class">ground_cutaway_fossil1</str>
						<int id="w">351</int>
						<int id="x">2813</int>
						<int id="y">120</int>
						<int id="h">233</int>
						<int id="z">5</int>
					</object>
					<object id="ground_cutaway_fossil1_1278529618385">
						<str id="name">ground_cutaway_fossil1_1278529618385</str>
						<str id="sprite_class">ground_cutaway_fossil1</str>
						<int id="w">351</int>
						<int id="r">-40</int>
						<int id="x">1627</int>
						<int id="y">451</int>
						<int id="h">233</int>
						<int id="z">4</int>
					</object>
					<object id="ground_cutaway_fossil2_1278533334413">
						<str id="name">ground_cutaway_fossil2_1278533334413</str>
						<str id="sprite_class">ground_cutaway_fossil2</str>
						<int id="w">335</int>
						<int id="x">338</int>
						<int id="y">762</int>
						<int id="h">233</int>
						<int id="z">12</int>
					</object>
					<object id="hang_branch1_1278530254907">
						<str id="name">hang_branch1_1278530254907</str>
						<str id="sprite_class">hang_branch1</str>
						<int id="w">121</int>
						<int id="x">172</int>
						<int id="y">384</int>
						<int id="h">407</int>
						<int id="z">9</int>
						<bool id="h_flip">true</bool>
					</object>
				</object>
				<object id="filtersNEW">
					<object id="blur">
						<int id="value">4</int>
					</object>
					<object id="contrast">
						<int id="value">10</int>
					</object>
					<object id="tintAmount">
						<int id="value">0</int>
					</object>
					<object id="brightness">
						<int id="value">-37</int>
					</object>
					<object id="saturation">
						<int id="value">-42</int>
					</object>
				</object>
			</object>
			<object id="foreground">
				<str id="name">foreground</str>
				<int id="w">4333</int>
				<int id="h">750</int>
				<int id="z">2</int>
				<object id="decos">
					<object id="rookhall_spotlight_1314758852217">
						<str id="name">rookhall_spotlight_1314758852217</str>
						<str id="sprite_class">rookhall_spotlight</str>
						<int id="w">300</int>
						<int id="r">5</int>
						<int id="x">412</int>
						<int id="y">756</int>
						<int id="h">910</int>
						<int id="z">10</int>
					</object>
					<object id="hanging_braches1_1297378305236">
						<str id="name">hanging_braches1_1297378305234</str>
						<str id="sprite_class">hanging_braches1</str>
						<int id="w">700</int>
						<int id="x">1289</int>
						<int id="y">355</int>
						<int id="h">592</int>
						<int id="z">7</int>
					</object>
					<object id="hang_branch1_1297378305237">
						<str id="name">hang_branch1_1278530631495</str>
						<str id="sprite_class">hang_branch1</str>
						<int id="w">286</int>
						<int id="x">830</int>
						<int id="y">355</int>
						<int id="h">948</int>
						<int id="z">2</int>
					</object>
					<object id="treetop_noflowers_2_1297378305238">
						<str id="name">treetop_noflowers_2_1297378305238</str>
						<str id="sprite_class">treetop_noflowers_2</str>
						<int id="w">847</int>
						<int id="r">-15</int>
						<int id="x">4434</int>
						<int id="y">909</int>
						<int id="h">412</int>
						<int id="z">8</int>
					</object>
					<object id="hanging_braches1_1314758852268">
						<str id="name">hanging_braches1_1297366653111</str>
						<str id="sprite_class">hanging_braches1</str>
						<int id="w">573</int>
						<int id="x">3826</int>
						<int id="y">308</int>
						<int id="h">485</int>
						<int id="z">12</int>
						<bool id="h_flip">true</bool>
					</object>
					<object id="hanging_braches1_1297366653113">
						<str id="name">hanging_braches1_1297366653111</str>
						<str id="sprite_class">hanging_braches1</str>
						<int id="w">573</int>
						<int id="x">4255</int>
						<int id="y">354</int>
						<int id="h">485</int>
						<int id="z">5</int>
						<bool id="h_flip">true</bool>
					</object>
					<object id="hanging_braches1_1297378305235">
						<str id="name">hanging_braches1_1297378305234</str>
						<str id="sprite_class">hanging_braches1</str>
						<int id="w">700</int>
						<int id="x">1864</int>
						<int id="y">505</int>
						<int id="h">592</int>
						<int id="z">6</int>
					</object>
					<object id="bottletree_body3_1278532578353">
						<str id="name">bottletree_body3_1278532578353</str>
						<str id="sprite_class">bottletree_body3</str>
						<int id="w">1102</int>
						<int id="r">-5</int>
						<int id="x">224</int>
						<int id="y">110</int>
						<int id="h">702</int>
						<int id="z">0</int>
					</object>
					<object id="hang_branch1_1278530631495">
						<str id="name">hang_branch1_1278530631495</str>
						<str id="sprite_class">hang_branch1</str>
						<int id="w">286</int>
						<int id="x">818</int>
						<int id="y">654</int>
						<int id="h">948</int>
						<int id="z">1</int>
					</object>
					<object id="hanging_braches2_1278531315722">
						<str id="name">hanging_braches2_1278531315722</str>
						<str id="sprite_class">hanging_braches2</str>
						<int id="w">670</int>
						<int id="x">2763</int>
						<int id="y">434</int>
						<int id="h">679</int>
						<int id="z">3</int>
					</object>
					<object id="stone_moss_2_1297378305239">
						<str id="name">stone_moss_2_1297378305239</str>
						<str id="sprite_class">stone_moss_2</str>
						<int id="w">450</int>
						<int id="x">2242</int>
						<int id="y">824</int>
						<int id="h">167</int>
						<int id="z">9</int>
					</object>
					<object id="legs_moss_3_1296256199760">
						<str id="name">legs_moss_3_1296256199760</str>
						<str id="sprite_class">legs_moss_3</str>
						<int id="w">444</int>
						<int id="x">-65</int>
						<int id="y">824</int>
						<int id="h">968</int>
						<int id="z">4</int>
					</object>
					<object id="rookhall_spotlight_1314758852222">
						<str id="name">rookhall_spotlight_1314758852217</str>
						<str id="sprite_class">rookhall_spotlight</str>
						<int id="w">269</int>
						<int id="r">15</int>
						<int id="x">2219</int>
						<int id="y">722</int>
						<int id="h">910</int>
						<int id="z">11</int>
					</object>
				</object>
				<object id="filtersNEW">
					<object id="blur">
						<int id="value">3</int>
					</object>
					<object id="contrast">
					</object>
					<object id="tintAmount">
					</object>
					<object id="brightness">
						<int id="value">-45</int>
					</object>
					<object id="saturation">
					</object>
				</object>
			</object>
			<object id="middleground">
				<object id="doors">
				</object>
				<int id="w">4000</int>
				<object id="boxes">
				</object>
				<object id="decos">
					<object id="ground_generic_1_spotless_1314758852258">
						<str id="name">ground_generic_1_spotless_1297378305222</str>
						<str id="sprite_class">ground_generic_1_spotless</str>
						<int id="w">396</int>
						<int id="r">-176</int>
						<int id="x">1883</int>
						<int id="y">-350</int>
						<int id="h">83</int>
						<int id="z">6</int>
					</object>
					<object id="ground_spots2_1278532362050">
						<str id="name">ground_spots2_1278532362050</str>
						<str id="sprite_class">ground_spots2</str>
						<int id="w">392</int>
						<int id="x">-116</int>
						<int id="y">-33</int>
						<int id="h">48</int>
						<int id="z">39</int>
					</object>
					<object id="ground_spots2_1278532252649">
						<str id="name">ground_spots2_1278532252649</str>
						<str id="sprite_class">ground_spots2</str>
						<int id="w">238</int>
						<int id="x">869</int>
						<int id="y">-105</int>
						<int id="h">33</int>
						<int id="z">38</int>
					</object>
					<object id="legs_moss_3_1297366653031">
						<str id="name">legs_moss_3_1296256199772</str>
						<str id="sprite_class">legs_moss_3</str>
						<int id="w">310</int>
						<int id="r">10</int>
						<int id="x">716</int>
						<int id="y">-284</int>
						<int id="h">540</int>
						<int id="z">49</int>
						<bool id="h_flip">true</bool>
					</object>
					<object id="legs_moss_1_1296256199762">
						<str id="name">legs_moss_1_1296256199762</str>
						<str id="sprite_class">legs_moss_1</str>
						<int id="w">432</int>
						<int id="x">-201</int>
						<int id="y">-102</int>
						<int id="h">584</int>
						<int id="z">46</int>
						<bool id="h_flip">true</bool>
					</object>
					<object id="ground_generic_3_1278462853779">
						<str id="name">ground_generic_3_1278462853779</str>
						<str id="sprite_class">ground_generic_3</str>
						<int id="w">716</int>
						<int id="x">-1654</int>
						<int id="y">22</int>
						<int id="h">91</int>
						<int id="z">17</int>
					</object>
					<object id="ground_generic_1_spotless_1314758852261">
						<str id="name">ground_generic_1_spotless_1297378305222</str>
						<str id="sprite_class">ground_generic_1_spotless</str>
						<int id="w">250</int>
						<int id="r">-1</int>
						<int id="x">1788</int>
						<int id="y">-309</int>
						<int id="h">74</int>
						<int id="z">5</int>
						<bool id="h_flip">true</bool>
					</object>
					<object id="legs_moss_1_1296256199761">
						<str id="name">legs_moss_1_1296256199761</str>
						<str id="sprite_class">legs_moss_1</str>
						<int id="w">415</int>
						<int id="x">-960</int>
						<int id="y">-115</int>
						<int id="h">561</int>
						<int id="z">42</int>
					</object>
					<object id="front_ground_2_1297366653060">
						<str id="name">front_ground_2_1297366653058</str>
						<str id="sprite_class">front_ground_2</str>
						<int id="w">309</int>
						<int id="r">8</int>
						<int id="x">-530</int>
						<int id="y">-86</int>
						<int id="h">135</int>
						<int id="z">54</int>
					</object>
					<object id="front_ground_set_2_1297366653101">
						<str id="name">front_ground_set_2_1297366653034</str>
						<str id="sprite_class">front_ground_set_2</str>
						<int id="w">310</int>
						<int id="x">1094</int>
						<int id="y">-85</int>
						<int id="h">135</int>
						<int id="z">52</int>
					</object>
					<object id="ground_generic_1_1296256199771">
						<str id="name">ground_generic_1_1296256199770</str>
						<str id="sprite_class">ground_generic_1</str>
						<int id="w">680</int>
						<int id="x">584</int>
						<int id="y">-241</int>
						<int id="h">111</int>
						<int id="z">10</int>
					</object>
					<object id="shadow_1314758852269">
						<str id="name">shadow_1314758852269</str>
						<str id="sprite_class">shadow</str>
						<int id="w">370</int>
						<int id="x">-273</int>
						<int id="y">-64</int>
						<int id="h">144</int>
						<int id="z">65</int>
					</object>
					<object id="front_ground_2_1278530303443">
						<str id="name">front_ground_2_1278530303443</str>
						<str id="sprite_class">front_ground_2</str>
						<int id="w">310</int>
						<int id="x">860</int>
						<int id="y">61</int>
						<int id="h">136</int>
						<int id="z">21</int>
					</object>
					<object id="ground_cutaway_hollow2_1314758852271">
						<str id="name">ground_cutaway_hollow2_1314758852271</str>
						<str id="sprite_class">ground_cutaway_hollow2</str>
						<int id="w">27</int>
						<int id="x">-293</int>
						<int id="y">-131</int>
						<int id="h">44</int>
						<int id="z">67</int>
					</object>
					<object id="front_ground_2_1278531359321">
						<str id="name">front_ground_2_1278531359321</str>
						<str id="sprite_class">front_ground_2</str>
						<int id="w">310</int>
						<int id="x">1412</int>
						<int id="y">91</int>
						<int id="h">136</int>
						<int id="z">33</int>
					</object>
					<object id="front_ground_1_1278530380344">
						<str id="name">front_ground_1_1278530380344</str>
						<str id="sprite_class">front_ground_1</str>
						<int id="w">309</int>
						<int id="x">-101</int>
						<int id="y">160</int>
						<int id="h">192</int>
						<int id="z">25</int>
					</object>
					<object id="front_ground_1_1278530388277">
						<str id="name">front_ground_1_1278530388277</str>
						<str id="sprite_class">front_ground_1</str>
						<int id="w">309</int>
						<int id="x">-1603</int>
						<int id="y">150</int>
						<int id="h">192</int>
						<int id="z">27</int>
					</object>
					<object id="front_ground_1_1278533624431">
						<str id="name">front_ground_1_1278533624431</str>
						<str id="sprite_class">front_ground_1</str>
						<int id="w">309</int>
						<int id="x">-275</int>
						<int id="y">151</int>
						<int id="h">192</int>
						<int id="z">43</int>
					</object>
					<object id="grass_transparent_1297378305231">
						<str id="name">grass_transparent_1297378305231</str>
						<str id="sprite_class">grass_transparent</str>
						<int id="w">47</int>
						<int id="x">1700</int>
						<int id="y">-103</int>
						<int id="h">39</int>
						<int id="z">61</int>
					</object>
					<object id="ground_generic_3_1278462997146">
						<str id="name">ground_generic_3_1278462997146</str>
						<str id="sprite_class">ground_generic_3</str>
						<int id="w">716</int>
						<int id="x">1762</int>
						<int id="y">32</int>
						<int id="h">91</int>
						<int id="z">20</int>
					</object>
					<object id="front_ground_set_1_1296256199765">
						<str id="name">front_ground_set_1_1296256199765</str>
						<str id="sprite_class">front_ground_set_1</str>
						<int id="w">349</int>
						<int id="x">346</int>
						<int id="y">-91</int>
						<int id="h">216</int>
						<int id="z">13</int>
					</object>
					<object id="background_sprout_1314758852267">
						<str id="name">background_sprout_1314758852267</str>
						<str id="sprite_class">background_sprout</str>
						<int id="w">391</int>
						<int id="x">-522</int>
						<int id="y">-144</int>
						<int id="h">412</int>
						<int id="z">3</int>
					</object>
					<object id="front_ground_1_1278530364377">
						<str id="name">front_ground_1_1278530364377</str>
						<str id="sprite_class">front_ground_1</str>
						<int id="w">309</int>
						<int id="x">355</int>
						<int id="y">130</int>
						<int id="h">192</int>
						<int id="z">23</int>
					</object>
					<object id="front_ground_set_1_1314758852227">
						<str id="name">front_ground_set_1_1296256199765</str>
						<str id="sprite_class">front_ground_set_1</str>
						<int id="w">349</int>
						<int id="x">-302</int>
						<int id="y">-80</int>
						<int id="h">216</int>
						<int id="z">48</int>
					</object>
					<object id="hanging_braches1_1297366653053">
						<str id="name">hanging_braches1_1297366653050</str>
						<str id="sprite_class">hanging_braches1</str>
						<int id="w">487</int>
						<int id="x">518</int>
						<int id="y">-464</int>
						<int id="h">412</int>
						<int id="z">50</int>
						<bool id="h_flip">true</bool>
					</object>
					<object id="foreground_1278462881563">
						<str id="name">foreground_1278462881563</str>
						<str id="sprite_class">foreground</str>
						<int id="w">4400</int>
						<int id="x">13</int>
						<int id="y">-15</int>
						<int id="h">150</int>
						<int id="z">11</int>
					</object>
					<object id="hanging_braches1_1297378305228">
						<str id="name">hanging_braches1_1297366653111</str>
						<str id="sprite_class">hanging_braches1</str>
						<int id="w">573</int>
						<int id="x">1191</int>
						<int id="y">-456</int>
						<int id="h">485</int>
						<int id="z">60</int>
						<bool id="h_flip">true</bool>
					</object>
					<object id="ground_rootpipe1_1314758852252">
						<str id="name">ground_rootpipe1_1314758852252</str>
						<str id="sprite_class">ground_rootpipe1</str>
						<int id="w">170</int>
						<int id="x">-1386</int>
						<int id="y">-60</int>
						<int id="h">124</int>
						<int id="z">64</int>
					</object>
					<object id="shadow_1297449524588">
						<str id="name">shadow_1297449524587</str>
						<str id="sprite_class">shadow</str>
						<int id="w">334</int>
						<int id="r">-85</int>
						<int id="x">716</int>
						<int id="y">-645</int>
						<int id="h">132</int>
						<int id="z">59</int>
					</object>
					<object id="ground_cutaway_hollow3_1314758852270">
						<str id="name">ground_cutaway_hollow3_1314758852270</str>
						<str id="sprite_class">ground_cutaway_hollow3</str>
						<int id="w">49</int>
						<int id="x">-212</int>
						<int id="y">-116</int>
						<int id="h">57</int>
						<int id="z">66</int>
					</object>
					<object id="front_ground_set_1_1297378305166">
						<str id="name">front_ground_set_1_1296256199765</str>
						<str id="sprite_class">front_ground_set_1</str>
						<int id="w">349</int>
						<int id="x">1390</int>
						<int id="y">-98</int>
						<int id="h">216</int>
						<int id="z">14</int>
					</object>
					<object id="legs_back_set2_1314758852226">
						<str id="name">legs_back_set2_1314758852226</str>
						<str id="sprite_class">legs_back_set2</str>
						<int id="w">728</int>
						<int id="x">-549</int>
						<int id="y">-171</int>
						<int id="h">484</int>
						<int id="z">0</int>
					</object>
					<object id="front_ground_set_1_1297378305169">
						<str id="name">front_ground_set_1_1296256199765</str>
						<str id="sprite_class">front_ground_set_1</str>
						<int id="w">349</int>
						<int id="x">1653</int>
						<int id="y">-274</int>
						<int id="h">216</int>
						<int id="z">57</int>
					</object>
					<object id="ground_generic_3_1278462994313">
						<str id="name">ground_generic_3_1278462994313</str>
						<str id="sprite_class">ground_generic_3</str>
						<int id="w">716</int>
						<int id="x">1168</int>
						<int id="y">36</int>
						<int id="h">91</int>
						<int id="z">19</int>
					</object>
					<object id="bottletree_body3_1278532723488">
						<str id="name">bottletree_body3_1278532723488</str>
						<str id="sprite_class">bottletree_body3</str>
						<int id="w">852</int>
						<int id="x">-570</int>
						<int id="y">-506</int>
						<int id="h">527</int>
						<int id="z">41</int>
					</object>
					<object id="front_ground_2_1297366653059">
						<str id="name">front_ground_2_1297366653058</str>
						<str id="sprite_class">front_ground_2</str>
						<int id="w">309</int>
						<int id="r">-6</int>
						<int id="x">-723</int>
						<int id="y">-95</int>
						<int id="h">135</int>
						<int id="z">53</int>
					</object>
					<object id="ground_spots2_1278532092064">
						<str id="name">ground_spots2_1278532092064</str>
						<str id="sprite_class">ground_spots2</str>
						<int id="w">360</int>
						<int id="x">-909</int>
						<int id="y">-97</int>
						<int id="h">49</int>
						<int id="z">34</int>
					</object>
					<object id="ground_generic_1_spotless_1297378305222">
						<str id="name">ground_generic_1_spotless_1297378305222</str>
						<str id="sprite_class">ground_generic_1_spotless</str>
						<int id="w">250</int>
						<int id="r">-1</int>
						<int id="x">1477</int>
						<int id="y">-247</int>
						<int id="h">111</int>
						<int id="z">4</int>
					</object>
					<object id="front_ground_1_1278530402130">
						<str id="name">front_ground_1_1278530402130</str>
						<str id="sprite_class">front_ground_1</str>
						<int id="w">309</int>
						<int id="x">-459</int>
						<int id="y">142</int>
						<int id="h">192</int>
						<int id="z">31</int>
					</object>
					<object id="front_ground_set_1_1297378305167">
						<str id="name">front_ground_set_1_1296256199765</str>
						<str id="sprite_class">front_ground_set_1</str>
						<int id="w">349</int>
						<int id="x">1675</int>
						<int id="y">-98</int>
						<int id="h">216</int>
						<int id="z">55</int>
					</object>
					<object id="grass_transparent_scene_1_1297378305243">
						<str id="name">grass_transparent_scene_1_1297378305243</str>
						<str id="sprite_class">grass_transparent_scene_1</str>
						<int id="w">85</int>
						<int id="x">-631</int>
						<int id="y">-93</int>
						<int id="h">66</int>
						<int id="z">62</int>
					</object>
					<object id="grass_transparent_1288911599541">
						<str id="name">grass_transparent_1288911599541</str>
						<str id="sprite_class">grass_transparent</str>
						<int id="w">119</int>
						<int id="x">916</int>
						<int id="y">-78</int>
						<int id="h">101</int>
						<int id="z">45</int>
					</object>
					<object id="front_ground_set_2_1297366653034">
						<str id="name">front_ground_set_2_1297366653034</str>
						<str id="sprite_class">front_ground_set_2</str>
						<int id="w">310</int>
						<int id="x">-22</int>
						<int id="y">-69</int>
						<int id="h">135</int>
						<int id="z">51</int>
					</object>
					<object id="ground_generic_3_1278462986596">
						<str id="name">ground_generic_3_1278462986596</str>
						<str id="sprite_class">ground_generic_3</str>
						<int id="w">716</int>
						<int id="x">404</int>
						<int id="y">20</int>
						<int id="h">91</int>
						<int id="z">18</int>
					</object>
					<object id="ground_generic_3_1278532225650">
						<str id="name">ground_generic_3_1278532225650</str>
						<str id="sprite_class">ground_generic_3</str>
						<int id="w">620</int>
						<int id="x">1398</int>
						<int id="y">-16</int>
						<int id="h">66</int>
						<int id="z">37</int>
					</object>
					<object id="front_ground_2_1278530393710">
						<str id="name">front_ground_2_1278530393710</str>
						<str id="sprite_class">front_ground_2</str>
						<int id="w">310</int>
						<int id="x">-1002</int>
						<int id="y">93</int>
						<int id="h">136</int>
						<int id="z">29</int>
					</object>
					<object id="shadow_1297449524587">
						<str id="name">shadow_1297449524587</str>
						<str id="sprite_class">shadow</str>
						<int id="w">334</int>
						<int id="r">-85</int>
						<int id="x">699</int>
						<int id="y">-449</int>
						<int id="h">132</int>
						<int id="z">58</int>
					</object>
					<object id="front_ground_2_1278531352473">
						<str id="name">front_ground_2_1278531352473</str>
						<str id="sprite_class">front_ground_2</str>
						<int id="w">310</int>
						<int id="x">1126</int>
						<int id="y">77</int>
						<int id="h">136</int>
						<int id="z">32</int>
					</object>
					<object id="front_ground_set_1_1296256199766">
						<str id="name">front_ground_set_1_1296256199765</str>
						<str id="sprite_class">front_ground_set_1</str>
						<int id="w">349</int>
						<int id="x">595</int>
						<int id="y">-81</int>
						<int id="h">216</int>
						<int id="z">15</int>
					</object>
					<object id="ground_spots3_1278532112031">
						<str id="name">ground_spots3_1278532112031</str>
						<str id="sprite_class">ground_spots3</str>
						<int id="w">600</int>
						<int id="x">-964</int>
						<int id="y">-40</int>
						<int id="h">43</int>
						<int id="z">36</int>
					</object>
					<object id="front_ground_2_1278530391314">
						<str id="name">front_ground_2_1278530391314</str>
						<str id="sprite_class">front_ground_2</str>
						<int id="w">310</int>
						<int id="x">-1294</int>
						<int id="y">99</int>
						<int id="h">136</int>
						<int id="z">28</int>
					</object>
					<object id="legs_moss_3_1296256199772">
						<str id="name">legs_moss_3_1296256199772</str>
						<str id="sprite_class">legs_moss_3</str>
						<int id="w">310</int>
						<int id="x">520</int>
						<int id="y">-299</int>
						<int id="h">540</int>
						<int id="z">47</int>
					</object>
					<object id="ground_generic_1_spotless_1297378305223">
						<str id="name">ground_generic_1_spotless_1297378305222</str>
						<str id="sprite_class">ground_generic_1_spotless</str>
						<int id="w">250</int>
						<int id="r">-46</int>
						<int id="x">1509</int>
						<int id="y">-261</int>
						<int id="h">111</int>
						<int id="z">2</int>
					</object>
					<object id="ground_spots1_1278532383884">
						<str id="name">ground_spots1_1278532383884</str>
						<str id="sprite_class">ground_spots1</str>
						<int id="w">386</int>
						<int id="x">476</int>
						<int id="y">-62</int>
						<int id="h">71</int>
						<int id="z">40</int>
					</object>
					<object id="foreground_1297378305229">
						<str id="name">foreground_1278462881563</str>
						<str id="sprite_class">foreground</str>
						<int id="w">4400</int>
						<int id="x">2905</int>
						<int id="y">-30</int>
						<int id="h">150</int>
						<int id="z">12</int>
					</object>
					<object id="ground_rootpipe2_1314758852251">
						<str id="name">ground_rootpipe2_1314758852251</str>
						<str id="sprite_class">ground_rootpipe2</str>
						<int id="w">217</int>
						<int id="x">-1512</int>
						<int id="y">-70</int>
						<int id="h">201</int>
						<int id="z">63</int>
					</object>
					<object id="front_ground_2_1278530369234">
						<str id="name">front_ground_2_1278530369234</str>
						<str id="sprite_class">front_ground_2</str>
						<int id="w">310</int>
						<int id="x">176</int>
						<int id="y">87</int>
						<int id="h">136</int>
						<int id="z">24</int>
					</object>
					<object id="front_ground_set_1_1314758852257">
						<str id="name">front_ground_set_1_1296256199765</str>
						<str id="sprite_class">front_ground_set_1</str>
						<int id="w">349</int>
						<int id="x">1851</int>
						<int id="y">-86</int>
						<int id="h">216</int>
						<int id="z">56</int>
					</object>
					<object id="front_ground_2_1278530308509">
						<str id="name">front_ground_2_1278530308509</str>
						<str id="sprite_class">front_ground_2</str>
						<int id="w">310</int>
						<int id="x">601</int>
						<int id="y">65</int>
						<int id="h">136</int>
						<int id="z">22</int>
					</object>
					<object id="legs_moss_back_1_1314758852224">
						<str id="name">legs_moss_back_1_1314758852224</str>
						<str id="sprite_class">legs_moss_back_1</str>
						<int id="w">345</int>
						<int id="x">-865</int>
						<int id="y">-161</int>
						<int id="h">466</int>
						<int id="z">1</int>
					</object>
					<object id="front_ground_set_1_1296256199767">
						<str id="name">front_ground_set_1_1296256199765</str>
						<str id="sprite_class">front_ground_set_1</str>
						<int id="w">349</int>
						<int id="x">795</int>
						<int id="y">-83</int>
						<int id="h">216</int>
						<int id="z">16</int>
					</object>
					<object id="front_ground_2_1278530396827">
						<str id="name">front_ground_2_1278530396827</str>
						<str id="sprite_class">front_ground_2</str>
						<int id="w">310</int>
						<int id="x">-706</int>
						<int id="y">83</int>
						<int id="h">136</int>
						<int id="z">30</int>
					</object>
					<object id="front_ground_1_1278530384811">
						<str id="name">front_ground_1_1278530384811</str>
						<str id="sprite_class">front_ground_1</str>
						<int id="w">309</int>
						<int id="x">-1881</int>
						<int id="y">136</int>
						<int id="h">192</int>
						<int id="z">26</int>
					</object>
					<object id="grass_transparent_scene_1_1288911589847">
						<str id="name">grass_transparent_scene_1_1288911589847</str>
						<str id="sprite_class">grass_transparent_scene_1</str>
						<int id="w">132</int>
						<int id="x">1683</int>
						<int id="y">-121</int>
						<int id="h">112</int>
						<int id="z">44</int>
					</object>
					<object id="ground_spots2_1278532098363">
						<str id="name">ground_spots2_1278532098363</str>
						<str id="sprite_class">ground_spots2</str>
						<int id="w">360</int>
						<int id="x">-380</int>
						<int id="y">-93</int>
						<int id="h">49</int>
						<int id="z">35</int>
					</object>
					<object id="front_ground_set_1_1297378305168">
						<str id="name">front_ground_set_1_1296256199765</str>
						<str id="sprite_class">front_ground_set_1</str>
						<int id="w">349</int>
						<int id="x">1612</int>
						<int id="y">-122</int>
						<int id="h">216</int>
						<int id="z">8</int>
					</object>
					<object id="ground_generic_1_1296256199770">
						<str id="name">ground_generic_1_1296256199770</str>
						<str id="sprite_class">ground_generic_1</str>
						<int id="w">644</int>
						<int id="x">499</int>
						<int id="y">-224</int>
						<int id="h">120</int>
						<int id="z">9</int>
					</object>
					<object id="firebog_ladder_tile_center_01_vine_1297378305182">
						<str id="name">firebog_ladder_tile_center_01_vine_1297378305182</str>
						<str id="sprite_class">firebog_ladder_tile_center_01_vine</str>
						<int id="w">18</int>
						<int id="x">1725</int>
						<int id="y">-440</int>
						<int id="h">50</int>
						<int id="z">7</int>
					</object>
					<object id="firebog_ladder_tile_center_01_vine_1297378305213">
						<str id="name">firebog_ladder_tile_center_01_vine_1297378305182</str>
						<str id="sprite_class">firebog_ladder_tile_center_01_vine</str>
						<int id="w">18</int>
						<int id="x">1725</int>
						<int id="y">-440</int>
						<int id="h">50</int>
						<int id="z">7</int>
					</object>
				</object>
				<object id="walls">
				</object>
				<str id="name">middleground</str>
				<object id="signposts">
					<object id="signpost_2">
						<int id="y">-72</int>
						<int id="h">200</int>
						<int id="w">100</int>
						<object id="connects">
							<object id="0">
								<str id="swf_file_versioned">http://c2.glitch.bz/locations/firebog/1316308421.swf</str>
								<str id="hub_id">99</str>
								<int id="x">-2692</int>
								<int id="y">-312</int>
								<str id="mote_id">9</str>
								<objref id="target" tsid="LA911I05ILA2CQ5" label="Dusa Tanad"/>
							</object>
							<object id="1">
								<str id="swf_file_versioned">http://c2.glitch.bz/locations/firebog/1316308421.swf</str>
								<str id="hub_id">99</str>
								<int id="x">-1774</int>
								<int id="y">-125</int>
								<str id="mote_id">9</str>
								<objref id="target" tsid="LA9CO2B02OA2BG0" label="Valia Shede"/>
							</object>
							<object id="2">
								<str id="swf_file_versioned">http://c2.glitch.bz/locations/firebog/1316308421.swf</str>
								<str id="hub_id">99</str>
								<int id="x">2730</int>
								<int id="y">-107</int>
								<str id="mote_id">9</str>
								<objref id="target" tsid="LA91SD0IEQA24L5" label="Goli Grabs"/>
							</object>
						</object>
						<int id="x">-1810</int>
					</object>
					<object id="signpost_1">
						<int id="y">-75</int>
						<int id="h">200</int>
						<int id="w">100</int>
						<object id="connects">
							<object id="0">
								<str id="swf_file_versioned">http://c2.glitch.bz/locations/firebog/1316308421.swf</str>
								<str id="hub_id">99</str>
								<int id="x">-2692</int>
								<int id="y">-152</int>
								<str id="mote_id">9</str>
								<objref id="target" tsid="LA9111M11LA2VAT" label="Ghora Chani"/>
							</object>
							<object id="1">
								<str id="swf_file_versioned">http://c2.glitch.bz/locations/firebog/1316308421.swf</str>
								<str id="hub_id">99</str>
								<int id="x">-1645</int>
								<int id="y">-135</int>
								<str id="mote_id">9</str>
								<objref id="target" tsid="LA94KO5CFQA2V4Q" label="Seela Latta"/>
							</object>
						</object>
						<int id="x">1820</int>
					</object>
				</object>
				<int id="h">750</int>
				<int id="z">0</int>
				<object id="targets">
				</object>
				<object id="platform_lines">
					<object id="plat_1297815468656">
						<int id="platform_pc_perm">-1</int>
						<int id="platform_item_perm">-1</int>
						<object id="start">
							<int id="y">-213</int>
							<int id="x">1075</int>
						</object>
						<object id="end">
							<int id="y">-203</int>
							<int id="x">1216</int>
						</object>
					</object>
					<object id="plat_1297366653082">
						<int id="platform_pc_perm">-1</int>
						<int id="platform_item_perm">-1</int>
						<object id="start">
							<int id="y">-212</int>
							<int id="x">-577</int>
						</object>
						<object id="end">
							<int id="y">-197</int>
							<int id="x">-465</int>
						</object>
					</object>
					<object id="plat_1297378305170">
						<int id="platform_pc_perm">-1</int>
						<int id="platform_item_perm">-1</int>
						<object id="start">
							<int id="y">-282</int>
							<int id="x">1246</int>
						</object>
						<object id="end">
							<int id="y">-281</int>
							<int id="x">1326</int>
						</object>
					</object>
					<object id="plat_1297366653040">
						<int id="platform_pc_perm">-1</int>
						<int id="platform_item_perm">-1</int>
						<object id="start">
							<int id="y">-278</int>
							<int id="x">277</int>
						</object>
						<object id="end">
							<int id="y">-285</int>
							<int id="x">383</int>
						</object>
					</object>
					<object id="plat_1297366653042">
						<int id="platform_pc_perm">-1</int>
						<int id="platform_item_perm">-1</int>
						<object id="start">
							<int id="y">-295</int>
							<int id="x">464</int>
						</object>
						<object id="end">
							<int id="y">-287</int>
							<int id="x">538</int>
						</object>
					</object>
					<object id="plat_1297366653039">
						<int id="platform_pc_perm">-1</int>
						<int id="platform_item_perm">-1</int>
						<object id="start">
							<int id="y">-273</int>
							<int id="x">198</int>
						</object>
						<object id="end">
							<int id="y">-278</int>
							<int id="x">277</int>
						</object>
					</object>
					<object id="plat_1297366653105">
						<int id="platform_pc_perm">-1</int>
						<int id="platform_item_perm">-1</int>
						<object id="start">
							<int id="y">-74</int>
							<int id="x">826</int>
						</object>
						<object id="end">
							<int id="y">-66</int>
							<int id="x">956</int>
						</object>
					</object>
					<object id="plat_1314758852264">
						<int id="platform_pc_perm">-1</int>
						<int id="platform_item_perm">-1</int>
						<object id="start">
							<int id="y">-295</int>
							<int id="x">1822</int>
						</object>
						<object id="end">
							<int id="y">-314</int>
							<int id="x">1868</int>
						</object>
					</object>
					<object id="plat_1314758852239">
						<int id="platform_pc_perm">-1</int>
						<int id="platform_item_perm">-1</int>
						<object id="start">
							<int id="y">-61</int>
							<int id="x">-654</int>
						</object>
						<object id="end">
							<int id="y">-62</int>
							<int id="x">-566</int>
						</object>
					</object>
					<object id="plat_1297366653071">
						<int id="platform_pc_perm">-1</int>
						<int id="platform_item_perm">-1</int>
						<object id="start">
							<int id="y">-54</int>
							<int id="x">-1</int>
						</object>
						<object id="end">
							<int id="y">-56</int>
							<int id="x">255</int>
						</object>
					</object>
					<object id="plat_1297366653106">
						<int id="platform_pc_perm">-1</int>
						<int id="platform_item_perm">-1</int>
						<object id="start">
							<int id="y">-66</int>
							<int id="x">956</int>
						</object>
						<object id="end">
							<int id="y">-65</int>
							<int id="x">1148</int>
						</object>
					</object>
					<object id="plat_1314758852229">
						<int id="platform_pc_perm">-1</int>
						<int id="platform_item_perm">-1</int>
						<object id="start">
							<int id="y">-256</int>
							<int id="x">-462</int>
						</object>
						<object id="end">
							<int id="y">-262</int>
							<int id="x">-420</int>
						</object>
					</object>
					<object id="plat_1314758852230">
						<int id="platform_pc_perm">-1</int>
						<int id="platform_item_perm">-1</int>
						<object id="start">
							<int id="y">-262</int>
							<int id="x">-420</int>
						</object>
						<object id="end">
							<int id="y">-263</int>
							<int id="x">-361</int>
						</object>
					</object>
					<object id="plat_1314758852234">
						<int id="platform_pc_perm">-1</int>
						<int id="platform_item_perm">-1</int>
						<object id="start">
							<int id="y">-278</int>
							<int id="x">-196</int>
						</object>
						<object id="end">
							<int id="y">-274</int>
							<int id="x">-169</int>
						</object>
					</object>
					<object id="plat_1297366653070">
						<int id="platform_pc_perm">-1</int>
						<int id="platform_item_perm">-1</int>
						<object id="start">
							<int id="y">-57</int>
							<int id="x">-231</int>
						</object>
						<object id="end">
							<int id="y">-54</int>
							<int id="x">-1</int>
						</object>
					</object>
					<object id="plat_1297815468652">
						<int id="platform_pc_perm">-1</int>
						<int id="platform_item_perm">-1</int>
						<object id="start">
							<int id="y">-447</int>
							<int id="x">1580</int>
						</object>
						<object id="end">
							<int id="y">-450</int>
							<int id="x">1644</int>
						</object>
					</object>
					<object id="plat_1297883509049">
						<int id="platform_pc_perm">-1</int>
						<int id="platform_item_perm">-1</int>
						<object id="start">
							<int id="y">-59</int>
							<int id="x">1572</int>
						</object>
						<object id="end">
							<int id="y">-50</int>
							<int id="x">1730</int>
						</object>
					</object>
					<object id="plat_1314758852241">
						<int id="platform_pc_perm">-1</int>
						<int id="platform_item_perm">-1</int>
						<object id="start">
							<int id="y">-69</int>
							<int id="x">-1010</int>
						</object>
						<object id="end">
							<int id="y">-78</int>
							<int id="x">-918</int>
						</object>
					</object>
					<object id="plat_1297378305174">
						<int id="platform_pc_perm">-1</int>
						<int id="platform_item_perm">-1</int>
						<object id="start">
							<int id="y">-275</int>
							<int id="x">1608</int>
						</object>
						<object id="end">
							<int id="y">-276</int>
							<int id="x">1695</int>
						</object>
					</object>
					<object id="plat_1297815468653">
						<int id="platform_pc_perm">-1</int>
						<int id="platform_item_perm">-1</int>
						<object id="start">
							<int id="y">-450</int>
							<int id="x">1644</int>
						</object>
						<object id="end">
							<int id="y">-461</int>
							<int id="x">1725</int>
						</object>
					</object>
					<object id="plat_1297366653043">
						<int id="platform_pc_perm">-1</int>
						<int id="platform_item_perm">-1</int>
						<object id="start">
							<int id="y">-287</int>
							<int id="x">538</int>
						</object>
						<object id="end">
							<int id="y">-283</int>
							<int id="x">606</int>
						</object>
					</object>
					<object id="plat_1297366653045">
						<int id="platform_pc_perm">-1</int>
						<int id="platform_item_perm">-1</int>
						<object id="start">
							<int id="y">-267</int>
							<int id="x">759</int>
						</object>
						<object id="end">
							<int id="y">-268</int>
							<int id="x">848</int>
						</object>
					</object>
					<object id="plat_1297366653038">
						<int id="platform_pc_perm">-1</int>
						<int id="platform_item_perm">-1</int>
						<object id="start">
							<int id="y">-188</int>
							<int id="x">19</int>
						</object>
						<object id="end">
							<int id="y">-178</int>
							<int id="x">109</int>
						</object>
					</object>
					<object id="plat_1297378305171">
						<int id="platform_pc_perm">-1</int>
						<int id="platform_item_perm">-1</int>
						<object id="start">
							<int id="y">-281</int>
							<int id="x">1326</int>
						</object>
						<object id="end">
							<int id="y">-303</int>
							<int id="x">1410</int>
						</object>
					</object>
					<object id="_pl1288911450081">
						<int id="platform_pc_perm">-1</int>
						<int id="platform_item_perm">-1</int>
						<object id="start">
							<int id="y">-56</int>
							<int id="x">255</int>
						</object>
						<object id="end">
							<int id="y">-74</int>
							<int id="x">826</int>
						</object>
					</object>
					<object id="plat_1297366653083">
						<int id="platform_pc_perm">-1</int>
						<int id="platform_item_perm">-1</int>
						<object id="start">
							<int id="y">-220</int>
							<int id="x">-707</int>
						</object>
						<object id="end">
							<int id="y">-212</int>
							<int id="x">-577</int>
						</object>
					</object>
					<object id="plat_1314758852263">
						<int id="platform_pc_perm">-1</int>
						<int id="platform_item_perm">-1</int>
						<object id="start">
							<int id="y">-314</int>
							<int id="x">1868</int>
						</object>
						<object id="end">
							<int id="y">-318</int>
							<int id="x">1919</int>
						</object>
					</object>
					<object id="plat_1297366653037">
						<int id="platform_pc_perm">-1</int>
						<int id="platform_item_perm">-1</int>
						<object id="start">
							<int id="y">-186</int>
							<int id="x">-56</int>
						</object>
						<object id="end">
							<int id="y">-188</int>
							<int id="x">19</int>
						</object>
					</object>
					<object id="plat_1314758852240">
						<int id="platform_pc_perm">-1</int>
						<int id="platform_item_perm">-1</int>
						<object id="start">
							<int id="y">-55</int>
							<int id="x">-1171</int>
						</object>
						<object id="end">
							<int id="y">-69</int>
							<int id="x">-1010</int>
						</object>
					</object>
					<object id="plat_1297378305177">
						<int id="platform_pc_perm">-1</int>
						<int id="platform_item_perm">-1</int>
						<object id="start">
							<int id="y">-459</int>
							<int id="x">1496</int>
						</object>
						<object id="end">
							<int id="y">-447</int>
							<int id="x">1580</int>
						</object>
					</object>
					<object id="plat_1297378305226">
						<int id="platform_pc_perm">-1</int>
						<int id="platform_item_perm">-1</int>
						<object id="start">
							<int id="y">-295</int>
							<int id="x">1499</int>
						</object>
						<object id="end">
							<int id="y">-277</int>
							<int id="x">1571</int>
						</object>
					</object>
					<object id="plat_1314758852232">
						<int id="platform_pc_perm">-1</int>
						<int id="platform_item_perm">-1</int>
						<object id="start">
							<int id="y">-269</int>
							<int id="x">-294</int>
						</object>
						<object id="end">
							<int id="y">-278</int>
							<int id="x">-239</int>
						</object>
					</object>
					<object id="plat_1297366653048">
						<int id="platform_pc_perm">-1</int>
						<int id="platform_item_perm">-1</int>
						<object id="start">
							<int id="y">-272</int>
							<int id="x">906</int>
						</object>
						<object id="end">
							<int id="y">-269</int>
							<int id="x">942</int>
						</object>
					</object>
					<object id="plat_1297366653041">
						<int id="platform_pc_perm">-1</int>
						<int id="platform_item_perm">-1</int>
						<object id="start">
							<int id="y">-285</int>
							<int id="x">383</int>
						</object>
						<object id="end">
							<int id="y">-295</int>
							<int id="x">464</int>
						</object>
					</object>
					<object id="plat_1297366653069">
						<int id="platform_pc_perm">-1</int>
						<int id="platform_item_perm">-1</int>
						<object id="start">
							<int id="y">-67</int>
							<int id="x">-326</int>
						</object>
						<object id="end">
							<int id="y">-57</int>
							<int id="x">-231</int>
						</object>
					</object>
					<object id="plat_1297378305227">
						<int id="platform_pc_perm">-1</int>
						<int id="platform_item_perm">-1</int>
						<object id="start">
							<int id="y">-277</int>
							<int id="x">1571</int>
						</object>
						<object id="end">
							<int id="y">-275</int>
							<int id="x">1608</int>
						</object>
					</object>
					<object id="plat_1297378305225">
						<int id="platform_pc_perm">-1</int>
						<int id="platform_item_perm">-1</int>
						<object id="start">
							<int id="y">-321</int>
							<int id="x">1450</int>
						</object>
						<object id="end">
							<int id="y">-295</int>
							<int id="x">1499</int>
						</object>
					</object>
					<object id="plat_1297366653044">
						<int id="platform_pc_perm">-1</int>
						<int id="platform_item_perm">-1</int>
						<object id="start">
							<int id="y">-283</int>
							<int id="x">606</int>
						</object>
						<object id="end">
							<int id="y">-267</int>
							<int id="x">759</int>
						</object>
					</object>
					<object id="plat_1297378305175">
						<int id="platform_pc_perm">-1</int>
						<int id="platform_item_perm">-1</int>
						<object id="start">
							<int id="y">-276</int>
							<int id="x">1695</int>
						</object>
						<object id="end">
							<int id="y">-280</int>
							<int id="x">1750</int>
						</object>
					</object>
					<object id="plat_1314758852265">
						<int id="platform_pc_perm">-1</int>
						<int id="platform_item_perm">-1</int>
						<object id="start">
							<int id="y">-287</int>
							<int id="x">1789</int>
						</object>
						<object id="end">
							<int id="y">-295</int>
							<int id="x">1822</int>
						</object>
					</object>
					<object id="plat_1314758852236">
						<int id="platform_pc_perm">-1</int>
						<int id="platform_item_perm">-1</int>
						<object id="start">
							<int id="y">-67</int>
							<int id="x">-387</int>
						</object>
						<object id="end">
							<int id="y">-67</int>
							<int id="x">-326</int>
						</object>
					</object>
					<object id="_pl1288911460031">
						<int id="platform_pc_perm">-1</int>
						<int id="platform_item_perm">-1</int>
						<object id="start">
							<int id="y">-50</int>
							<int id="x">1730</int>
						</object>
						<object id="end">
							<int id="y">-69</int>
							<int id="x">1999</int>
						</object>
					</object>
					<object id="plat_1314758852262">
						<int id="platform_pc_perm">-1</int>
						<int id="platform_item_perm">-1</int>
						<object id="start">
							<int id="y">-318</int>
							<int id="x">1919</int>
						</object>
						<object id="end">
							<int id="y">-308</int>
							<int id="x">1999</int>
						</object>
					</object>
					<object id="plat_1314758852245">
						<int id="platform_pc_perm">-1</int>
						<int id="platform_item_perm">-1</int>
						<object id="start">
							<int id="y">-61</int>
							<int id="x">-697</int>
						</object>
						<object id="end">
							<int id="y">-61</int>
							<int id="x">-654</int>
						</object>
					</object>
					<object id="plat_1297366653084">
						<int id="platform_pc_perm">-1</int>
						<int id="platform_item_perm">-1</int>
						<object id="start">
							<int id="y">-196</int>
							<int id="x">-848</int>
						</object>
						<object id="end">
							<int id="y">-220</int>
							<int id="x">-707</int>
						</object>
					</object>
					<object id="plat_1297815468654">
						<int id="platform_pc_perm">-1</int>
						<int id="platform_item_perm">-1</int>
						<object id="start">
							<int id="y">-461</int>
							<int id="x">1725</int>
						</object>
						<object id="end">
							<int id="y">-459</int>
							<int id="x">1800</int>
						</object>
					</object>
					<object id="plat_1297815468655">
						<int id="platform_pc_perm">-1</int>
						<int id="platform_item_perm">-1</int>
						<object id="start">
							<int id="y">-202</int>
							<int id="x">964</int>
						</object>
						<object id="end">
							<int id="y">-213</int>
							<int id="x">1075</int>
						</object>
					</object>
					<object id="plat_1297366653107">
						<int id="platform_pc_perm">-1</int>
						<int id="platform_item_perm">-1</int>
						<object id="start">
							<int id="y">-65</int>
							<int id="x">1148</int>
						</object>
						<object id="end">
							<int id="y">-69</int>
							<int id="x">1335</int>
						</object>
					</object>
					<object id="plat_1314758852243">
						<int id="platform_pc_perm">-1</int>
						<int id="platform_item_perm">-1</int>
						<object id="start">
							<int id="y">-76</int>
							<int id="x">-861</int>
						</object>
						<object id="end">
							<int id="y">-67</int>
							<int id="x">-778</int>
						</object>
					</object>
					<object id="plat_1314758852238">
						<int id="platform_pc_perm">-1</int>
						<int id="platform_item_perm">-1</int>
						<object id="start">
							<int id="y">-62</int>
							<int id="x">-566</int>
						</object>
						<object id="end">
							<int id="y">-62</int>
							<int id="x">-463</int>
						</object>
					</object>
					<object id="plat_1314758852253">
						<int id="platform_pc_perm">-1</int>
						<int id="platform_item_perm">-1</int>
						<object id="start">
							<int id="y">-174</int>
							<int id="x">-1424</int>
						</object>
						<object id="end">
							<int id="y">-174</int>
							<int id="x">-1365</int>
						</object>
					</object>
					<object id="plat_1314758852231">
						<int id="platform_pc_perm">-1</int>
						<int id="platform_item_perm">-1</int>
						<object id="start">
							<int id="y">-263</int>
							<int id="x">-361</int>
						</object>
						<object id="end">
							<int id="y">-269</int>
							<int id="x">-294</int>
						</object>
					</object>
					<object id="plat_1297378305224">
						<int id="platform_pc_perm">-1</int>
						<int id="platform_item_perm">-1</int>
						<object id="start">
							<int id="y">-303</int>
							<int id="x">1410</int>
						</object>
						<object id="end">
							<int id="y">-321</int>
							<int id="x">1450</int>
						</object>
					</object>
					<object id="plat_1297366653072">
						<int id="platform_pc_perm">-1</int>
						<int id="platform_item_perm">-1</int>
						<object id="start">
							<int id="y">-40</int>
							<int id="x">-1467</int>
						</object>
						<object id="end">
							<int id="y">-55</int>
							<int id="x">-1171</int>
						</object>
					</object>
					<object id="plat_1314758852235">
						<int id="platform_pc_perm">-1</int>
						<int id="platform_item_perm">-1</int>
						<object id="start">
							<int id="y">-274</int>
							<int id="x">-169</int>
						</object>
						<object id="end">
							<int id="y">-264</int>
							<int id="x">-143</int>
						</object>
					</object>
					<object id="plat_1297366653035">
						<int id="platform_pc_perm">-1</int>
						<int id="platform_item_perm">-1</int>
						<object id="start">
							<int id="y">-177</int>
							<int id="x">-154</int>
						</object>
						<object id="end">
							<int id="y">-177</int>
							<int id="x">-154</int>
						</object>
					</object>
					<object id="plat_1314758852237">
						<int id="platform_pc_perm">-1</int>
						<int id="platform_item_perm">-1</int>
						<object id="start">
							<int id="y">-62</int>
							<int id="x">-463</int>
						</object>
						<object id="end">
							<int id="y">-67</int>
							<int id="x">-387</int>
						</object>
					</object>
					<object id="plat_1314758852242">
						<int id="platform_pc_perm">-1</int>
						<int id="platform_item_perm">-1</int>
						<object id="start">
							<int id="y">-78</int>
							<int id="x">-918</int>
						</object>
						<object id="end">
							<int id="y">-76</int>
							<int id="x">-861</int>
						</object>
					</object>
					<object id="plat_1314758852266">
						<int id="platform_pc_perm">-1</int>
						<int id="platform_item_perm">-1</int>
						<object id="start">
							<int id="y">-280</int>
							<int id="x">1750</int>
						</object>
						<object id="end">
							<int id="y">-287</int>
							<int id="x">1789</int>
						</object>
					</object>
					<object id="plat_1314758852228">
						<int id="platform_pc_perm">-1</int>
						<int id="platform_item_perm">-1</int>
						<object id="start">
							<int id="y">-197</int>
							<int id="x">-465</int>
						</object>
						<object id="end">
							<int id="y">-168</int>
							<int id="x">-376</int>
						</object>
					</object>
					<object id="plat_1314758852244">
						<int id="platform_pc_perm">-1</int>
						<int id="platform_item_perm">-1</int>
						<object id="start">
							<int id="y">-67</int>
							<int id="x">-778</int>
						</object>
						<object id="end">
							<int id="y">-61</int>
							<int id="x">-697</int>
						</object>
					</object>
					<object id="plat_1297366653036">
						<int id="platform_pc_perm">-1</int>
						<int id="platform_item_perm">-1</int>
						<object id="start">
							<int id="y">-177</int>
							<int id="x">-154</int>
						</object>
						<object id="end">
							<int id="y">-186</int>
							<int id="x">-56</int>
						</object>
					</object>
					<object id="plat_1297366653108">
						<int id="platform_pc_perm">-1</int>
						<int id="platform_item_perm">-1</int>
						<object id="start">
							<int id="y">-69</int>
							<int id="x">1335</int>
						</object>
						<object id="end">
							<int id="y">-66</int>
							<int id="x">1517</int>
						</object>
					</object>
					<object id="plat_1297883509050">
						<int id="platform_pc_perm">-1</int>
						<int id="platform_item_perm">-1</int>
						<object id="start">
							<int id="y">-66</int>
							<int id="x">1517</int>
						</object>
						<object id="end">
							<int id="y">-59</int>
							<int id="x">1572</int>
						</object>
					</object>
					<object id="plat_1314758852233">
						<int id="platform_pc_perm">-1</int>
						<int id="platform_item_perm">-1</int>
						<object id="start">
							<int id="y">-278</int>
							<int id="x">-239</int>
						</object>
						<object id="end">
							<int id="y">-278</int>
							<int id="x">-196</int>
						</object>
					</object>
					<object id="plat_1314758852254">
						<int id="platform_pc_perm">-1</int>
						<int id="platform_item_perm">-1</int>
						<object id="start">
							<int id="y">-259</int>
							<int id="x">-1552</int>
						</object>
						<object id="end">
							<int id="y">-257</int>
							<int id="x">-1478</int>
						</object>
					</object>
					<object id="plat_1297366653046">
						<int id="platform_pc_perm">-1</int>
						<int id="platform_item_perm">-1</int>
						<object id="start">
							<int id="y">-268</int>
							<int id="x">848</int>
						</object>
						<object id="end">
							<int id="y">-272</int>
							<int id="x">906</int>
						</object>
					</object>
					<object id="_pl1288911442607">
						<int id="platform_pc_perm">-1</int>
						<int id="platform_item_perm">-1</int>
						<object id="start">
							<int id="y">-64</int>
							<int id="x">-1998</int>
						</object>
						<object id="end">
							<int id="y">-40</int>
							<int id="x">-1467</int>
						</object>
					</object>
				</object>
				<object id="ladders">
				</object>
			</object>
			<object id="bg_1">
				<str id="name">bg_1</str>
				<int id="w">3800</int>
				<int id="h">750</int>
				<int id="z">-1</int>
				<object id="decos">
					<object id="grass_transparent_4_1278532968595">
						<str id="name">grass_transparent_4_1278532968595</str>
						<str id="sprite_class">grass_transparent_4</str>
						<int id="w">92</int>
						<int id="x">43</int>
						<int id="y">599</int>
						<int id="h">78</int>
						<int id="z">9</int>
					</object>
					<object id="midground_1278462867476">
						<str id="name">midground_1278462867476</str>
						<str id="sprite_class">midground</str>
						<int id="w">4100</int>
						<int id="x">2040</int>
						<int id="y">650</int>
						<int id="h">100</int>
						<int id="z">0</int>
					</object>
					<object id="ground_entrance2_1297366653100">
						<str id="name">ground_entrance2_1297366653098</str>
						<str id="sprite_class">ground_entrance2</str>
						<int id="w">163</int>
						<int id="x">3061</int>
						<int id="y">580</int>
						<int id="h">63</int>
						<int id="z">3</int>
					</object>
					<object id="grass_transparent_4_1278531449738">
						<str id="name">grass_transparent_4_1278531449738</str>
						<str id="sprite_class">grass_transparent_4</str>
						<int id="w">92</int>
						<int id="x">3230</int>
						<int id="y">622</int>
						<int id="h">78</int>
						<int id="z">6</int>
					</object>
					<object id="grass_transparent_1288911736431">
						<str id="name">grass_transparent_1288911736431</str>
						<str id="sprite_class">grass_transparent</str>
						<int id="w">115</int>
						<int id="x">920</int>
						<int id="y">586</int>
						<int id="h">97</int>
						<int id="z">13</int>
					</object>
					<object id="plants5_1297366653093">
						<str id="name">plants5_1297366653093</str>
						<str id="sprite_class">plants5</str>
						<int id="w">54</int>
						<int id="r">8</int>
						<int id="x">3408</int>
						<int id="y">533</int>
						<int id="h">69</int>
						<int id="z">18</int>
					</object>
					<object id="plants4_1297366653092">
						<str id="name">plants4_1297366653092</str>
						<str id="sprite_class">plants4</str>
						<int id="w">39</int>
						<int id="x">3373</int>
						<int id="y">539</int>
						<int id="h">49</int>
						<int id="z">17</int>
					</object>
					<object id="plants5_1297366653095">
						<str id="name">plants5_1297366653094</str>
						<str id="sprite_class">plants5</str>
						<int id="w">30</int>
						<int id="x">3319</int>
						<int id="y">539</int>
						<int id="h">38</int>
						<int id="z">20</int>
					</object>
					<object id="bottletree_burb_wndw_2_1314758852246">
						<str id="name">bottletree_burb_wndw_2_1314758852246</str>
						<str id="sprite_class">bottletree_burb_wndw_2</str>
						<int id="w">599</int>
						<int id="r">-45</int>
						<int id="x">380</int>
						<int id="y">772</int>
						<int id="h">643</int>
						<int id="z">22</int>
						<bool id="h_flip">true</bool>
					</object>
					<object id="water_ripple_single_1_1288911555132">
						<str id="name">water_ripple_single_1_1288911555132</str>
						<str id="sprite_class">water_ripple_single_1</str>
						<int id="w">195</int>
						<int id="x">2648</int>
						<int id="y">607</int>
						<int id="h">20</int>
						<int id="z">11</int>
					</object>
					<object id="plants5_1297366653090">
						<str id="name">plants5_1297366653090</str>
						<str id="sprite_class">plants5</str>
						<int id="w">54</int>
						<int id="x">3158</int>
						<int id="y">542</int>
						<int id="h">69</int>
						<int id="z">16</int>
					</object>
					<object id="grass_transparent_scene_1_1288911710848">
						<str id="name">grass_transparent_scene_1_1288911710848</str>
						<str id="sprite_class">grass_transparent_scene_1</str>
						<int id="w">113</int>
						<int id="x">2100</int>
						<int id="y">609</int>
						<int id="h">96</int>
						<int id="z">12</int>
					</object>
					<object id="plants5_1297366653091">
						<str id="name">plants5_1297366653090</str>
						<str id="sprite_class">plants5</str>
						<int id="w">71</int>
						<int id="r">12</int>
						<int id="x">2751</int>
						<int id="y">644</int>
						<int id="h">95</int>
						<int id="z">15</int>
					</object>
					<object id="grass_transparent_1297366653097">
						<str id="name">grass_transparent_1297366653097</str>
						<str id="sprite_class">grass_transparent</str>
						<int id="w">47</int>
						<int id="x">3326</int>
						<int id="y">569</int>
						<int id="h">39</int>
						<int id="z">21</int>
						<bool id="h_flip">true</bool>
					</object>
					<object id="ground_spots2_1278532180448">
						<str id="name">ground_spots2_1278532180448</str>
						<str id="sprite_class">ground_spots2</str>
						<int id="w">546</int>
						<int id="x">1992</int>
						<int id="y">696</int>
						<int id="h">75</int>
						<int id="z">8</int>
					</object>
					<object id="grass_transparent_4_1297366653089">
						<str id="name">grass_transparent_4_1297366653088</str>
						<str id="sprite_class">grass_transparent_4</str>
						<int id="w">378</int>
						<int id="x">3664</int>
						<int id="y">634</int>
						<int id="h">321</int>
						<int id="z">14</int>
					</object>
					<object id="pod_egg2_1278532989841">
						<str id="name">pod_egg2_1278532989841</str>
						<str id="sprite_class">pod_egg2</str>
						<int id="w">63</int>
						<int id="x">794</int>
						<int id="y">556</int>
						<int id="h">39</int>
						<int id="z">10</int>
					</object>
					<object id="hanging_braches1_1278530195958">
						<str id="name">hanging_braches1_1278530195958</str>
						<str id="sprite_class">hanging_braches1</str>
						<int id="w">684</int>
						<int id="x">718</int>
						<int id="y">314</int>
						<int id="h">581</int>
						<int id="z">5</int>
					</object>
					<object id="plants5_1297366653094">
						<str id="name">plants5_1297366653094</str>
						<str id="sprite_class">plants5</str>
						<int id="w">30</int>
						<int id="x">3281</int>
						<int id="y">563</int>
						<int id="h">38</int>
						<int id="z">19</int>
					</object>
					<object id="firebog_puddle_2_1278463059229">
						<str id="name">firebog_puddle_2_1278463059229</str>
						<str id="sprite_class">firebog_puddle_2</str>
						<int id="w">818</int>
						<int id="x">3400</int>
						<int id="y">644</int>
						<int id="h">73</int>
						<int id="z">4</int>
					</object>
					<object id="firebog_puddle_1_1278463047963">
						<str id="name">firebog_puddle_1_1278463047963</str>
						<str id="sprite_class">firebog_puddle_1</str>
						<int id="w">1059</int>
						<int id="x">2372</int>
						<int id="y">624</int>
						<int id="h">51</int>
						<int id="z">2</int>
					</object>
					<object id="firebog_puddle_1_1278463029114">
						<str id="name">firebog_puddle_1_1278463029114</str>
						<str id="sprite_class">firebog_puddle_1</str>
						<int id="w">1063</int>
						<int id="x">261</int>
						<int id="y">620</int>
						<int id="h">60</int>
						<int id="z">1</int>
					</object>
				</object>
				<object id="filtersNEW">
					<object id="blur">
						<int id="value">3</int>
					</object>
					<object id="brightness">
						<int id="value">-10</int>
					</object>
					<object id="saturation">
						<int id="value">-18</int>
					</object>
				</object>
			</object>
		</object>
		<str id="tsid">LA91161VALA21D4</str>
		<object id="gradient">
			<str id="top">261F10</str>
			<str id="bottom">261F10</str>
		</object>
		<int id="ground_y">-202</int>
		<null id="img_file_versioned"/>
		<object id="sources">
			<int id="LA91SD0IEQA24L5">1</int>
			<int id="LA9CO2B02OA2BG0">1</int>
			<int id="LA94KO5CFQA2V4Q">1</int>
			<int id="LA911I05ILA2CQ5">1</int>
			<int id="LA9111M11LA2VAT">1</int>
		</object>
		<str id="swf_file_versioned">http://c2.glitch.bz/locations/firebog/1316308421.swf</str>
		<null id="loading_label"/>
		<int id="rookable_type">0</int>
		<null id="physics"/>
		<str id="music_file"></str>
	</object>
</game_object>
