<game_object tsid="GA92VDUR8D82E3F" ts="1354140272034" label="Ginseng Grope" class_tsid="" lastUpdateTime="1354140261" upd_gs="gs10" load_time="2012-11-28 13:55:05.000" upd_time="2012-11-28 13:50:53.384">
	<object id="dynamic">
		<int id="l">-2500</int>
		<int id="r">2500</int>
		<int id="t">-1000</int>
		<int id="b">0</int>
		<str id="label">Heights_04_Lisa</str>
		<str id="swf_file">groddle1.swf</str>
		<object id="layers">
			<object id="middleground">
				<object id="ladders">
					<object id="ladder_1312323645661">
						<int id="y">-402</int>
						<int id="w">50</int>
						<int id="h">183</int>
						<int id="x">1771</int>
					</object>
					<object id="ladder_1312323645664">
						<int id="y">-227</int>
						<int id="w">50</int>
						<int id="h">158</int>
						<int id="x">801</int>
					</object>
					<object id="ladder_1312323645658">
						<int id="y">-183</int>
						<int id="w">50</int>
						<int id="h">190</int>
						<int id="x">1892</int>
					</object>
				</object>
				<object id="platform_lines">
					<object id="plat_1312323645666">
						<int id="platform_pc_perm">-1</int>
						<int id="platform_item_perm">-1</int>
						<object id="start">
							<int id="y">-436</int>
							<int id="x">1536</int>
						</object>
						<object id="end">
							<int id="y">-414</int>
							<int id="x">1568</int>
						</object>
					</object>
					<object id="plat_1312323645638">
						<int id="platform_pc_perm">-1</int>
						<int id="platform_item_perm">-1</int>
						<object id="start">
							<int id="y">-252</int>
							<int id="x">182</int>
						</object>
						<object id="end">
							<int id="y">-269</int>
							<int id="x">267</int>
						</object>
					</object>
					<object id="plat_1312323645641">
						<int id="platform_pc_perm">-1</int>
						<int id="platform_item_perm">-1</int>
						<object id="start">
							<int id="y">-211</int>
							<int id="x">-493</int>
						</object>
						<object id="end">
							<int id="y">-255</int>
							<int id="x">-138</int>
						</object>
					</object>
					<object id="plat_1312323645607">
						<int id="platform_pc_perm">-1</int>
						<int id="platform_item_perm">-1</int>
						<object id="start">
							<int id="y">-752</int>
							<int id="x">1261</int>
						</object>
						<object id="end">
							<int id="y">-727</int>
							<int id="x">1343</int>
						</object>
					</object>
					<object id="plat_1312323645618">
						<int id="platform_pc_perm">-1</int>
						<int id="platform_item_perm">-1</int>
						<object id="start">
							<int id="y">-365</int>
							<int id="x">1857</int>
						</object>
						<object id="end">
							<int id="y">-379</int>
							<int id="x">2069</int>
						</object>
					</object>
					<object id="plat_1312323645603">
						<int id="platform_pc_perm">-1</int>
						<int id="platform_item_perm">-1</int>
						<object id="start">
							<int id="y">-576</int>
							<int id="x">1740</int>
						</object>
						<object id="end">
							<int id="y">-608</int>
							<int id="x">2206</int>
						</object>
					</object>
					<object id="plat_1312323645604">
						<int id="platform_pc_perm">-1</int>
						<int id="platform_item_perm">-1</int>
						<object id="start">
							<int id="y">-608</int>
							<int id="x">2206</int>
						</object>
						<object id="end">
							<int id="y">-635</int>
							<int id="x">2499</int>
						</object>
					</object>
					<object id="plat_1312323645650">
						<int id="platform_pc_perm">-1</int>
						<int id="platform_item_perm">-1</int>
						<object id="start">
							<int id="y">-226</int>
							<int id="x">-1835</int>
						</object>
						<object id="end">
							<int id="y">-199</int>
							<int id="x">-1709</int>
						</object>
					</object>
					<object id="plat_1312323645643">
						<int id="platform_pc_perm">-1</int>
						<int id="platform_item_perm">-1</int>
						<object id="start">
							<int id="y">-188</int>
							<int id="x">-777</int>
						</object>
						<object id="end">
							<int id="y">-195</int>
							<int id="x">-607</int>
						</object>
					</object>
					<object id="plat_1312323645632">
						<int id="platform_pc_perm">-1</int>
						<int id="platform_item_perm">-1</int>
						<object id="start">
							<int id="y">-653</int>
							<int id="x">344</int>
						</object>
						<object id="end">
							<int id="y">-642</int>
							<int id="x">461</int>
						</object>
					</object>
					<object id="plat_1312323645665">
						<int id="platform_pc_perm">-1</int>
						<int id="platform_item_perm">-1</int>
						<object id="start">
							<int id="y">-424</int>
							<int id="x">1442</int>
						</object>
						<object id="end">
							<int id="y">-436</int>
							<int id="x">1536</int>
						</object>
					</object>
					<object id="plat_1312323645652">
						<int id="platform_pc_perm">-1</int>
						<int id="platform_item_perm">-1</int>
						<object id="start">
							<int id="y">-304</int>
							<int id="x">-2499</int>
						</object>
						<object id="end">
							<int id="y">-257</int>
							<int id="x">-2038</int>
						</object>
					</object>
					<object id="plat_1312323645605">
						<int id="platform_pc_perm">-1</int>
						<int id="platform_item_perm">-1</int>
						<object id="start">
							<int id="y">-753</int>
							<int id="x">1065</int>
						</object>
						<object id="end">
							<int id="y">-760</int>
							<int id="x">1132</int>
						</object>
					</object>
					<object id="plat_1312323645602">
						<int id="platform_pc_perm">-1</int>
						<int id="platform_item_perm">-1</int>
						<object id="start">
							<int id="y">-569</int>
							<int id="x">1626</int>
						</object>
						<object id="end">
							<int id="y">-586</int>
							<int id="x">1700</int>
						</object>
					</object>
					<object id="plat_1312323645659">
						<int id="platform_pc_perm">-1</int>
						<int id="platform_item_perm">-1</int>
						<object id="start">
							<int id="y">-170</int>
							<int id="x">1915</int>
						</object>
						<object id="end">
							<int id="y">-159</int>
							<int id="x">1941</int>
						</object>
					</object>
					<object id="plat_1312323645622">
						<int id="platform_pc_perm">-1</int>
						<int id="platform_item_perm">-1</int>
						<object id="start">
							<int id="y">-163</int>
							<int id="x">1635</int>
						</object>
						<object id="end">
							<int id="y">-170</int>
							<int id="x">1915</int>
						</object>
					</object>
					<object id="plat_1312323645629">
						<int id="platform_pc_perm">-1</int>
						<int id="platform_item_perm">-1</int>
						<object id="start">
							<int id="y">-629</int>
							<int id="x">712</int>
						</object>
						<object id="end">
							<int id="y">-623</int>
							<int id="x">942</int>
						</object>
					</object>
					<object id="plat_1312323645637">
						<int id="platform_pc_perm">-1</int>
						<int id="platform_item_perm">-1</int>
						<object id="start">
							<int id="y">-269</int>
							<int id="x">267</int>
						</object>
						<object id="end">
							<int id="y">-231</int>
							<int id="x">397</int>
						</object>
					</object>
					<object id="plat_1312323645616">
						<int id="platform_pc_perm">-1</int>
						<int id="platform_item_perm">-1</int>
						<object id="start">
							<int id="y">-383</int>
							<int id="x">1685</int>
						</object>
						<object id="end">
							<int id="y">-382</int>
							<int id="x">1803</int>
						</object>
					</object>
					<object id="plat_1312323645657">
						<int id="platform_pc_perm">-1</int>
						<int id="platform_item_perm">-1</int>
						<object id="start">
							<int id="y">-382</int>
							<int id="x">1803</int>
						</object>
						<object id="end">
							<int id="y">-365</int>
							<int id="x">1857</int>
						</object>
					</object>
					<object id="plat_1312323645627">
						<int id="platform_pc_perm">-1</int>
						<int id="platform_item_perm">-1</int>
						<object id="start">
							<int id="y">-239</int>
							<int id="x">962</int>
						</object>
						<object id="end">
							<int id="y">-230</int>
							<int id="x">1100</int>
						</object>
					</object>
					<object id="plat_1312323645631">
						<int id="platform_pc_perm">-1</int>
						<int id="platform_item_perm">-1</int>
						<object id="start">
							<int id="y">-646</int>
							<int id="x">258</int>
						</object>
						<object id="end">
							<int id="y">-653</int>
							<int id="x">344</int>
						</object>
					</object>
					<object id="plat_1312323645648">
						<int id="platform_pc_perm">-1</int>
						<int id="platform_item_perm">-1</int>
						<object id="start">
							<int id="y">-162</int>
							<int id="x">-1448</int>
						</object>
						<object id="end">
							<int id="y">-154</int>
							<int id="x">-1136</int>
						</object>
					</object>
					<object id="plat_1312323645628">
						<int id="platform_pc_perm">-1</int>
						<int id="platform_item_perm">-1</int>
						<object id="start">
							<int id="y">-624</int>
							<int id="x">653</int>
						</object>
						<object id="end">
							<int id="y">-629</int>
							<int id="x">712</int>
						</object>
					</object>
					<object id="plat_1312323645625">
						<int id="platform_pc_perm">-1</int>
						<int id="platform_item_perm">-1</int>
						<object id="start">
							<int id="y">-182</int>
							<int id="x">1181</int>
						</object>
						<object id="end">
							<int id="y">-159</int>
							<int id="x">1325</int>
						</object>
					</object>
					<object id="plat_1312323645633">
						<int id="platform_pc_perm">-1</int>
						<int id="platform_item_perm">-1</int>
						<object id="start">
							<int id="y">-395</int>
							<int id="x">400</int>
						</object>
						<object id="end">
							<int id="y">-387</int>
							<int id="x">578</int>
						</object>
					</object>
					<object id="plat_1312323645609">
						<int id="platform_pc_perm">-1</int>
						<int id="platform_item_perm">-1</int>
						<object id="start">
							<int id="y">-490</int>
							<int id="x">914</int>
						</object>
						<object id="end">
							<int id="y">-493</int>
							<int id="x">1003</int>
						</object>
					</object>
					<object id="plat_1312323645630">
						<int id="platform_pc_perm">-1</int>
						<int id="platform_item_perm">-1</int>
						<object id="start">
							<int id="y">-623</int>
							<int id="x">942</int>
						</object>
						<object id="end">
							<int id="y">-616</int>
							<int id="x">1001</int>
						</object>
					</object>
					<object id="plat_1312323645647">
						<int id="platform_pc_perm">-1</int>
						<int id="platform_item_perm">-1</int>
						<object id="start">
							<int id="y">-154</int>
							<int id="x">-1136</int>
						</object>
						<object id="end">
							<int id="y">-170</int>
							<int id="x">-1001</int>
						</object>
					</object>
					<object id="plat_1312323645651">
						<int id="platform_pc_perm">-1</int>
						<int id="platform_item_perm">-1</int>
						<object id="start">
							<int id="y">-257</int>
							<int id="x">-2038</int>
						</object>
						<object id="end">
							<int id="y">-226</int>
							<int id="x">-1835</int>
						</object>
					</object>
					<object id="plat_1312323645634">
						<int id="platform_pc_perm">-1</int>
						<int id="platform_item_perm">-1</int>
						<object id="start">
							<int id="y">-387</int>
							<int id="x">578</int>
						</object>
						<object id="end">
							<int id="y">-378</int>
							<int id="x">876</int>
						</object>
					</object>
					<object id="plat_1312323645623">
						<int id="platform_pc_perm">-1</int>
						<int id="platform_item_perm">-1</int>
						<object id="start">
							<int id="y">-159</int>
							<int id="x">1941</int>
						</object>
						<object id="end">
							<int id="y">-121</int>
							<int id="x">2166</int>
						</object>
					</object>
					<object id="plat_1312323645660">
						<int id="platform_pc_perm">-1</int>
						<int id="platform_item_perm">-1</int>
						<object id="start">
							<int id="y">-586</int>
							<int id="x">1700</int>
						</object>
						<object id="end">
							<int id="y">-576</int>
							<int id="x">1740</int>
						</object>
					</object>
					<object id="plat_1312323645610">
						<int id="platform_pc_perm">-1</int>
						<int id="platform_item_perm">-1</int>
						<object id="start">
							<int id="y">-493</int>
							<int id="x">1003</int>
						</object>
						<object id="end">
							<int id="y">-484</int>
							<int id="x">1185</int>
						</object>
					</object>
					<object id="plat_1312323645649">
						<int id="platform_pc_perm">-1</int>
						<int id="platform_item_perm">-1</int>
						<object id="start">
							<int id="y">-199</int>
							<int id="x">-1709</int>
						</object>
						<object id="end">
							<int id="y">-162</int>
							<int id="x">-1448</int>
						</object>
					</object>
					<object id="plat_1312323645636">
						<int id="platform_pc_perm">-1</int>
						<int id="platform_item_perm">-1</int>
						<object id="start">
							<int id="y">-231</int>
							<int id="x">397</int>
						</object>
						<object id="end">
							<int id="y">-205</int>
							<int id="x">840</int>
						</object>
					</object>
					<object id="plat_1312323645613">
						<int id="platform_pc_perm">-1</int>
						<int id="platform_item_perm">-1</int>
						<object id="start">
							<int id="y">-360</int>
							<int id="x">1231</int>
						</object>
						<object id="end">
							<int id="y">-382</int>
							<int id="x">1323</int>
						</object>
					</object>
					<object id="plat_1312323645621">
						<int id="platform_pc_perm">-1</int>
						<int id="platform_item_perm">-1</int>
						<object id="start">
							<int id="y">-159</int>
							<int id="x">1325</int>
						</object>
						<object id="end">
							<int id="y">-163</int>
							<int id="x">1635</int>
						</object>
					</object>
					<object id="plat_1312323645614">
						<int id="platform_pc_perm">-1</int>
						<int id="platform_item_perm">-1</int>
						<object id="start">
							<int id="y">-382</int>
							<int id="x">1323</int>
						</object>
						<object id="end">
							<int id="y">-424</int>
							<int id="x">1442</int>
						</object>
					</object>
					<object id="plat_1312323645626">
						<int id="platform_pc_perm">-1</int>
						<int id="platform_item_perm">-1</int>
						<object id="start">
							<int id="y">-230</int>
							<int id="x">1100</int>
						</object>
						<object id="end">
							<int id="y">-182</int>
							<int id="x">1181</int>
						</object>
					</object>
					<object id="plat_1312323645611">
						<int id="platform_pc_perm">-1</int>
						<int id="platform_item_perm">-1</int>
						<object id="start">
							<int id="y">-348</int>
							<int id="x">1185</int>
						</object>
						<object id="end">
							<int id="y">-360</int>
							<int id="x">1231</int>
						</object>
					</object>
					<object id="plat_1312323645608">
						<int id="platform_pc_perm">-1</int>
						<int id="platform_item_perm">-1</int>
						<object id="start">
							<int id="y">-727</int>
							<int id="x">1343</int>
						</object>
						<object id="end">
							<int id="y">-724</int>
							<int id="x">1571</int>
						</object>
					</object>
					<object id="plat_1312323645620">
						<int id="platform_pc_perm">-1</int>
						<int id="platform_item_perm">-1</int>
						<object id="start">
							<int id="y">-353</int>
							<int id="x">2295</int>
						</object>
						<object id="end">
							<int id="y">-355</int>
							<int id="x">2499</int>
						</object>
					</object>
					<object id="plat_1312323645619">
						<int id="platform_pc_perm">-1</int>
						<int id="platform_item_perm">-1</int>
						<object id="start">
							<int id="y">-379</int>
							<int id="x">2069</int>
						</object>
						<object id="end">
							<int id="y">-353</int>
							<int id="x">2295</int>
						</object>
					</object>
					<object id="plat_1312323645642">
						<int id="platform_pc_perm">-1</int>
						<int id="platform_item_perm">-1</int>
						<object id="start">
							<int id="y">-195</int>
							<int id="x">-607</int>
						</object>
						<object id="end">
							<int id="y">-211</int>
							<int id="x">-493</int>
						</object>
					</object>
					<object id="plat_1312323645635">
						<int id="platform_pc_perm">-1</int>
						<int id="platform_item_perm">-1</int>
						<object id="start">
							<int id="y">-205</int>
							<int id="x">840</int>
						</object>
						<object id="end">
							<int id="y">-239</int>
							<int id="x">962</int>
						</object>
					</object>
					<object id="plat_1312323645640">
						<int id="platform_pc_perm">-1</int>
						<int id="platform_item_perm">-1</int>
						<object id="start">
							<int id="y">-255</int>
							<int id="x">-138</int>
						</object>
						<object id="end">
							<int id="y">-267</int>
							<int id="x">93</int>
						</object>
					</object>
					<object id="plat_1312323645624">
						<int id="platform_pc_perm">-1</int>
						<int id="platform_item_perm">-1</int>
						<object id="start">
							<int id="y">-121</int>
							<int id="x">2166</int>
						</object>
						<object id="end">
							<int id="y">-143</int>
							<int id="x">2499</int>
						</object>
					</object>
					<object id="plat_1312323645606">
						<int id="platform_pc_perm">-1</int>
						<int id="platform_item_perm">-1</int>
						<object id="start">
							<int id="y">-760</int>
							<int id="x">1132</int>
						</object>
						<object id="end">
							<int id="y">-752</int>
							<int id="x">1261</int>
						</object>
					</object>
					<object id="plat_1312323645615">
						<int id="platform_pc_perm">-1</int>
						<int id="platform_item_perm">-1</int>
						<object id="start">
							<int id="y">-414</int>
							<int id="x">1568</int>
						</object>
						<object id="end">
							<int id="y">-383</int>
							<int id="x">1685</int>
						</object>
					</object>
					<object id="plat_1312323645639">
						<int id="platform_pc_perm">-1</int>
						<int id="platform_item_perm">-1</int>
						<object id="start">
							<int id="y">-267</int>
							<int id="x">93</int>
						</object>
						<object id="end">
							<int id="y">-252</int>
							<int id="x">182</int>
						</object>
					</object>
					<object id="plat_1312323645644">
						<int id="platform_pc_perm">-1</int>
						<int id="platform_item_perm">-1</int>
						<object id="start">
							<int id="y">-170</int>
							<int id="x">-1001</int>
						</object>
						<object id="end">
							<int id="y">-188</int>
							<int id="x">-777</int>
						</object>
					</object>
				</object>
				<object id="doors">
				</object>
				<object id="filtersNEW">
					<object id="tintAmount">
						<int id="value">0</int>
					</object>
					<object id="brightness">
						<int id="value">-15</int>
					</object>
					<object id="saturation">
						<int id="value">-5</int>
					</object>
					<object id="tintColor">
						<int id="value">0</int>
					</object>
					<object id="contrast">
						<int id="value">-20</int>
					</object>
				</object>
				<object id="signposts">
					<object id="signpost_1">
						<int id="y">-625</int>
						<object id="connects">
							<object id="0">
								<int id="x">-1233</int>
								<int id="y">-180</int>
								<bool id="hidden">false</bool>
								<str id="mote_id">9</str>
								<str id="swf_file_versioned">http://c2.glitch.bz/locations/meomi1/1322701062.swf</str>
								<str id="hub_id">112</str>
								<objref id="target" tsid="LIFG7L7VG4I21HR" label="Felin Pryde"/>
							</object>
						</object>
						<int id="h">200</int>
						<int id="w">100</int>
						<str id="id">signpost_1</str>
						<int id="x">2217</int>
					</object>
					<object id="signpost_2">
						<int id="y">-297</int>
						<object id="connects">
							<object id="0">
								<int id="x">1123</int>
								<int id="y">-992</int>
								<str id="mote_id">9</str>
								<str id="swf_file_versioned">http://c2.glitch.bz/locations/groddle1/1322700918.swf</str>
								<str id="hub_id">97</str>
								<objref id="target" tsid="LA9KL9UE1D82RFO" label="Odena Odes"/>
							</object>
						</object>
						<int id="h">200</int>
						<int id="w">100</int>
						<int id="x">-2293</int>
					</object>
				</object>
				<object id="decos">
					<object id="gravel_2_1312323645585">
						<int id="w">36</int>
						<int id="z">134</int>
						<str id="name">gravel_2_1311874816107</str>
						<int id="x">-1725</int>
						<int id="y">-220</int>
						<int id="h">21</int>
						<str id="sprite_class">gravel_2</str>
						<int id="r">-6</int>
					</object>
					<object id="heights_moss_2_1312323645503">
						<int id="w">258</int>
						<int id="z">40</int>
						<str id="name">heights_moss_2_1312323645496</str>
						<int id="x">2073</int>
						<int id="y">-616</int>
						<int id="h">48</int>
						<str id="sprite_class">heights_moss_2</str>
						<int id="r">-9</int>
					</object>
					<object id="heights_mound_2_1312323645489">
						<int id="w">362</int>
						<int id="z">5</int>
						<str id="name">heights_mound_2_1311790920380</str>
						<int id="x">415</int>
						<int id="y">-494</int>
						<int id="h">216</int>
						<str id="sprite_class">heights_mound_2</str>
						<int id="r">-35</int>
					</object>
					<object id="heights_face_rock_1_1312323645480">
						<int id="w">333</int>
						<int id="z">85</int>
						<str id="name">heights_face_rock_1_1311790920369</str>
						<int id="x">1212</int>
						<int id="y">-638</int>
						<int id="h">106</int>
						<str id="sprite_class">heights_face_rock_1</str>
						<int id="r">4</int>
					</object>
					<object id="heights_mound_3_1312323645460">
						<int id="w">532</int>
						<int id="z">63</int>
						<str id="name">heights_mound_3_1311790920377</str>
						<int id="x">491</int>
						<int id="y">63</int>
						<int id="h">202</int>
						<str id="sprite_class">heights_mound_3</str>
						<int id="r">20</int>
					</object>
					<object id="heights_platform_2_1311811647667">
						<int id="w">649</int>
						<int id="z">95</int>
						<str id="name">heights_platform_2_1311790920364</str>
						<int id="x">-1836</int>
						<int id="y">-34</int>
						<int id="h">220</int>
						<str id="sprite_class">heights_platform_2</str>
						<int id="r">9</int>
					</object>
					<object id="gravel_2_1312323645596">
						<int id="w">22</int>
						<bool id="h_flip">true</bool>
						<str id="name">gravel_2_1311874816107</str>
						<int id="x">-97</int>
						<int id="y">-278</int>
						<int id="h">13</int>
						<str id="sprite_class">gravel_2</str>
						<int id="z">123</int>
						<int id="r">-6</int>
					</object>
					<object id="heights_topper_stone_1_1312323645579">
						<int id="w">147</int>
						<int id="z">129</int>
						<str id="name">heights_topper_stone_1_1311874816160</str>
						<int id="x">-1906</int>
						<int id="y">-246</int>
						<int id="h">28</int>
						<str id="sprite_class">heights_topper_stone_1</str>
						<int id="r">11</int>
					</object>
					<object id="heights_moss_3_1312323645501">
						<int id="w">367</int>
						<int id="z">42</int>
						<str id="name">heights_moss_3_1312323645499</str>
						<int id="x">2023</int>
						<int id="y">-494</int>
						<int id="h">151</int>
						<str id="sprite_class">heights_moss_3</str>
						<int id="r">-3</int>
					</object>
					<object id="heights_face_rock_2_1312323645519">
						<int id="w">795</int>
						<int id="z">15</int>
						<str id="name">heights_face_rock_2_1311790920375</str>
						<int id="x">1992</int>
						<int id="y">-566</int>
						<int id="h">314</int>
						<str id="sprite_class">heights_face_rock_2</str>
						<int id="r">-7</int>
					</object>
					<object id="heights_platform_2_1311790920364">
						<int id="w">739</int>
						<int id="z">72</int>
						<str id="name">heights_platform_2_1311790920364</str>
						<int id="x">-442</int>
						<int id="y">-39</int>
						<int id="h">220</int>
						<str id="sprite_class">heights_platform_2</str>
						<int id="r">-8</int>
					</object>
					<object id="trunk_ladder_1_1312323645654">
						<int id="w">75</int>
						<bool id="h_flip">true</bool>
						<str id="name">trunk_ladder_1_1312323645653</str>
						<int id="x">1778</int>
						<int id="y">-417</int>
						<int id="h">86</int>
						<str id="sprite_class">trunk_ladder_1</str>
						<int id="z">138</int>
					</object>
					<object id="heights_face_1_1311811647724">
						<int id="w">842</int>
						<int id="z">12</int>
						<str id="name">heights_face_1_1311790745748</str>
						<int id="x">1188</int>
						<int id="y">-75</int>
						<int id="h">576</int>
						<str id="sprite_class">heights_face_1</str>
						<int id="r">-4</int>
					</object>
					<object id="heights_topper_stone_1_1312323645582">
						<int id="w">122</int>
						<bool id="h_flip">true</bool>
						<str id="name">heights_topper_stone_1_1311874816160</str>
						<int id="x">-1857</int>
						<int id="y">-220</int>
						<int id="h">37</int>
						<str id="sprite_class">heights_topper_stone_1</str>
						<int id="z">131</int>
						<int id="r">11</int>
					</object>
					<object id="trunk_ladder_1_1312323645653">
						<int id="w">75</int>
						<int id="z">137</int>
						<str id="name">trunk_ladder_1_1312323645653</str>
						<int id="x">1762</int>
						<int id="y">-475</int>
						<int id="h">86</int>
						<str id="sprite_class">trunk_ladder_1</str>
					</object>
					<object id="gravel_2_1312323645584">
						<int id="w">49</int>
						<int id="z">105</int>
						<str id="name">gravel_2_1311874816107</str>
						<int id="x">-811</int>
						<int id="y">-210</int>
						<int id="h">28</int>
						<str id="sprite_class">gravel_2</str>
						<int id="r">-6</int>
					</object>
					<object id="heights_topper_2_1312323645478">
						<int id="w">145</int>
						<int id="z">80</int>
						<str id="name">heights_topper_2_1311871710557</str>
						<int id="x">752</int>
						<int id="y">-592</int>
						<int id="h">38</int>
						<str id="sprite_class">heights_topper_2</str>
						<int id="r">6</int>
					</object>
					<object id="heights_bush_1_1311874816188">
						<int id="w">160</int>
						<int id="z">98</int>
						<str id="name">heights_bush_1_1311790920488</str>
						<int id="x">2299</int>
						<int id="y">-407</int>
						<int id="h">94</int>
						<str id="sprite_class">heights_bush_1</str>
						<int id="r">-2</int>
					</object>
					<object id="heights_face_rock_2_1312323645522">
						<int id="w">567</int>
						<int id="z">18</int>
						<str id="name">heights_face_rock_2_1311790920375</str>
						<int id="x">995</int>
						<int id="y">-254</int>
						<int id="h">160</int>
						<str id="sprite_class">heights_face_rock_2</str>
						<int id="r">3</int>
					</object>
					<object id="alakol_cliff_2_1312323645461">
						<int id="w">1035</int>
						<bool id="h_flip">true</bool>
						<str id="name">alakol_cliff_2_1311790920360</str>
						<int id="x">588</int>
						<int id="y">-11</int>
						<int id="h">238</int>
						<str id="sprite_class">alakol_cliff_2</str>
						<int id="z">31</int>
						<int id="r">5</int>
					</object>
					<object id="heights_topper_2_1311871710558">
						<int id="w">145</int>
						<int id="z">90</int>
						<str id="name">heights_topper_2_1311871710557</str>
						<int id="x">1128</int>
						<int id="y">-456</int>
						<int id="h">38</int>
						<str id="sprite_class">heights_topper_2</str>
						<int id="r">-5</int>
					</object>
					<object id="heights_face_rock_2_1312323645511">
						<int id="w">433</int>
						<int id="z">50</int>
						<str id="name">heights_face_rock_2_1311790920375</str>
						<int id="x">-2358</int>
						<int id="y">-300</int>
						<int id="h">135</int>
						<str id="sprite_class">heights_face_rock_2</str>
						<int id="r">8</int>
					</object>
					<object id="heights_face_1_1311790745748">
						<int id="w">842</int>
						<int id="z">35</int>
						<str id="name">heights_face_1_1311790745748</str>
						<int id="x">-1765</int>
						<int id="y">200</int>
						<int id="h">576</int>
						<str id="sprite_class">heights_face_1</str>
						<int id="r">35</int>
					</object>
					<object id="heights_topper_stone_1_1311874816162">
						<int id="w">145</int>
						<int id="z">100</int>
						<str id="name">heights_topper_stone_1_1311874816160</str>
						<int id="x">-551</int>
						<int id="y">-218</int>
						<int id="h">33</int>
						<str id="sprite_class">heights_topper_stone_1</str>
						<int id="r">-1</int>
					</object>
					<object id="alakol_cliff_2_1312323645488">
						<int id="w">623</int>
						<int id="z">111</int>
						<str id="name">alakol_cliff_2_1311790920360</str>
						<int id="x">624</int>
						<int id="y">-255</int>
						<int id="h">170</int>
						<str id="sprite_class">alakol_cliff_2</str>
						<int id="r">2</int>
					</object>
					<object id="heights_face_1_1312323645459">
						<int id="w">842</int>
						<int id="z">10</int>
						<str id="name">heights_face_1_1311790745748</str>
						<int id="x">1641</int>
						<int id="y">-463</int>
						<int id="h">576</int>
						<str id="sprite_class">heights_face_1</str>
						<int id="r">-24</int>
					</object>
					<object id="alakol_cliff_1_1311790920359">
						<int id="w">1369</int>
						<int id="z">33</int>
						<str id="name">alakol_cliff_1_1311790920357</str>
						<int id="x">1809</int>
						<int id="y">-197</int>
						<int id="h">199</int>
						<str id="sprite_class">alakol_cliff_1</str>
					</object>
					<object id="heights_topper_2_1312323645477">
						<int id="w">145</int>
						<int id="z">79</int>
						<str id="name">heights_topper_2_1311871710557</str>
						<int id="x">895</int>
						<int id="y">-594</int>
						<int id="h">38</int>
						<str id="sprite_class">heights_topper_2</str>
						<int id="r">3</int>
					</object>
					<object id="stalagmite_base_2_1312323645569">
						<int id="w">67</int>
						<int id="z">39</int>
						<str id="name">stalagmite_base_2_1311790920496</str>
						<int id="x">1759</int>
						<int id="y">-402</int>
						<int id="h">14</int>
						<str id="sprite_class">stalagmite_base_2</str>
					</object>
					<object id="heights_topper_stone_1_1312323645574">
						<int id="w">117</int>
						<int id="z">107</int>
						<str id="name">heights_topper_stone_1_1311874816160</str>
						<int id="x">-1205</int>
						<int id="y">-172</int>
						<int id="h">27</int>
						<str id="sprite_class">heights_topper_stone_1</str>
						<int id="r">2</int>
					</object>
					<object id="heights_mound_3_1311811647674">
						<int id="w">532</int>
						<int id="z">20</int>
						<str id="name">heights_mound_3_1311790920377</str>
						<int id="x">192</int>
						<int id="y">6</int>
						<int id="h">218</int>
						<str id="sprite_class">heights_mound_3</str>
						<int id="r">45</int>
					</object>
					<object id="alakol_cliff_2_1312323645469">
						<int id="w">692</int>
						<int id="z">112</int>
						<str id="name">alakol_cliff_2_1311790920360</str>
						<int id="x">628</int>
						<int id="y">-237</int>
						<int id="h">175</int>
						<str id="sprite_class">alakol_cliff_2</str>
						<int id="r">2</int>
					</object>
					<object id="heights_topper_1_1312323645476">
						<int id="w">269</int>
						<bool id="h_flip">true</bool>
						<str id="name">heights_topper_1_1311790920368</str>
						<int id="x">775</int>
						<int id="y">-582</int>
						<int id="h">69</int>
						<str id="sprite_class">heights_topper_1</str>
						<int id="z">77</int>
						<int id="r">-5</int>
					</object>
					<object id="heights_mound_2_1311790920385">
						<int id="w">294</int>
						<int id="z">23</int>
						<str id="name">heights_mound_2_1311790920380</str>
						<int id="x">738</int>
						<int id="y">-93</int>
						<int id="h">206</int>
						<str id="sprite_class">heights_mound_2</str>
						<int id="r">5</int>
					</object>
					<object id="heights_face_rock_2_1312323645516">
						<int id="w">469</int>
						<int id="z">19</int>
						<str id="name">heights_face_rock_2_1311790920375</str>
						<int id="x">627</int>
						<int id="y">-409</int>
						<int id="h">125</int>
						<str id="sprite_class">heights_face_rock_2</str>
						<int id="r">4</int>
					</object>
					<object id="heights_bush_2_1311874816123">
						<int id="w">142</int>
						<bool id="h_flip">true</bool>
						<str id="name">heights_bush_2_1311790920491</str>
						<int id="x">2468</int>
						<int id="y">-407</int>
						<int id="h">68</int>
						<str id="sprite_class">heights_bush_2</str>
						<int id="z">99</int>
						<int id="r">-3</int>
					</object>
					<object id="ug_rock_1_1311874816187">
						<int id="w">95</int>
						<int id="z">110</int>
						<str id="name">ug_rock_1_1311874816186</str>
						<int id="x">2380</int>
						<int id="y">-405</int>
						<int id="h">62</int>
						<str id="sprite_class">ug_rock_1</str>
						<int id="r">4</int>
					</object>
					<object id="heights_topper_stone_1_1312323645597">
						<int id="w">145</int>
						<int id="z">101</int>
						<str id="name">heights_topper_stone_1_1311874816160</str>
						<int id="x">100</int>
						<int id="y">-271</int>
						<int id="h">33</int>
						<str id="sprite_class">heights_topper_stone_1</str>
						<int id="r">8</int>
					</object>
					<object id="heights_topper_stone_1_1312323645578">
						<int id="w">147</int>
						<int id="z">127</int>
						<str id="name">heights_topper_stone_1_1311874816160</str>
						<int id="x">-1995</int>
						<int id="y">-259</int>
						<int id="h">28</int>
						<str id="sprite_class">heights_topper_stone_1</str>
						<int id="r">11</int>
					</object>
					<object id="alakol_cliff_2_1312323645473">
						<int id="w">651</int>
						<int id="z">37</int>
						<str id="name">alakol_cliff_2_1311790920360</str>
						<int id="x">2340</int>
						<int id="y">-431</int>
						<int id="h">245</int>
						<str id="sprite_class">alakol_cliff_2</str>
						<int id="r">-6</int>
					</object>
					<object id="heights_face_rock_3_1311790920421">
						<int id="w">374</int>
						<int id="z">76</int>
						<str id="name">heights_face_rock_3_1311790920370</str>
						<int id="x">826</int>
						<int id="y">-491</int>
						<int id="h">139</int>
						<str id="sprite_class">heights_face_rock_3</str>
					</object>
					<object id="heights_face_rock_1_1312323645504">
						<int id="w">220</int>
						<int id="z">82</int>
						<str id="name">heights_face_rock_1_1311790920369</str>
						<int id="x">360</int>
						<int id="y">-577</int>
						<int id="h">70</int>
						<str id="sprite_class">heights_face_rock_1</str>
					</object>
					<object id="heights_bandaid_3_1312323645518">
						<int id="w">146</int>
						<int id="z">11</int>
						<str id="name">heights_bandaid_3_1312323645487</str>
						<int id="x">1896</int>
						<int id="y">-735</int>
						<int id="h">264</int>
						<str id="sprite_class">heights_bandaid_3</str>
					</object>
					<object id="heights_face_1_1312323645446">
						<int id="w">842</int>
						<int id="z">47</int>
						<str id="name">heights_face_1_1311790745748</str>
						<int id="x">-2396</int>
						<int id="y">100</int>
						<int id="h">576</int>
						<str id="sprite_class">heights_face_1</str>
						<int id="r">15</int>
					</object>
					<object id="stalagmite_base_3_1312323645568">
						<int id="w">78</int>
						<int id="z">55</int>
						<str id="name">stalagmite_base_3_1311790920494</str>
						<int id="x">1027</int>
						<int id="y">-122</int>
						<int id="h">17</int>
						<str id="sprite_class">stalagmite_base_3</str>
					</object>
					<object id="heights_platform_1_1311790920419">
						<int id="w">211</int>
						<int id="z">75</int>
						<str id="name">heights_platform_1_1311790920418</str>
						<int id="x">-18</int>
						<int id="y">-118</int>
						<int id="h">181</int>
						<str id="sprite_class">heights_platform_1</str>
						<int id="r">-3</int>
					</object>
					<object id="heights_platform_2_1312323645447">
						<int id="w">649</int>
						<int id="z">96</int>
						<str id="name">heights_platform_2_1311790920364</str>
						<int id="x">-2422</int>
						<int id="y">-107</int>
						<int id="h">220</int>
						<str id="sprite_class">heights_platform_2</str>
						<int id="r">4</int>
					</object>
					<object id="alakol_cliff_1_1312323645471">
						<int id="w">1533</int>
						<int id="z">24</int>
						<str id="name">alakol_cliff_1_1311790920357</str>
						<int id="x">2053</int>
						<int id="y">-241</int>
						<int id="h">279</int>
						<str id="sprite_class">alakol_cliff_1</str>
						<int id="r">-6</int>
					</object>
					<object id="heights_moss_1_1312323645506">
						<int id="w">222</int>
						<int id="z">125</int>
						<str id="name">heights_moss_1_1312323645498</str>
						<int id="x">-293</int>
						<int id="y">-135</int>
						<int id="h">121</int>
						<str id="sprite_class">heights_moss_1</str>
						<int id="r">-9</int>
					</object>
					<object id="heights_topper_1_1312323645481">
						<int id="w">269</int>
						<int id="z">88</int>
						<str id="name">heights_topper_1_1311790920368</str>
						<int id="x">1452</int>
						<int id="y">-684</int>
						<int id="h">69</int>
						<str id="sprite_class">heights_topper_1</str>
						<int id="r">7</int>
					</object>
					<object id="heights_topper_stone_1_1312323645580">
						<int id="w">105</int>
						<int id="z">132</int>
						<str id="name">heights_topper_stone_1_1311874816160</str>
						<int id="x">-1686</int>
						<int id="y">-166</int>
						<int id="h">31</int>
						<str id="sprite_class">heights_topper_stone_1</str>
						<int id="r">11</int>
					</object>
					<object id="heights_topper_stone_1_1312323645581">
						<int id="w">147</int>
						<bool id="h_flip">true</bool>
						<str id="name">heights_topper_stone_1_1311874816160</str>
						<int id="x">-1805</int>
						<int id="y">-226</int>
						<int id="h">28</int>
						<str id="sprite_class">heights_topper_stone_1</str>
						<int id="z">130</int>
						<int id="r">11</int>
					</object>
					<object id="trunk_ladder_1_1312323645656">
						<int id="w">75</int>
						<int id="z">139</int>
						<str id="name">trunk_ladder_1_1312323645653</str>
						<int id="x">1883</int>
						<int id="y">-261</int>
						<int id="h">86</int>
						<str id="sprite_class">trunk_ladder_1</str>
					</object>
					<object id="heights_topper_2_1312323645485">
						<int id="w">145</int>
						<int id="z">93</int>
						<str id="name">heights_topper_2_1311871710557</str>
						<int id="x">1323</int>
						<int id="y">-702</int>
						<int id="h">38</int>
						<str id="sprite_class">heights_topper_2</str>
						<int id="r">9</int>
					</object>
					<object id="heights_face_1_1311811647722">
						<int id="w">842</int>
						<int id="z">7</int>
						<str id="name">heights_face_1_1311790745748</str>
						<int id="x">901</int>
						<int id="y">-288</int>
						<int id="h">576</int>
						<str id="sprite_class">heights_face_1</str>
						<int id="r">-14</int>
					</object>
					<object id="heights_face_rock_2_1312323645517">
						<int id="w">819</int>
						<int id="z">14</int>
						<str id="name">heights_face_rock_2_1311790920375</str>
						<int id="x">2300</int>
						<int id="y">-654</int>
						<int id="h">340</int>
						<str id="sprite_class">heights_face_rock_2</str>
						<int id="r">-7</int>
					</object>
					<object id="heights_topper_stone_1_1312323645573">
						<int id="w">117</int>
						<int id="z">104</int>
						<str id="name">heights_topper_stone_1_1311874816160</str>
						<int id="x">-833</int>
						<int id="y">-196</int>
						<int id="h">27</int>
						<str id="sprite_class">heights_topper_stone_1</str>
						<int id="r">2</int>
					</object>
					<object id="alakol_cliff_2_1311811647683">
						<int id="w">802</int>
						<int id="z">56</int>
						<str id="name">alakol_cliff_2_1311790920360</str>
						<int id="x">2332</int>
						<int id="y">-164</int>
						<int id="h">201</int>
						<str id="sprite_class">alakol_cliff_2</str>
						<int id="r">-3</int>
					</object>
					<object id="heights_face_rock_2_1312323645514">
						<int id="w">529</int>
						<int id="z">45</int>
						<str id="name">heights_face_rock_2_1311790920375</str>
						<int id="x">-685</int>
						<int id="y">-215</int>
						<int id="h">135</int>
						<str id="sprite_class">heights_face_rock_2</str>
						<int id="r">-2</int>
					</object>
					<object id="heights_mound_3_1311871710553">
						<int id="w">532</int>
						<int id="z">68</int>
						<str id="name">heights_mound_3_1311790920377</str>
						<int id="x">2304</int>
						<int id="y">135</int>
						<int id="h">202</int>
						<str id="sprite_class">heights_mound_3</str>
					</object>
					<object id="alakol_cliff_2_1311790920360">
						<int id="w">893</int>
						<bool id="h_flip">true</bool>
						<str id="name">alakol_cliff_2_1311790920360</str>
						<int id="x">1154</int>
						<int id="y">-6</int>
						<int id="h">248</int>
						<str id="sprite_class">alakol_cliff_2</str>
						<int id="z">30</int>
						<int id="r">-1</int>
					</object>
					<object id="alakol_cliff_2_1312323645470">
						<int id="w">893</int>
						<bool id="h_flip">true</bool>
						<str id="name">alakol_cliff_2_1311790920360</str>
						<int id="x">469</int>
						<int id="y">-41</int>
						<int id="h">248</int>
						<str id="sprite_class">alakol_cliff_2</str>
						<int id="z">28</int>
						<int id="r">3</int>
					</object>
					<object id="heights_face_rock_2_1312323645512">
						<int id="w">487</int>
						<int id="z">44</int>
						<str id="name">heights_face_rock_2_1311790920375</str>
						<int id="x">-1145</int>
						<int id="y">-165</int>
						<int id="h">192</int>
						<str id="sprite_class">heights_face_rock_2</str>
						<int id="r">-2</int>
					</object>
					<object id="heights_topper_stone_1_1312323645572">
						<int id="w">145</int>
						<int id="z">103</int>
						<str id="name">heights_topper_stone_1_1311874816160</str>
						<int id="x">-645</int>
						<int id="y">-202</int>
						<int id="h">33</int>
						<str id="sprite_class">heights_topper_stone_1</str>
						<int id="r">-1</int>
					</object>
					<object id="heights_moss_2_1312323645508">
						<int id="w">179</int>
						<int id="z">120</int>
						<str id="name">heights_moss_2_1312323645496</str>
						<int id="x">-206</int>
						<int id="y">-243</int>
						<int id="h">48</int>
						<str id="sprite_class">heights_moss_2</str>
						<int id="r">-16</int>
					</object>
					<object id="alakol_cliff_1_1311790920358">
						<int id="w">1261</int>
						<bool id="h_flip">true</bool>
						<str id="name">alakol_cliff_1_1311790920357</str>
						<int id="x">1526</int>
						<int id="y">-11</int>
						<int id="h">211</int>
						<str id="sprite_class">alakol_cliff_1</str>
						<int id="z">32</int>
					</object>
					<object id="heights_topper_stone_1_1312323645576">
						<int id="w">117</int>
						<int id="z">108</int>
						<str id="name">heights_topper_stone_1_1311874816160</str>
						<int id="x">-1155</int>
						<int id="y">-164</int>
						<int id="h">27</int>
						<str id="sprite_class">heights_topper_stone_1</str>
						<int id="r">2</int>
					</object>
					<object id="alakol_cliff_2_1311811647681">
						<int id="w">761</int>
						<int id="z">51</int>
						<str id="name">alakol_cliff_2_1311790920360</str>
						<int id="x">2335</int>
						<int id="y">38</int>
						<int id="h">223</int>
						<str id="sprite_class">alakol_cliff_2</str>
						<int id="r">-2</int>
					</object>
					<object id="heights_mound_3_1311790920387">
						<int id="w">532</int>
						<int id="z">65</int>
						<str id="name">heights_mound_3_1311790920377</str>
						<int id="x">1215</int>
						<int id="y">133</int>
						<int id="h">202</int>
						<str id="sprite_class">heights_mound_3</str>
					</object>
					<object id="heights_face_rock_2_1312323645515">
						<int id="w">453</int>
						<int id="z">8</int>
						<str id="name">heights_face_rock_2_1311790920375</str>
						<int id="x">95</int>
						<int id="y">-264</int>
						<int id="h">184</int>
						<str id="sprite_class">heights_face_rock_2</str>
						<int id="r">-2</int>
					</object>
					<object id="heights_mound_3_1311790920388">
						<int id="w">532</int>
						<int id="z">66</int>
						<str id="name">heights_mound_3_1311790920377</str>
						<int id="x">1580</int>
						<int id="y">143</int>
						<int id="h">202</int>
						<str id="sprite_class">heights_mound_3</str>
						<int id="r">5</int>
					</object>
					<object id="alakol_cliff_2_1312323645462">
						<int id="w">893</int>
						<bool id="h_flip">true</bool>
						<str id="name">alakol_cliff_2_1311790920360</str>
						<int id="x">882</int>
						<int id="y">-27</int>
						<int id="h">248</int>
						<str id="sprite_class">alakol_cliff_2</str>
						<int id="z">29</int>
						<int id="r">3</int>
					</object>
					<object id="alakol_cliff_2_1312323645472">
						<int id="w">692</int>
						<int id="z">36</int>
						<str id="name">alakol_cliff_2_1311790920360</str>
						<int id="x">1932</int>
						<int id="y">-468</int>
						<int id="h">175</int>
						<str id="sprite_class">alakol_cliff_2</str>
						<int id="r">-6</int>
					</object>
					<object id="alakol_cliff_1_1312323645468">
						<int id="w">1524</int>
						<int id="z">38</int>
						<str id="name">alakol_cliff_1_1311790920357</str>
						<int id="x">2325</int>
						<int id="y">-409</int>
						<int id="h">228</int>
						<str id="sprite_class">alakol_cliff_1</str>
						<int id="r">-1</int>
					</object>
					<object id="heights_mound_3_1311811647673">
						<int id="w">532</int>
						<int id="z">21</int>
						<str id="name">heights_mound_3_1311790920377</str>
						<int id="x">113</int>
						<int id="y">45</int>
						<int id="h">202</int>
						<str id="sprite_class">heights_mound_3</str>
						<int id="r">25</int>
					</object>
					<object id="heights_face_rock_1_1312323645479">
						<int id="w">292</int>
						<int id="z">84</int>
						<str id="name">heights_face_rock_1_1311790920369</str>
						<int id="x">1443</int>
						<int id="y">-639</int>
						<int id="h">93</int>
						<str id="sprite_class">heights_face_rock_1</str>
					</object>
					<object id="heights_face_1_1312323645457">
						<int id="w">842</int>
						<int id="z">43</int>
						<str id="name">heights_face_1_1311790745748</str>
						<int id="x">-969</int>
						<int id="y">261</int>
						<int id="h">576</int>
						<str id="sprite_class">heights_face_1</str>
						<int id="r">-15</int>
					</object>
					<object id="heights_topper_stone_1_1312323645598">
						<int id="w">150</int>
						<int id="z">102</int>
						<str id="name">heights_topper_stone_1_1311874816160</str>
						<int id="x">60</int>
						<int id="y">-241</int>
						<int id="h">46</int>
						<str id="sprite_class">heights_topper_stone_1</str>
						<int id="r">3</int>
					</object>
					<object id="stalagmite_base_1_1312323645565">
						<int id="w">157</int>
						<int id="z">71</int>
						<str id="name">stalagmite_base_1_1311790920492</str>
						<int id="x">-1437</int>
						<int id="y">-186</int>
						<int id="h">35</int>
						<str id="sprite_class">stalagmite_base_1</str>
					</object>
					<object id="trunk_ladder_1_1312323645655">
						<int id="w">75</int>
						<bool id="h_flip">true</bool>
						<str id="name">trunk_ladder_1_1312323645653</str>
						<int id="x">1899</int>
						<int id="y">-203</int>
						<int id="h">86</int>
						<str id="sprite_class">trunk_ladder_1</str>
						<int id="z">140</int>
					</object>
					<object id="heights_platform_1_1311790920418">
						<int id="w">211</int>
						<int id="z">74</int>
						<str id="name">heights_platform_1_1311790920418</str>
						<int id="x">139</int>
						<int id="y">-113</int>
						<int id="h">181</int>
						<str id="sprite_class">heights_platform_1</str>
						<int id="r">3</int>
					</object>
					<object id="stalagmite_base_2_1312323645646">
						<int id="w">70</int>
						<int id="z">135</int>
						<str id="name">stalagmite_base_2_1311790920496</str>
						<int id="x">-1014</int>
						<int id="y">-135</int>
						<int id="h">18</int>
						<str id="sprite_class">stalagmite_base_2</str>
					</object>
					<object id="stalagmite_base_1_1312323645667">
						<int id="w">201</int>
						<int id="z">58</int>
						<str id="name">stalagmite_base_1_1311790920492</str>
						<int id="x">1530</int>
						<int id="y">-356</int>
						<int id="h">45</int>
						<str id="sprite_class">stalagmite_base_1</str>
					</object>
					<object id="heights_topper_stone_1_1312323645577">
						<int id="w">150</int>
						<int id="z">109</int>
						<str id="name">heights_topper_stone_1_1311874816160</str>
						<int id="x">-690</int>
						<int id="y">-173</int>
						<int id="h">37</int>
						<str id="sprite_class">heights_topper_stone_1</str>
					</object>
					<object id="stalagmite_base_3_1311874816109">
						<int id="w">91</int>
						<int id="z">97</int>
						<str id="name">stalagmite_base_3_1311790920494</str>
						<int id="x">1436</int>
						<int id="y">-200</int>
						<int id="h">19</int>
						<str id="sprite_class">stalagmite_base_3</str>
					</object>
					<object id="heights_face_rock_2_1312323645513">
						<int id="w">529</int>
						<int id="z">46</int>
						<str id="name">heights_face_rock_2_1311790920375</str>
						<int id="x">-916</int>
						<int id="y">-192</int>
						<int id="h">135</int>
						<str id="sprite_class">heights_face_rock_2</str>
						<int id="r">-2</int>
					</object>
					<object id="heights_topper_1_1312323645483">
						<int id="w">269</int>
						<bool id="h_flip">true</bool>
						<str id="name">heights_topper_1_1311790920368</str>
						<int id="x">1188</int>
						<int id="y">-719</int>
						<int id="h">69</int>
						<str id="sprite_class">heights_topper_1</str>
						<int id="z">86</int>
						<int id="r">-10</int>
					</object>
					<object id="heights_topper_1_1312323645474">
						<int id="w">269</int>
						<int id="z">89</int>
						<str id="name">heights_topper_1_1311790920368</str>
						<int id="x">1031</int>
						<int id="y">-444</int>
						<int id="h">69</int>
						<str id="sprite_class">heights_topper_1</str>
						<int id="r">7</int>
					</object>
					<object id="heights_topper_1_1312323645505">
						<int id="w">229</int>
						<int id="z">83</int>
						<str id="name">heights_topper_1_1311790920368</str>
						<int id="x">360</int>
						<int id="y">-607</int>
						<int id="h">59</int>
						<str id="sprite_class">heights_topper_1</str>
						<int id="r">7</int>
					</object>
					<object id="alakol_cliff_1_1311790920362">
						<int id="w">1533</int>
						<int id="z">25</int>
						<str id="name">alakol_cliff_1_1311790920357</str>
						<int id="x">1914</int>
						<int id="y">-167</int>
						<int id="h">279</int>
						<str id="sprite_class">alakol_cliff_1</str>
						<int id="r">-1</int>
					</object>
					<object id="heights_moss_2_1312323645507">
						<int id="w">237</int>
						<int id="z">119</int>
						<str id="name">heights_moss_2_1312323645496</str>
						<int id="x">-278</int>
						<int id="y">-249</int>
						<int id="h">41</int>
						<str id="sprite_class">heights_moss_2</str>
						<int id="r">-8</int>
					</object>
					<object id="alakol_cliff_2_1311811647682">
						<int id="w">761</int>
						<int id="z">27</int>
						<str id="name">alakol_cliff_2_1311790920360</str>
						<int id="x">2340</int>
						<int id="y">14</int>
						<int id="h">223</int>
						<str id="sprite_class">alakol_cliff_2</str>
						<int id="r">-1</int>
					</object>
					<object id="heights_mound_2_1312323645491">
						<int id="w">362</int>
						<int id="z">0</int>
						<str id="name">heights_mound_2_1311790920380</str>
						<int id="x">-1134</int>
						<int id="y">-189</int>
						<int id="h">216</int>
						<str id="sprite_class">heights_mound_2</str>
						<int id="r">16</int>
					</object>
					<object id="heights_mound_2_1312323645490">
						<int id="w">362</int>
						<int id="z">1</int>
						<str id="name">heights_mound_2_1311790920380</str>
						<int id="x">-1228</int>
						<int id="y">-59</int>
						<int id="h">216</int>
						<str id="sprite_class">heights_mound_2</str>
						<int id="r">1</int>
					</object>
					<object id="stalagmite_base_2_1312323645567">
						<int id="w">152</int>
						<int id="z">53</int>
						<str id="name">stalagmite_base_2_1311790920496</str>
						<int id="x">1141</int>
						<int id="y">-132</int>
						<int id="h">33</int>
						<str id="sprite_class">stalagmite_base_2</str>
					</object>
					<object id="wood_platform_1312323645663">
						<int id="w">51</int>
						<int id="z">114</int>
						<str id="name">wood_platform_1312323645663</str>
						<int id="x">800</int>
						<int id="y">-246</int>
						<int id="h">23</int>
						<str id="sprite_class">wood_platform</str>
					</object>
					<object id="heights_moss_1_1312323645523">
						<int id="w">182</int>
						<int id="z">126</int>
						<str id="name">heights_moss_1_1312323645498</str>
						<int id="x">2119</int>
						<int id="y">-38</int>
						<int id="h">99</int>
						<str id="sprite_class">heights_moss_1</str>
						<int id="r">4</int>
					</object>
					<object id="heights_face_rock_2_1312323645510">
						<int id="w">507</int>
						<int id="z">49</int>
						<str id="name">heights_face_rock_2_1311790920375</str>
						<int id="x">-1615</int>
						<int id="y">-156</int>
						<int id="h">158</int>
						<str id="sprite_class">heights_face_rock_2</str>
						<int id="r">11</int>
					</object>
					<object id="ug_rock_1_1312323645595">
						<int id="w">36</int>
						<int id="z">122</int>
						<str id="name">ug_rock_1_1311874816186</str>
						<int id="x">-110</int>
						<int id="y">-280</int>
						<int id="h">26</int>
						<str id="sprite_class">ug_rock_1</str>
						<int id="r">-1</int>
					</object>
					<object id="stalagmite_base_2_1312323645645">
						<int id="w">41</int>
						<int id="z">136</int>
						<str id="name">stalagmite_base_2_1311790920496</str>
						<int id="x">-952</int>
						<int id="y">-144</int>
						<int id="h">12</int>
						<str id="sprite_class">stalagmite_base_2</str>
					</object>
					<object id="heights_mound_3_1312323645458">
						<int id="w">532</int>
						<int id="z">22</int>
						<str id="name">heights_mound_3_1311790920377</str>
						<int id="x">-99</int>
						<int id="y">122</int>
						<int id="h">202</int>
						<str id="sprite_class">heights_mound_3</str>
						<int id="r">20</int>
					</object>
					<object id="heights_topper_2_1311790920414">
						<int id="w">227</int>
						<int id="z">69</int>
						<str id="name">heights_topper_2_1311790920395</str>
						<int id="x">-930</int>
						<int id="y">-171</int>
						<int id="h">39</int>
						<str id="sprite_class">heights_topper_2</str>
						<int id="r">-8</int>
					</object>
					<object id="heights_face_rock_2_1312323645520">
						<int id="w">709</int>
						<int id="z">16</int>
						<str id="name">heights_face_rock_2_1311790920375</str>
						<int id="x">1778</int>
						<int id="y">-463</int>
						<int id="h">307</int>
						<str id="sprite_class">heights_face_rock_2</str>
						<int id="r">-7</int>
					</object>
					<object id="heights_mound_3_1312323645467">
						<int id="w">532</int>
						<int id="z">4</int>
						<str id="name">heights_mound_3_1311790920377</str>
						<int id="x">-819</int>
						<int id="y">-204</int>
						<int id="h">202</int>
						<str id="sprite_class">heights_mound_3</str>
						<int id="r">-5</int>
					</object>
					<object id="heights_topper_2_1312323645475">
						<int id="w">145</int>
						<int id="z">91</int>
						<str id="name">heights_topper_2_1311871710557</str>
						<int id="x">1045</int>
						<int id="y">-452</int>
						<int id="h">38</int>
						<str id="sprite_class">heights_topper_2</str>
						<int id="r">3</int>
					</object>
					<object id="heights_platform_3_1311790920407">
						<int id="w">236</int>
						<int id="z">73</int>
						<str id="name">heights_platform_3_1311790920407</str>
						<int id="x">-835</int>
						<int id="y">-13</int>
						<int id="h">205</int>
						<str id="sprite_class">heights_platform_3</str>
					</object>
					<object id="heights_face_1_1311811647723">
						<int id="w">842</int>
						<int id="z">9</int>
						<str id="name">heights_face_1_1311790745748</str>
						<int id="x">2250</int>
						<int id="y">-495</int>
						<int id="h">576</int>
						<str id="sprite_class">heights_face_1</str>
						<int id="r">-8</int>
					</object>
					<object id="gravel_2_1312323645594">
						<int id="w">49</int>
						<int id="z">124</int>
						<str id="name">gravel_2_1311874816107</str>
						<int id="x">-171</int>
						<int id="y">-275</int>
						<int id="h">28</int>
						<str id="sprite_class">gravel_2</str>
						<int id="r">-6</int>
					</object>
					<object id="alakol_cliff_2_1311811647680">
						<int id="w">761</int>
						<int id="z">61</int>
						<str id="name">alakol_cliff_2_1311790920360</str>
						<int id="x">2307</int>
						<int id="y">64</int>
						<int id="h">223</int>
						<str id="sprite_class">alakol_cliff_2</str>
						<int id="r">-3</int>
					</object>
					<object id="heights_face_1_1311811647672">
						<int id="w">842</int>
						<int id="z">13</int>
						<str id="name">heights_face_1_1311790745748</str>
						<int id="x">-440</int>
						<int id="y">212</int>
						<int id="h">576</int>
						<str id="sprite_class">heights_face_1</str>
						<int id="r">7</int>
					</object>
					<object id="stalagmite_base_1_1312323645564">
						<int id="w">157</int>
						<int id="z">60</int>
						<str id="name">stalagmite_base_1_1311790920492</str>
						<int id="x">2191</int>
						<int id="y">-311</int>
						<int id="h">35</int>
						<str id="sprite_class">stalagmite_base_1</str>
					</object>
					<object id="heights_face_1_1311790920367">
						<int id="w">842</int>
						<int id="z">6</int>
						<str id="name">heights_face_1_1311790745748</str>
						<int id="x">353</int>
						<int id="y">31</int>
						<int id="h">576</int>
						<str id="sprite_class">heights_face_1</str>
						<int id="r">-23</int>
					</object>
					<object id="heights_topper_stone_1_1312323645583">
						<int id="w">147</int>
						<bool id="h_flip">true</bool>
						<str id="name">heights_topper_stone_1_1311874816160</str>
						<int id="x">-2462</int>
						<int id="y">-305</int>
						<int id="h">28</int>
						<str id="sprite_class">heights_topper_stone_1</str>
						<int id="z">128</int>
						<int id="r">4</int>
					</object>
					<object id="heights_topper_1_1312323645482">
						<int id="w">269</int>
						<int id="z">87</int>
						<str id="name">heights_topper_1_1311790920368</str>
						<int id="x">1338</int>
						<int id="y">-706</int>
						<int id="h">69</int>
						<str id="sprite_class">heights_topper_1</str>
						<int id="r">7</int>
					</object>
					<object id="heights_platform_4_1311790920397">
						<int id="w">619</int>
						<int id="z">70</int>
						<str id="name">heights_platform_4_1311790920397</str>
						<int id="x">-1247</int>
						<int id="y">48</int>
						<int id="h">248</int>
						<str id="sprite_class">heights_platform_4</str>
					</object>
					<object id="heights_topper_2_1312323645486">
						<int id="w">145</int>
						<int id="z">94</int>
						<str id="name">heights_topper_2_1311871710557</str>
						<int id="x">1480</int>
						<int id="y">-695</int>
						<int id="h">38</int>
						<str id="sprite_class">heights_topper_2</str>
						<int id="r">-1</int>
					</object>
					<object id="stalagmite_base_2_1312323645668">
						<int id="w">103</int>
						<int id="z">59</int>
						<str id="name">stalagmite_base_2_1311790920496</str>
						<int id="x">1442</int>
						<int id="y">-351</int>
						<int id="h">22</int>
						<str id="sprite_class">stalagmite_base_2</str>
					</object>
					<object id="heights_face_rock_1_1311871710554">
						<int id="w">292</int>
						<int id="z">81</int>
						<str id="name">heights_face_rock_1_1311790920369</str>
						<int id="x">1048</int>
						<int id="y">-399</int>
						<int id="h">93</int>
						<str id="sprite_class">heights_face_rock_1</str>
					</object>
					<object id="trunk_ladder_1_1312323645662">
						<int id="w">75</int>
						<int id="z">113</int>
						<str id="name">trunk_ladder_1_1312323645653</str>
						<int id="x">798</int>
						<int id="y">-275</int>
						<int id="h">86</int>
						<str id="sprite_class">trunk_ladder_1</str>
					</object>
					<object id="heights_bush_1_1312323645592">
						<int id="w">155</int>
						<bool id="h_flip">true</bool>
						<str id="name">heights_bush_1_1311790920488</str>
						<int id="x">652</int>
						<int id="y">-231</int>
						<int id="h">77</int>
						<str id="sprite_class">heights_bush_1</str>
						<int id="z">115</int>
						<int id="r">-1</int>
					</object>
					<object id="stalagmite_base_1_1312323645563">
						<int id="w">157</int>
						<int id="z">57</int>
						<str id="name">stalagmite_base_1_1311790920492</str>
						<int id="x">2107</int>
						<int id="y">-324</int>
						<int id="h">35</int>
						<str id="sprite_class">stalagmite_base_1</str>
					</object>
					<object id="heights_topper_stone_1_1312323645601">
						<int id="w">97</int>
						<int id="z">34</int>
						<str id="name">heights_topper_stone_1_1311874816160</str>
						<int id="x">1337</int>
						<int id="y">-342</int>
						<int id="h">26</int>
						<str id="sprite_class">heights_topper_stone_1</str>
						<int id="r">3</int>
					</object>
					<object id="heights_mound_3_1311790920384">
						<int id="w">532</int>
						<int id="z">64</int>
						<str id="name">heights_mound_3_1311790920377</str>
						<int id="x">758</int>
						<int id="y">108</int>
						<int id="h">202</int>
						<str id="sprite_class">heights_mound_3</str>
						<int id="r">20</int>
					</object>
					<object id="heights_moss_2_1312323645496">
						<int id="w">229</int>
						<int id="z">117</int>
						<str id="name">heights_moss_2_1312323645496</str>
						<int id="x">507</int>
						<int id="y">-407</int>
						<int id="h">32</int>
						<str id="sprite_class">heights_moss_2</str>
					</object>
					<object id="heights_mound_2_1311874816138">
						<int id="w">362</int>
						<int id="z">2</int>
						<str id="name">heights_mound_2_1311790920380</str>
						<int id="x">-1885</int>
						<int id="y">-286</int>
						<int id="h">216</int>
						<str id="sprite_class">heights_mound_2</str>
						<int id="r">50</int>
					</object>
					<object id="alakol_cliff_1_1311790920357">
						<int id="w">1261</int>
						<bool id="h_flip">true</bool>
						<str id="name">alakol_cliff_1_1311790920357</str>
						<int id="x">1513</int>
						<int id="y">27</int>
						<int id="h">211</int>
						<str id="sprite_class">alakol_cliff_1</str>
						<int id="z">52</int>
					</object>
					<object id="heights_bush_2_1312323645593">
						<int id="w">142</int>
						<int id="z">121</int>
						<str id="name">heights_bush_2_1311790920491</str>
						<int id="x">-109</int>
						<int id="y">-280</int>
						<int id="h">68</int>
						<str id="sprite_class">heights_bush_2</str>
						<int id="r">-3</int>
					</object>
					<object id="gravel_2_1312323645586">
						<int id="w">53</int>
						<int id="z">133</int>
						<str id="name">gravel_2_1311874816107</str>
						<int id="x">-1700</int>
						<int id="y">-221</int>
						<int id="h">31</int>
						<str id="sprite_class">gravel_2</str>
						<int id="r">-3</int>
					</object>
					<object id="heights_moss_2_1312323645502">
						<int id="w">294</int>
						<int id="z">41</int>
						<str id="name">heights_moss_2_1312323645496</str>
						<int id="x">1981</int>
						<int id="y">-609</int>
						<int id="h">47</int>
						<str id="sprite_class">heights_moss_2</str>
						<int id="r">-2</int>
					</object>
					<object id="stalagmite_base_3_1312323645566">
						<int id="w">175</int>
						<int id="z">54</int>
						<str id="name">stalagmite_base_3_1311790920494</str>
						<int id="x">1222</int>
						<int id="y">-118</int>
						<int id="h">37</int>
						<str id="sprite_class">stalagmite_base_3</str>
					</object>
					<object id="heights_moss_1_1312323645498">
						<int id="w">239</int>
						<int id="z">118</int>
						<str id="name">heights_moss_1_1312323645498</str>
						<int id="x">519</int>
						<int id="y">-272</int>
						<int id="h">163</int>
						<str id="sprite_class">heights_moss_1</str>
						<int id="r">4</int>
					</object>
					<object id="heights_face_rock_2_1312323645521">
						<int id="w">468</int>
						<int id="z">17</int>
						<str id="name">heights_face_rock_2_1311790920375</str>
						<int id="x">1459</int>
						<int id="y">-405</int>
						<int id="h">199</int>
						<str id="sprite_class">heights_face_rock_2</str>
						<int id="r">-7</int>
					</object>
					<object id="heights_mound_3_1311790920389">
						<int id="w">532</int>
						<int id="z">67</int>
						<str id="name">heights_mound_3_1311790920377</str>
						<int id="x">1935</int>
						<int id="y">128</int>
						<int id="h">202</int>
						<str id="sprite_class">heights_mound_3</str>
						<int id="r">-5</int>
					</object>
					<object id="heights_topper_stone_1_1312323645575">
						<int id="w">117</int>
						<bool id="h_flip">true</bool>
						<str id="name">heights_topper_stone_1_1311874816160</str>
						<int id="x">-1118</int>
						<int id="y">-177</int>
						<int id="h">27</int>
						<str id="sprite_class">heights_topper_stone_1</str>
						<int id="z">106</int>
						<int id="r">-6</int>
					</object>
					<object id="heights_topper_stone_1_1312323645599">
						<int id="w">127</int>
						<int id="z">26</int>
						<str id="name">heights_topper_stone_1_1311874816160</str>
						<int id="x">1449</int>
						<int id="y">-411</int>
						<int id="h">28</int>
						<str id="sprite_class">heights_topper_stone_1</str>
						<int id="r">-9</int>
					</object>
					<object id="heights_mound_3_1312323645466">
						<int id="w">532</int>
						<int id="z">62</int>
						<str id="name">heights_mound_3_1311790920377</str>
						<int id="x">187</int>
						<int id="y">22</int>
						<int id="h">202</int>
						<str id="sprite_class">heights_mound_3</str>
						<int id="r">20</int>
					</object>
					<object id="heights_face_rock_2_1312323645509">
						<int id="w">645</int>
						<int id="z">48</int>
						<str id="name">heights_face_rock_2_1311790920375</str>
						<int id="x">-1885</int>
						<int id="y">-238</int>
						<int id="h">218</int>
						<str id="sprite_class">heights_face_rock_2</str>
						<int id="r">8</int>
					</object>
					<object id="heights_mound_3_1311811647721">
						<int id="w">532</int>
						<int id="z">3</int>
						<str id="name">heights_mound_3_1311790920377</str>
						<int id="x">-1909</int>
						<int id="y">-251</int>
						<int id="h">202</int>
						<str id="sprite_class">heights_mound_3</str>
						<int id="r">-5</int>
					</object>
					<object id="heights_topper_2_1312323645484">
						<int id="w">145</int>
						<int id="z">92</int>
						<str id="name">heights_topper_2_1311871710557</str>
						<int id="x">1168</int>
						<int id="y">-723</int>
						<int id="h">38</int>
						<str id="sprite_class">heights_topper_2</str>
						<int id="r">5</int>
					</object>
					<object id="heights_topper_1_1311871710550">
						<int id="w">269</int>
						<int id="z">78</int>
						<str id="name">heights_topper_1_1311790920368</str>
						<int id="x">874</int>
						<int id="y">-580</int>
						<int id="h">69</int>
						<str id="sprite_class">heights_topper_1</str>
						<int id="r">7</int>
					</object>
					<object id="heights_bush_1_1312323645591">
						<int id="w">155</int>
						<int id="z">116</int>
						<str id="name">heights_bush_1_1311790920488</str>
						<int id="x">542</int>
						<int id="y">-236</int>
						<int id="h">77</int>
						<str id="sprite_class">heights_bush_1</str>
						<int id="r">4</int>
					</object>
				</object>
				<int id="w">5000</int>
				<str id="name">middleground</str>
				<object id="targets">
				</object>
				<int id="h">1000</int>
				<int id="z">0</int>
				<object id="boxes">
					<object id="box_1">
						<int id="y">-674</int>
						<int id="h">100</int>
						<int id="w">80</int>
						<int id="x">357</int>
						<str id="id">11spots_muufo_05</str>
					</object>
				</object>
				<object id="walls">
				</object>
			</object>
			<object id="T_1309388549234">
				<object id="decos">
					<object id="heights_bush_1_1312323645559">
						<int id="w">14</int>
						<int id="z">40</int>
						<str id="name">heights_bush_1_1311790920488</str>
						<int id="x">3172</int>
						<int id="y">117</int>
						<int id="h">8</int>
						<str id="sprite_class">heights_bush_1</str>
						<int id="r">-2</int>
					</object>
					<object id="alakol_water_rock_2_1312323645537">
						<int id="w">158</int>
						<int id="z">7</int>
						<str id="name">alakol_water_rock_2_1312323645536</str>
						<int id="x">2070</int>
						<int id="y">645</int>
						<int id="h">90</int>
						<str id="sprite_class">alakol_water_rock_2</str>
					</object>
					<object id="cliff_cover_5_1311790920485">
						<int id="w">851</int>
						<int id="z">0</int>
						<str id="name">cliff_cover_5_1311790920478</str>
						<int id="x">2654</int>
						<int id="y">356</int>
						<int id="h">371</int>
						<str id="sprite_class">cliff_cover_5</str>
						<int id="r">-20</int>
					</object>
					<object id="bush_patch_2_1312323645555">
						<int id="w">55</int>
						<int id="z">38</int>
						<str id="name">bush_patch_2_1312323645555</str>
						<int id="x">2433</int>
						<int id="y">313</int>
						<int id="h">5</int>
						<str id="sprite_class">bush_patch_2</str>
					</object>
					<object id="pinecluster_mask_1_1312323645550">
						<int id="w">45</int>
						<int id="z">33</int>
						<str id="name">pinecluster_mask_1_1312323645550</str>
						<int id="x">2062</int>
						<int id="y">473</int>
						<int id="h">17</int>
						<str id="sprite_class">pinecluster_mask_1</str>
					</object>
					<object id="alakol_grass_top_1312323645526">
						<int id="w">69</int>
						<int id="z">17</int>
						<str id="name">alakol_grass_top_1312323645524</str>
						<int id="x">2430</int>
						<int id="y">326</int>
						<int id="h">17</int>
						<str id="sprite_class">alakol_grass_top</str>
					</object>
					<object id="pinecluster_1_1312323645547">
						<int id="w">35</int>
						<int id="z">15</int>
						<str id="name">pinecluster_1_1312323645543</str>
						<int id="x">1826</int>
						<int id="y">542</int>
						<int id="h">25</int>
						<str id="sprite_class">pinecluster_1</str>
					</object>
					<object id="pinehills_2_1311790920480">
						<int id="w">878</int>
						<int id="z">27</int>
						<str id="name">pinehills_2_1311790920475</str>
						<int id="x">1906</int>
						<int id="y">856</int>
						<int id="h">265</int>
						<str id="sprite_class">pinehills_2</str>
					</object>
					<object id="alakol_grass_top_1312323645525">
						<int id="w">183</int>
						<int id="z">10</int>
						<str id="name">alakol_grass_top_1312323645524</str>
						<int id="x">2116</int>
						<int id="y">492</int>
						<int id="h">31</int>
						<str id="sprite_class">alakol_grass_top</str>
					</object>
					<object id="cliff_cover_5_1311790920478">
						<int id="w">783</int>
						<int id="z">4</int>
						<str id="name">cliff_cover_5_1311790920478</str>
						<int id="x">2334</int>
						<int id="y">565</int>
						<int id="h">341</int>
						<str id="sprite_class">cliff_cover_5</str>
						<int id="r">-10</int>
					</object>
					<object id="heights_coniferous_4_1312323645558">
						<int id="w">26</int>
						<int id="z">39</int>
						<str id="name">heights_coniferous_4_1312323645558</str>
						<int id="x">3173</int>
						<int id="y">116</int>
						<int id="h">46</int>
						<str id="sprite_class">heights_coniferous_4</str>
					</object>
					<object id="heights_bush_1_1312323645562">
						<int id="w">14</int>
						<int id="z">43</int>
						<str id="name">heights_bush_1_1311790920488</str>
						<int id="x">3222</int>
						<int id="y">119</int>
						<int id="h">6</int>
						<str id="sprite_class">heights_bush_1</str>
						<int id="r">-2</int>
					</object>
					<object id="alakol_water_rock_2_1312323645536">
						<int id="w">133</int>
						<int id="z">6</int>
						<str id="name">alakol_water_rock_2_1312323645536</str>
						<int id="x">1699</int>
						<int id="y">593</int>
						<int id="h">48</int>
						<str id="sprite_class">alakol_water_rock_2</str>
					</object>
					<object id="pinehills_2_1311790920481">
						<int id="w">878</int>
						<int id="z">3</int>
						<str id="name">pinehills_2_1311790920475</str>
						<int id="x">1835</int>
						<int id="y">778</int>
						<int id="h">265</int>
						<str id="sprite_class">pinehills_2</str>
					</object>
					<object id="alakol_grass_top_1312323645528">
						<int id="w">174</int>
						<int id="z">14</int>
						<str id="name">alakol_grass_top_1312323645524</str>
						<int id="x">1856</int>
						<int id="y">559</int>
						<int id="h">24</int>
						<str id="sprite_class">alakol_grass_top</str>
					</object>
					<object id="pinehills_2_1312323645453">
						<int id="w">878</int>
						<int id="z">24</int>
						<str id="name">pinehills_2_1311790920475</str>
						<int id="x">43</int>
						<int id="y">649</int>
						<int id="h">265</int>
						<str id="sprite_class">pinehills_2</str>
						<int id="r">4</int>
					</object>
					<object id="pinecluster_mask_1_1312323645552">
						<int id="w">45</int>
						<int id="z">35</int>
						<str id="name">pinecluster_mask_1_1312323645550</str>
						<int id="x">1819</int>
						<int id="y">543</int>
						<int id="h">17</int>
						<str id="sprite_class">pinecluster_mask_1</str>
					</object>
					<object id="pinecluster_1_1312323645544">
						<int id="w">35</int>
						<int id="z">11</int>
						<str id="name">pinecluster_1_1312323645543</str>
						<int id="x">2064</int>
						<int id="y">473</int>
						<int id="h">25</int>
						<str id="sprite_class">pinecluster_1</str>
					</object>
					<object id="pinehills_2_1312323645452">
						<int id="w">878</int>
						<int id="z">23</int>
						<str id="name">pinehills_2_1311790920475</str>
						<int id="x">358</int>
						<int id="y">706</int>
						<int id="h">265</int>
						<str id="sprite_class">pinehills_2</str>
						<int id="r">4</int>
					</object>
					<object id="pinehills_2_1312323645455">
						<int id="w">878</int>
						<int id="z">31</int>
						<str id="name">pinehills_2_1311790920475</str>
						<int id="x">1560</int>
						<int id="y">856</int>
						<int id="h">265</int>
						<str id="sprite_class">pinehills_2</str>
					</object>
					<object id="cliff_cover_5_1311790920477">
						<int id="w">743</int>
						<int id="z">5</int>
						<str id="name">cliff_cover_5_1311790920477</str>
						<int id="x">2067</int>
						<int id="y">705</int>
						<int id="h">323</int>
						<str id="sprite_class">cliff_cover_5</str>
						<int id="r">-5</int>
					</object>
					<object id="pinecluster_mask_1_1312323645553">
						<int id="w">45</int>
						<int id="z">36</int>
						<str id="name">pinecluster_mask_1_1312323645550</str>
						<int id="x">1878</int>
						<int id="y">542</int>
						<int id="h">17</int>
						<str id="sprite_class">pinecluster_mask_1</str>
					</object>
					<object id="pinehills_2_1312323645451">
						<int id="w">878</int>
						<int id="z">26</int>
						<str id="name">pinehills_2_1311790920475</str>
						<int id="x">665</int>
						<int id="y">792</int>
						<int id="h">265</int>
						<str id="sprite_class">pinehills_2</str>
					</object>
					<object id="cliff_cover_5_1311811647727">
						<int id="w">1018</int>
						<int id="z">1</int>
						<str id="name">cliff_cover_5_1311790920478</str>
						<int id="x">3083</int>
						<int id="y">335</int>
						<int id="h">393</int>
						<str id="sprite_class">cliff_cover_5</str>
						<int id="r">-15</int>
					</object>
					<object id="pinecluster_1_1312323645545">
						<int id="w">35</int>
						<int id="z">12</int>
						<str id="name">pinecluster_1_1312323645543</str>
						<int id="x">2089</int>
						<int id="y">471</int>
						<int id="h">25</int>
						<str id="sprite_class">pinecluster_1</str>
					</object>
					<object id="pinecluster_mask_1_1312323645551">
						<int id="w">45</int>
						<int id="z">34</int>
						<str id="name">pinecluster_mask_1_1312323645550</str>
						<int id="x">1905</int>
						<int id="y">544</int>
						<int id="h">17</int>
						<str id="sprite_class">pinecluster_mask_1</str>
					</object>
					<object id="heights_bush_1_1312323645560">
						<int id="w">14</int>
						<int id="z">41</int>
						<str id="name">heights_bush_1_1311790920488</str>
						<int id="x">3160</int>
						<int id="y">117</int>
						<int id="h">8</int>
						<str id="sprite_class">heights_bush_1</str>
						<int id="r">-2</int>
					</object>
					<object id="pinehills_2_1311790920475">
						<int id="w">878</int>
						<int id="z">18</int>
						<str id="name">pinehills_2_1311790920475</str>
						<int id="x">1601</int>
						<int id="y">814</int>
						<int id="h">265</int>
						<str id="sprite_class">pinehills_2</str>
					</object>
					<object id="pinecluster_1_1312323645549">
						<int id="w">35</int>
						<int id="z">13</int>
						<str id="name">pinecluster_1_1312323645543</str>
						<int id="x">2182</int>
						<int id="y">476</int>
						<int id="h">25</int>
						<str id="sprite_class">pinecluster_1</str>
					</object>
					<object id="pinehills_2_1311790920483">
						<int id="w">881</int>
						<int id="z">21</int>
						<str id="name">pinehills_2_1311790920475</str>
						<int id="x">1116</int>
						<int id="y">732</int>
						<int id="h">171</int>
						<str id="sprite_class">pinehills_2</str>
						<int id="r">4</int>
					</object>
					<object id="pinehills_2_1312323645538">
						<int id="w">878</int>
						<int id="z">28</int>
						<str id="name">pinehills_2_1311790920475</str>
						<int id="x">2268</int>
						<int id="y">854</int>
						<int id="h">265</int>
						<str id="sprite_class">pinehills_2</str>
					</object>
					<object id="pinehills_2_1312323645450">
						<int id="w">878</int>
						<int id="z">22</int>
						<str id="name">pinehills_2_1311790920475</str>
						<int id="x">720</int>
						<int id="y">755</int>
						<int id="h">265</int>
						<str id="sprite_class">pinehills_2</str>
						<int id="r">9</int>
					</object>
					<object id="alakol_grass_top_1312323645530">
						<int id="w">99</int>
						<int id="z">2</int>
						<str id="name">alakol_grass_top_1312323645524</str>
						<int id="x">3184</int>
						<int id="y">129</int>
						<int id="h">18</int>
						<str id="sprite_class">alakol_grass_top</str>
					</object>
					<object id="pinehills_2_1312323645454">
						<int id="w">878</int>
						<int id="z">25</int>
						<str id="name">pinehills_2_1311790920475</str>
						<int id="x">273</int>
						<int id="y">730</int>
						<int id="h">265</int>
						<str id="sprite_class">pinehills_2</str>
					</object>
					<object id="pinehills_2_1311790920484">
						<int id="w">878</int>
						<int id="z">32</int>
						<str id="name">pinehills_2_1311790920475</str>
						<int id="x">1101</int>
						<int id="y">853</int>
						<int id="h">265</int>
						<str id="sprite_class">pinehills_2</str>
					</object>
					<object id="pinecluster_2_1312323645548">
						<int id="w">57</int>
						<int id="z">16</int>
						<str id="name">pinecluster_2_1312323645548</str>
						<int id="x">1897</int>
						<int id="y">544</int>
						<int id="h">33</int>
						<str id="sprite_class">pinecluster_2</str>
						<int id="r">5</int>
					</object>
					<object id="tree_canopy_single_1_1312323645554">
						<int id="w">21</int>
						<int id="z">37</int>
						<str id="name">tree_canopy_single_1_1312323645554</str>
						<int id="x">2446</int>
						<int id="y">313</int>
						<int id="h">28</int>
						<str id="sprite_class">tree_canopy_single_1</str>
					</object>
					<object id="alakol_water_rock_1_1312323645534">
						<int id="w">98</int>
						<int id="z">8</int>
						<str id="name">alakol_water_rock_1_1312323645533</str>
						<int id="x">1922</int>
						<int id="y">632</int>
						<int id="h">96</int>
						<str id="sprite_class">alakol_water_rock_1</str>
					</object>
					<object id="alakol_water_rock_2_1312323645541">
						<int id="w">327</int>
						<int id="z">29</int>
						<str id="name">alakol_water_rock_2_1312323645536</str>
						<int id="x">1958</int>
						<int id="y">686</int>
						<int id="h">50</int>
						<str id="sprite_class">alakol_water_rock_2</str>
					</object>
					<object id="alakol_water_rock_1_1312323645540">
						<int id="w">45</int>
						<int id="z">20</int>
						<str id="name">alakol_water_rock_1_1312323645533</str>
						<int id="x">1497</int>
						<int id="y">616</int>
						<int id="h">33</int>
						<str id="sprite_class">alakol_water_rock_1</str>
					</object>
					<object id="alakol_water_rock_1_1312323645539">
						<int id="w">86</int>
						<int id="z">19</int>
						<str id="name">alakol_water_rock_1_1312323645533</str>
						<int id="x">1774</int>
						<int id="y">652</int>
						<int id="h">63</int>
						<str id="sprite_class">alakol_water_rock_1</str>
					</object>
					<object id="alakol_water_rock_1_1312323645535">
						<int id="w">104</int>
						<bool id="h_flip">true</bool>
						<str id="name">alakol_water_rock_1_1312323645533</str>
						<int id="x">1792</int>
						<int id="y">608</int>
						<int id="h">67</int>
						<str id="sprite_class">alakol_water_rock_1</str>
						<int id="z">9</int>
					</object>
					<object id="pinehills_2_1312323645542">
						<int id="w">878</int>
						<int id="z">30</int>
						<str id="name">pinehills_2_1311790920475</str>
						<int id="x">2030</int>
						<int id="y">911</int>
						<int id="h">265</int>
						<str id="sprite_class">pinehills_2</str>
					</object>
					<object id="heights_bush_1_1312323645561">
						<int id="w">14</int>
						<bool id="h_flip">true</bool>
						<str id="name">heights_bush_1_1311790920488</str>
						<int id="x">3184</int>
						<int id="y">117</int>
						<int id="h">8</int>
						<str id="sprite_class">heights_bush_1</str>
						<int id="z">42</int>
						<int id="r">-2</int>
					</object>
				</object>
				<int id="w">4350</int>
				<int id="h">1000</int>
				<int id="z">-2</int>
				<object id="filtersNEW">
					<object id="brightness">
						<int id="value">5</int>
					</object>
					<object id="saturation">
						<int id="value">-35</int>
					</object>
					<object id="contrast">
						<int id="value">-40</int>
					</object>
				</object>
				<str id="name">bg_1</str>
			</object>
			<object id="T_1311790920469">
				<object id="decos">
					<object id="mountain_trees_darker_1_1312323645456">
						<int id="w">1260</int>
						<int id="z">3</int>
						<str id="name">mountain_trees_darker_1_1311790920467</str>
						<int id="x">417</int>
						<int id="y">704</int>
						<int id="h">453</int>
						<str id="sprite_class">mountain_trees_darker_1</str>
						<int id="r">7</int>
					</object>
					<object id="mountain_trees_darker_1_1311790920473">
						<int id="w">1602</int>
						<int id="z">2</int>
						<str id="name">mountain_trees_darker_1_1311790920467</str>
						<int id="x">1230</int>
						<int id="y">833</int>
						<int id="h">533</int>
						<str id="sprite_class">mountain_trees_darker_1</str>
						<int id="r">1</int>
					</object>
					<object id="mountain_blue_1_1311811647731">
						<int id="w">1264</int>
						<int id="z">1</int>
						<str id="name">mountain_blue_1_1311790920471</str>
						<int id="x">-42</int>
						<int id="y">557</int>
						<int id="h">437</int>
						<str id="sprite_class">mountain_blue_1</str>
						<int id="r">-2</int>
					</object>
					<object id="mountain_blue_1_1311790920482">
						<int id="w">1166</int>
						<int id="z">0</int>
						<str id="name">mountain_blue_1_1311790920471</str>
						<int id="x">1867</int>
						<int id="y">613</int>
						<int id="h">489</int>
						<str id="sprite_class">mountain_blue_1</str>
						<int id="r">-2</int>
					</object>
				</object>
				<int id="w">3900</int>
				<int id="h">1000</int>
				<int id="z">-3</int>
				<object id="filtersNEW">
					<object id="brightness">
						<int id="value">15</int>
					</object>
					<object id="saturation">
						<int id="value">-20</int>
					</object>
					<object id="contrast">
						<int id="value">-30</int>
					</object>
				</object>
				<str id="name">sky</str>
			</object>
			<object id="T_1311732372418">
				<object id="decos">
					<object id="alakol_house_big_shadow_1311874816182">
						<int id="w">694</int>
						<int id="z">6</int>
						<str id="name">alakol_house_big_shadow_1311874816129</str>
						<int id="x">1236</int>
						<int id="y">1090</int>
						<int id="h">274</int>
						<str id="sprite_class">alakol_house_big_shadow</str>
					</object>
					<object id="alakol_water_rock_1_1311874816128">
						<int id="w">401</int>
						<int id="z">1</int>
						<str id="name">alakol_water_rock_1_1311874816127</str>
						<int id="x">2928</int>
						<int id="y">1110</int>
						<int id="h">326</int>
						<str id="sprite_class">alakol_water_rock_1</str>
					</object>
					<object id="alakol_house_big_shadow_1312323645589">
						<int id="w">308</int>
						<int id="z">12</int>
						<str id="name">alakol_house_big_shadow_1311874816129</str>
						<int id="x">4663</int>
						<int id="y">1108</int>
						<int id="h">249</int>
						<str id="sprite_class">alakol_house_big_shadow</str>
						<int id="r">5</int>
					</object>
					<object id="alakol_house_big_shadow_1311874816185">
						<int id="w">257</int>
						<int id="z">8</int>
						<str id="name">alakol_house_big_shadow_1311874816129</str>
						<int id="x">3568</int>
						<int id="y">1057</int>
						<int id="h">230</int>
						<str id="sprite_class">alakol_house_big_shadow</str>
						<int id="r">5</int>
					</object>
					<object id="alakol_cliff_2_1312323645587">
						<int id="w">692</int>
						<int id="z">2</int>
						<str id="name">alakol_cliff_2_1311790920360</str>
						<int id="x">2769</int>
						<int id="y">1102</int>
						<int id="h">175</int>
						<str id="sprite_class">alakol_cliff_2</str>
					</object>
					<object id="alakol_water_rock_2_1311874816133">
						<int id="w">528</int>
						<int id="z">5</int>
						<str id="name">alakol_water_rock_2_1311874816130</str>
						<int id="x">152</int>
						<int id="y">1069</int>
						<int id="h">279</int>
						<str id="sprite_class">alakol_water_rock_2</str>
					</object>
					<object id="alakol_water_rock_2_1311874816184">
						<int id="w">359</int>
						<int id="z">9</int>
						<str id="name">alakol_water_rock_2_1311874816130</str>
						<int id="x">3584</int>
						<int id="y">1049</int>
						<int id="h">174</int>
						<str id="sprite_class">alakol_water_rock_2</str>
					</object>
					<object id="alakol_water_rock_1_1311874816134">
						<int id="w">204</int>
						<int id="z">4</int>
						<str id="name">alakol_water_rock_1_1311874816127</str>
						<int id="x">419</int>
						<int id="y">1060</int>
						<int id="h">207</int>
						<str id="sprite_class">alakol_water_rock_1</str>
					</object>
					<object id="alakol_house_big_shadow_1311874816132">
						<int id="w">712</int>
						<int id="z">3</int>
						<str id="name">alakol_house_big_shadow_1311874816129</str>
						<int id="x">230</int>
						<int id="y">1154</int>
						<int id="h">404</int>
						<str id="sprite_class">alakol_house_big_shadow</str>
					</object>
					<object id="alakol_house_big_shadow_1311874816129">
						<int id="w">437</int>
						<int id="z">0</int>
						<str id="name">alakol_house_big_shadow_1311874816129</str>
						<int id="x">2956</int>
						<int id="y">1043</int>
						<int id="h">274</int>
						<str id="sprite_class">alakol_house_big_shadow</str>
						<int id="r">5</int>
					</object>
					<object id="alakol_water_rock_1_1312323645588">
						<int id="w">297</int>
						<int id="z">13</int>
						<str id="name">alakol_water_rock_1_1311874816127</str>
						<int id="x">4686</int>
						<int id="y">1095</int>
						<int id="h">213</int>
						<str id="sprite_class">alakol_water_rock_1</str>
					</object>
					<object id="alakol_water_rock_1_1312323645464">
						<int id="w">252</int>
						<int id="z">11</int>
						<str id="name">alakol_water_rock_1_1311874816127</str>
						<int id="x">3067</int>
						<int id="y">1107</int>
						<int id="h">225</int>
						<str id="sprite_class">alakol_water_rock_1</str>
					</object>
					<object id="alakol_water_rock_1_1311874816181">
						<int id="w">261</int>
						<int id="z">10</int>
						<str id="name">alakol_water_rock_1_1311874816127</str>
						<int id="x">1132</int>
						<int id="y">1063</int>
						<int id="h">196</int>
						<str id="sprite_class">alakol_water_rock_1</str>
					</object>
					<object id="alakol_water_rock_2_1311874816180">
						<int id="w">565</int>
						<int id="z">7</int>
						<str id="name">alakol_water_rock_2_1311874816130</str>
						<int id="x">1299</int>
						<int id="y">1045</int>
						<int id="h">162</int>
						<str id="sprite_class">alakol_water_rock_2</str>
					</object>
				</object>
				<int id="w">5400</int>
				<int id="h">1000</int>
				<int id="z">1</int>
				<object id="filtersNEW">
					<object id="brightness">
						<int id="value">-15</int>
					</object>
					<object id="saturation">
						<int id="value">-5</int>
					</object>
					<object id="contrast">
						<int id="value">-20</int>
					</object>
				</object>
				<str id="name">middleplus</str>
			</object>
		</object>
		<null id="img_file_versioned"/>
		<str id="swf_file_versioned">http://c2.glitch.bz/locations/groddle1/1322700918.swf</str>
		<null id="physics"/>
		<str id="tsid">LA92VDUR8D82E3F</str>
		<null id="loading_label"/>
		<int id="ground_y">-293</int>
		<int id="rookable_type">0</int>
		<object id="gradient">
			<str id="top">8FC9FF</str>
			<str id="bottom">FFE159</str>
		</object>
		<object id="sources">
			<int id="LA9KL9UE1D82RFO">1</int>
			<int id="LIFG7L7VG4I21HR">1</int>
		</object>
	</object>
</game_object>
