<game_object tsid="GA99CL11LSA2M35" ts="1352424038861" label="Fitadara Fry" class_tsid="" lastUpdateTime="1352424028" upd_gs="gs11" load_time="2012-11-08 17:16:43.000" upd_time="2012-11-08 17:15:10.242">
	<object id="dynamic">
		<int id="l">-3000</int>
		<int id="r">3000</int>
		<int id="t">-1000</int>
		<int id="b">0</int>
		<str id="label">Fitadara Fry</str>
		<str id="swf_file">firebog.swf</str>
		<object id="layers">
			<object id="T_1313790503834">
				<object id="decos">
					<object id="clouds1_1314222231847">
						<str id="sprite_class">clouds1</str>
						<int id="w">457</int>
						<int id="x">169</int>
						<int id="y">348</int>
						<int id="h">15</int>
						<int id="z">9</int>
						<str id="name">clouds1_1314033507825</str>
					</object>
					<object id="clouds5_1314222231849">
						<str id="sprite_class">clouds5</str>
						<int id="w">1093</int>
						<int id="x">456</int>
						<int id="y">440</int>
						<int id="h">53</int>
						<int id="z">7</int>
						<str id="name">clouds5_1314033507821</str>
					</object>
					<object id="clouds4_1314222231850">
						<str id="sprite_class">clouds4</str>
						<int id="w">1537</int>
						<int id="x">1149</int>
						<int id="y">540</int>
						<int id="h">41</int>
						<int id="z">6</int>
						<str id="name">clouds4_1314033507822</str>
					</object>
					<object id="clouds9_1314222231846">
						<str id="sprite_class">clouds9</str>
						<int id="w">1226</int>
						<int id="x">976</int>
						<int id="y">306</int>
						<int id="h">79</int>
						<int id="z">10</int>
						<str id="name">clouds9_1314033507826</str>
					</object>
					<object id="background_horizon_bottletrees_1_1314033507715">
						<str id="sprite_class">background_horizon_bottletrees_1</str>
						<int id="w">1006</int>
						<int id="r">-3</int>
						<int id="x">4302</int>
						<int id="y">672</int>
						<int id="h">118</int>
						<int id="z">5</int>
						<str id="name">background_horizon_bottletrees_1_1314033507669</str>
					</object>
					<object id="background_horizon_bottletrees_1_1314033507699">
						<str id="sprite_class">background_horizon_bottletrees_1</str>
						<int id="w">948</int>
						<int id="x">1167</int>
						<int id="y">685</int>
						<int id="h">118</int>
						<int id="z">1</int>
						<str id="name">background_horizon_bottletrees_1_1314033507669</str>
					</object>
					<object id="clouds3_1314222231843">
						<str id="sprite_class">clouds3</str>
						<int id="w">1164</int>
						<int id="x">2616</int>
						<int id="y">301</int>
						<int id="h">67</int>
						<int id="z">13</int>
						<str id="name">clouds3_1314033507823</str>
					</object>
					<object id="clouds4_1314222231844">
						<str id="sprite_class">clouds4</str>
						<int id="w">1158</int>
						<int id="x">3802</int>
						<int id="y">361</int>
						<int id="h">41</int>
						<int id="z">12</int>
						<str id="name">clouds4_1314033507822</str>
					</object>
					<object id="clouds2_1314222231848">
						<str id="sprite_class">clouds2</str>
						<int id="w">930</int>
						<int id="x">2006</int>
						<int id="y">404</int>
						<int id="h">36</int>
						<int id="z">8</int>
						<str id="name">clouds2_1314033507824</str>
					</object>
					<object id="clouds5_1314222231845">
						<str id="sprite_class">clouds5</str>
						<int id="w">1093</int>
						<int id="x">3334</int>
						<int id="y">477</int>
						<int id="h">53</int>
						<int id="z">11</int>
						<str id="name">clouds5_1314033507821</str>
					</object>
					<object id="background_horizon_bottletrees_1_1314033507711">
						<str id="sprite_class">background_horizon_bottletrees_1</str>
						<int id="w">948</int>
						<int id="x">1946</int>
						<int id="y">683</int>
						<int id="h">118</int>
						<int id="z">2</int>
						<str id="name">background_horizon_bottletrees_1_1314033507669</str>
					</object>
					<object id="background_horizon_bottletrees_2_1314033507714">
						<str id="sprite_class">background_horizon_bottletrees_2</str>
						<int id="w">928</int>
						<int id="r">-2</int>
						<int id="x">3411</int>
						<int id="y">685</int>
						<int id="h">119</int>
						<int id="z">4</int>
						<str id="name">background_horizon_bottletrees_2_1314033507714</str>
					</object>
					<object id="clouds7_1314222231842">
						<str id="sprite_class">clouds7</str>
						<int id="w">845</int>
						<int id="x">4074</int>
						<int id="y">231</int>
						<int id="h">68</int>
						<int id="z">14</int>
						<str id="name">clouds7_1314033507818</str>
					</object>
					<object id="background_horizon_bottletrees_1_1314033507712">
						<str id="sprite_class">background_horizon_bottletrees_1</str>
						<int id="w">948</int>
						<int id="x">2722</int>
						<int id="y">681</int>
						<int id="h">118</int>
						<int id="z">3</int>
						<str id="name">background_horizon_bottletrees_1_1314033507669</str>
					</object>
					<object id="background_horizon_bottletrees_1_1314033507670">
						<str id="sprite_class">background_horizon_bottletrees_1</str>
						<int id="w">948</int>
						<int id="x">401</int>
						<int id="y">679</int>
						<int id="h">118</int>
						<int id="z">0</int>
						<str id="name">background_horizon_bottletrees_1_1314033507669</str>
					</object>
				</object>
				<int id="w">4680</int>
				<int id="h">1000</int>
				<int id="z">-3</int>
				<object id="filtersNEW">
					<object id="saturation">
						<int id="value">-43</int>
					</object>
					<object id="tintAmount">
						<int id="value">72</int>
					</object>
					<object id="brightness">
						<int id="value">3</int>
					</object>
					<object id="tintColor">
						<int id="value">16750950</int>
					</object>
					<object id="contrast">
						<int id="value">-18</int>
					</object>
				</object>
				<str id="name">sky</str>
			</object>
			<object id="T_1313790503835">
				<object id="decos">
					<object id="treetop_noflowers_3_1314235706003">
						<str id="sprite_class">treetop_noflowers_3</str>
						<int id="w">203</int>
						<int id="r">-5</int>
						<int id="x">5117</int>
						<int id="y">745</int>
						<int id="h">116</int>
						<int id="z">32</int>
						<str id="name">treetop_noflowers_3_1314235705961</str>
					</object>
					<object id="ground_rootpipe1_1314033507987">
						<str id="sprite_class">ground_rootpipe1</str>
						<int id="w">144</int>
						<int id="x">1793</int>
						<int id="y">743</int>
						<int id="h">105</int>
						<int id="z">15</int>
						<str id="name">ground_rootpipe1_1314033507987</str>
					</object>
					<object id="sprout_1314033507992">
						<str id="sprite_class">sprout</str>
						<int id="w">430</int>
						<int id="x">5031</int>
						<int id="y">755</int>
						<int id="h">455</int>
						<int id="z">27</int>
						<str id="name">sprout_1314033507992</str>
					</object>
					<object id="bg2_tree2_1314293531212">
						<str id="sprite_class">bg2_tree2</str>
						<int id="w">475</int>
						<int id="x">3506</int>
						<int id="y">792</int>
						<int id="h">597</int>
						<int id="z">6</int>
						<str id="name">bg2_tree2_1314293531211</str>
					</object>
					<object id="grass_solid_trans_1315004641391">
						<str id="sprite_class">grass_solid_trans</str>
						<int id="w">102</int>
						<int id="x">20</int>
						<int id="y">768</int>
						<int id="h">86</int>
						<int id="z">46</int>
						<str id="name">grass_solid_trans_1314929521219</str>
					</object>
					<object id="background_brown_bump3_1314033507722">
						<str id="sprite_class">background_brown_bump3</str>
						<int id="w">1072</int>
						<int id="x">4824</int>
						<int id="y">774</int>
						<int id="h">88</int>
						<int id="z">10</int>
						<str id="name">background_brown_bump3_1314033507682</str>
					</object>
					<object id="treetop_noflowers_2_1314293531208">
						<str id="sprite_class">treetop_noflowers_2</str>
						<int id="w">193</int>
						<int id="x">4890</int>
						<int id="y">706</int>
						<int id="h">102</int>
						<int id="z">26</int>
						<str id="name">treetop_noflowers_2_1314235705997</str>
					</object>
					<object id="treetop_noflowers_2_1314235706002">
						<str id="sprite_class">treetop_noflowers_2</str>
						<int id="w">193</int>
						<int id="x">5162</int>
						<int id="y">716</int>
						<int id="h">102</int>
						<int id="z">29</int>
						<str id="name">treetop_noflowers_2_1314235705997</str>
					</object>
					<object id="treetop_noflowers_3_1314235706001">
						<str id="sprite_class">treetop_noflowers_3</str>
						<int id="w">214</int>
						<int id="r">-5</int>
						<int id="x">5307</int>
						<int id="y">725</int>
						<int id="h">90</int>
						<int id="z">31</int>
						<str id="name">treetop_noflowers_3_1314235705961</str>
					</object>
					<object id="background_brown_bump3_1314033507720">
						<str id="sprite_class">background_brown_bump3</str>
						<int id="w">1072</int>
						<int id="x">3630</int>
						<int id="y">775</int>
						<int id="h">88</int>
						<int id="z">4</int>
						<str id="name">background_brown_bump3_1314033507682</str>
					</object>
					<object id="stone_moss_group_4_1315004641340">
						<str id="sprite_class">stone_moss_group_4</str>
						<int id="w">296</int>
						<int id="x">2410</int>
						<int id="y">732</int>
						<int id="h">135</int>
						<int id="z">47</int>
						<str id="name">stone_moss_group_4_1315004641340</str>
					</object>
					<object id="stone_moss_group_4_1314293531207">
						<str id="sprite_class">stone_moss_group_4</str>
						<int id="w">261</int>
						<int id="x">4898</int>
						<int id="y">748</int>
						<int id="h">119</int>
						<int id="z">36</int>
						<str id="name">stone_moss_group_4_1314293531207</str>
					</object>
					<object id="background_brown_bump3_1314033507682">
						<str id="sprite_class">background_brown_bump3</str>
						<int id="w">1072</int>
						<int id="x">288</int>
						<int id="y">769</int>
						<int id="h">88</int>
						<int id="z">1</int>
						<str id="name">background_brown_bump3_1314033507682</str>
					</object>
					<object id="stone_moss_2_1314033507989">
						<str id="sprite_class">stone_moss_2</str>
						<int id="w">157</int>
						<int id="x">3395</int>
						<int id="y">768</int>
						<int id="h">58</int>
						<int id="z">24</int>
						<str id="name">stone_moss_2_1314033507989</str>
					</object>
					<object id="sprout_1315004641332">
						<str id="sprite_class">sprout</str>
						<int id="w">430</int>
						<int id="x">72</int>
						<int id="y">745</int>
						<int id="h">455</int>
						<int id="z">45</int>
						<str id="name">sprout_1314033507992</str>
					</object>
					<object id="sprout_1314929521166">
						<str id="sprite_class">sprout</str>
						<int id="w">368</int>
						<int id="r">20</int>
						<int id="x">3256</int>
						<int id="y">764</int>
						<int id="h">389</int>
						<int id="z">7</int>
						<str id="name">sprout_1314033507992</str>
					</object>
					<object id="treetop_noflowers_3_1314927156437">
						<str id="sprite_class">treetop_noflowers_3</str>
						<int id="w">186</int>
						<int id="r">-5</int>
						<int id="x">361</int>
						<int id="y">784</int>
						<int id="h">83</int>
						<int id="z">20</int>
						<str id="name">treetop_noflowers_3_1314235705961</str>
					</object>
					<object id="sprout_1314293531214">
						<str id="sprite_class">sprout</str>
						<int id="w">234</int>
						<int id="r">-15</int>
						<int id="x">4788</int>
						<int id="y">760</int>
						<int id="h">248</int>
						<int id="z">37</int>
						<str id="name">sprout_1314213229632</str>
					</object>
					<object id="treetop_noflowers_3_1314235705999">
						<str id="sprite_class">treetop_noflowers_3</str>
						<int id="w">204</int>
						<int id="r">5</int>
						<int id="x">5495</int>
						<int id="y">739</int>
						<int id="h">108</int>
						<int id="z">30</int>
						<str id="name">treetop_noflowers_3_1314235705961</str>
					</object>
					<object id="treetop_noflowers_3_1314927156428">
						<str id="sprite_class">treetop_noflowers_3</str>
						<int id="w">203</int>
						<int id="r">-5</int>
						<int id="x">4687</int>
						<int id="y">761</int>
						<int id="h">116</int>
						<int id="z">35</int>
						<str id="name">treetop_noflowers_3_1314235705961</str>
					</object>
					<object id="background_bottletree_barred_1314927156452">
						<str id="sprite_class">background_bottletree_barred</str>
						<int id="w">440</int>
						<int id="x">1229</int>
						<int id="y">748</int>
						<int id="h">506</int>
						<int id="z">41</int>
						<str id="name">background_bottletree_barred_1314927156450</str>
					</object>
					<object id="background_brown_bump1_1314033507723">
						<str id="sprite_class">background_brown_bump1</str>
						<int id="w">1494</int>
						<int id="r">-2</int>
						<int id="x">5365</int>
						<int id="y">755</int>
						<int id="h">86</int>
						<int id="z">11</int>
						<str id="name">background_brown_bump1_1314033507683</str>
					</object>
					<object id="treetop_noflowers_2_1314235706000">
						<str id="sprite_class">treetop_noflowers_2</str>
						<int id="w">198</int>
						<int id="x">5383</int>
						<int id="y">720</int>
						<int id="h">130</int>
						<int id="z">28</int>
						<str id="name">treetop_noflowers_2_1314235705997</str>
					</object>
					<object id="bg2_tree1_1314927156426">
						<str id="sprite_class">bg2_tree1</str>
						<int id="w">439</int>
						<int id="x">3966</int>
						<int id="y">804</int>
						<int id="h">576</int>
						<int id="z">8</int>
						<str id="name">bg2_tree1_1314927156426</str>
					</object>
					<object id="treetop_noflowers_3_1314927156435">
						<str id="sprite_class">treetop_noflowers_3</str>
						<int id="w">203</int>
						<int id="r">-5</int>
						<int id="x">496</int>
						<int id="y">785</int>
						<int id="h">116</int>
						<int id="z">18</int>
						<str id="name">treetop_noflowers_3_1314235705961</str>
					</object>
					<object id="background_brown_bump1_1314033507719">
						<str id="sprite_class">background_brown_bump1</str>
						<int id="w">1494</int>
						<int id="x">3029</int>
						<int id="y">776</int>
						<int id="h">86</int>
						<int id="z">3</int>
						<str id="name">background_brown_bump1_1314033507683</str>
					</object>
					<object id="stone_moss_2_1314033508082">
						<str id="sprite_class">stone_moss_2</str>
						<int id="w">164</int>
						<int id="x">1697</int>
						<int id="y">754</int>
						<int id="h">61</int>
						<int id="z">23</int>
						<str id="name">stone_moss_2_1314033508082</str>
					</object>
					<object id="stone_moss_group_3_1314929521167">
						<str id="sprite_class">stone_moss_group_3</str>
						<int id="w">130</int>
						<int id="x">2467</int>
						<int id="y">760</int>
						<int id="h">61</int>
						<int id="z">44</int>
						<str id="name">stone_moss_group_3_1314929521167</str>
					</object>
					<object id="background_brown_bump1_1314033507721">
						<str id="sprite_class">background_brown_bump1</str>
						<int id="w">1494</int>
						<int id="x">4229</int>
						<int id="y">774</int>
						<int id="h">86</int>
						<int id="z">5</int>
						<str id="name">background_brown_bump1_1314033507683</str>
					</object>
					<object id="stone_moss_group_2_1314033507762">
						<str id="sprite_class">stone_moss_group_2</str>
						<int id="w">166</int>
						<int id="x">439</int>
						<int id="y">777</int>
						<int id="h">57</int>
						<int id="z">21</int>
						<str id="name">stone_moss_group_2_1314033507749</str>
					</object>
					<object id="treetop_noflowers_3_1314927156439">
						<str id="sprite_class">treetop_noflowers_3</str>
						<int id="w">203</int>
						<int id="r">-5</int>
						<int id="x">1028</int>
						<int id="y">756</int>
						<int id="h">116</int>
						<int id="z">38</int>
						<str id="name">treetop_noflowers_3_1314235705961</str>
					</object>
					<object id="background_brown_bump1_1314033507718">
						<str id="sprite_class">background_brown_bump1</str>
						<int id="w">1494</int>
						<int id="x">2191</int>
						<int id="y">776</int>
						<int id="h">86</int>
						<int id="z">2</int>
						<str id="name">background_brown_bump1_1314033507683</str>
					</object>
					<object id="ground_rootpipe2_1315004641342">
						<str id="sprite_class">ground_rootpipe2</str>
						<int id="w">285</int>
						<int id="x">3044</int>
						<int id="y">760</int>
						<int id="h">223</int>
						<int id="z">13</int>
						<str id="name">ground_rootpipe2_1314033507751</str>
					</object>
					<object id="treetop_noflowers_3_1315004641345">
						<str id="sprite_class">treetop_noflowers_3</str>
						<int id="w">200</int>
						<int id="x">1323</int>
						<int id="y">749</int>
						<int id="h">83</int>
						<int id="z">43</int>
						<str id="name">treetop_noflowers_3_1314235705961</str>
					</object>
					<object id="background_brown_bump3_1314033507717">
						<str id="sprite_class">background_brown_bump3</str>
						<int id="w">1072</int>
						<int id="x">1540</int>
						<int id="y">772</int>
						<int id="h">88</int>
						<int id="z">9</int>
						<str id="name">background_brown_bump3_1314033507682</str>
					</object>
					<object id="sprout_1315004641334">
						<str id="sprite_class">sprout</str>
						<int id="w">274</int>
						<int id="r">-70</int>
						<int id="x">953</int>
						<int id="y">749</int>
						<int id="h">290</int>
						<int id="z">17</int>
						<str id="name">sprout_1314033507992</str>
					</object>
					<object id="background_bottletree_hut_1314927156451">
						<str id="sprite_class">background_bottletree_hut</str>
						<int id="w">397</int>
						<int id="x">2098</int>
						<int id="y">776</int>
						<int id="h">516</int>
						<int id="z">40</int>
						<str id="name">background_bottletree_hut_1314927156451</str>
					</object>
					<object id="treetop_noflowers_3_1314927156436">
						<str id="sprite_class">treetop_noflowers_3</str>
						<int id="w">202</int>
						<int id="r">5</int>
						<int id="x">613</int>
						<int id="y">784</int>
						<int id="h">75</int>
						<int id="z">19</int>
						<str id="name">treetop_noflowers_3_1314235705961</str>
					</object>
					<object id="background_brown_bump1_1314033507683">
						<str id="sprite_class">background_brown_bump1</str>
						<int id="w">1494</int>
						<int id="x">939</int>
						<int id="y">773</int>
						<int id="h">86</int>
						<int id="z">0</int>
						<str id="name">background_brown_bump1_1314033507683</str>
					</object>
					<object id="ground_rootpipe2_1314033507761">
						<str id="sprite_class">ground_rootpipe2</str>
						<int id="w">187</int>
						<int id="x">1748</int>
						<int id="y">742</int>
						<int id="h">173</int>
						<int id="z">12</int>
						<str id="name">ground_rootpipe2_1314033507751</str>
					</object>
					<object id="treetop_noflowers_3_1315004641344">
						<str id="sprite_class">treetop_noflowers_3</str>
						<int id="w">200</int>
						<int id="r">10</int>
						<int id="x">1404</int>
						<int id="y">746</int>
						<int id="h">83</int>
						<int id="z">42</int>
						<str id="name">treetop_noflowers_3_1314235705961</str>
					</object>
					<object id="sprout_1315004641346">
						<str id="sprite_class">sprout</str>
						<int id="w">251</int>
						<int id="r">15</int>
						<int id="x">5372</int>
						<int id="y">762</int>
						<int id="h">266</int>
						<int id="z">48</int>
						<str id="name">sprout_1314033507992</str>
					</object>
					<object id="treetop_noflowers_3_1314927156440">
						<str id="sprite_class">treetop_noflowers_3</str>
						<int id="w">203</int>
						<int id="r">-15</int>
						<int id="x">930</int>
						<int id="y">777</int>
						<int id="h">116</int>
						<int id="z">39</int>
						<str id="name">treetop_noflowers_3_1314235705961</str>
					</object>
					<object id="treetop_noflowers_3_1315004641337">
						<str id="sprite_class">treetop_noflowers_3</str>
						<int id="w">203</int>
						<int id="r">-5</int>
						<int id="x">3984</int>
						<int id="y">778</int>
						<int id="h">116</int>
						<int id="z">34</int>
						<str id="name">treetop_noflowers_3_1314235705961</str>
					</object>
					<object id="stone_moss_group_3_1314033507991">
						<str id="sprite_class">stone_moss_group_3</str>
						<int id="w">205</int>
						<int id="x">3685</int>
						<int id="y">773</int>
						<int id="h">96</int>
						<int id="z">25</int>
						<str id="name">stone_moss_group_3_1314033507991</str>
					</object>
					<object id="ground_rootpipe1_1314927156429">
						<str id="sprite_class">ground_rootpipe1</str>
						<int id="w">174</int>
						<int id="x">957</int>
						<int id="y">732</int>
						<int id="h">121</int>
						<int id="z">16</int>
						<str id="name">ground_rootpipe1_1314033507987</str>
					</object>
					<object id="treetop_noflowers_3_1315004641336">
						<str id="sprite_class">treetop_noflowers_3</str>
						<int id="w">203</int>
						<int id="r">-5</int>
						<int id="x">4143</int>
						<int id="y">773</int>
						<int id="h">116</int>
						<int id="z">33</int>
						<str id="name">treetop_noflowers_3_1314235705961</str>
					</object>
					<object id="ground_rootpipe2_1315004641341">
						<str id="sprite_class">ground_rootpipe2</str>
						<int id="w">251</int>
						<int id="x">3167</int>
						<int id="y">777</int>
						<int id="h">164</int>
						<int id="z">14</int>
						<str id="name">ground_rootpipe2_1314033507751</str>
					</object>
					<object id="treetop_noflowers_3_1314927156438">
						<str id="sprite_class">treetop_noflowers_3</str>
						<int id="w">200</int>
						<int id="r">10</int>
						<int id="x">1736</int>
						<int id="y">742</int>
						<int id="h">83</int>
						<int id="z">22</int>
						<str id="name">treetop_noflowers_3_1314235705961</str>
					</object>
				</object>
				<int id="w">5520</int>
				<int id="h">1000</int>
				<int id="z">-1</int>
				<object id="filtersNEW">
					<object id="saturation">
						<int id="value">-11</int>
					</object>
					<object id="tintAmount">
						<int id="value">60</int>
					</object>
					<object id="brightness">
						<int id="value">20</int>
					</object>
					<object id="tintColor">
						<int id="value">16750950</int>
					</object>
					<object id="contrast">
						<int id="value">-11</int>
					</object>
				</object>
				<str id="name">bg_1</str>
			</object>
			<object id="T_1314033507667">
				<object id="decos">
					<object id="backhill2_green_1314033507843">
						<str id="sprite_class">backhill2_green</str>
						<int id="w">350</int>
						<int id="x">4098</int>
						<int id="y">673</int>
						<int id="h">312</int>
						<int id="z">0</int>
						<str id="name">backhill2_green_1314033507841</str>
					</object>
					<object id="backhill1_green_1314033507842">
						<str id="sprite_class">backhill1_green</str>
						<int id="w">496</int>
						<int id="x">2238</int>
						<int id="y">663</int>
						<int id="h">223</int>
						<int id="z">4</int>
						<str id="name">backhill1_green_1314033507668</str>
					</object>
					<object id="background_green_bump2_1314033507725">
						<str id="sprite_class">background_green_bump2</str>
						<int id="w">1131</int>
						<int id="x">2294</int>
						<int id="y">746</int>
						<int id="h">76</int>
						<int id="z">14</int>
						<str id="name">background_green_bump2_1314033507674</str>
					</object>
					<object id="backhill2_green_1315004641339">
						<str id="sprite_class">backhill2_green</str>
						<int id="w">456</int>
						<int id="x">2552</int>
						<int id="y">677</int>
						<int id="h">406</int>
						<int id="z">1</int>
						<str id="name">backhill2_green_1314033507841</str>
					</object>
					<object id="background_bottletree_silhouette_1314929521168">
						<str id="sprite_class">background_bottletree_silhouette</str>
						<int id="w">121</int>
						<int id="x">2298</int>
						<int id="y">689</int>
						<int id="h">163</int>
						<int id="z">21</int>
						<str id="name">background_bottletree_silhouette_1314033507676</str>
					</object>
					<object id="background_bottletree_silhouette_1315004641338">
						<str id="sprite_class">background_bottletree_silhouette</str>
						<int id="w">160</int>
						<int id="x">2810</int>
						<int id="y">670</int>
						<int id="h">215</int>
						<int id="z">13</int>
						<str id="name">background_bottletree_silhouette_1314033507676</str>
					</object>
					<object id="background_green_bump1_1314033507731">
						<str id="sprite_class">background_green_bump1</str>
						<int id="w">1494</int>
						<int id="x">4362</int>
						<int id="y">752</int>
						<int id="h">86</int>
						<int id="z">17</int>
						<str id="name">background_green_bump1_1314033507675</str>
					</object>
					<object id="background_bottletree_silhouette_1314929521170">
						<str id="sprite_class">background_bottletree_silhouette</str>
						<int id="w">167</int>
						<int id="x">1113</int>
						<int id="y">698</int>
						<int id="h">225</int>
						<int id="z">23</int>
						<str id="name">background_bottletree_silhouette_1314033507676</str>
						<bool id="h_flip">true</bool>
					</object>
					<object id="background_green_bump1_1314033507726">
						<str id="sprite_class">background_green_bump1</str>
						<int id="w">1494</int>
						<int id="x">1638</int>
						<int id="y">749</int>
						<int id="h">86</int>
						<int id="z">11</int>
						<str id="name">background_green_bump1_1314033507675</str>
					</object>
					<object id="background_bottletree_silhouette_1314033507697">
						<str id="sprite_class">background_bottletree_silhouette</str>
						<int id="w">97</int>
						<int id="x">695</int>
						<int id="y">648</int>
						<int id="h">130</int>
						<int id="z">10</int>
						<str id="name">background_bottletree_silhouette_1314033507676</str>
					</object>
					<object id="background_bottletree_silhouette_1314033507837">
						<str id="sprite_class">background_bottletree_silhouette</str>
						<int id="w">63</int>
						<int id="x">343</int>
						<int id="y">644</int>
						<int id="h">84</int>
						<int id="z">19</int>
						<str id="name">background_bottletree_silhouette_1314033507676</str>
						<bool id="h_flip">true</bool>
					</object>
					<object id="background_bottletree_silhouette_1314929521169">
						<str id="sprite_class">background_bottletree_silhouette</str>
						<int id="w">84</int>
						<int id="x">2014</int>
						<int id="y">660</int>
						<int id="h">113</int>
						<int id="z">22</int>
						<str id="name">background_bottletree_silhouette_1314033507676</str>
						<bool id="h_flip">true</bool>
					</object>
					<object id="bg2_tree1_1314929521171">
						<str id="sprite_class">bg2_tree1</str>
						<int id="w">212</int>
						<int id="x">4074</int>
						<int id="y">715</int>
						<int id="h">278</int>
						<int id="z">24</int>
						<str id="name">bg2_tree1_1314927156426</str>
					</object>
					<object id="background_1314033507673">
						<str id="sprite_class">background</str>
						<int id="w">3138</int>
						<int id="x">1343</int>
						<int id="y">754</int>
						<int id="h">128</int>
						<int id="z">6</int>
						<str id="name">background_1314033507673</str>
					</object>
					<object id="backhill2_green_1314033507844">
						<str id="sprite_class">backhill2_green</str>
						<int id="w">202</int>
						<int id="x">4254</int>
						<int id="y">658</int>
						<int id="h">201</int>
						<int id="z">2</int>
						<str id="name">backhill2_green_1314033507841</str>
					</object>
					<object id="backhill1_green_1314033507710">
						<str id="sprite_class">backhill1_green</str>
						<int id="w">409</int>
						<int id="x">219</int>
						<int id="y">657</int>
						<int id="h">312</int>
						<int id="z">5</int>
						<str id="name">backhill1_green_1314033507668</str>
					</object>
					<object id="background_green_bump2_1314033507730">
						<str id="sprite_class">background_green_bump2</str>
						<int id="w">1131</int>
						<int id="r">-3</int>
						<int id="x">4999</int>
						<int id="y">721</int>
						<int id="h">76</int>
						<int id="z">18</int>
						<str id="name">background_green_bump2_1314033507674</str>
					</object>
					<object id="background_green_bump1_1314033507729">
						<str id="sprite_class">background_green_bump1</str>
						<int id="w">1494</int>
						<int id="x">2923</int>
						<int id="y">751</int>
						<int id="h">86</int>
						<int id="z">15</int>
						<str id="name">background_green_bump1_1314033507675</str>
					</object>
					<object id="background_green_bump2_1314033507728">
						<str id="sprite_class">background_green_bump2</str>
						<int id="w">1131</int>
						<int id="x">3579</int>
						<int id="y">748</int>
						<int id="h">76</int>
						<int id="z">16</int>
						<str id="name">background_green_bump2_1314033507674</str>
					</object>
					<object id="backhill2_green_1314033507841">
						<str id="sprite_class">backhill2_green</str>
						<int id="w">343</int>
						<int id="x">2402</int>
						<int id="y">674</int>
						<int id="h">413</int>
						<int id="z">3</int>
						<str id="name">backhill2_green_1314033507841</str>
					</object>
					<object id="background_1314033507716">
						<str id="sprite_class">background</str>
						<int id="w">3138</int>
						<int id="r">-1</int>
						<int id="x">3746</int>
						<int id="y">769</int>
						<int id="h">128</int>
						<int id="z">7</int>
						<str id="name">background_1314033507673</str>
					</object>
					<object id="background_bottletree_silhouette_1314033507838">
						<str id="sprite_class">background_bottletree_silhouette</str>
						<int id="w">160</int>
						<int id="x">1808</int>
						<int id="y">687</int>
						<int id="h">215</int>
						<int id="z">12</int>
						<str id="name">background_bottletree_silhouette_1314033507676</str>
					</object>
					<object id="bg2_tree2_1314927156427">
						<str id="sprite_class">bg2_tree2</str>
						<int id="w">209</int>
						<int id="x">3313</int>
						<int id="y">700</int>
						<int id="h">263</int>
						<int id="z">20</int>
						<str id="name">bg2_tree2_1314293531211</str>
					</object>
					<object id="background_green_bump1_1314033507675">
						<str id="sprite_class">background_green_bump1</str>
						<int id="w">1494</int>
						<int id="x">391</int>
						<int id="y">747</int>
						<int id="h">86</int>
						<int id="z">8</int>
						<str id="name">background_green_bump1_1314033507675</str>
					</object>
					<object id="background_green_bump2_1314033507674">
						<str id="sprite_class">background_green_bump2</str>
						<int id="w">1131</int>
						<int id="x">1047</int>
						<int id="y">744</int>
						<int id="h">76</int>
						<int id="z">9</int>
						<str id="name">background_green_bump2_1314033507674</str>
					</object>
				</object>
				<int id="w">5040</int>
				<int id="h">1000</int>
				<int id="z">-2</int>
				<object id="filtersNEW">
					<object id="saturation">
						<int id="value">-14</int>
					</object>
					<object id="tintAmount">
						<int id="value">80</int>
					</object>
					<object id="brightness">
						<int id="value">32</int>
					</object>
					<object id="tintColor">
						<int id="value">16750950</int>
					</object>
					<object id="contrast">
						<int id="value">-21</int>
					</object>
				</object>
				<str id="name">bg_2</str>
			</object>
			<object id="middleground">
				<object id="decos">
					<object id="ground_spots_dark_1_1314929521204">
						<str id="sprite_class">ground_spots_dark_1</str>
						<int id="w">301</int>
						<int id="r">5</int>
						<int id="x">-2918</int>
						<int id="y">-214</int>
						<int id="h">33</int>
						<int id="z">78</int>
						<str id="name">ground_spots_dark_1_1314235705907</str>
					</object>
					<object id="walkway_1_1315004641320">
						<str id="sprite_class">walkway_1</str>
						<int id="w">852</int>
						<int id="x">-90</int>
						<int id="y">-513</int>
						<int id="h">162</int>
						<int id="z">90</int>
						<str id="name">walkway_1_1315004641320</str>
					</object>
					<object id="front_ground_1_1314213229558">
						<str id="sprite_class">front_ground_1</str>
						<int id="w">308</int>
						<int id="r">-2</int>
						<int id="x">-1603</int>
						<int id="y">57</int>
						<int id="h">191</int>
						<int id="z">19</int>
						<str id="name">front_ground_1_1314213229544</str>
					</object>
					<object id="grass_solid_1315004641373">
						<str id="sprite_class">grass_solid</str>
						<int id="w">142</int>
						<int id="x">2769</int>
						<int id="y">-229</int>
						<int id="h">122</int>
						<int id="z">114</int>
						<str id="name">grass_solid_1314929521218</str>
					</object>
					<object id="front_ground_3_1315004641348">
						<str id="sprite_class">front_ground_3</str>
						<int id="w">415</int>
						<int id="r">-1</int>
						<int id="x">1713</int>
						<int id="y">-180</int>
						<int id="h">258</int>
						<int id="z">67</int>
						<str id="name">front_ground_3_1314213229576</str>
					</object>
					<object id="legs_moss_4_1315004641318">
						<str id="sprite_class">legs_moss_4</str>
						<int id="w">297</int>
						<int id="x">-476</int>
						<int id="y">-195</int>
						<int id="h">422</int>
						<int id="z">88</int>
						<str id="name">legs_moss_4_1315004641318</str>
						<bool id="h_flip">true</bool>
					</object>
					<object id="grass_solid_1315004641438">
						<str id="sprite_class">grass_solid</str>
						<int id="w">112</int>
						<int id="x">1364</int>
						<int id="y">-185</int>
						<int id="h">100</int>
						<int id="z">71</int>
						<str id="name">grass_solid_1314929521218</str>
					</object>
					<object id="ground_spots_dark_1_1315004641363">
						<str id="sprite_class">ground_spots_dark_1</str>
						<int id="w">203</int>
						<int id="r">4</int>
						<int id="x">-748</int>
						<int id="y">-327</int>
						<int id="h">23</int>
						<int id="z">106</int>
						<str id="name">ground_spots_dark_1_1314235705907</str>
					</object>
					<object id="ground_spots_dark_1_1315004641367">
						<str id="sprite_class">ground_spots_dark_1</str>
						<int id="w">285</int>
						<int id="r">-4</int>
						<int id="x">1690</int>
						<int id="y">-383</int>
						<int id="h">32</int>
						<int id="z">110</int>
						<str id="name">ground_spots_dark_1_1314235705907</str>
					</object>
					<object id="front_ground_1_1314213229575">
						<str id="sprite_class">front_ground_1</str>
						<int id="w">308</int>
						<int id="r">-2</int>
						<int id="x">490</int>
						<int id="y">109</int>
						<int id="h">191</int>
						<int id="z">48</int>
						<str id="name">front_ground_1_1314213229544</str>
					</object>
					<object id="ground_spots_dark_1_1314235705918">
						<str id="sprite_class">ground_spots_dark_1</str>
						<int id="w">225</int>
						<int id="x">-44</int>
						<int id="y">-77</int>
						<int id="h">25</int>
						<int id="z">74</int>
						<str id="name">ground_spots_dark_1_1314235705907</str>
					</object>
					<object id="ground_spots_dark_1_1314929521274">
						<str id="sprite_class">ground_spots_dark_1</str>
						<int id="w">205</int>
						<int id="r">2</int>
						<int id="x">-451</int>
						<int id="y">-225</int>
						<int id="h">23</int>
						<int id="z">47</int>
						<str id="name">ground_spots_dark_1_1314235705907</str>
					</object>
					<object id="lilypad_dried_1315004641439">
						<str id="sprite_class">lilypad_dried</str>
						<int id="w">103</int>
						<int id="x">381</int>
						<int id="y">-189</int>
						<int id="h">36</int>
						<int id="z">119</int>
						<str id="name">lilypad_dried_1314982735339</str>
					</object>
					<object id="front_ground_1_1314213229579">
						<str id="sprite_class">front_ground_1</str>
						<int id="w">308</int>
						<int id="r">2</int>
						<int id="x">1466</int>
						<int id="y">102</int>
						<int id="h">191</int>
						<int id="z">44</int>
						<str id="name">front_ground_1_1314213229544</str>
					</object>
					<object id="ground_spots_dark_1_1314235705915">
						<str id="sprite_class">ground_spots_dark_1</str>
						<int id="w">428</int>
						<int id="r">4</int>
						<int id="x">-909</int>
						<int id="y">-143</int>
						<int id="h">48</int>
						<int id="z">54</int>
						<str id="name">ground_spots_dark_1_1314235705907</str>
					</object>
					<object id="decor_plants4_1315009895177">
						<str id="sprite_class">decor_plants4</str>
						<int id="w">200</int>
						<int id="x">194</int>
						<int id="y">-621</int>
						<int id="h">143</int>
						<int id="z">124</int>
						<str id="name">decor_plants4_1315009895177</str>
					</object>
					<object id="ground_generic_3_spotless_1314213229556">
						<str id="sprite_class">ground_generic_3_spotless</str>
						<int id="w">861</int>
						<int id="r">2</int>
						<int id="x">-1589</int>
						<int id="y">-57</int>
						<int id="h">73</int>
						<int id="z">18</int>
						<str id="name">ground_generic_3_spotless_1314213229545</str>
					</object>
					<object id="ground_spots_dark_1_1314235705927">
						<str id="sprite_class">ground_spots_dark_1</str>
						<int id="w">322</int>
						<int id="x">664</int>
						<int id="y">-193</int>
						<int id="h">35</int>
						<int id="z">30</int>
						<str id="name">ground_spots_dark_1_1314235705907</str>
					</object>
					<object id="front_ground_1_1314213229583">
						<str id="sprite_class">front_ground_1</str>
						<int id="w">308</int>
						<int id="r">-2</int>
						<int id="x">2410</int>
						<int id="y">57</int>
						<int id="h">191</int>
						<int id="z">36</int>
						<str id="name">front_ground_1_1314213229544</str>
					</object>
					<object id="ladder_tile_cap_1_interior_1315004641325">
						<str id="sprite_class">ladder_tile_cap_1_interior</str>
						<int id="w">97</int>
						<int id="x">123</int>
						<int id="y">-509</int>
						<int id="h">50</int>
						<int id="z">95</int>
						<str id="name">ladder_tile_cap_1_interior_1315004641325</str>
					</object>
					<object id="ground_spots_dark_1_1314235705914">
						<str id="sprite_class">ground_spots_dark_1</str>
						<int id="w">267</int>
						<int id="r">1</int>
						<int id="x">-1134</int>
						<int id="y">-84</int>
						<int id="h">30</int>
						<int id="z">53</int>
						<str id="name">ground_spots_dark_1_1314235705907</str>
					</object>
					<object id="grass_solid_trans_1315004641398">
						<str id="sprite_class">grass_solid_trans</str>
						<int id="w">148</int>
						<int id="x">396</int>
						<int id="y">-211</int>
						<int id="h">124</int>
						<int id="z">58</int>
						<str id="name">grass_solid_trans_1314929521219</str>
					</object>
					<object id="front_ground_1_1314213229580">
						<str id="sprite_class">front_ground_1</str>
						<int id="w">308</int>
						<int id="r">-2</int>
						<int id="x">1682</int>
						<int id="y">79</int>
						<int id="h">191</int>
						<int id="z">43</int>
						<str id="name">front_ground_1_1314213229544</str>
					</object>
					<object id="ground_spots_dark_1_1315004641365">
						<str id="sprite_class">ground_spots_dark_1</str>
						<int id="w">203</int>
						<int id="r">4</int>
						<int id="x">1764</int>
						<int id="y">-258</int>
						<int id="h">23</int>
						<int id="z">108</int>
						<str id="name">ground_spots_dark_1_1314235705907</str>
					</object>
					<object id="front_ground_1_1314213229584">
						<str id="sprite_class">front_ground_1</str>
						<int id="w">308</int>
						<int id="r">2</int>
						<int id="x">2668</int>
						<int id="y">68</int>
						<int id="h">191</int>
						<int id="z">41</int>
						<str id="name">front_ground_1_1314213229544</str>
					</object>
					<object id="grass_solid_1315004641360">
						<str id="sprite_class">grass_solid</str>
						<int id="w">157</int>
						<int id="x">-1942</int>
						<int id="y">-208</int>
						<int id="h">134</int>
						<int id="z">81</int>
						<str id="name">grass_solid_1314929521218</str>
					</object>
					<object id="grass_solid_1315004641359">
						<str id="sprite_class">grass_solid</str>
						<int id="w">188</int>
						<int id="x">-1802</int>
						<int id="y">-172</int>
						<int id="h">161</int>
						<int id="z">83</int>
						<str id="name">grass_solid_1314929521218</str>
					</object>
					<object id="decor_plants2_1315009895178">
						<str id="sprite_class">decor_plants2</str>
						<int id="w">89</int>
						<int id="x">119</int>
						<int id="y">-618</int>
						<int id="h">119</int>
						<int id="z">125</int>
						<str id="name">decor_plants2_1315009895178</str>
					</object>
					<object id="grass_solid_1315004641371">
						<str id="sprite_class">grass_solid</str>
						<int id="w">79</int>
						<int id="x">-843</int>
						<int id="y">-192</int>
						<int id="h">68</int>
						<int id="z">113</int>
						<str id="name">grass_solid_1314929521218</str>
					</object>
					<object id="front_ground_1_1314213229554">
						<str id="sprite_class">front_ground_1</str>
						<int id="w">308</int>
						<int id="x">-2090</int>
						<int id="y">43</int>
						<int id="h">191</int>
						<int id="z">17</int>
						<str id="name">front_ground_1_1314213229544</str>
					</object>
					<object id="shadow_1315004641330">
						<str id="sprite_class">shadow</str>
						<int id="w">831</int>
						<int id="x">-103</int>
						<int id="y">-167</int>
						<int id="h">104</int>
						<int id="z">63</int>
						<str id="name">shadow_1315004641329</str>
					</object>
					<object id="ground_spots_dark_1_1315004641362">
						<str id="sprite_class">ground_spots_dark_1</str>
						<int id="w">203</int>
						<int id="r">-9</int>
						<int id="x">-1267</int>
						<int id="y">-280</int>
						<int id="h">23</int>
						<int id="z">105</int>
						<str id="name">ground_spots_dark_1_1314235705907</str>
					</object>
					<object id="front_ground_2_1315004641356">
						<str id="sprite_class">front_ground_2</str>
						<int id="w">252</int>
						<int id="r">-1</int>
						<int id="x">-1249</int>
						<int id="y">-190</int>
						<int id="h">97</int>
						<int id="z">104</int>
						<str id="name">front_ground_2_1314213229570</str>
					</object>
					<object id="grass_solid_trans_1315004641380">
						<str id="sprite_class">grass_solid_trans</str>
						<int id="w">143</int>
						<int id="x">-598</int>
						<int id="y">-208</int>
						<int id="h">121</int>
						<int id="z">62</int>
						<str id="name">grass_solid_trans_1314929521219</str>
					</object>
					<object id="window_brown_1315004641358">
						<str id="sprite_class">window_brown</str>
						<int id="w">81</int>
						<int id="r">-10</int>
						<int id="x">111</int>
						<int id="y">-915</int>
						<int id="h">108</int>
						<int id="z">93</int>
						<str id="name">window_brown_1315004641322</str>
					</object>
					<object id="grass_solid_trans_1315004641397">
						<str id="sprite_class">grass_solid_trans</str>
						<int id="w">148</int>
						<int id="x">299</int>
						<int id="y">-195</int>
						<int id="h">124</int>
						<int id="z">59</int>
						<str id="name">grass_solid_trans_1314929521219</str>
					</object>
					<object id="front_ground_1_1314213229552">
						<str id="sprite_class">front_ground_1</str>
						<int id="w">308</int>
						<int id="x">-2596</int>
						<int id="y">71</int>
						<int id="h">191</int>
						<int id="z">55</int>
						<str id="name">front_ground_1_1314213229544</str>
					</object>
					<object id="lilypad_dried_1315004641440">
						<str id="sprite_class">lilypad_dried</str>
						<int id="w">103</int>
						<int id="x">-740</int>
						<int id="y">-94</int>
						<int id="h">36</int>
						<int id="z">120</int>
						<str id="name">lilypad_dried_1314982735339</str>
						<bool id="h_flip">true</bool>
					</object>
					<object id="ground_spots_dark_1_1314235705936">
						<str id="sprite_class">ground_spots_dark_1</str>
						<int id="w">306</int>
						<int id="x">2753</int>
						<int id="y">-145</int>
						<int id="h">33</int>
						<int id="z">39</int>
						<str id="name">ground_spots_dark_1_1314235705907</str>
					</object>
					<object id="front_ground_1_1314213229560">
						<str id="sprite_class">front_ground_1</str>
						<int id="w">308</int>
						<int id="r">-2</int>
						<int id="x">-1079</int>
						<int id="y">84</int>
						<int id="h">191</int>
						<int id="z">21</int>
						<str id="name">front_ground_1_1314213229544</str>
					</object>
					<object id="lilypad_dried_1315004641441">
						<str id="sprite_class">lilypad_dried</str>
						<int id="w">76</int>
						<int id="x">-2360</int>
						<int id="y">-200</int>
						<int id="h">27</int>
						<int id="z">121</int>
						<str id="name">lilypad_dried_1314982735339</str>
					</object>
					<object id="ladder_interior_2steps_1315004641326">
						<str id="sprite_class">ladder_interior_2steps</str>
						<int id="w">72</int>
						<int id="x">122</int>
						<int id="y">-365</int>
						<int id="h">98</int>
						<int id="z">96</int>
						<str id="name">ladder_interior_2steps_1315004641326</str>
					</object>
					<object id="front_ground_2_1315004641355">
						<str id="sprite_class">front_ground_2</str>
						<int id="w">252</int>
						<int id="r">-3</int>
						<int id="x">-1056</int>
						<int id="y">-195</int>
						<int id="h">119</int>
						<int id="z">103</int>
						<str id="name">front_ground_2_1314213229570</str>
					</object>
					<object id="ladder_interior_2steps_1315004641328">
						<str id="sprite_class">ladder_interior_2steps</str>
						<int id="w">72</int>
						<int id="x">122</int>
						<int id="y">-175</int>
						<int id="h">98</int>
						<int id="z">99</int>
						<str id="name">ladder_interior_2steps_1315004641326</str>
					</object>
					<object id="ground_spots_dark_1_1314235705910">
						<str id="sprite_class">ground_spots_dark_1</str>
						<int id="w">257</int>
						<int id="x">-2185</int>
						<int id="y">-211</int>
						<int id="h">29</int>
						<int id="z">15</int>
						<str id="name">ground_spots_dark_1_1314235705907</str>
					</object>
					<object id="decor_plants6_1336588870007">
						<str id="sprite_class">decor_plants6</str>
						<int id="w">228</int>
						<int id="x">21</int>
						<int id="y">-596</int>
						<int id="h">165</int>
						<int id="z">126</int>
						<str id="name">decor_plants6_1336588870007</str>
					</object>
					<object id="ground_generic_3_spotless_1314213229563">
						<str id="sprite_class">ground_generic_3_spotless</str>
						<int id="w">1242</int>
						<int id="r">-2</int>
						<int id="x">-1</int>
						<int id="y">-30</int>
						<int id="h">199</int>
						<int id="z">2</int>
						<str id="name">ground_generic_3_spotless_1314213229545</str>
					</object>
					<object id="ground_spots_dark_1_1314235705935">
						<str id="sprite_class">ground_spots_dark_1</str>
						<int id="w">438</int>
						<int id="r">2</int>
						<int id="x">2869</int>
						<int id="y">-197</int>
						<int id="h">48</int>
						<int id="z">38</int>
						<str id="name">ground_spots_dark_1_1314235705907</str>
					</object>
					<object id="front_ground_2_1314213229571">
						<str id="sprite_class">front_ground_2</str>
						<int id="w">309</int>
						<int id="x">-316</int>
						<int id="y">44</int>
						<int id="h">194</int>
						<int id="z">23</int>
						<str id="name">front_ground_2_1314213229570</str>
					</object>
					<object id="lilypad_dried_1314982735339">
						<str id="sprite_class">lilypad_dried</str>
						<int id="w">103</int>
						<int id="x">2218</int>
						<int id="y">-204</int>
						<int id="h">36</int>
						<int id="z">85</int>
						<str id="name">lilypad_dried_1314982735339</str>
					</object>
					<object id="ground_generic_3_spotless_1315004641352">
						<str id="sprite_class">ground_generic_3_spotless</str>
						<int id="w">244</int>
						<int id="r">1</int>
						<int id="x">1234</int>
						<int id="y">-367</int>
						<int id="h">66</int>
						<int id="z">69</int>
						<str id="name">ground_generic_3_spotless_1314213229545</str>
					</object>
					<object id="ground_spots_dark_1_1314235705912">
						<str id="sprite_class">ground_spots_dark_1</str>
						<int id="w">267</int>
						<int id="r">4</int>
						<int id="x">-1652</int>
						<int id="y">-218</int>
						<int id="h">30</int>
						<int id="z">51</int>
						<str id="name">ground_spots_dark_1_1314235705907</str>
					</object>
					<object id="front_ground_1_1314213229555">
						<str id="sprite_class">front_ground_1</str>
						<int id="w">308</int>
						<int id="r">3</int>
						<int id="x">-1870</int>
						<int id="y">76</int>
						<int id="h">191</int>
						<int id="z">49</int>
						<str id="name">front_ground_1_1314213229544</str>
					</object>
					<object id="ground_spots_dark_1_1314235705928">
						<str id="sprite_class">ground_spots_dark_1</str>
						<int id="w">364</int>
						<int id="x">930</int>
						<int id="y">-131</int>
						<int id="h">39</int>
						<int id="z">31</int>
						<str id="name">ground_spots_dark_1_1314235705907</str>
					</object>
					<object id="grass_solid_trans_1315004641382">
						<str id="sprite_class">grass_solid_trans</str>
						<int id="w">121</int>
						<int id="x">-2618</int>
						<int id="y">-159</int>
						<int id="h">102</int>
						<int id="z">118</int>
						<str id="name">grass_solid_trans_1314929521219</str>
					</object>
					<object id="front_ground_1_1314213229581">
						<str id="sprite_class">front_ground_1</str>
						<int id="w">308</int>
						<int id="r">-2</int>
						<int id="x">1885</int>
						<int id="y">48</int>
						<int id="h">191</int>
						<int id="z">33</int>
						<str id="name">front_ground_1_1314213229544</str>
					</object>
					<object id="grass_solid_1315004641374">
						<str id="sprite_class">grass_solid</str>
						<int id="w">142</int>
						<int id="x">2662</int>
						<int id="y">-229</int>
						<int id="h">122</int>
						<int id="z">115</int>
						<str id="name">grass_solid_1314929521218</str>
					</object>
					<object id="ground_spots_dark_1_1314235705919">
						<str id="sprite_class">ground_spots_dark_1</str>
						<int id="w">419</int>
						<int id="r">2</int>
						<int id="x">175</int>
						<int id="y">-127</int>
						<int id="h">47</int>
						<int id="z">75</int>
						<str id="name">ground_spots_dark_1_1314235705907</str>
					</object>
					<object id="front_ground_3_1314213229577">
						<str id="sprite_class">front_ground_3</str>
						<int id="w">383</int>
						<int id="r">-2</int>
						<int id="x">1005</int>
						<int id="y">48</int>
						<int id="h">209</int>
						<int id="z">29</int>
						<str id="name">front_ground_3_1314213229576</str>
					</object>
					<object id="front_ground_1_1314213229582">
						<str id="sprite_class">front_ground_1</str>
						<int id="w">308</int>
						<int id="x">2146</int>
						<int id="y">59</int>
						<int id="h">191</int>
						<int id="z">35</int>
						<str id="name">front_ground_1_1314213229544</str>
					</object>
					<object id="ground_spots_dark_1_1314235705908">
						<str id="sprite_class">ground_spots_dark_1</str>
						<int id="w">369</int>
						<int id="r">2</int>
						<int id="x">-2392</int>
						<int id="y">-156</int>
						<int id="h">41</int>
						<int id="z">14</int>
						<str id="name">ground_spots_dark_1_1314235705907</str>
					</object>
					<object id="front_ground_3_1314213229576">
						<str id="sprite_class">front_ground_3</str>
						<int id="w">383</int>
						<int id="r">-6</int>
						<int id="x">750</int>
						<int id="y">66</int>
						<int id="h">209</int>
						<int id="z">28</int>
						<str id="name">front_ground_3_1314213229576</str>
					</object>
					<object id="front_ground_1_1314213229553">
						<str id="sprite_class">front_ground_1</str>
						<int id="w">308</int>
						<int id="r">-1</int>
						<int id="x">-2358</int>
						<int id="y">40</int>
						<int id="h">191</int>
						<int id="z">16</int>
						<str id="name">front_ground_1_1314213229544</str>
					</object>
					<object id="front_ground_2_1315004641353">
						<str id="sprite_class">front_ground_2</str>
						<int id="w">252</int>
						<int id="x">-755</int>
						<int id="y">-210</int>
						<int id="h">139</int>
						<int id="z">101</int>
						<str id="name">front_ground_2_1314213229570</str>
						<bool id="h_flip">true</bool>
					</object>
					<object id="front_ground_1_1314213229561">
						<str id="sprite_class">front_ground_1</str>
						<int id="w">308</int>
						<int id="r">-1</int>
						<int id="x">-818</int>
						<int id="y">84</int>
						<int id="h">191</int>
						<int id="z">25</int>
						<str id="name">front_ground_1_1314213229544</str>
					</object>
					<object id="lilypad_dried_1315004641399">
						<str id="sprite_class">lilypad_dried</str>
						<int id="w">103</int>
						<int id="x">2551</int>
						<int id="y">-123</int>
						<int id="h">36</int>
						<int id="z">86</int>
						<str id="name">lilypad_dried_1314982735339</str>
					</object>
					<object id="ground_spots_dark_1_1315004641364">
						<str id="sprite_class">ground_spots_dark_1</str>
						<int id="w">242</int>
						<int id="r">-4</int>
						<int id="x">-1027</int>
						<int id="y">-298</int>
						<int id="h">27</int>
						<int id="z">107</int>
						<str id="name">ground_spots_dark_1_1314235705907</str>
					</object>
					<object id="ground_spots_dark_1_1314235705913">
						<str id="sprite_class">ground_spots_dark_1</str>
						<int id="w">326</int>
						<int id="r">2</int>
						<int id="x">-1450</int>
						<int id="y">-134</int>
						<int id="h">37</int>
						<int id="z">52</int>
						<str id="name">ground_spots_dark_1_1314235705907</str>
					</object>
					<object id="legs_moss_3_1315004641319">
						<str id="sprite_class">legs_moss_3</str>
						<int id="w">206</int>
						<int id="x">218</int>
						<int id="y">-184</int>
						<int id="h">449</int>
						<int id="z">89</int>
						<str id="name">legs_moss_3_1315004641319</str>
					</object>
					<object id="front_ground_1_1314213229559">
						<str id="sprite_class">front_ground_1</str>
						<int id="w">308</int>
						<int id="r">6</int>
						<int id="x">-1350</int>
						<int id="y">73</int>
						<int id="h">191</int>
						<int id="z">20</int>
						<str id="name">front_ground_1_1314213229544</str>
					</object>
					<object id="grass_solid_1315004641369">
						<str id="sprite_class">grass_solid</str>
						<int id="w">105</int>
						<int id="x">-1383</int>
						<int id="y">-202</int>
						<int id="h">90</int>
						<int id="z">84</int>
						<str id="name">grass_solid_1314929521218</str>
					</object>
					<object id="ground_generic_3_spotless_1315004641357">
						<str id="sprite_class">ground_generic_3_spotless</str>
						<int id="w">748</int>
						<int id="r">-6</int>
						<int id="x">-1000</int>
						<int id="y">-250</int>
						<int id="h">95</int>
						<int id="z">100</int>
						<str id="name">ground_generic_3_spotless_1314213229545</str>
					</object>
					<object id="grass_solid_1315004641372">
						<str id="sprite_class">grass_solid</str>
						<int id="w">142</int>
						<int id="x">-453</int>
						<int id="y">-211</int>
						<int id="h">122</int>
						<int id="z">61</int>
						<str id="name">grass_solid_1314929521218</str>
					</object>
					<object id="grass_solid_1315004641385">
						<str id="sprite_class">grass_solid</str>
						<int id="w">142</int>
						<int id="x">1544</int>
						<int id="y">-214</int>
						<int id="h">122</int>
						<int id="z">66</int>
						<str id="name">grass_solid_1314929521218</str>
					</object>
					<object id="front_ground_1_1314213229544">
						<str id="sprite_class">front_ground_1</str>
						<int id="w">308</int>
						<int id="r">5</int>
						<int id="x">-2868</int>
						<int id="y">48</int>
						<int id="h">191</int>
						<int id="z">13</int>
						<str id="name">front_ground_1_1314213229544</str>
					</object>
					<object id="ground_spots_dark_1_1314235705933">
						<str id="sprite_class">ground_spots_dark_1</str>
						<int id="w">309</int>
						<int id="r">2</int>
						<int id="x">1542</int>
						<int id="y">-88</int>
						<int id="h">34</int>
						<int id="z">77</int>
						<str id="name">ground_spots_dark_1_1314235705907</str>
					</object>
					<object id="ground_spots_dark_1_1314235705934">
						<str id="sprite_class">ground_spots_dark_1</str>
						<int id="w">338</int>
						<int id="r">5</int>
						<int id="x">2332</int>
						<int id="y">-127</int>
						<int id="h">37</int>
						<int id="z">37</int>
						<str id="name">ground_spots_dark_1_1314235705907</str>
					</object>
					<object id="front_ground_2_1314927156453">
						<str id="sprite_class">front_ground_2</str>
						<int id="w">252</int>
						<int id="x">1605</int>
						<int id="y">-146</int>
						<int id="h">139</int>
						<int id="z">72</int>
						<str id="name">front_ground_2_1314213229570</str>
					</object>
					<object id="ground_generic_3_spotless_1315004641351">
						<str id="sprite_class">ground_generic_3_spotless</str>
						<int id="w">498</int>
						<int id="r">-3</int>
						<int id="x">1849</int>
						<int id="y">-347</int>
						<int id="h">101</int>
						<int id="z">7</int>
						<str id="name">ground_generic_3_spotless_1314213229545</str>
					</object>
					<object id="grass_solid_trans_1315004641378">
						<str id="sprite_class">grass_solid_trans</str>
						<int id="w">129</int>
						<int id="x">1022</int>
						<int id="y">-198</int>
						<int id="h">110</int>
						<int id="z">4</int>
						<str id="name">grass_solid_trans_1314929521219</str>
					</object>
					<object id="front_ground_3_1314927156455">
						<str id="sprite_class">front_ground_3</str>
						<int id="w">383</int>
						<int id="r">-1</int>
						<int id="x">1978</int>
						<int id="y">-190</int>
						<int id="h">258</int>
						<int id="z">65</int>
						<str id="name">front_ground_3_1314213229576</str>
						<bool id="h_flip">true</bool>
					</object>
					<object id="ground_generic_3_spotless_1314213229565">
						<str id="sprite_class">ground_generic_3_spotless</str>
						<int id="w">2118</int>
						<int id="r">-2</int>
						<int id="x">1281</int>
						<int id="y">-8</int>
						<int id="h">256</int>
						<int id="z">3</int>
						<str id="name">ground_generic_3_spotless_1314213229545</str>
					</object>
					<object id="ground_spots_dark_1_1314235705932">
						<str id="sprite_class">ground_spots_dark_1</str>
						<int id="w">434</int>
						<int id="r">-1</int>
						<int id="x">1938</int>
						<int id="y">-126</int>
						<int id="h">48</int>
						<int id="z">34</int>
						<str id="name">ground_spots_dark_1_1314235705907</str>
					</object>
					<object id="ladder_interior_2steps_1315004641327">
						<str id="sprite_class">ladder_interior_2steps</str>
						<int id="w">72</int>
						<int id="x">122</int>
						<int id="y">-269</int>
						<int id="h">98</int>
						<int id="z">97</int>
						<str id="name">ladder_interior_2steps_1315004641326</str>
					</object>
					<object id="lilypad_dried_1315004641400">
						<str id="sprite_class">lilypad_dried</str>
						<int id="w">82</int>
						<int id="x">2645</int>
						<int id="y">-114</int>
						<int id="h">29</int>
						<int id="z">87</int>
						<str id="name">lilypad_dried_1314982735339</str>
						<bool id="h_flip">true</bool>
					</object>
					<object id="bottletree_body4_1314927156448">
						<str id="sprite_class">bottletree_body4</str>
						<int id="w">890</int>
						<int id="x">-91</int>
						<int id="y">-208</int>
						<int id="h">953</int>
						<int id="z">64</int>
						<str id="name">bottletree_body4_1314927156448</str>
					</object>
					<object id="front_ground_1_1314213229572">
						<str id="sprite_class">front_ground_1</str>
						<int id="w">308</int>
						<int id="x">-63</int>
						<int id="y">80</int>
						<int id="h">191</int>
						<int id="z">26</int>
						<str id="name">front_ground_1_1314213229544</str>
					</object>
					<object id="window_brown_1315004641324">
						<str id="sprite_class">window_brown</str>
						<int id="w">87</int>
						<int id="r">-10</int>
						<int id="x">131</int>
						<int id="y">-788</int>
						<int id="h">108</int>
						<int id="z">92</int>
						<str id="name">window_brown_1315004641322</str>
					</object>
					<object id="grass_solid_trans_1315004641381">
						<str id="sprite_class">grass_solid_trans</str>
						<int id="w">70</int>
						<int id="x">-1120</int>
						<int id="y">-186</int>
						<int id="h">59</int>
						<int id="z">117</int>
						<str id="name">grass_solid_trans_1314929521219</str>
					</object>
					<object id="front_ground_1_1314213229585">
						<str id="sprite_class">front_ground_1</str>
						<int id="w">308</int>
						<int id="r">-8</int>
						<int id="x">2940</int>
						<int id="y">55</int>
						<int id="h">191</int>
						<int id="z">42</int>
						<str id="name">front_ground_1_1314213229544</str>
					</object>
					<object id="ground_generic_1_spotless_1314213229564">
						<str id="sprite_class">ground_generic_1_spotless</str>
						<int id="w">1331</int>
						<int id="x">190</int>
						<int id="y">-145</int>
						<int id="h">147</int>
						<int id="z">10</int>
						<str id="name">ground_generic_1_spotless_1314213229546</str>
					</object>
					<object id="front_ground_3_1315004641349">
						<str id="sprite_class">front_ground_3</str>
						<int id="w">415</int>
						<int id="r">-1</int>
						<int id="x">1197</int>
						<int id="y">-178</int>
						<int id="h">258</int>
						<int id="z">70</int>
						<str id="name">front_ground_3_1314213229576</str>
					</object>
					<object id="ground_generic_1_1314929521172">
						<str id="sprite_class">ground_generic_1</str>
						<int id="w">348</int>
						<int id="r">7</int>
						<int id="x">-328</int>
						<int id="y">-179</int>
						<int id="h">134</int>
						<int id="z">56</int>
						<str id="name">ground_generic_1_1314929521172</str>
					</object>
					<object id="ground_spots_dark_1_1314235705911">
						<str id="sprite_class">ground_spots_dark_1</str>
						<int id="w">369</int>
						<int id="r">7</int>
						<int id="x">-1940</int>
						<int id="y">-117</int>
						<int id="h">41</int>
						<int id="z">50</int>
						<str id="name">ground_spots_dark_1_1314235705907</str>
					</object>
					<object id="ground_spots_dark_1_1314929521273">
						<str id="sprite_class">ground_spots_dark_1</str>
						<int id="w">205</int>
						<int id="r">2</int>
						<int id="x">1456</int>
						<int id="y">-220</int>
						<int id="h">23</int>
						<int id="z">46</int>
						<str id="name">ground_spots_dark_1_1314235705907</str>
					</object>
					<object id="shadow_1315004641331">
						<str id="sprite_class">shadow</str>
						<int id="w">132</int>
						<int id="x">121</int>
						<int id="y">-162</int>
						<int id="h">24</int>
						<int id="z">98</int>
						<str id="name">shadow_1315004641329</str>
					</object>
					<object id="ground_spots_dark_1_1314235705916">
						<str id="sprite_class">ground_spots_dark_1</str>
						<int id="w">361</int>
						<int id="x">-417</int>
						<int id="y">-118</int>
						<int id="h">41</int>
						<int id="z">24</int>
						<str id="name">ground_spots_dark_1_1314235705907</str>
					</object>
					<object id="window_brown_1315004641322">
						<str id="sprite_class">window_brown</str>
						<int id="w">108</int>
						<int id="x">86</int>
						<int id="y">-383</int>
						<int id="h">108</int>
						<int id="z">91</int>
						<str id="name">window_brown_1315004641322</str>
					</object>
					<object id="front_ground_2_1315004641354">
						<str id="sprite_class">front_ground_2</str>
						<int id="w">252</int>
						<int id="x">-926</int>
						<int id="y">-199</int>
						<int id="h">139</int>
						<int id="z">102</int>
						<str id="name">front_ground_2_1314213229570</str>
						<bool id="h_flip">true</bool>
					</object>
					<object id="decor_plants3_1315009895176">
						<str id="sprite_class">decor_plants3</str>
						<int id="w">174</int>
						<int id="x">-386</int>
						<int id="y">-633</int>
						<int id="h">147</int>
						<int id="z">122</int>
						<str id="name">decor_plants3_1315009895176</str>
					</object>
					<object id="shadow_1314927156449">
						<str id="sprite_class">shadow</str>
						<int id="w">552</int>
						<int id="r">1</int>
						<int id="x">-87</int>
						<int id="y">-480</int>
						<int id="h">130</int>
						<int id="z">60</int>
						<str id="name">shadow_1314213229589</str>
					</object>
					<object id="ground_generic_3_spotless_1314213229545">
						<str id="sprite_class">ground_generic_3_spotless</str>
						<int id="w">1246</int>
						<int id="r">-4</int>
						<int id="x">-2212</int>
						<int id="y">-52</int>
						<int id="h">202</int>
						<int id="z">0</int>
						<str id="name">ground_generic_3_spotless_1314213229545</str>
					</object>
					<object id="ground_spots_dark_1_1315004641366">
						<str id="sprite_class">ground_spots_dark_1</str>
						<int id="w">229</int>
						<int id="r">4</int>
						<int id="x">2007</int>
						<int id="y">-396</int>
						<int id="h">26</int>
						<int id="z">109</int>
						<str id="name">ground_spots_dark_1_1314235705907</str>
					</object>
					<object id="front_ground_2_1314213229570">
						<str id="sprite_class">front_ground_2</str>
						<int id="w">309</int>
						<int id="x">-584</int>
						<int id="y">43</int>
						<int id="h">194</int>
						<int id="z">22</int>
						<str id="name">front_ground_2_1314213229570</str>
					</object>
					<object id="front_ground_2_1315004641350">
						<str id="sprite_class">front_ground_2</str>
						<int id="w">252</int>
						<int id="x">1762</int>
						<int id="y">-146</int>
						<int id="h">139</int>
						<int id="z">73</int>
						<str id="name">front_ground_2_1314213229570</str>
						<bool id="h_flip">true</bool>
					</object>
					<object id="grass_solid_1315004641361">
						<str id="sprite_class">grass_solid</str>
						<int id="w">98</int>
						<int id="x">-2061</int>
						<int id="y">-191</int>
						<int id="h">84</int>
						<int id="z">82</int>
						<str id="name">grass_solid_1314929521218</str>
					</object>
					<object id="grass_solid_1315004641386">
						<str id="sprite_class">grass_solid</str>
						<int id="w">75</int>
						<int id="x">1879</int>
						<int id="y">-173</int>
						<int id="h">64</int>
						<int id="z">68</int>
						<str id="name">grass_solid_1314929521218</str>
					</object>
					<object id="ground_generic_1_spotless_1314213229546">
						<str id="sprite_class">ground_generic_1_spotless</str>
						<int id="w">1331</int>
						<int id="x">-2927</int>
						<int id="y">-115</int>
						<int id="h">147</int>
						<int id="z">12</int>
						<str id="name">ground_generic_1_spotless_1314213229546</str>
					</object>
					<object id="window_brown_1315004641323">
						<str id="sprite_class">window_brown</str>
						<int id="w">108</int>
						<int id="x">-276</int>
						<int id="y">-392</int>
						<int id="h">108</int>
						<int id="z">94</int>
						<str id="name">window_brown_1315004641322</str>
					</object>
					<object id="ground_spots_dark_1_1315004641368">
						<str id="sprite_class">ground_spots_dark_1</str>
						<int id="w">229</int>
						<int id="r">-4</int>
						<int id="x">1145</int>
						<int id="y">-381</int>
						<int id="h">26</int>
						<int id="z">111</int>
						<str id="name">ground_spots_dark_1_1314235705907</str>
					</object>
					<object id="ground_generic_2_spotless_1314213229562">
						<str id="sprite_class">ground_generic_2_spotless</str>
						<int id="w">1457</int>
						<int id="x">-240</int>
						<int id="y">-166</int>
						<int id="h">114</int>
						<int id="z">9</int>
						<str id="name">ground_generic_2_spotless_1314213229562</str>
						<bool id="h_flip">true</bool>
					</object>
					<object id="ground_generic_1_spotless_1314213229547">
						<str id="sprite_class">ground_generic_1_spotless</str>
						<int id="w">1331</int>
						<int id="x">-1780</int>
						<int id="y">-116</int>
						<int id="h">147</int>
						<int id="z">11</int>
						<str id="name">ground_generic_1_spotless_1314213229546</str>
					</object>
					<object id="grass_solid_trans_1315004641396">
						<str id="sprite_class">grass_solid_trans</str>
						<int id="w">153</int>
						<int id="x">931</int>
						<int id="y">-176</int>
						<int id="h">129</int>
						<int id="z">5</int>
						<str id="name">grass_solid_trans_1314929521219</str>
					</object>
					<object id="ground_generic_3_spotless_1314213229567">
						<str id="sprite_class">ground_generic_3_spotless</str>
						<int id="w">1425</int>
						<int id="x">2512</int>
						<int id="y">-50</int>
						<int id="h">235</int>
						<int id="z">6</int>
						<str id="name">ground_generic_3_spotless_1314213229545</str>
					</object>
					<object id="front_ground_1_1314213229574">
						<str id="sprite_class">front_ground_1</str>
						<int id="w">308</int>
						<int id="r">5</int>
						<int id="x">203</int>
						<int id="y">103</int>
						<int id="h">191</int>
						<int id="z">27</int>
						<str id="name">front_ground_1_1314213229544</str>
					</object>
					<object id="grass_solid_trans_1314929521286">
						<str id="sprite_class">grass_solid_trans</str>
						<int id="w">165</int>
						<int id="x">2143</int>
						<int id="y">-212</int>
						<int id="h">141</int>
						<int id="z">8</int>
						<str id="name">grass_solid_trans_1314929521219</str>
					</object>
					<object id="ground_spots_dark_1_1314235705920">
						<str id="sprite_class">ground_spots_dark_1</str>
						<int id="w">346</int>
						<int id="x">440</int>
						<int id="y">-72</int>
						<int id="h">38</int>
						<int id="z">76</int>
						<str id="name">ground_spots_dark_1_1314235705907</str>
					</object>
					<object id="ground_spots_dark_1_1314235705937">
						<str id="sprite_class">ground_spots_dark_1</str>
						<int id="w">299</int>
						<int id="r">2</int>
						<int id="x">2447</int>
						<int id="y">-220</int>
						<int id="h">32</int>
						<int id="z">40</int>
						<str id="name">ground_spots_dark_1_1314235705907</str>
					</object>
					<object id="ground_spots_dark_1_1314235705931">
						<str id="sprite_class">ground_spots_dark_1</str>
						<int id="w">240</int>
						<int id="r">2</int>
						<int id="x">1246</int>
						<int id="y">-164</int>
						<int id="h">27</int>
						<int id="z">45</int>
						<str id="name">ground_spots_dark_1_1314235705907</str>
					</object>
					<object id="front_ground_3_1314213229578">
						<str id="sprite_class">front_ground_3</str>
						<int id="w">383</int>
						<int id="r">9</int>
						<int id="x">1232</int>
						<int id="y">60</int>
						<int id="h">209</int>
						<int id="z">32</int>
						<str id="name">front_ground_3_1314213229576</str>
						<bool id="h_flip">true</bool>
					</object>
					<object id="grass_solid_trans_1315004641377">
						<str id="sprite_class">grass_solid_trans</str>
						<int id="w">129</int>
						<int id="x">2075</int>
						<int id="y">-177</int>
						<int id="h">110</int>
						<int id="z">116</int>
						<str id="name">grass_solid_trans_1314929521219</str>
					</object>
					<object id="grass_solid_1314929521226">
						<str id="sprite_class">grass_solid</str>
						<int id="w">153</int>
						<int id="x">-2686</int>
						<int id="y">-180</int>
						<int id="h">131</int>
						<int id="z">80</int>
						<str id="name">grass_solid_1314929521218</str>
					</object>
					<object id="fishing_rods_1315004641442">
						<str id="sprite_class">fishing_rods</str>
						<int id="w">61</int>
						<int id="x">-333</int>
						<int id="y">-628</int>
						<int id="h">124</int>
						<int id="z">123</int>
						<str id="name">fishing_rods_1315004641442</str>
					</object>
					<object id="ground_generic_1_1315004641321">
						<str id="sprite_class">ground_generic_1</str>
						<int id="w">348</int>
						<int id="r">-8</int>
						<int id="x">201</int>
						<int id="y">-172</int>
						<int id="h">134</int>
						<int id="z">57</int>
						<str id="name">ground_generic_1_1314929521172</str>
					</object>
					<object id="grass_solid_1315004641370">
						<str id="sprite_class">grass_solid</str>
						<int id="w">120</int>
						<int id="x">-721</int>
						<int id="y">-185</int>
						<int id="h">104</int>
						<int id="z">112</int>
						<str id="name">grass_solid_1314929521218</str>
					</object>
					<object id="ground_spots_dark_1_1314929521205">
						<str id="sprite_class">ground_spots_dark_1</str>
						<int id="w">394</int>
						<int id="r">10</int>
						<int id="x">-2733</int>
						<int id="y">-127</int>
						<int id="h">43</int>
						<int id="z">79</int>
						<str id="name">ground_spots_dark_1_1314235705907</str>
					</object>
					<object id="ground_generic_3_spotless_1314213229548">
						<str id="sprite_class">ground_generic_3_spotless</str>
						<int id="w">1246</int>
						<int id="r">1</int>
						<int id="x">-1157</int>
						<int id="y">-62</int>
						<int id="h">177</int>
						<int id="z">1</int>
						<str id="name">ground_generic_3_spotless_1314213229545</str>
					</object>
				</object>
				<object id="doors">
				</object>
				<object id="platform_lines">
					<object id="plat_1315004641408">
						<object id="end">
							<int id="y">-394</int>
							<int id="x">1589</int>
						</object>
						<int id="platform_pc_perm">-1</int>
						<int id="platform_item_perm">-1</int>
						<object id="start">
							<int id="y">-377</int>
							<int id="x">1546</int>
						</object>
					</object>
					<object id="plat_1315004641427">
						<object id="end">
							<int id="y">-317</int>
							<int id="x">-854</int>
						</object>
						<int id="platform_pc_perm">-1</int>
						<int id="platform_item_perm">-1</int>
						<object id="start">
							<int id="y">-319</int>
							<int id="x">-949</int>
						</object>
					</object>
					<object id="plat_1315004641405">
						<object id="end">
							<int id="y">-266</int>
							<int id="x">1540</int>
						</object>
						<int id="platform_pc_perm">-1</int>
						<int id="platform_item_perm">-1</int>
						<object id="start">
							<int id="y">-255</int>
							<int id="x">1486</int>
						</object>
					</object>
					<object id="plat_1315004641420">
						<object id="end">
							<int id="y">-143</int>
							<int id="x">-228</int>
						</object>
						<int id="platform_pc_perm">-1</int>
						<int id="platform_item_perm">-1</int>
						<object id="start">
							<int id="y">-160</int>
							<int id="x">-901</int>
						</object>
					</object>
					<object id="plat_1315009895167">
						<object id="end">
							<int id="y">-575</int>
							<int id="x">-12</int>
						</object>
						<int id="platform_pc_perm">-1</int>
						<int id="platform_item_perm">-1</int>
						<object id="start">
							<int id="y">-571</int>
							<int id="x">-156</int>
						</object>
					</object>
					<object id="plat_1315004641435">
						<object id="end">
							<int id="y">-166</int>
							<int id="x">-2726</int>
						</object>
						<int id="platform_pc_perm">-1</int>
						<int id="platform_item_perm">-1</int>
						<object id="start">
							<int id="y">-205</int>
							<int id="x">-2999</int>
						</object>
					</object>
					<object id="plat_1315009895170">
						<object id="end">
							<int id="y">-642</int>
							<int id="x">327</int>
						</object>
						<int id="platform_pc_perm">-1</int>
						<int id="platform_item_perm">-1</int>
						<object id="start">
							<int id="y">-600</int>
							<int id="x">234</int>
						</object>
					</object>
					<object id="plat_1315004641413">
						<object id="end">
							<int id="y">-146</int>
							<int id="x">1458</int>
						</object>
						<int id="platform_pc_perm">-1</int>
						<int id="platform_item_perm">-1</int>
						<object id="start">
							<int id="y">-159</int>
							<int id="x">1145</int>
						</object>
					</object>
					<object id="plat_1315009895169">
						<object id="end">
							<int id="y">-600</int>
							<int id="x">234</int>
						</object>
						<int id="platform_pc_perm">-1</int>
						<int id="platform_item_perm">-1</int>
						<object id="start">
							<int id="y">-589</int>
							<int id="x">115</int>
						</object>
					</object>
					<object id="plat_1315009895174">
						<object id="end">
							<int id="y">-162</int>
							<int id="x">175</int>
						</object>
						<int id="platform_pc_perm">-1</int>
						<int id="platform_item_perm">-1</int>
						<object id="start">
							<int id="y">-159</int>
							<int id="x">-18</int>
						</object>
					</object>
					<object id="plat_1315004641433">
						<object id="end">
							<int id="y">-173</int>
							<int id="x">-2302</int>
						</object>
						<int id="platform_pc_perm">-1</int>
						<int id="platform_item_perm">-1</int>
						<object id="start">
							<int id="y">-149</int>
							<int id="x">-2600</int>
						</object>
					</object>
					<object id="plat_1315004641415">
						<object id="end">
							<int id="y">-391</int>
							<int id="x">1079</int>
						</object>
						<int id="platform_pc_perm">-1</int>
						<int id="platform_item_perm">-1</int>
						<object id="start">
							<int id="y">-375</int>
							<int id="x">1027</int>
						</object>
					</object>
					<object id="plat_1315004641424">
						<object id="end">
							<int id="y">-279</int>
							<int id="x">-1334</int>
						</object>
						<int id="platform_pc_perm">-1</int>
						<int id="platform_item_perm">-1</int>
						<object id="start">
							<int id="y">-266</int>
							<int id="x">-1367</int>
						</object>
					</object>
					<object id="plat_1315004641402">
						<object id="end">
							<int id="y">-191</int>
							<int id="x">2645</int>
						</object>
						<int id="platform_pc_perm">-1</int>
						<int id="platform_item_perm">-1</int>
						<object id="start">
							<int id="y">-171</int>
							<int id="x">2170</int>
						</object>
					</object>
					<object id="plat_1315004641406">
						<object id="end">
							<int id="y">-267</int>
							<int id="x">1828</int>
						</object>
						<int id="platform_pc_perm">-1</int>
						<int id="platform_item_perm">-1</int>
						<object id="start">
							<int id="y">-266</int>
							<int id="x">1540</int>
						</object>
					</object>
					<object id="plat_1315004641428">
						<object id="end">
							<int id="y">-337</int>
							<int id="x">-763</int>
						</object>
						<int id="platform_pc_perm">-1</int>
						<int id="platform_item_perm">-1</int>
						<object id="start">
							<int id="y">-317</int>
							<int id="x">-854</int>
						</object>
					</object>
					<object id="plat_1315004641432">
						<object id="end">
							<int id="y">-162</int>
							<int id="x">-2022</int>
						</object>
						<int id="platform_pc_perm">-1</int>
						<int id="platform_item_perm">-1</int>
						<object id="start">
							<int id="y">-173</int>
							<int id="x">-2302</int>
						</object>
					</object>
					<object id="plat_1315009895173">
						<object id="end">
							<int id="y">-159</int>
							<int id="x">-18</int>
						</object>
						<int id="platform_pc_perm">-1</int>
						<int id="platform_item_perm">-1</int>
						<object id="start">
							<int id="y">-152</int>
							<int id="x">-126</int>
						</object>
					</object>
					<object id="plat_1315004641407">
						<object id="end">
							<int id="y">-253</int>
							<int id="x">1878</int>
						</object>
						<int id="platform_pc_perm">-1</int>
						<int id="platform_item_perm">-1</int>
						<object id="start">
							<int id="y">-267</int>
							<int id="x">1828</int>
						</object>
					</object>
					<object id="plat_1315004641411">
						<object id="end">
							<int id="y">-400</int>
							<int id="x">2124</int>
						</object>
						<int id="platform_pc_perm">-1</int>
						<int id="platform_item_perm">-1</int>
						<object id="start">
							<int id="y">-415</int>
							<int id="x">2020</int>
						</object>
					</object>
					<object id="plat_1315009895166">
						<object id="end">
							<int id="y">-571</int>
							<int id="x">-156</int>
						</object>
						<int id="platform_pc_perm">-1</int>
						<int id="platform_item_perm">-1</int>
						<object id="start">
							<int id="y">-598</int>
							<int id="x">-329</int>
						</object>
					</object>
					<object id="plat_1315004641425">
						<object id="end">
							<int id="y">-296</int>
							<int id="x">-1133</int>
						</object>
						<int id="platform_pc_perm">-1</int>
						<int id="platform_item_perm">-1</int>
						<object id="start">
							<int id="y">-279</int>
							<int id="x">-1334</int>
						</object>
					</object>
					<object id="plat_1315009895172">
						<object id="end">
							<int id="y">-152</int>
							<int id="x">-126</int>
						</object>
						<int id="platform_pc_perm">-1</int>
						<int id="platform_item_perm">-1</int>
						<object id="start">
							<int id="y">-143</int>
							<int id="x">-228</int>
						</object>
					</object>
					<object id="plat_1315004641429">
						<object id="end">
							<int id="y">-326</int>
							<int id="x">-642</int>
						</object>
						<int id="platform_pc_perm">-1</int>
						<int id="platform_item_perm">-1</int>
						<object id="start">
							<int id="y">-337</int>
							<int id="x">-763</int>
						</object>
					</object>
					<object id="plat_1315009895165">
						<object id="end">
							<int id="y">-598</int>
							<int id="x">-329</int>
						</object>
						<int id="platform_pc_perm">-1</int>
						<int id="platform_item_perm">-1</int>
						<object id="start">
							<int id="y">-641</int>
							<int id="x">-497</int>
						</object>
					</object>
					<object id="plat_1315004641422">
						<object id="end">
							<int id="y">-146</int>
							<int id="x">-1248</int>
						</object>
						<int id="platform_pc_perm">-1</int>
						<int id="platform_item_perm">-1</int>
						<object id="start">
							<int id="y">-168</int>
							<int id="x">-1397</int>
						</object>
					</object>
					<object id="plat_1315004641431">
						<object id="end">
							<int id="y">-159</int>
							<int id="x">-1862</int>
						</object>
						<int id="platform_pc_perm">-1</int>
						<int id="platform_item_perm">-1</int>
						<object id="start">
							<int id="y">-162</int>
							<int id="x">-2022</int>
						</object>
					</object>
					<object id="plat_1315004641434">
						<object id="end">
							<int id="y">-149</int>
							<int id="x">-2600</int>
						</object>
						<int id="platform_pc_perm">-1</int>
						<int id="platform_item_perm">-1</int>
						<object id="start">
							<int id="y">-166</int>
							<int id="x">-2726</int>
						</object>
					</object>
					<object id="plat_1315004641421">
						<object id="end">
							<int id="y">-160</int>
							<int id="x">-901</int>
						</object>
						<int id="platform_pc_perm">-1</int>
						<int id="platform_item_perm">-1</int>
						<object id="start">
							<int id="y">-146</int>
							<int id="x">-1248</int>
						</object>
					</object>
					<object id="plat_1315004641423">
						<object id="end">
							<int id="y">-168</int>
							<int id="x">-1397</int>
						</object>
						<int id="platform_pc_perm">-1</int>
						<int id="platform_item_perm">-1</int>
						<object id="start">
							<int id="y">-182</int>
							<int id="x">-1632</int>
						</object>
					</object>
					<object id="plat_1315004641418">
						<object id="end">
							<int id="y">-148</int>
							<int id="x">518</int>
						</object>
						<int id="platform_pc_perm">-1</int>
						<int id="platform_item_perm">-1</int>
						<object id="start">
							<int id="y">-160</int>
							<int id="x">165</int>
						</object>
					</object>
					<object id="plat_1315004641404">
						<object id="end">
							<int id="y">-139</int>
							<int id="x">1890</int>
						</object>
						<int id="platform_pc_perm">-1</int>
						<int id="platform_item_perm">-1</int>
						<object id="start">
							<int id="y">-127</int>
							<int id="x">1609</int>
						</object>
					</object>
					<object id="plat_1315004641403">
						<object id="end">
							<int id="y">-171</int>
							<int id="x">2170</int>
						</object>
						<int id="platform_pc_perm">-1</int>
						<int id="platform_item_perm">-1</int>
						<object id="start">
							<int id="y">-139</int>
							<int id="x">1890</int>
						</object>
					</object>
					<object id="plat_1315004641414">
						<object id="end">
							<int id="y">-159</int>
							<int id="x">1145</int>
						</object>
						<int id="platform_pc_perm">-1</int>
						<int id="platform_item_perm">-1</int>
						<object id="start">
							<int id="y">-161</int>
							<int id="x">606</int>
						</object>
					</object>
					<object id="plat_1315004641417">
						<object id="end">
							<int id="y">-387</int>
							<int id="x">1343</int>
						</object>
						<int id="platform_pc_perm">-1</int>
						<int id="platform_item_perm">-1</int>
						<object id="start">
							<int id="y">-404</int>
							<int id="x">1235</int>
						</object>
					</object>
					<object id="plat_1315009895175">
						<object id="end">
							<int id="y">-161</int>
							<int id="x">606</int>
						</object>
						<int id="platform_pc_perm">-1</int>
						<int id="platform_item_perm">-1</int>
						<object id="start">
							<int id="y">-148</int>
							<int id="x">518</int>
						</object>
					</object>
					<object id="plat_1315004641416">
						<object id="end">
							<int id="y">-404</int>
							<int id="x">1235</int>
						</object>
						<int id="platform_pc_perm">-1</int>
						<int id="platform_item_perm">-1</int>
						<object id="start">
							<int id="y">-391</int>
							<int id="x">1079</int>
						</object>
					</object>
					<object id="plat_1315004641409">
						<object id="end">
							<int id="y">-396</int>
							<int id="x">1800</int>
						</object>
						<int id="platform_pc_perm">-1</int>
						<int id="platform_item_perm">-1</int>
						<object id="start">
							<int id="y">-394</int>
							<int id="x">1589</int>
						</object>
					</object>
					<object id="plat_1315009895168">
						<object id="end">
							<int id="y">-589</int>
							<int id="x">115</int>
						</object>
						<int id="platform_pc_perm">-1</int>
						<int id="platform_item_perm">-1</int>
						<object id="start">
							<int id="y">-575</int>
							<int id="x">-12</int>
						</object>
					</object>
					<object id="plat_1315004641430">
						<object id="end">
							<int id="y">-182</int>
							<int id="x">-1632</int>
						</object>
						<int id="platform_pc_perm">-1</int>
						<int id="platform_item_perm">-1</int>
						<object id="start">
							<int id="y">-159</int>
							<int id="x">-1862</int>
						</object>
					</object>
					<object id="plat_1315004641410">
						<object id="end">
							<int id="y">-415</int>
							<int id="x">2020</int>
						</object>
						<int id="platform_pc_perm">-1</int>
						<int id="platform_item_perm">-1</int>
						<object id="start">
							<int id="y">-396</int>
							<int id="x">1800</int>
						</object>
					</object>
					<object id="plat_1315004641426">
						<object id="end">
							<int id="y">-319</int>
							<int id="x">-949</int>
						</object>
						<int id="platform_pc_perm">-1</int>
						<int id="platform_item_perm">-1</int>
						<object id="start">
							<int id="y">-296</int>
							<int id="x">-1133</int>
						</object>
					</object>
					<object id="plat_1315004641401">
						<object id="end">
							<int id="y">-208</int>
							<int id="x">2999</int>
						</object>
						<int id="platform_pc_perm">-1</int>
						<int id="platform_item_perm">-1</int>
						<object id="start">
							<int id="y">-191</int>
							<int id="x">2645</int>
						</object>
					</object>
					<object id="plat_1315004641412">
						<object id="end">
							<int id="y">-127</int>
							<int id="x">1609</int>
						</object>
						<int id="platform_pc_perm">-1</int>
						<int id="platform_item_perm">-1</int>
						<object id="start">
							<int id="y">-146</int>
							<int id="x">1458</int>
						</object>
					</object>
				</object>
				<object id="ladders">
					<object id="ladder_1315009895171">
						<int id="y">-182</int>
						<int id="w">50</int>
						<int id="h">415</int>
						<int id="x">120</int>
					</object>
				</object>
				<object id="boxes">
				</object>
				<object id="walls">
				</object>
				<object id="signposts">
					<object id="signpost_2">
						<int id="y">-185</int>
						<object id="connects">
							<object id="0">
								<str id="hub_id">99</str>
								<int id="x">2640</int>
								<str id="swf_file_versioned">http://c2.glitch.bz/locations/firebog/1331248191.swf</str>
								<int id="y">-227</int>
								<str id="mote_id">9</str>
								<objref id="target" tsid="LA9T7IFRDIA2N0K" label="Tambra Tiss"/>
							</object>
							<object id="1">
								<str id="hub_id">99</str>
								<int id="x">2693</int>
								<str id="swf_file_versioned">http://c2.glitch.bz/locations/firebog/1331248191.swf</str>
								<int id="y">-137</int>
								<str id="mote_id">9</str>
								<objref id="target" tsid="LA9TEL683JA2JU0" label="Bakti Mahar"/>
							</object>
							<object id="2">
								<str id="hub_id">99</str>
								<int id="x">-2505</int>
								<str id="swf_file_versioned">http://c2.glitch.bz/locations/firebog/1331248191.swf</str>
								<int id="y">-197</int>
								<str id="mote_id">9</str>
								<objref id="target" tsid="LA9DURMSIAA2S1T" label="Nandu Pitha"/>
							</object>
						</object>
						<int id="h">200</int>
						<int id="w">100</int>
						<int id="x">-2760</int>
					</object>
					<object id="signpost_1">
						<int id="y">-212</int>
						<object id="connects">
							<object id="0">
								<str id="hub_id">99</str>
								<int id="x">-2707</int>
								<str id="swf_file_versioned">http://c2.glitch.bz/locations/firebog/1331248191.swf</str>
								<int id="y">-175</int>
								<str id="mote_id">9</str>
								<objref id="target" tsid="LA931JPPT8A2LPU" label="Ladag Mach"/>
							</object>
							<object id="1">
								<str id="hub_id">99</str>
								<int id="x">2663</int>
								<str id="swf_file_versioned">http://c2.glitch.bz/locations/firebog/1331248191.swf</str>
								<int id="y">-227</int>
								<str id="mote_id">9</str>
								<objref id="target" tsid="LA9HJCHM18A21B4" label="Badvi Bist"/>
							</object>
							<object id="2">
								<str id="hub_id">99</str>
								<int id="x">-2692</int>
								<str id="swf_file_versioned">http://c2.glitch.bz/locations/firebog/1331248191.swf</str>
								<int id="y">-160</int>
								<str id="mote_id">9</str>
								<objref id="target" tsid="LA9TDT2BUIA2GMA" label="Chalan Vaara"/>
							</object>
						</object>
						<int id="h">200</int>
						<int id="w">100</int>
						<int id="x">2790</int>
					</object>
				</object>
				<int id="w">6000</int>
				<str id="name">middleground</str>
				<object id="targets">
				</object>
				<int id="h">1000</int>
				<int id="z">0</int>
				<object id="filtersNEW">
					<object id="saturation">
						<int id="value">0</int>
					</object>
					<object id="tintAmount">
						<int id="value">0</int>
					</object>
					<object id="brightness">
						<int id="value">5</int>
					</object>
					<object id="tintColor">
						<int id="value">16777164</int>
					</object>
					<object id="contrast">
						<int id="value">0</int>
					</object>
				</object>
			</object>
			<object id="T_1314222231854">
				<object id="decos">
					<object id="grass_solid_trans_1315004641394">
						<str id="sprite_class">grass_solid_trans</str>
						<int id="w">119</int>
						<int id="x">4276</int>
						<int id="y">904</int>
						<int id="h">100</int>
						<int id="z">8</int>
						<str id="name">grass_solid_trans_1314929521219</str>
					</object>
					<object id="grass_solid_1315004641388">
						<str id="sprite_class">grass_solid</str>
						<int id="w">104</int>
						<int id="x">3504</int>
						<int id="y">907</int>
						<int id="h">89</int>
						<int id="z">2</int>
						<str id="name">grass_solid_1314929521218</str>
					</object>
					<object id="grass_solid_trans_1315004641390">
						<str id="sprite_class">grass_solid_trans</str>
						<int id="w">149</int>
						<int id="x">95</int>
						<int id="y">905</int>
						<int id="h">126</int>
						<int id="z">5</int>
						<str id="name">grass_solid_trans_1314929521219</str>
					</object>
					<object id="grass_solid_trans_1315004641393">
						<str id="sprite_class">grass_solid_trans</str>
						<int id="w">127</int>
						<int id="x">2152</int>
						<int id="y">939</int>
						<int id="h">107</int>
						<int id="z">7</int>
						<str id="name">grass_solid_trans_1314929521219</str>
					</object>
					<object id="grass_solid_trans_1315004641383">
						<str id="sprite_class">grass_solid_trans</str>
						<int id="w">170</int>
						<int id="x">5918</int>
						<int id="y">897</int>
						<int id="h">144</int>
						<int id="z">1</int>
						<str id="name">grass_solid_trans_1314929521219</str>
					</object>
					<object id="grass_solid_1315004641387">
						<str id="sprite_class">grass_solid</str>
						<int id="w">142</int>
						<int id="x">3670</int>
						<int id="y">905</int>
						<int id="h">122</int>
						<int id="z">3</int>
						<str id="name">grass_solid_1314929521218</str>
					</object>
					<object id="grass_solid_trans_1315004641395">
						<str id="sprite_class">grass_solid_trans</str>
						<int id="w">92</int>
						<int id="x">4524</int>
						<int id="y">949</int>
						<int id="h">77</int>
						<int id="z">9</int>
						<str id="name">grass_solid_trans_1314929521219</str>
					</object>
					<object id="grass_solid_1315004641376">
						<str id="sprite_class">grass_solid</str>
						<int id="w">106</int>
						<int id="x">5197</int>
						<int id="y">906</int>
						<int id="h">91</int>
						<int id="z">0</int>
						<str id="name">grass_solid_1314929521218</str>
					</object>
					<object id="grass_solid_trans_1315004641392">
						<str id="sprite_class">grass_solid_trans</str>
						<int id="w">143</int>
						<int id="x">1338</int>
						<int id="y">916</int>
						<int id="h">121</int>
						<int id="z">6</int>
						<str id="name">grass_solid_trans_1314929521219</str>
					</object>
					<object id="grass_solid_trans_1315004641436">
						<str id="sprite_class">grass_solid_trans</str>
						<int id="w">117</int>
						<int id="x">3137</int>
						<int id="y">931</int>
						<int id="h">99</int>
						<int id="z">10</int>
						<str id="name">grass_solid_trans_1314929521219</str>
					</object>
					<object id="grass_solid_1315004641389">
						<str id="sprite_class">grass_solid</str>
						<int id="w">111</int>
						<int id="x">2068</int>
						<int id="y">927</int>
						<int id="h">95</int>
						<int id="z">4</int>
						<str id="name">grass_solid_1314929521218</str>
					</object>
				</object>
				<int id="w">6000</int>
				<int id="h">1000</int>
				<int id="z">1</int>
				<object id="filtersNEW">
					<object id="brightness">
						<int id="value">5</int>
					</object>
				</object>
				<str id="name">middleplus</str>
			</object>
		</object>
		<int id="rookable_type">0</int>
		<null id="img_file_versioned"/>
		<int id="ground_y">-209</int>
		<str id="swf_file_versioned">http://c2.glitch.bz/locations/firebog/1331248191.swf</str>
		<str id="tsid">LA99CL11LSA2M35</str>
		<null id="physics"/>
		<null id="loading_label"/>
		<object id="gradient">
			<str id="top">E6DA81</str>
			<str id="bottom">4D2222</str>
		</object>
		<object id="sources">
			<int id="LA9HJCHM18A21B4">1</int>
			<int id="LA9DURMSIAA2S1T">1</int>
			<int id="LA931JPPT8A2LPU">1</int>
			<int id="LA9TDT2BUIA2GMA">1</int>
			<int id="LA9T7IFRDIA2N0K">1</int>
			<int id="LA9TEL683JA2JU0">1</int>
		</object>
		<null id="music_file"/>
	</object>
</game_object>
