<game_object tsid="GA9EBPF8M2031HB" ts="1354060020821" label="Hauki Seeks Towers Basement" class_tsid="" lastUpdateTime="1354059869" upd_gs="gs7" load_time="2012-11-27 15:44:19.000" upd_time="2012-11-27 15:44:15.909">
	<object id="dynamic">
		<int id="l">-1555</int>
		<int id="r">1555</int>
		<int id="t">-642</int>
		<int id="b">0</int>
		<str id="label">Hauki Seeks Towers Basement</str>
		<str id="swf_file">groddle1.swf,subway1.swf,bldg_int_apt.swf,zutto1.swf,abbasid1.swf,alpine_landscape.swf,firebog.swf</str>
		<object id="layers">
			<object id="T_1334947703809">
				<int id="w">3110</int>
				<int id="h">642</int>
				<int id="z">-2</int>
				<object id="filtersNEW">
					<object id="tintColor">
						<int id="value">6498560</int>
					</object>
					<object id="tintAmount">
						<int id="value">48</int>
					</object>
				</object>
				<str id="name">assetmiddleground</str>
				<object id="decos">
					<object id="subway_platform_1_1334947703816">
						<str id="sprite_class">subway_platform_1</str>
						<int id="w">762</int>
						<int id="x">55</int>
						<int id="y">649</int>
						<int id="h">197</int>
						<int id="z">7</int>
						<str id="name">subway_platform_1_1334947703780</str>
					</object>
					<object id="subway_platform_1_1334947703821">
						<str id="sprite_class">subway_platform_1</str>
						<int id="w">762</int>
						<int id="x">1995</int>
						<int id="y">649</int>
						<int id="h">197</int>
						<int id="z">3</int>
						<str id="name">subway_platform_1_1334947703780</str>
					</object>
					<object id="subway_platform_1_1334947703822">
						<str id="sprite_class">subway_platform_1</str>
						<int id="w">762</int>
						<int id="x">2755</int>
						<int id="y">649</int>
						<int id="h">197</int>
						<int id="z">2</int>
						<str id="name">subway_platform_1_1334947703780</str>
					</object>
					<object id="subway_platform_1_1334947703832">
						<str id="sprite_class">subway_platform_1</str>
						<int id="w">762</int>
						<int id="x">475</int>
						<int id="y">649</int>
						<int id="h">197</int>
						<int id="z">0</int>
						<str id="name">subway_platform_1_1334947703780</str>
					</object>
					<object id="wall_1_1337736748210">
						<str id="sprite_class">wall_1</str>
						<int id="w">1321</int>
						<int id="x">1466</int>
						<int id="y">455</int>
						<int id="h">362</int>
						<int id="z">5</int>
						<str id="name">wall_1_1334947703775</str>
					</object>
					<object id="platform_crack_1_1334947703811">
						<str id="sprite_class">platform_crack_1</str>
						<int id="w">172</int>
						<int id="x">2685</int>
						<int id="y">559</int>
						<int id="h">43</int>
						<int id="z">9</int>
						<str id="name">platform_crack_1_1334947703789</str>
					</object>
					<object id="apartment_hall_floor_piece_3_1334947703827">
						<str id="sprite_class">apartment_hall_floor_piece_3</str>
						<int id="w">788</int>
						<int id="x">1906</int>
						<int id="y">608</int>
						<int id="h">145</int>
						<int id="z">1</int>
						<str id="name">apartment_hall_floor_piece_3_1334269274727</str>
					</object>
					<object id="wall_1_1334947703817">
						<str id="sprite_class">wall_1</str>
						<int id="w">1321</int>
						<int id="x">2310</int>
						<int id="y">464</int>
						<int id="h">362</int>
						<int id="z">6</int>
						<str id="name">wall_1_1334947703775</str>
					</object>
					<object id="subway_platform_1_1334947703820">
						<str id="sprite_class">subway_platform_1</str>
						<int id="w">762</int>
						<int id="x">1235</int>
						<int id="y">649</int>
						<int id="h">197</int>
						<int id="z">4</int>
						<str id="name">subway_platform_1_1334947703780</str>
					</object>
					<object id="wall_1_1334947703815">
						<str id="sprite_class">wall_1</str>
						<int id="w">1321</int>
						<int id="x">795</int>
						<int id="y">464</int>
						<int id="h">362</int>
						<int id="z">8</int>
						<str id="name">wall_1_1334947703775</str>
					</object>
				</object>
			</object>
			<object id="middleground">
				<object id="filtersNEW">
					<object id="brightness">
						<int id="value">-19</int>
					</object>
					<object id="tintColor">
						<int id="value">11749888</int>
					</object>
					<object id="tintAmount">
						<int id="value">22</int>
					</object>
				</object>
				<object id="decos">
					<object id="column_1_1335287003816">
						<str id="sprite_class">column_1</str>
						<int id="w">71</int>
						<int id="x">844</int>
						<bool id="h_flip">true</bool>
						<int id="y">-165</int>
						<int id="h">337</int>
						<int id="z">0</int>
						<str id="name">column_1_1334947703797</str>
					</object>
					<object id="crack_building_5_1334947703929">
						<str id="sprite_class">crack_building_5</str>
						<int id="w">54</int>
						<int id="x">-215</int>
						<int id="y">-236</int>
						<int id="h">81</int>
						<int id="z">7</int>
						<str id="name">crack_building_5_1334947703928</str>
					</object>
					<object id="ladder_tilt_wood_1_1334947704039">
						<str id="sprite_class">ladder_tilt_wood_1</str>
						<int id="w">81</int>
						<int id="r">92</int>
						<int id="x">-1405</int>
						<int id="y">-191</int>
						<int id="h">337</int>
						<int id="z">11</int>
						<str id="name">ladder_tilt_wood_1_1334947704038</str>
					</object>
					<object id="groddle_light_pool_1334947703935">
						<str id="sprite_class">groddle_light_pool</str>
						<int id="w">446</int>
						<int id="x">-4</int>
						<int id="y">-57</int>
						<int id="h">75</int>
						<int id="z">9</int>
						<str id="name">groddle_light_pool_1334947703933</str>
					</object>
					<object id="groddle_fern_1_1334947704034">
						<str id="sprite_class">groddle_fern_1</str>
						<int id="w">57</int>
						<int id="x">1371</int>
						<int id="y">-169</int>
						<int id="h">34</int>
						<int id="z">10</int>
						<str id="name">groddle_fern_1_1334947704034</str>
					</object>
					<object id="column_1_1334947703923">
						<str id="sprite_class">column_1</str>
						<int id="w">71</int>
						<int id="x">-1016</int>
						<int id="y">-165</int>
						<int id="h">337</int>
						<int id="z">6</int>
						<str id="name">column_1_1334947703797</str>
					</object>
					<object id="crown_game_play_line_arrow1_1334947703930">
						<str id="sprite_class">crown_game_play_line_arrow1</str>
						<int id="w">33</int>
						<int id="r">-180</int>
						<int id="x">-4</int>
						<int id="y">-422</int>
						<int id="h">43</int>
						<int id="z">8</int>
						<str id="name">crown_game_play_line_arrow1_1334947703930</str>
					</object>
					<object id="crack_building_1_1335287003805">
						<str id="sprite_class">crack_building_1</str>
						<int id="w">19</int>
						<int id="x">-1420</int>
						<int id="y">-460</int>
						<int id="h">40</int>
						<int id="z">14</int>
						<str id="name">crack_building_1_1335287003804</str>
					</object>
					<object id="juju_grandma_papers_01c_al1_1336155415668">
						<str id="sprite_class">juju_grandma_papers_01c_al1</str>
						<int id="w">59</int>
						<int id="x">-1271</int>
						<bool id="h_flip">true</bool>
						<int id="y">-136</int>
						<int id="h">20</int>
						<int id="z">19</int>
						<str id="name">juju_grandma_papers_01c_al1_1336155415668</str>
					</object>
					<object id="column_1_1334947703925">
						<str id="sprite_class">column_1</str>
						<int id="w">71</int>
						<int id="x">-1376</int>
						<int id="y">-165</int>
						<int id="h">337</int>
						<int id="z">4</int>
						<str id="name">column_1_1334947703797</str>
					</object>
					<object id="juju_grandma_papers_01c_al1_1336155415658">
						<str id="sprite_class">juju_grandma_papers_01c_al1</str>
						<int id="w">59</int>
						<int id="x">1379</int>
						<bool id="h_flip">true</bool>
						<int id="y">-144</int>
						<int id="h">20</int>
						<int id="z">17</int>
						<str id="name">juju_grandma_papers_01c_al1_1336155415658</str>
					</object>
					<object id="juju_grandma_papers_01b_al1_1336155415657">
						<str id="sprite_class">juju_grandma_papers_01b_al1</str>
						<int id="w">62</int>
						<int id="x">1337</int>
						<int id="y">-156</int>
						<int id="h">36</int>
						<int id="z">13</int>
						<str id="name">juju_grandma_papers_01b_al1_1336155415655</str>
					</object>
					<object id="juju_grandma_papers_01b_al1_1336155415667">
						<str id="sprite_class">juju_grandma_papers_01b_al1</str>
						<int id="w">62</int>
						<int id="x">-1330</int>
						<int id="y">-141</int>
						<int id="h">36</int>
						<int id="z">18</int>
						<str id="name">juju_grandma_papers_01b_al1_1336155415667</str>
					</object>
					<object id="liana_2_1335287003817">
						<str id="sprite_class">liana_2</str>
						<int id="w">35</int>
						<int id="x">1440</int>
						<int id="y">-474</int>
						<int id="h">108</int>
						<int id="z">3</int>
						<str id="name">liana_2_1335287003817</str>
					</object>
					<object id="column_1_1334947703924">
						<str id="sprite_class">column_1</str>
						<int id="w">71</int>
						<int id="x">-1196</int>
						<int id="y">-165</int>
						<int id="h">337</int>
						<int id="z">5</int>
						<str id="name">column_1_1334947703797</str>
					</object>
					<object id="wallpipe_1_1334947703976">
						<str id="sprite_class">wallpipe_1</str>
						<int id="w">117</int>
						<int id="x">-1297</int>
						<bool id="h_flip">true</bool>
						<int id="y">-326</int>
						<int id="h">236</int>
						<int id="z">1</int>
						<str id="name">wallpipe_1_1334947703975</str>
					</object>
					<object id="vase_broken_2_1334947704046">
						<str id="sprite_class">vase_broken_2</str>
						<int id="w">71</int>
						<int id="x">-1373</int>
						<int id="y">-140</int>
						<int id="h">50</int>
						<int id="z">12</int>
						<str id="name">vase_broken_2_1334947704045</str>
					</object>
					<object id="apartment_hall_lightbulb_1334947703906">
						<str id="sprite_class">apartment_hall_lightbulb</str>
						<int id="w">981</int>
						<int id="x">474</int>
						<int id="y">-248</int>
						<int id="h">286</int>
						<int id="z">2</int>
						<str id="name">apartment_hall_lightbulb_1334947703905</str>
					</object>
					<object id="broken_vase_piece_3_1335287003822">
						<str id="sprite_class">broken_vase_piece_3</str>
						<int id="w">33</int>
						<int id="x">-1337</int>
						<int id="y">-58</int>
						<int id="h">23</int>
						<int id="z">16</int>
						<str id="name">broken_vase_piece_3_1335287003822</str>
					</object>
					<object id="moss_3_1335287003821">
						<str id="sprite_class">moss_3</str>
						<int id="w">188</int>
						<int id="x">-1412</int>
						<int id="y">-50</int>
						<int id="h">36</int>
						<int id="z">15</int>
						<str id="name">moss_3_1335287003820</str>
					</object>
				</object>
				<object id="boxes">
				</object>
				<object id="signposts">
				</object>
				<object id="targets">
				</object>
				<int id="w">3110</int>
				<object id="platform_lines">
					<object id="plat_1334947704032">
						<object id="end">
							<int id="y">-90</int>
							<int id="x">-544</int>
						</object>
						<int id="platform_pc_perm">-1</int>
						<int id="platform_item_perm">-1</int>
						<object id="start">
							<int id="y">-96</int>
							<int id="x">-563</int>
						</object>
					</object>
					<object id="plat_1334947703838">
						<object id="end">
							<int id="y">-152</int>
							<int id="x">44</int>
						</object>
						<int id="platform_pc_perm">-1</int>
						<int id="platform_item_perm">-1</int>
						<object id="start">
							<int id="y">-151</int>
							<int id="x">-49</int>
						</object>
					</object>
					<object id="plat_1334947703836">
						<object id="end">
							<int id="y">-101</int>
							<int id="x">1473</int>
						</object>
						<int id="platform_pc_perm">-1</int>
						<int id="platform_item_perm">-1</int>
						<object id="start">
							<int id="y">-89</int>
							<int id="x">1261</int>
						</object>
					</object>
					<object id="plat_1334947704033">
						<object id="end">
							<int id="y">-93</int>
							<int id="x">-469</int>
						</object>
						<int id="platform_pc_perm">-1</int>
						<int id="platform_item_perm">-1</int>
						<object id="start">
							<int id="y">-90</int>
							<int id="x">-544</int>
						</object>
					</object>
					<object id="plat_1334947703840">
						<object id="end">
							<int id="y">-96</int>
							<int id="x">-563</int>
						</object>
						<int id="platform_pc_perm">-1</int>
						<int id="platform_item_perm">-1</int>
						<object id="start">
							<int id="y">-94</int>
							<int id="x">-1451</int>
						</object>
					</object>
					<object id="plat_1334947704031">
						<object id="end">
							<int id="y">-100</int>
							<int id="x">-358</int>
						</object>
						<int id="platform_pc_perm">-1</int>
						<int id="platform_item_perm">-1</int>
						<object id="start">
							<int id="y">-93</int>
							<int id="x">-469</int>
						</object>
					</object>
					<object id="plat_1335287003825">
						<object id="end">
							<int id="y">-136</int>
							<int id="x">742</int>
						</object>
						<int id="platform_pc_perm">-1</int>
						<int id="platform_item_perm">-1</int>
						<object id="start">
							<int id="y">-149</int>
							<int id="x">654</int>
						</object>
					</object>
					<object id="plat_1334947703839">
						<object id="end">
							<int id="y">-131</int>
							<int id="x">-178</int>
						</object>
						<int id="platform_pc_perm">-1</int>
						<int id="platform_item_perm">-1</int>
						<object id="start">
							<int id="y">-108</int>
							<int id="x">-340</int>
						</object>
					</object>
					<object id="plat_1337736748214">
						<object id="end">
							<int id="y">-151</int>
							<int id="x">-49</int>
						</object>
						<int id="platform_pc_perm">-1</int>
						<int id="platform_item_perm">-1</int>
						<object id="start">
							<int id="y">-131</int>
							<int id="x">-178</int>
						</object>
					</object>
					<object id="plat_1335287003826">
						<object id="end">
							<int id="y">-149</int>
							<int id="x">654</int>
						</object>
						<int id="platform_pc_perm">-1</int>
						<int id="platform_item_perm">-1</int>
						<object id="start">
							<int id="y">-151</int>
							<int id="x">560</int>
						</object>
					</object>
					<object id="plat_1334947704030">
						<object id="end">
							<int id="y">-108</int>
							<int id="x">-340</int>
						</object>
						<int id="platform_pc_perm">-1</int>
						<int id="platform_item_perm">-1</int>
						<object id="start">
							<int id="y">-100</int>
							<int id="x">-358</int>
						</object>
					</object>
					<object id="plat_1335287003827">
						<object id="end">
							<int id="y">-144</int>
							<int id="x">371</int>
						</object>
						<int id="platform_pc_perm">-1</int>
						<int id="platform_item_perm">-1</int>
						<object id="start">
							<int id="y">-144</int>
							<int id="x">174</int>
						</object>
					</object>
					<object id="plat_1334947703837">
						<object id="end">
							<int id="y">-144</int>
							<int id="x">174</int>
						</object>
						<int id="platform_pc_perm">-1</int>
						<int id="platform_item_perm">-1</int>
						<object id="start">
							<int id="y">-152</int>
							<int id="x">44</int>
						</object>
					</object>
					<object id="plat_1335287003824">
						<object id="end">
							<int id="y">-118</int>
							<int id="x">891</int>
						</object>
						<int id="platform_pc_perm">-1</int>
						<int id="platform_item_perm">-1</int>
						<object id="start">
							<int id="y">-136</int>
							<int id="x">742</int>
						</object>
					</object>
					<object id="plat_1337736748213">
						<object id="end">
							<int id="y">-151</int>
							<int id="x">560</int>
						</object>
						<int id="platform_pc_perm">-1</int>
						<int id="platform_item_perm">-1</int>
						<object id="start">
							<int id="y">-144</int>
							<int id="x">371</int>
						</object>
					</object>
					<object id="plat_1334947703835">
						<object id="end">
							<int id="y">-89</int>
							<int id="x">1261</int>
						</object>
						<int id="platform_pc_perm">-1</int>
						<int id="platform_item_perm">-1</int>
						<object id="start">
							<int id="y">-99</int>
							<int id="x">1111</int>
						</object>
					</object>
					<object id="plat_1334947703834">
						<object id="end">
							<int id="y">-99</int>
							<int id="x">1111</int>
						</object>
						<int id="platform_pc_perm">-1</int>
						<int id="platform_item_perm">-1</int>
						<object id="start">
							<int id="y">-118</int>
							<int id="x">891</int>
						</object>
					</object>
					<object id="plat_1334947703833">
						<object id="end">
							<int id="y">-567</int>
							<int id="x">1473</int>
						</object>
						<int id="platform_pc_perm">1</int>
						<int id="platform_item_perm">1</int>
						<object id="start">
							<int id="y">-569</int>
							<int id="x">-1451</int>
						</object>
					</object>
				</object>
				<str id="name">middleground</str>
				<object id="walls">
					<object id="wall_1334947703842">
						<int id="y">-569</int>
						<null id="pc_perm"/>
						<int id="w">0</int>
						<int id="h">475</int>
						<null id="item_perm"/>
						<int id="x">-1451</int>
					</object>
					<object id="wall_1334947703841">
						<int id="y">-567</int>
						<null id="pc_perm"/>
						<int id="w">0</int>
						<int id="h">466</int>
						<null id="item_perm"/>
						<int id="x">1473</int>
					</object>
				</object>
				<int id="h">642</int>
				<int id="z">0</int>
				<object id="doors">
					<object id="door_1337736748208">
						<null id="owner_label"/>
						<object id="connect">
							<str id="hub_id">75</str>
							<int id="x">-331</int>
							<int id="y">-137</int>
							<str id="swf_file_versioned">http://c2.glitch.bz/locations/bldg_int_apt/1337733478.swf,http://c2.glitch.bz/locations/groddle1/1337366741.swf,http://c2.glitch.bz/locations/subway1/1322701280.swf,http://c2.glitch.bz/locations/abbasid1/1330374046.swf,http://c2.glitch.bz/locations/zutto1/1331248119.swf,http://c2.glitch.bz/locations/firebog/1331248191.swf,http://c2.glitch.bz/locations/alpine_landscape/1332547509.swf</str>
							<str id="mote_id">9</str>
							<objref id="target" tsid="LA9H1V6OGRU2FSB" label="Hauki Seeks Manor"/>
						</object>
						<bool id="for_sale">false</bool>
						<int id="requires_level">0</int>
						<str id="house_number">0</str>
						<int id="h">199</int>
						<object id="deco">
							<str id="sprite_class">door_asset_stairdoor_up_01a_bia</str>
							<int id="h">199</int>
							<int id="w">144</int>
							<str id="name">door_asset_stairdoor_up_01a_bia_1337736748207</str>
						</object>
						<null id="itemstack_tsid"/>
						<int id="w">144</int>
						<int id="key_id">0</int>
						<null id="owner_tsid"/>
						<int id="y">-173</int>
						<bool id="is_locked">false</bool>
						<int id="x">-1</int>
					</object>
					<object id="door_1337736748219">
						<null id="owner_label"/>
						<object id="connect">
							<objref id="target" tsid="LA9H1V6OGRU2FSB" label="Hauki Seeks Manor"/>
							<str id="mote_id">9</str>
							<str id="hub_id">75</str>
							<str id="x">0</str>
							<str id="y">0</str>
						</object>
						<bool id="for_sale">false</bool>
						<int id="requires_level">0</int>
						<str id="house_number">0</str>
						<int id="h">193</int>
						<object id="deco">
							<str id="sprite_class">door_asset_apartment_door_lock</str>
							<int id="h">193</int>
							<int id="w">163</int>
							<str id="name">door_asset_apartment_door_lock_1337736748218</str>
						</object>
						<object id="destinations">
							<str id="0">LHVOD0F3T403694</str>
							<str id="1">LHVP6H0KT403N8A</str>
							<str id="2">LHVCKEPHO403BN5</str>
							<str id="3">LHVQMS17V813FN7</str>
							<str id="4">LHVP8TCLT40336S</str>
							<str id="5">LHVDKQ2O6S23LVJ</str>
							<str id="6">LHVP7QOKT403F5Q</str>
						</object>
						<null id="itemstack_tsid"/>
						<int id="w">163</int>
						<int id="key_id">1</int>
						<null id="owner_tsid"/>
						<int id="y">-175</int>
						<bool id="is_locked">true</bool>
						<int id="x">609</int>
					</object>
				</object>
				<object id="ladders">
				</object>
			</object>
			<object id="T_1334280748831">
				<int id="w">3110</int>
				<int id="h">642</int>
				<int id="z">2</int>
				<object id="filtersNEW">
					<object id="tintColor">
						<int id="value">11752192</int>
					</object>
					<object id="tintAmount">
						<int id="value">9</int>
					</object>
				</object>
				<str id="name">light</str>
				<object id="decos">
					<object id="bureaucratic_hall_light_ray_1_1334947703926">
						<str id="sprite_class">bureaucratic_hall_light_ray_1</str>
						<int id="w">484</int>
						<int id="x">1545</int>
						<int id="y">621</int>
						<int id="h">449</int>
						<int id="z">1</int>
						<str id="name">bureaucratic_hall_light_ray_1_1334947703926</str>
					</object>
					<object id="firebog_linear_gradient_shadow_1336155415604">
						<str id="sprite_class">firebog_linear_gradient_shadow</str>
						<int id="w">536</int>
						<int id="r">90</int>
						<int id="x">-34</int>
						<int id="y">75</int>
						<int id="h">3106</int>
						<int id="z">0</int>
						<str id="name">firebog_linear_gradient_shadow_1336155415603</str>
					</object>
				</object>
			</object>
			<object id="T_1334947703843">
				<int id="w">3110</int>
				<int id="h">642</int>
				<int id="z">-1</int>
				<object id="filtersNEW">
					<object id="brightness">
						<int id="value">-41</int>
					</object>
					<object id="contrast">
						<int id="value">-36</int>
					</object>
					<object id="tintColor">
						<int id="value">11749888</int>
					</object>
					<object id="tintAmount">
						<int id="value">67</int>
					</object>
					<object id="saturation">
						<int id="value">-58</int>
					</object>
				</object>
				<str id="name">elev</str>
				<object id="decos">
					<object id="cave_icicle_1c_z1_1336155415610">
						<str id="sprite_class">cave_icicle_1c_z1</str>
						<int id="w">198</int>
						<int id="x">2270</int>
						<bool id="h_flip">true</bool>
						<int id="y">223</int>
						<int id="h">81</int>
						<int id="z">96</int>
						<str id="name">cave_icicle_1c_z1_1336154401517</str>
					</object>
					<object id="cave_icicle_1b_z1_1336155415608">
						<str id="sprite_class">cave_icicle_1b_z1</str>
						<int id="w">60</int>
						<int id="x">2067</int>
						<int id="y">318</int>
						<int id="h">174</int>
						<int id="z">82</int>
						<str id="name">cave_icicle_1b_z1_1336154401516</str>
					</object>
					<object id="sign_open_house_1334947704042">
						<str id="sprite_class">sign_open_house</str>
						<int id="w">111</int>
						<int id="r">10</int>
						<int id="x">306</int>
						<int id="y">479</int>
						<int id="h">92</int>
						<int id="z">60</int>
						<str id="name">sign_open_house_1334947704041</str>
					</object>
					<object id="gravel_1_1334947703991">
						<str id="sprite_class">gravel_1</str>
						<int id="w">280</int>
						<int id="x">865</int>
						<int id="y">545</int>
						<int id="h">51</int>
						<int id="z">38</int>
						<str id="name">gravel_1_1334947703990</str>
					</object>
					<object id="cave_icicle_1b_z1_1336155415615">
						<str id="sprite_class">cave_icicle_1b_z1</str>
						<int id="w">60</int>
						<int id="x">2404</int>
						<bool id="h_flip">true</bool>
						<int id="y">302</int>
						<int id="h">174</int>
						<int id="z">84</int>
						<str id="name">cave_icicle_1b_z1_1336154401516</str>
					</object>
					<object id="apartment_filler_1338425347365">
						<str id="sprite_class">apartment_filler</str>
						<int id="w">920</int>
						<int id="x">2478</int>
						<int id="y">465</int>
						<int id="h">21</int>
						<int id="z">20</int>
						<str id="name">apartment_filler_1334947703862</str>
					</object>
					<object id="cave_icicle_1c_z1_1337736748215">
						<str id="sprite_class">cave_icicle_1c_z1</str>
						<int id="w">198</int>
						<int id="x">1560</int>
						<int id="y">222</int>
						<int id="h">81</int>
						<int id="z">89</int>
						<str id="name">cave_icicle_1c_z1_1336154401517</str>
					</object>
					<object id="crack_building_3_1334947704036">
						<str id="sprite_class">crack_building_3</str>
						<int id="w">73</int>
						<int id="r">-120</int>
						<int id="x">3122</int>
						<int id="y">416</int>
						<int id="h">30</int>
						<int id="z">59</int>
						<str id="name">crack_building_3_1334947704035</str>
					</object>
					<object id="apartment_filler_1334947704005">
						<str id="sprite_class">apartment_filler</str>
						<int id="w">1237</int>
						<int id="r">90</int>
						<int id="x">1401</int>
						<int id="y">-153</int>
						<int id="h">60</int>
						<int id="z">3</int>
						<str id="name">apartment_filler_1334947704005</str>
					</object>
					<object id="endwall_bricks_ghtest_1334947703851">
						<str id="sprite_class">endwall_bricks_ghtest</str>
						<int id="w">217</int>
						<int id="x">63</int>
						<bool id="h_flip">true</bool>
						<int id="y">594</int>
						<int id="h">507</int>
						<int id="z">25</int>
						<str id="name">endwall_bricks_ghtest_1334947703767</str>
					</object>
					<object id="ladder_pole_shadow_1334947704015">
						<str id="sprite_class">ladder_pole_shadow</str>
						<int id="w">188</int>
						<int id="x">2497</int>
						<int id="y">604</int>
						<int id="h">54</int>
						<int id="z">49</int>
						<str id="name">ladder_pole_shadow_1334947704012</str>
					</object>
					<object id="apartment_filler_1334947703889">
						<str id="sprite_class">apartment_filler</str>
						<int id="w">1237</int>
						<int id="x">2309</int>
						<int id="y">141</int>
						<int id="h">60</int>
						<int id="z">13</int>
						<str id="name">apartment_filler_1334947703862</str>
					</object>
					<object id="endwall_bricks_ghtest_1334947703896">
						<str id="sprite_class">endwall_bricks_ghtest</str>
						<int id="w">217</int>
						<int id="x">3043</int>
						<int id="y">594</int>
						<int id="h">507</int>
						<int id="z">26</int>
						<str id="name">endwall_bricks_ghtest_1334947703767</str>
					</object>
					<object id="apartment_filler_1334947704006">
						<str id="sprite_class">apartment_filler</str>
						<int id="w">1237</int>
						<int id="r">-90</int>
						<int id="x">1708</int>
						<int id="y">-154</int>
						<int id="h">60</int>
						<int id="z">9</int>
						<str id="name">apartment_filler_1334947704005</str>
					</object>
					<object id="patch_dirt_2a_1334947703947">
						<str id="sprite_class">patch_dirt_2a</str>
						<int id="w">286</int>
						<int id="x">2884</int>
						<bool id="h_flip">true</bool>
						<int id="y">500</int>
						<int id="h">49</int>
						<int id="z">7</int>
						<str id="name">patch_dirt_2a_1334947703946</str>
					</object>
					<object id="cave_icicle_1b_z1_1336155415636">
						<str id="sprite_class">cave_icicle_1b_z1</str>
						<int id="w">59</int>
						<int id="x">1644</int>
						<int id="y">174</int>
						<int id="h">51</int>
						<int id="z">104</int>
						<str id="name">cave_icicle_1b_z1_1336154401516</str>
					</object>
					<object id="broken_vase_piece_3_1334947704007">
						<str id="sprite_class">broken_vase_piece_3</str>
						<int id="w">36</int>
						<int id="x">1702</int>
						<int id="y">482</int>
						<int id="h">27</int>
						<int id="z">46</int>
						<str id="name">broken_vase_piece_3_1334947704007</str>
					</object>
					<object id="door_asset_alakol_door_1334947703954">
						<str id="sprite_class">door_asset_alakol_door</str>
						<int id="w">130</int>
						<int id="x">764</int>
						<bool id="h_flip">true</bool>
						<int id="y">465</int>
						<int id="h">170</int>
						<int id="z">114</int>
						<str id="name">door_asset_alakol_door_1334947703932</str>
					</object>
					<object id="juju_grandma_papers_01c_al1_1336155415670">
						<str id="sprite_class">juju_grandma_papers_01c_al1</str>
						<int id="w">59</int>
						<int id="x">1016</int>
						<bool id="h_flip">true</bool>
						<int id="y">513</int>
						<int id="h">20</int>
						<int id="z">113</int>
						<str id="name">juju_grandma_papers_01c_al1_1336155415665</str>
					</object>
					<object id="cave_icicle_1c_z1_1336155415620">
						<str id="sprite_class">cave_icicle_1c_z1</str>
						<int id="w">198</int>
						<int id="x">1161</int>
						<int id="y">221</int>
						<int id="h">81</int>
						<int id="z">88</int>
						<str id="name">cave_icicle_1c_z1_1336154401517</str>
					</object>
					<object id="ceiling_1_1334947703884">
						<str id="sprite_class">ceiling_1</str>
						<int id="w">958</int>
						<int id="x">467</int>
						<int id="y">151</int>
						<int id="h">150</int>
						<int id="z">18</int>
						<str id="name">ceiling_1_1334947703882</str>
					</object>
					<object id="juju_grandma_papers_01b_al1_1336154401548">
						<str id="sprite_class">juju_grandma_papers_01b_al1</str>
						<int id="w">62</int>
						<int id="x">2760</int>
						<bool id="h_flip">true</bool>
						<int id="y">468</int>
						<int id="h">36</int>
						<int id="z">71</int>
						<str id="name">juju_grandma_papers_01b_al1_1336154401547</str>
					</object>
					<object id="empty_lot_small_1_1335287003812">
						<str id="sprite_class">empty_lot_small_1</str>
						<int id="w">167</int>
						<int id="x">2027</int>
						<bool id="h_flip">true</bool>
						<int id="y">564</int>
						<int id="h">47</int>
						<int id="z">43</int>
						<str id="name">empty_lot_small_1_1334947703993</str>
					</object>
					<object id="heights_face_rock_3_1334947703986">
						<str id="sprite_class">heights_face_rock_3</str>
						<int id="w">237</int>
						<int id="x">1370</int>
						<bool id="h_flip">true</bool>
						<int id="y">232</int>
						<int id="h">88</int>
						<int id="z">2</int>
						<str id="name">heights_face_rock_3_1334947703985</str>
					</object>
					<object id="alakol_house_big_shadow_1334947704023">
						<str id="sprite_class">alakol_house_big_shadow</str>
						<int id="w">338</int>
						<int id="r">-143</int>
						<int id="x">1241</int>
						<int id="y">507</int>
						<int id="h">60</int>
						<int id="z">53</int>
						<str id="name">alakol_house_big_shadow_1334947704020</str>
					</object>
					<object id="ladder_pole_shadow_1334947704017">
						<str id="sprite_class">ladder_pole_shadow</str>
						<int id="w">188</int>
						<int id="x">3044</int>
						<int id="y">603</int>
						<int id="h">54</int>
						<int id="z">50</int>
						<str id="name">ladder_pole_shadow_1334947704012</str>
					</object>
					<object id="cave_icicle_1c_z1_1336155415624">
						<str id="sprite_class">cave_icicle_1c_z1</str>
						<int id="w">198</int>
						<int id="x">608</int>
						<int id="y">226</int>
						<int id="h">81</int>
						<int id="z">93</int>
						<str id="name">cave_icicle_1c_z1_1336154401517</str>
					</object>
					<object id="zutto_shadow_spot_1_1334970767745">
						<str id="sprite_class">zutto_shadow_spot_1</str>
						<int id="w">217</int>
						<int id="r">-140</int>
						<int id="x">565</int>
						<int id="y">492</int>
						<int id="h">61</int>
						<int id="z">65</int>
						<str id="name">zutto_shadow_spot_1_1334970767742</str>
					</object>
					<object id="cave_icicle_1c_z1_1336155415626">
						<str id="sprite_class">cave_icicle_1c_z1</str>
						<int id="w">198</int>
						<int id="x">285</int>
						<int id="y">224</int>
						<int id="h">81</int>
						<int id="z">95</int>
						<str id="name">cave_icicle_1c_z1_1336154401517</str>
					</object>
					<object id="juju_grandma_papers_01a_al1_1336154401546">
						<str id="sprite_class">juju_grandma_papers_01a_al1</str>
						<int id="w">123</int>
						<int id="x">2703</int>
						<int id="y">494</int>
						<int id="h">95</int>
						<int id="z">72</int>
						<str id="name">juju_grandma_papers_01a_al1_1336154401545</str>
					</object>
					<object id="cave_icicle_1b_z1_1336155415634">
						<str id="sprite_class">cave_icicle_1b_z1</str>
						<int id="w">34</int>
						<int id="x">1511</int>
						<int id="y">193</int>
						<int id="h">75</int>
						<int id="z">102</int>
						<str id="name">cave_icicle_1b_z1_1336154401516</str>
					</object>
					<object id="ladder_pipe_1_1334947703963">
						<str id="sprite_class">ladder_pipe_1</str>
						<int id="w">50</int>
						<int id="r">-180</int>
						<int id="x">2798</int>
						<int id="y">119</int>
						<int id="h">114</int>
						<int id="z">33</int>
						<str id="name">ladder_pipe_1_1334947703939</str>
					</object>
					<object id="empty_lot_small_1_1334947703993">
						<str id="sprite_class">empty_lot_small_1</str>
						<int id="w">167</int>
						<int id="x">1047</int>
						<bool id="h_flip">true</bool>
						<int id="y">564</int>
						<int id="h">47</int>
						<int id="z">42</int>
						<str id="name">empty_lot_small_1_1334947703993</str>
					</object>
					<object id="nailed_board_single_1334947703955">
						<str id="sprite_class">nailed_board_single</str>
						<int id="w">189</int>
						<int id="r">-10</int>
						<int id="x">757</int>
						<int id="y">398</int>
						<int id="h">27</int>
						<int id="z">116</int>
						<str id="name">nailed_board_single_1334947703951</str>
					</object>
					<object id="wall_crack_2_1334947703974">
						<str id="sprite_class">wall_crack_2</str>
						<int id="w">74</int>
						<int id="x">2721</int>
						<int id="y">420</int>
						<int id="h">148</int>
						<int id="z">12</int>
						<str id="name">wall_crack_2_1334947703973</str>
					</object>
					<object id="alakol_house_big_shadow_1334947704037">
						<str id="sprite_class">alakol_house_big_shadow</str>
						<int id="w">742</int>
						<int id="r">-175</int>
						<int id="x">919</int>
						<int id="y">165</int>
						<int id="h">23</int>
						<int id="z">55</int>
						<str id="name">alakol_house_big_shadow_1334947704020</str>
					</object>
					<object id="cave_icicle_1c_z1_1336155415611">
						<str id="sprite_class">cave_icicle_1c_z1</str>
						<int id="w">198</int>
						<int id="x">2472</int>
						<int id="y">224</int>
						<int id="h">81</int>
						<int id="z">97</int>
						<str id="name">cave_icicle_1c_z1_1336154401517</str>
					</object>
					<object id="cave_icicle_1b_z1_1336155415631">
						<str id="sprite_class">cave_icicle_1b_z1</str>
						<int id="w">44</int>
						<int id="x">440</int>
						<int id="y">283</int>
						<int id="h">135</int>
						<int id="z">79</int>
						<str id="name">cave_icicle_1b_z1_1336154401516</str>
					</object>
					<object id="juju_grandma_papers_01b_al1_1336155415672">
						<str id="sprite_class">juju_grandma_papers_01b_al1</str>
						<int id="w">62</int>
						<int id="x">1016</int>
						<bool id="h_flip">true</bool>
						<int id="y">476</int>
						<int id="h">36</int>
						<int id="z">111</int>
						<str id="name">juju_grandma_papers_01b_al1_1336155415661</str>
					</object>
					<object id="ladder_pole_shadow_1334947704013">
						<str id="sprite_class">ladder_pole_shadow</str>
						<int id="w">188</int>
						<int id="x">1829</int>
						<int id="y">602</int>
						<int id="h">54</int>
						<int id="z">48</int>
						<str id="name">ladder_pole_shadow_1334947704012</str>
					</object>
					<object id="empty_lot_small_1_1334947703996">
						<str id="sprite_class">empty_lot_small_1</str>
						<int id="w">157</int>
						<int id="x">894</int>
						<bool id="h_flip">true</bool>
						<int id="y">517</int>
						<int id="h">33</int>
						<int id="z">41</int>
						<str id="name">empty_lot_small_1_1334947703993</str>
					</object>
					<object id="cave_icicle_1c_z1_1336155415613">
						<str id="sprite_class">cave_icicle_1c_z1</str>
						<int id="w">198</int>
						<int id="x">2905</int>
						<int id="y">220</int>
						<int id="h">81</int>
						<int id="z">1</int>
						<str id="name">cave_icicle_1c_z1_1336154401517</str>
					</object>
					<object id="ceiling_1_1334947703893">
						<str id="sprite_class">ceiling_1</str>
						<int id="w">958</int>
						<int id="x">1407</int>
						<int id="y">151</int>
						<int id="h">150</int>
						<int id="z">21</int>
						<str id="name">ceiling_1_1334947703882</str>
					</object>
					<object id="gravel_2_1334947703992">
						<str id="sprite_class">gravel_2</str>
						<int id="w">49</int>
						<int id="x">240</int>
						<int id="y">475</int>
						<int id="h">28</int>
						<int id="z">39</int>
						<str id="name">gravel_2_1334947703992</str>
					</object>
					<object id="crack_building_3_1334947704035">
						<str id="sprite_class">crack_building_3</str>
						<int id="w">73</int>
						<int id="x">2268</int>
						<int id="y">348</int>
						<int id="h">30</int>
						<int id="z">58</int>
						<str id="name">crack_building_3_1334947704035</str>
					</object>
					<object id="apartment_filler_1334947703870">
						<str id="sprite_class">apartment_filler</str>
						<int id="w">1237</int>
						<int id="x">784</int>
						<int id="y">465</int>
						<int id="h">60</int>
						<int id="z">15</int>
						<str id="name">apartment_filler_1334947703862</str>
					</object>
					<object id="cave_icicle_1c_z1_1336155415622">
						<str id="sprite_class">cave_icicle_1c_z1</str>
						<int id="w">198</int>
						<int id="x">951</int>
						<int id="y">223</int>
						<int id="h">81</int>
						<int id="z">91</int>
						<str id="name">cave_icicle_1c_z1_1336154401517</str>
					</object>
					<object id="alakol_house_big_shadow_1334947704027">
						<str id="sprite_class">alakol_house_big_shadow</str>
						<int id="w">338</int>
						<int id="r">-35</int>
						<int id="x">1899</int>
						<int id="y">563</int>
						<int id="h">60</int>
						<int id="z">56</int>
						<str id="name">alakol_house_big_shadow_1334947704020</str>
					</object>
					<object id="cave_icicle_1c_z1_1336155415623">
						<str id="sprite_class">cave_icicle_1c_z1</str>
						<int id="w">198</int>
						<int id="x">798</int>
						<bool id="h_flip">true</bool>
						<int id="y">225</int>
						<int id="h">81</int>
						<int id="z">92</int>
						<str id="name">cave_icicle_1c_z1_1336154401517</str>
					</object>
					<object id="juju_grandma_papers_01b_al1_1336154401547">
						<str id="sprite_class">juju_grandma_papers_01b_al1</str>
						<int id="w">62</int>
						<int id="x">2770</int>
						<bool id="h_flip">true</bool>
						<int id="y">489</int>
						<int id="h">36</int>
						<int id="z">70</int>
						<str id="name">juju_grandma_papers_01b_al1_1336154401547</str>
					</object>
					<object id="cave_icicle_1b_z1_1336155415616">
						<str id="sprite_class">cave_icicle_1b_z1</str>
						<int id="w">60</int>
						<int id="x">2591</int>
						<int id="y">317</int>
						<int id="h">174</int>
						<int id="z">85</int>
						<str id="name">cave_icicle_1b_z1_1336154401516</str>
					</object>
					<object id="juju_grandma_papers_01c_al1_1336155415654">
						<str id="sprite_class">juju_grandma_papers_01c_al1</str>
						<int id="w">59</int>
						<int id="x">2656</int>
						<int id="y">512</int>
						<int id="h">20</int>
						<int id="z">105</int>
						<str id="name">juju_grandma_papers_01c_al1_1336155415654</str>
					</object>
					<object id="cave_icicle_1c_z1_1336155415606">
						<str id="sprite_class">cave_icicle_1c_z1</str>
						<int id="w">198</int>
						<int id="x">2077</int>
						<int id="y">225</int>
						<int id="h">81</int>
						<int id="z">86</int>
						<str id="name">cave_icicle_1c_z1_1336154401517</str>
					</object>
					<object id="nailed_board_single_1334947703953">
						<str id="sprite_class">nailed_board_single</str>
						<int id="w">189</int>
						<int id="r">10</int>
						<int id="x">762</int>
						<int id="y">386</int>
						<int id="h">27</int>
						<int id="z">115</int>
						<str id="name">nailed_board_single_1334947703951</str>
					</object>
					<object id="heights_face_rock_2_1334947703984">
						<str id="sprite_class">heights_face_rock_2</str>
						<int id="w">134</int>
						<int id="x">1982</int>
						<int id="y">465</int>
						<int id="h">38</int>
						<int id="z">37</int>
						<str id="name">heights_face_rock_2_1334947703983</str>
					</object>
					<object id="ladder_pole_shadow_1334947704019">
						<str id="sprite_class">ladder_pole_shadow</str>
						<int id="w">553</int>
						<int id="x">1524</int>
						<int id="y">156</int>
						<int id="h">57</int>
						<int id="z">52</int>
						<str id="name">ladder_pole_shadow_1334947704012</str>
					</object>
					<object id="zutto_shadow_spot_1_1334970767742">
						<str id="sprite_class">zutto_shadow_spot_1</str>
						<int id="w">251</int>
						<int id="r">-40</int>
						<int id="x">2593</int>
						<int id="y">541</int>
						<int id="h">71</int>
						<int id="z">62</int>
						<str id="name">zutto_shadow_spot_1_1334970767742</str>
					</object>
					<object id="cave_icicle_1c_z1_1336155415621">
						<str id="sprite_class">cave_icicle_1c_z1</str>
						<int id="w">198</int>
						<int id="x">1321</int>
						<int id="y">226</int>
						<int id="h">81</int>
						<int id="z">90</int>
						<str id="name">cave_icicle_1c_z1_1336154401517</str>
					</object>
					<object id="cave_icicle_1c_z1_1336155415625">
						<str id="sprite_class">cave_icicle_1c_z1</str>
						<int id="w">198</int>
						<int id="x">417</int>
						<bool id="h_flip">true</bool>
						<int id="y">226</int>
						<int id="h">81</int>
						<int id="z">94</int>
						<str id="name">cave_icicle_1c_z1_1336154401517</str>
					</object>
					<object id="subway_interior_pole_1_1334947704044">
						<str id="sprite_class">subway_interior_pole_1</str>
						<int id="w">21</int>
						<int id="r">-25</int>
						<int id="x">356</int>
						<int id="y">475</int>
						<int id="h">360</int>
						<int id="z">61</int>
						<str id="name">subway_interior_pole_1_1334947704043</str>
					</object>
					<object id="cave_icicle_1b_z1_1336155415630">
						<str id="sprite_class">cave_icicle_1b_z1</str>
						<int id="w">116</int>
						<int id="x">663</int>
						<int id="y">285</int>
						<int id="h">147</int>
						<int id="z">78</int>
						<str id="name">cave_icicle_1b_z1_1336154401516</str>
					</object>
					<object id="ladder_pole_shadow_1334947704014">
						<str id="sprite_class">ladder_pole_shadow</str>
						<int id="w">188</int>
						<int id="x">1711</int>
						<int id="y">494</int>
						<int id="h">54</int>
						<int id="z">22</int>
						<str id="name">ladder_pole_shadow_1334947704012</str>
					</object>
					<object id="cave_icicle_1c_z1_1336155415612">
						<str id="sprite_class">cave_icicle_1c_z1</str>
						<int id="w">198</int>
						<int id="x">2657</int>
						<bool id="h_flip">true</bool>
						<int id="y">223</int>
						<int id="h">81</int>
						<int id="z">98</int>
						<str id="name">cave_icicle_1c_z1_1336154401517</str>
					</object>
					<object id="apartment_filler_1334947703892">
						<str id="sprite_class">apartment_filler</str>
						<int id="w">1237</int>
						<int id="x">789</int>
						<int id="y">141</int>
						<int id="h">60</int>
						<int id="z">17</int>
						<str id="name">apartment_filler_1334947703862</str>
					</object>
					<object id="cave_icicle_1b_z1_1336155415614">
						<str id="sprite_class">cave_icicle_1b_z1</str>
						<int id="w">60</int>
						<int id="x">2324</int>
						<int id="y">317</int>
						<int id="h">174</int>
						<int id="z">83</int>
						<str id="name">cave_icicle_1b_z1_1336154401516</str>
					</object>
					<object id="juju_grandma_papers_01b_al1_1336155415673">
						<str id="sprite_class">juju_grandma_papers_01b_al1</str>
						<int id="w">62</int>
						<int id="x">1025</int>
						<bool id="h_flip">true</bool>
						<int id="y">493</int>
						<int id="h">36</int>
						<int id="z">110</int>
						<str id="name">juju_grandma_papers_01b_al1_1336155415661</str>
					</object>
					<object id="zutto_shadow_spot_1_1334970767743">
						<str id="sprite_class">zutto_shadow_spot_1</str>
						<int id="w">388</int>
						<int id="r">-90</int>
						<int id="x">2652</int>
						<int id="y">290</int>
						<int id="h">65</int>
						<int id="z">63</int>
						<str id="name">zutto_shadow_spot_1_1334970767742</str>
					</object>
					<object id="patch_dirt_2a_1334947704011">
						<str id="sprite_class">patch_dirt_2a</str>
						<int id="w">202</int>
						<int id="x">1005</int>
						<bool id="h_flip">true</bool>
						<int id="y">552</int>
						<int id="h">37</int>
						<int id="z">6</int>
						<str id="name">patch_dirt_2a_1334947703946</str>
					</object>
					<object id="cave_icicle_1b_z1_1336155415607">
						<str id="sprite_class">cave_icicle_1b_z1</str>
						<int id="w">114</int>
						<int id="x">2170</int>
						<int id="y">258</int>
						<int id="h">109</int>
						<int id="z">74</int>
						<str id="name">cave_icicle_1b_z1_1336154401516</str>
					</object>
					<object id="juju_grandma_papers_01c_al1_1336155415674">
						<str id="sprite_class">juju_grandma_papers_01c_al1</str>
						<int id="w">59</int>
						<int id="x">1045</int>
						<bool id="h_flip">true</bool>
						<int id="y">490</int>
						<int id="h">20</int>
						<int id="z">109</int>
						<str id="name">juju_grandma_papers_01c_al1_1336155415665</str>
					</object>
					<object id="gravel_1_1335287003814">
						<str id="sprite_class">gravel_1</str>
						<int id="w">237</int>
						<int id="x">2382</int>
						<int id="y">506</int>
						<int id="h">43</int>
						<int id="z">67</int>
						<str id="name">gravel_1_1335287003814</str>
					</object>
					<object id="column_1_1336155415669">
						<str id="sprite_class">column_1</str>
						<int id="w">71</int>
						<int id="x">1049</int>
						<int id="y">477</int>
						<int id="h">337</int>
						<int id="z">108</int>
						<str id="name">column_1_1334947703797</str>
					</object>
					<object id="cave_icicle_1b_z1_1337736748216">
						<str id="sprite_class">cave_icicle_1b_z1</str>
						<int id="w">34</int>
						<int id="x">1442</int>
						<int id="y">229</int>
						<int id="h">87</int>
						<int id="z">101</int>
						<str id="name">cave_icicle_1b_z1_1336154401516</str>
					</object>
					<object id="empty_lot_small_1_1334947703994">
						<str id="sprite_class">empty_lot_small_1</str>
						<int id="w">167</int>
						<int id="x">978</int>
						<bool id="h_flip">true</bool>
						<int id="y">610</int>
						<int id="h">47</int>
						<int id="z">44</int>
						<str id="name">empty_lot_small_1_1334947703993</str>
					</object>
					<object id="wall_crack_1_1334947703972">
						<str id="sprite_class">wall_crack_1</str>
						<int id="w">174</int>
						<int id="x">1185</int>
						<int id="y">421</int>
						<int id="h">87</int>
						<int id="z">10</int>
						<str id="name">wall_crack_1_1334947703971</str>
					</object>
					<object id="cave_icicle_1b_z1_1336155415605">
						<str id="sprite_class">cave_icicle_1b_z1</str>
						<int id="w">116</int>
						<int id="x">1933</int>
						<int id="y">283</int>
						<int id="h">147</int>
						<int id="z">73</int>
						<str id="name">cave_icicle_1b_z1_1336154401516</str>
					</object>
					<object id="cave_icicle_1c_z1_1336155415609">
						<str id="sprite_class">cave_icicle_1c_z1</str>
						<int id="w">198</int>
						<int id="x">1803</int>
						<int id="y">224</int>
						<int id="h">81</int>
						<int id="z">87</int>
						<str id="name">cave_icicle_1c_z1_1336154401517</str>
					</object>
					<object id="platform_crack_1_1334947703962">
						<str id="sprite_class">platform_crack_1</str>
						<int id="w">172</int>
						<int id="x">2793</int>
						<bool id="h_flip">true</bool>
						<int id="y">486</int>
						<int id="h">43</int>
						<int id="z">14</int>
						<str id="name">platform_crack_1_1334947703789</str>
					</object>
					<object id="apartment_filler_1338425347366">
						<str id="sprite_class">apartment_filler</str>
						<int id="w">1071</int>
						<int id="x">713</int>
						<int id="y">465</int>
						<int id="h">21</int>
						<int id="z">106</int>
						<str id="name">apartment_filler_1334947703862</str>
					</object>
					<object id="ceiling_1_1334947703895">
						<str id="sprite_class">ceiling_1</str>
						<int id="w">958</int>
						<int id="x">3207</int>
						<int id="y">151</int>
						<int id="h">150</int>
						<int id="z">24</int>
						<str id="name">ceiling_1_1334947703882</str>
					</object>
					<object id="apartment_filler_1338425347364">
						<str id="sprite_class">apartment_filler</str>
						<int id="w">1071</int>
						<int id="x">1563</int>
						<int id="y">465</int>
						<int id="h">21</int>
						<int id="z">19</int>
						<str id="name">apartment_filler_1334947703862</str>
					</object>
					<object id="cave_icicle_1b_z1_1336155415629">
						<str id="sprite_class">cave_icicle_1b_z1</str>
						<int id="w">83</int>
						<int id="x">855</int>
						<bool id="h_flip">true</bool>
						<int id="y">264</int>
						<int id="h">121</int>
						<int id="z">77</int>
						<str id="name">cave_icicle_1b_z1_1336154401516</str>
					</object>
					<object id="cave_icicle_1b_z1_1336155415633">
						<str id="sprite_class">cave_icicle_1b_z1</str>
						<int id="w">116</int>
						<int id="x">223</int>
						<int id="y">270</int>
						<int id="h">147</int>
						<int id="z">81</int>
						<str id="name">cave_icicle_1b_z1_1336154401516</str>
					</object>
					<object id="wall_crack_2_1334947703973">
						<str id="sprite_class">wall_crack_2</str>
						<int id="w">74</int>
						<int id="x">277</int>
						<int id="y">415</int>
						<int id="h">148</int>
						<int id="z">11</int>
						<str id="name">wall_crack_2_1334947703973</str>
					</object>
					<object id="ladder_pole_shadow_1334947704016">
						<str id="sprite_class">ladder_pole_shadow</str>
						<int id="w">188</int>
						<int id="x">2796</int>
						<int id="y">495</int>
						<int id="h">54</int>
						<int id="z">32</int>
						<str id="name">ladder_pole_shadow_1334947704012</str>
					</object>
					<object id="nailed_board_single_1337736748217">
						<str id="sprite_class">nailed_board_single</str>
						<int id="w">111</int>
						<int id="r">-10</int>
						<int id="x">3015</int>
						<int id="y">428</int>
						<int id="h">41</int>
						<int id="z">69</int>
						<str id="name">nailed_board_single_1334947703951</str>
					</object>
					<object id="apartment_filler_1334947703890">
						<str id="sprite_class">apartment_filler</str>
						<int id="w">1237</int>
						<int id="x">2324</int>
						<int id="y">465</int>
						<int id="h">60</int>
						<int id="z">16</int>
						<str id="name">apartment_filler_1334947703862</str>
					</object>
					<object id="cave_icicle_1b_z1_1336155415632">
						<str id="sprite_class">cave_icicle_1b_z1</str>
						<int id="w">54</int>
						<int id="x">499</int>
						<int id="y">254</int>
						<int id="h">105</int>
						<int id="z">80</int>
						<str id="name">cave_icicle_1b_z1_1336154401516</str>
					</object>
					<object id="patch_dirt_2a_1334947703948">
						<str id="sprite_class">patch_dirt_2a</str>
						<int id="w">286</int>
						<int id="x">2965</int>
						<bool id="h_flip">true</bool>
						<int id="y">520</int>
						<int id="h">49</int>
						<int id="z">8</int>
						<str id="name">patch_dirt_2a_1334947703946</str>
					</object>
					<object id="ceiling_1_1334947703894">
						<str id="sprite_class">ceiling_1</str>
						<int id="w">958</int>
						<int id="x">2357</int>
						<int id="y">151</int>
						<int id="h">150</int>
						<int id="z">23</int>
						<str id="name">ceiling_1_1334947703882</str>
					</object>
					<object id="door_asset_apartment_room_interior_1335287003823">
						<str id="sprite_class">door_asset_apartment_room_interior</str>
						<int id="w">75</int>
						<int id="r">-2</int>
						<int id="x">3014</int>
						<int id="y">536</int>
						<int id="h">224</int>
						<int id="z">68</int>
						<str id="name">door_asset_apartment_room_interior_1335287003823</str>
					</object>
					<object id="patch_dirt_2a_1334947703949">
						<str id="sprite_class">patch_dirt_2a</str>
						<int id="w">208</int>
						<int id="x">1720</int>
						<int id="y">492</int>
						<int id="h">36</int>
						<int id="z">5</int>
						<str id="name">patch_dirt_2a_1334947703946</str>
					</object>
					<object id="empty_lot_small_1_1334947703995">
						<str id="sprite_class">empty_lot_small_1</str>
						<int id="w">167</int>
						<int id="x">1155</int>
						<bool id="h_flip">true</bool>
						<int id="y">564</int>
						<int id="h">47</int>
						<int id="z">40</int>
						<str id="name">empty_lot_small_1_1334947703993</str>
					</object>
					<object id="zutto_shadow_spot_1_1334970767744">
						<str id="sprite_class">zutto_shadow_spot_1</str>
						<int id="w">388</int>
						<int id="r">-90</int>
						<int id="x">524</int>
						<int id="y">319</int>
						<int id="h">65</int>
						<int id="z">64</int>
						<str id="name">zutto_shadow_spot_1_1334970767742</str>
					</object>
					<object id="platform_pipe_2_1334947703956">
						<str id="sprite_class">platform_pipe_2</str>
						<int id="w">76</int>
						<int id="x">2923</int>
						<int id="y">252</int>
						<int id="h">27</int>
						<int id="z">29</int>
						<str id="name">platform_pipe_2_1334947703956</str>
					</object>
					<object id="ladder_pipe_1_1334947703961">
						<str id="sprite_class">ladder_pipe_1</str>
						<int id="w">50</int>
						<int id="x">2793</int>
						<int id="y">475</int>
						<int id="h">114</int>
						<int id="z">31</int>
						<str id="name">ladder_pipe_1_1334947703939</str>
					</object>
					<object id="cave_icicle_1b_z1_1336155415619">
						<str id="sprite_class">cave_icicle_1b_z1</str>
						<int id="w">60</int>
						<int id="x">1314</int>
						<int id="y">317</int>
						<int id="h">174</int>
						<int id="z">100</int>
						<str id="name">cave_icicle_1b_z1_1336154401516</str>
					</object>
					<object id="alakol_house_big_shadow_1334947704026">
						<str id="sprite_class">alakol_house_big_shadow</str>
						<int id="w">449</int>
						<int id="r">-86</int>
						<int id="x">2010</int>
						<int id="y">300</int>
						<int id="h">60</int>
						<int id="z">57</int>
						<str id="name">alakol_house_big_shadow_1334947704020</str>
					</object>
					<object id="wallpipe_1_1334947704048">
						<str id="sprite_class">wallpipe_1</str>
						<int id="w">101</int>
						<int id="x">2945</int>
						<int id="y">287</int>
						<int id="h">203</int>
						<int id="z">27</int>
						<str id="name">wallpipe_1_1334947704047</str>
					</object>
					<object id="cave_icicle_1b_z1_1336155415618">
						<str id="sprite_class">cave_icicle_1b_z1</str>
						<int id="w">60</int>
						<int id="x">1722</int>
						<int id="y">306</int>
						<int id="h">174</int>
						<int id="z">99</int>
						<str id="name">cave_icicle_1b_z1_1336154401516</str>
					</object>
					<object id="heights_face_rock_3_1334947703985">
						<str id="sprite_class">heights_face_rock_3</str>
						<int id="w">237</int>
						<int id="x">2817</int>
						<int id="y">231</int>
						<int id="h">88</int>
						<int id="z">4</int>
						<str id="name">heights_face_rock_3_1334947703985</str>
					</object>
					<object id="steam_stream_1334947703964">
						<str id="sprite_class">steam_stream</str>
						<int id="w">44</int>
						<int id="x">2813</int>
						<bool id="animated">true</bool>
						<int id="y">238</int>
						<int id="h">138</int>
						<int id="z">35</int>
						<str id="name">steam_stream_1334947703964</str>
					</object>
					<object id="cave_icicle_1b_z1_1336155415617">
						<str id="sprite_class">cave_icicle_1b_z1</str>
						<int id="w">146</int>
						<int id="x">2719</int>
						<int id="y">272</int>
						<int id="h">138</int>
						<int id="z">0</int>
						<str id="name">cave_icicle_1b_z1_1336154401516</str>
					</object>
					<object id="cave_icicle_1b_z1_1336155415628">
						<str id="sprite_class">cave_icicle_1b_z1</str>
						<int id="w">58</int>
						<int id="x">782</int>
						<int id="y">304</int>
						<int id="h">147</int>
						<int id="z">76</int>
						<str id="name">cave_icicle_1b_z1_1336154401516</str>
					</object>
					<object id="door_side_1_1334947703997">
						<str id="sprite_class">door_side_1</str>
						<int id="w">89</int>
						<int id="r">-2</int>
						<int id="x">3024</int>
						<bool id="h_flip">true</bool>
						<int id="y">571</int>
						<int id="h">274</int>
						<int id="z">28</int>
						<str id="name">door_side_1_1334947703997</str>
					</object>
					<object id="ladder_pipe_2_1334947703960">
						<str id="sprite_class">ladder_pipe_2</str>
						<int id="w">60</int>
						<int id="r">4</int>
						<int id="x">2795</int>
						<int id="y">381</int>
						<int id="h">152</int>
						<int id="z">34</int>
						<str id="name">ladder_pipe_2_1334947703941</str>
					</object>
					<object id="shredded_poster_1_1334947703958">
						<str id="sprite_class">shredded_poster_1</str>
						<int id="w">107</int>
						<int id="x">1961</int>
						<int id="y">366</int>
						<int id="h">151</int>
						<int id="z">30</int>
						<str id="name">shredded_poster_1_1334947703958</str>
					</object>
					<object id="fallen_leaves_1_1335287003813">
						<str id="sprite_class">fallen_leaves_1</str>
						<int id="w">168</int>
						<int id="x">2881</int>
						<int id="y">499</int>
						<int id="h">20</int>
						<int id="z">66</int>
						<str id="name">fallen_leaves_1_1335287003813</str>
					</object>
					<object id="alakol_house_big_shadow_1334947704022">
						<str id="sprite_class">alakol_house_big_shadow</str>
						<int id="w">449</int>
						<int id="r">-92</int>
						<int id="x">1177</int>
						<int id="y">297</int>
						<int id="h">60</int>
						<int id="z">54</int>
						<str id="name">alakol_house_big_shadow_1334947704020</str>
					</object>
					<object id="juju_grandma_papers_01a_al1_1336155415671">
						<str id="sprite_class">juju_grandma_papers_01a_al1</str>
						<int id="w">123</int>
						<int id="x">961</int>
						<int id="y">501</int>
						<int id="h">95</int>
						<int id="z">112</int>
						<str id="name">juju_grandma_papers_01a_al1_1336155415659</str>
					</object>
					<object id="cave_icicle_1b_z1_1336155415627">
						<str id="sprite_class">cave_icicle_1b_z1</str>
						<int id="w">116</int>
						<int id="x">1127</int>
						<int id="y">293</int>
						<int id="h">147</int>
						<int id="z">75</int>
						<str id="name">cave_icicle_1b_z1_1336154401516</str>
					</object>
					<object id="ladder_pole_shadow_1334947704018">
						<str id="sprite_class">ladder_pole_shadow</str>
						<int id="w">188</int>
						<int id="x">616</int>
						<int id="y">601</int>
						<int id="h">54</int>
						<int id="z">51</int>
						<str id="name">ladder_pole_shadow_1334947704012</str>
					</object>
					<object id="cave_icicle_1b_z1_1336155415635">
						<str id="sprite_class">cave_icicle_1b_z1</str>
						<int id="w">34</int>
						<int id="x">1677</int>
						<bool id="h_flip">true</bool>
						<int id="y">207</int>
						<int id="h">75</int>
						<int id="z">103</int>
						<str id="name">cave_icicle_1b_z1_1336154401516</str>
					</object>
					<object id="debris_wall_2_1334947703998">
						<str id="sprite_class">debris_wall_2</str>
						<int id="w">99</int>
						<int id="x">927</int>
						<int id="y">528</int>
						<int id="h">32</int>
						<int id="z">45</int>
						<str id="name">debris_wall_2_1334947703998</str>
					</object>
					<object id="ladder_pole_shadow_1334947704012">
						<str id="sprite_class">ladder_pole_shadow</str>
						<int id="w">188</int>
						<int id="x">1265</int>
						<int id="y">601</int>
						<int id="h">54</int>
						<int id="z">47</int>
						<str id="name">ladder_pole_shadow_1334947704012</str>
					</object>
					<object id="platform_crack_1_1334947703978">
						<str id="sprite_class">platform_crack_1</str>
						<int id="w">172</int>
						<int id="x">254</int>
						<int id="y">548</int>
						<int id="h">43</int>
						<int id="z">36</int>
						<str id="name">platform_crack_1_1334947703977</str>
					</object>
					<object id="juju_grandma_papers_01b_al1_1336155415655">
						<str id="sprite_class">juju_grandma_papers_01b_al1</str>
						<int id="w">62</int>
						<int id="x">2607</int>
						<int id="y">494</int>
						<int id="h">36</int>
						<int id="z">107</int>
						<str id="name">juju_grandma_papers_01b_al1_1336155415655</str>
					</object>
				</object>
			</object>
			<object id="middleplus">
				<int id="w">3110</int>
				<int id="h">642</int>
				<int id="z">1</int>
				<object id="filtersNEW">
					<object id="tintColor">
						<int id="value">11750656</int>
					</object>
					<object id="tintAmount">
						<int id="value">26</int>
					</object>
				</object>
				<str id="name">middleplus</str>
				<object id="decos">
					<object id="alakol_house_big_shadow_1334947703918">
						<str id="sprite_class">alakol_house_big_shadow</str>
						<int id="w">856</int>
						<int id="r">90</int>
						<int id="x">2769</int>
						<int id="y">327</int>
						<int id="h">561</int>
						<int id="z">24</int>
						<str id="name">alakol_house_big_shadow_1334947703912</str>
					</object>
					<object id="cloud_fluffy_1_1336155415638">
						<str id="sprite_class">cloud_fluffy_1</str>
						<int id="w">2706</int>
						<int id="r">-180</int>
						<int id="x">2660</int>
						<bool id="h_flip">true</bool>
						<int id="y">-115</int>
						<int id="h">769</int>
						<int id="z">1</int>
						<str id="name">cloud_fluffy_1_1336155415637</str>
					</object>
					<object id="barrel_1_1335287003801">
						<str id="sprite_class">barrel_1</str>
						<int id="w">75</int>
						<int id="x">148</int>
						<int id="y">585</int>
						<int id="h">95</int>
						<int id="z">5</int>
						<str id="name">barrel_1_1335287003800</str>
					</object>
					<object id="groddle_shadow_spot_1_1336155415641">
						<str id="sprite_class">groddle_shadow_spot_1</str>
						<int id="w">1027</int>
						<int id="r">100</int>
						<int id="x">-82</int>
						<int id="y">296</int>
						<int id="h">430</int>
						<int id="z">38</int>
						<str id="name">groddle_shadow_spot_1_1336155415639</str>
					</object>
					<object id="crate_1_1334947704000">
						<str id="sprite_class">crate_1</str>
						<int id="w">140</int>
						<int id="x">65</int>
						<int id="y">586</int>
						<int id="h">118</int>
						<int id="z">4</int>
						<str id="name">crate_1_1334947703999</str>
					</object>
					<object id="alakol_house_big_shadow_1334947703914">
						<str id="sprite_class">alakol_house_big_shadow</str>
						<int id="w">2157</int>
						<int id="x">581</int>
						<int id="y">325</int>
						<int id="h">405</int>
						<int id="z">27</int>
						<str id="name">alakol_house_big_shadow_1334947703912</str>
					</object>
					<object id="column_1_1334947703899">
						<str id="sprite_class">column_1</str>
						<int id="w">105</int>
						<int id="x">2477</int>
						<int id="y">588</int>
						<int id="h">499</int>
						<int id="z">3</int>
						<str id="name">column_1_1334947703797</str>
					</object>
					<object id="subway_interior_pole_1_1334947703966">
						<str id="sprite_class">subway_interior_pole_1</str>
						<int id="w">23</int>
						<int id="x">3072</int>
						<int id="y">587</int>
						<int id="h">505</int>
						<int id="z">10</int>
						<str id="name">subway_interior_pole_1_1334947703965</str>
					</object>
					<object id="alakol_house_big_shadow_1334947704028">
						<str id="sprite_class">alakol_house_big_shadow</str>
						<int id="w">856</int>
						<int id="r">90</int>
						<int id="x">1949</int>
						<int id="y">327</int>
						<int id="h">1305</int>
						<int id="z">30</int>
						<str id="name">alakol_house_big_shadow_1334947703912</str>
					</object>
					<object id="penaltybox_bar_2_1334947703981">
						<str id="sprite_class">penaltybox_bar_2</str>
						<int id="w">38</int>
						<int id="x">3038</int>
						<int id="y">587</int>
						<int id="h">491</int>
						<int id="z">7</int>
						<str id="name">penaltybox_bar_2_1334947703980</str>
					</object>
					<object id="back_platform_1_1334947703910">
						<str id="sprite_class">back_platform_1</str>
						<int id="w">958</int>
						<int id="x">795</int>
						<int id="y">700</int>
						<int id="h">111</int>
						<int id="z">18</int>
						<str id="name">back_platform_1_1334947703908</str>
					</object>
					<object id="alakol_house_big_shadow_1334947703919">
						<str id="sprite_class">alakol_house_big_shadow</str>
						<int id="w">856</int>
						<int id="r">90</int>
						<int id="x">2789</int>
						<int id="y">327</int>
						<int id="h">561</int>
						<int id="z">25</int>
						<str id="name">alakol_house_big_shadow_1334947703912</str>
					</object>
					<object id="alakol_house_big_shadow_1334947703920">
						<str id="sprite_class">alakol_house_big_shadow</str>
						<int id="w">856</int>
						<int id="r">90</int>
						<int id="x">2529</int>
						<int id="y">327</int>
						<int id="h">561</int>
						<int id="z">29</int>
						<str id="name">alakol_house_big_shadow_1334947703912</str>
					</object>
					<object id="alakol_house_big_shadow_1334947703922">
						<str id="sprite_class">alakol_house_big_shadow</str>
						<int id="w">856</int>
						<int id="r">90</int>
						<int id="x">34</int>
						<int id="y">327</int>
						<int id="h">561</int>
						<int id="z">23</int>
						<str id="name">alakol_house_big_shadow_1334947703912</str>
					</object>
					<object id="vase_1_1335287003819">
						<str id="sprite_class">vase_1</str>
						<int id="w">43</int>
						<int id="x">532</int>
						<int id="y">589</int>
						<int id="h">80</int>
						<int id="z">9</int>
						<str id="name">vase_1_1335287003819</str>
					</object>
					<object id="alakol_house_big_shadow_1334947703921">
						<str id="sprite_class">alakol_house_big_shadow</str>
						<int id="w">856</int>
						<int id="r">90</int>
						<int id="x">-231</int>
						<int id="y">327</int>
						<int id="h">561</int>
						<int id="z">22</int>
						<str id="name">alakol_house_big_shadow_1334947703912</str>
					</object>
					<object id="alakol_house_big_shadow_1334947703915">
						<str id="sprite_class">alakol_house_big_shadow</str>
						<int id="w">2157</int>
						<int id="x">2393</int>
						<int id="y">290</int>
						<int id="h">405</int>
						<int id="z">28</int>
						<str id="name">alakol_house_big_shadow_1334947703912</str>
					</object>
					<object id="alakol_house_big_shadow_1334947704029">
						<str id="sprite_class">alakol_house_big_shadow</str>
						<int id="w">856</int>
						<int id="r">90</int>
						<int id="x">-221</int>
						<int id="y">327</int>
						<int id="h">1305</int>
						<int id="z">34</int>
						<str id="name">alakol_house_big_shadow_1334947703912</str>
					</object>
					<object id="groddle_shadow_spot_1_1336155415642">
						<str id="sprite_class">groddle_shadow_spot_1</str>
						<int id="w">1027</int>
						<int id="r">100</int>
						<int id="x">113</int>
						<int id="y">296</int>
						<int id="h">430</int>
						<int id="z">39</int>
						<str id="name">groddle_shadow_spot_1_1336155415639</str>
					</object>
					<object id="box_blur_1_1334947704050">
						<str id="sprite_class">box_blur_1</str>
						<int id="w">946</int>
						<int id="x">3425</int>
						<int id="y">815</int>
						<int id="h">1075</int>
						<int id="z">36</int>
						<str id="name">box_blur_1_1334947704049</str>
					</object>
					<object id="groddle_shadow_spot_1_1336155415648">
						<str id="sprite_class">groddle_shadow_spot_1</str>
						<int id="w">1027</int>
						<int id="r">80</int>
						<int id="x">2841</int>
						<int id="y">289</int>
						<int id="h">430</int>
						<int id="z">45</int>
						<str id="name">groddle_shadow_spot_1_1336155415639</str>
					</object>
					<object id="groddle_shadow_spot_1_1336155415650">
						<str id="sprite_class">groddle_shadow_spot_1</str>
						<int id="w">1027</int>
						<int id="r">80</int>
						<int id="x">2583</int>
						<int id="y">327</int>
						<int id="h">638</int>
						<int id="z">47</int>
						<str id="name">groddle_shadow_spot_1_1336155415639</str>
					</object>
					<object id="groddle_shadow_spot_1_1336155415640">
						<str id="sprite_class">groddle_shadow_spot_1</str>
						<int id="w">1027</int>
						<int id="r">100</int>
						<int id="x">-82</int>
						<int id="y">296</int>
						<int id="h">430</int>
						<int id="z">37</int>
						<str id="name">groddle_shadow_spot_1_1336155415639</str>
					</object>
					<object id="platform_pipe_1_1334970767741">
						<str id="sprite_class">platform_pipe_1</str>
						<int id="w">111</int>
						<int id="x">3064</int>
						<bool id="h_flip">true</bool>
						<int id="y">514</int>
						<int id="h">49</int>
						<int id="z">2</int>
						<str id="name">platform_pipe_1_1334947703957</str>
					</object>
					<object id="groddle_shadow_spot_1_1336155415651">
						<str id="sprite_class">groddle_shadow_spot_1</str>
						<int id="w">1027</int>
						<int id="r">80</int>
						<int id="x">2113</int>
						<int id="y">411</int>
						<int id="h">1165</int>
						<int id="z">48</int>
						<str id="name">groddle_shadow_spot_1_1336155415639</str>
					</object>
					<object id="alakol_house_big_shadow_1334947703917">
						<str id="sprite_class">alakol_house_big_shadow</str>
						<int id="w">856</int>
						<int id="r">90</int>
						<int id="x">-231</int>
						<int id="y">327</int>
						<int id="h">561</int>
						<int id="z">21</int>
						<str id="name">alakol_house_big_shadow_1334947703912</str>
					</object>
					<object id="tree_int_vertical_shadow_1334947703970">
						<str id="sprite_class">tree_int_vertical_shadow</str>
						<int id="w">3146</int>
						<int id="r">-180</int>
						<int id="x">1551</int>
						<int id="y">448</int>
						<int id="h">254</int>
						<int id="z">32</int>
						<str id="name">tree_int_vertical_shadow_1334947703967</str>
					</object>
					<object id="column_1_1334947703898">
						<str id="sprite_class">column_1</str>
						<int id="w">105</int>
						<int id="x">1842</int>
						<bool id="h_flip">true</bool>
						<int id="y">588</int>
						<int id="h">499</int>
						<int id="z">15</int>
						<str id="name">column_1_1334947703797</str>
					</object>
					<object id="cloud_fluffy_1_1336155415637">
						<str id="sprite_class">cloud_fluffy_1</str>
						<int id="w">2706</int>
						<int id="r">-180</int>
						<int id="x">440</int>
						<int id="y">-115</int>
						<int id="h">769</int>
						<int id="z">0</int>
						<str id="name">cloud_fluffy_1_1336155415637</str>
					</object>
					<object id="groddle_shadow_spot_1_1336155415649">
						<str id="sprite_class">groddle_shadow_spot_1</str>
						<int id="w">1027</int>
						<int id="r">80</int>
						<int id="x">2832</int>
						<int id="y">295</int>
						<int id="h">430</int>
						<int id="z">46</int>
						<str id="name">groddle_shadow_spot_1_1336155415639</str>
					</object>
					<object id="tree_int_vertical_shadow_1334947703969">
						<str id="sprite_class">tree_int_vertical_shadow</str>
						<int id="w">3146</int>
						<int id="x">1549</int>
						<int id="y">222</int>
						<int id="h">254</int>
						<int id="z">31</int>
						<str id="name">tree_int_vertical_shadow_1334947703967</str>
					</object>
					<object id="groddle_shadow_spot_1_1336155415643">
						<str id="sprite_class">groddle_shadow_spot_1</str>
						<int id="w">1027</int>
						<int id="r">100</int>
						<int id="x">-61</int>
						<int id="y">355</int>
						<int id="h">430</int>
						<int id="z">40</int>
						<str id="name">groddle_shadow_spot_1_1336155415639</str>
					</object>
					<object id="groddle_shadow_spot_1_1336155415646">
						<str id="sprite_class">groddle_shadow_spot_1</str>
						<int id="w">1027</int>
						<int id="r">100</int>
						<int id="x">-210</int>
						<int id="y">329</int>
						<int id="h">689</int>
						<int id="z">43</int>
						<str id="name">groddle_shadow_spot_1_1336155415639</str>
					</object>
					<object id="box_blur_1_1334947704010">
						<str id="sprite_class">box_blur_1</str>
						<int id="w">4922</int>
						<int id="x">1667</int>
						<int id="y">1228</int>
						<int id="h">734</int>
						<int id="z">33</int>
						<str id="name">box_blur_1_1334947704009</str>
					</object>
					<object id="column_1_1334947703897">
						<str id="sprite_class">column_1</str>
						<int id="w">105</int>
						<int id="x">1257</int>
						<int id="y">588</int>
						<int id="h">499</int>
						<int id="z">14</int>
						<str id="name">column_1_1334947703797</str>
					</object>
					<object id="back_platform_1_1334947703908">
						<str id="sprite_class">back_platform_1</str>
						<int id="w">958</int>
						<int id="x">2675</int>
						<int id="y">700</int>
						<int id="h">111</int>
						<int id="z">16</int>
						<str id="name">back_platform_1_1334947703908</str>
					</object>
					<object id="penaltybox_bar_2_1334947703982">
						<str id="sprite_class">penaltybox_bar_2</str>
						<int id="w">38</int>
						<int id="r">-3</int>
						<int id="x">514</int>
						<int id="y">581</int>
						<int id="h">491</int>
						<int id="z">8</int>
						<str id="name">penaltybox_bar_2_1334947703980</str>
					</object>
					<object id="groddle_shadow_spot_1_1336155415645">
						<str id="sprite_class">groddle_shadow_spot_1</str>
						<int id="w">1027</int>
						<int id="r">100</int>
						<int id="x">344</int>
						<int id="y">366</int>
						<int id="h">430</int>
						<int id="z">42</int>
						<str id="name">groddle_shadow_spot_1_1336155415639</str>
					</object>
					<object id="hanging_clothes_line_1334947703988">
						<str id="sprite_class">hanging_clothes_line</str>
						<int id="w">618</int>
						<int id="r">5</int>
						<int id="x">937</int>
						<int id="y">175</int>
						<int id="h">26</int>
						<int id="z">6</int>
						<str id="name">hanging_clothes_line_1334947703987</str>
					</object>
					<object id="groddle_shadow_spot_1_1336155415647">
						<str id="sprite_class">groddle_shadow_spot_1</str>
						<int id="w">1027</int>
						<int id="r">100</int>
						<int id="x">266</int>
						<int id="y">269</int>
						<int id="h">891</int>
						<int id="z">44</int>
						<str id="name">groddle_shadow_spot_1_1336155415639</str>
					</object>
					<object id="groddle_shadow_spot_1_1336155415644">
						<str id="sprite_class">groddle_shadow_spot_1</str>
						<int id="w">1027</int>
						<int id="r">100</int>
						<int id="x">205</int>
						<int id="y">376</int>
						<int id="h">430</int>
						<int id="z">41</int>
						<str id="name">groddle_shadow_spot_1_1336155415639</str>
					</object>
					<object id="back_platform_1_1334947703911">
						<str id="sprite_class">back_platform_1</str>
						<int id="w">958</int>
						<int id="x">135</int>
						<int id="y">700</int>
						<int id="h">111</int>
						<int id="z">19</int>
						<str id="name">back_platform_1_1334947703908</str>
					</object>
					<object id="groddle_shadow_spot_1_1336155415652">
						<str id="sprite_class">groddle_shadow_spot_1</str>
						<int id="w">1027</int>
						<int id="r">80</int>
						<int id="x">2550</int>
						<int id="y">325</int>
						<int id="h">596</int>
						<int id="z">49</int>
						<str id="name">groddle_shadow_spot_1_1336155415639</str>
					</object>
					<object id="groddle_shadow_spot_1_1336155415653">
						<str id="sprite_class">groddle_shadow_spot_1</str>
						<int id="w">1027</int>
						<int id="r">80</int>
						<int id="x">1848</int>
						<int id="y">465</int>
						<int id="h">983</int>
						<int id="z">50</int>
						<str id="name">groddle_shadow_spot_1_1336155415639</str>
					</object>
					<object id="box_blur_1_1334947704049">
						<str id="sprite_class">box_blur_1</str>
						<int id="w">946</int>
						<int id="x">-290</int>
						<int id="y">815</int>
						<int id="h">1075</int>
						<int id="z">35</int>
						<str id="name">box_blur_1_1334947704049</str>
					</object>
					<object id="alakol_house_big_shadow_1334947703916">
						<str id="sprite_class">alakol_house_big_shadow</str>
						<int id="w">2157</int>
						<int id="x">2648</int>
						<int id="y">725</int>
						<int id="h">249</int>
						<int id="z">26</int>
						<str id="name">alakol_house_big_shadow_1334947703912</str>
					</object>
					<object id="column_1_1334947703807">
						<str id="sprite_class">column_1</str>
						<int id="w">105</int>
						<int id="x">607</int>
						<int id="y">588</int>
						<int id="h">499</int>
						<int id="z">12</int>
						<str id="name">column_1_1334947703797</str>
					</object>
					<object id="alakol_house_big_shadow_1334947703913">
						<str id="sprite_class">alakol_house_big_shadow</str>
						<int id="w">2157</int>
						<int id="x">593</int>
						<int id="y">740</int>
						<int id="h">249</int>
						<int id="z">20</int>
						<str id="name">alakol_house_big_shadow_1334947703912</str>
					</object>
					<object id="back_platform_1_1334947703909">
						<str id="sprite_class">back_platform_1</str>
						<int id="w">958</int>
						<int id="x">1735</int>
						<int id="y">700</int>
						<int id="h">111</int>
						<int id="z">17</int>
						<str id="name">back_platform_1_1334947703908</str>
					</object>
					<object id="beam_wood_diagonal_1_1335287003803">
						<str id="sprite_class">beam_wood_diagonal_1</str>
						<int id="w">199</int>
						<int id="x">3004</int>
						<int id="y">141</int>
						<int id="h">149</int>
						<int id="z">13</int>
						<str id="name">beam_wood_diagonal_1_1335287003802</str>
					</object>
					<object id="liana_6_1334947703945">
						<str id="sprite_class">liana_6</str>
						<int id="w">171</int>
						<int id="x">54</int>
						<int id="y">173</int>
						<int id="h">115</int>
						<int id="z">11</int>
						<str id="name">liana_6_1334947703944</str>
					</object>
				</object>
			</object>
		</object>
		<str id="music_file">ABANDONED_APARTMENTS1</str>
		<str id="tsid">LA9EBPF8M2031HB</str>
		<int id="ground_y">-180</int>
		<null id="img_file_versioned"/>
		<object id="gradient">
			<str id="top">30608</str>
			<str id="bottom">84888A</str>
		</object>
		<object id="sources">
			<int id="LA9H1V6OGRU2FSB">1</int>
		</object>
		<null id="loading_label"/>
		<null id="physics"/>
		<int id="rookable_type">0</int>
		<str id="swf_file_versioned">http://c2.glitch.bz/locations/groddle1/1337366741.swf,http://c2.glitch.bz/locations/subway1/1322701280.swf,http://c2.glitch.bz/locations/bldg_int_apt/1337733478.swf,http://c2.glitch.bz/locations/zutto1/1331248119.swf,http://c2.glitch.bz/locations/abbasid1/1330374046.swf,http://c2.glitch.bz/locations/alpine_landscape/1332547509.swf,http://c2.glitch.bz/locations/firebog/1331248191.swf</str>
		<bool id="wall_jump">false</bool>
		<bool id="no_zoom">true</bool>
		<bool id="no_map">true</bool>
	</object>
</game_object>
