<game_object tsid="GA9KL77D1D829Q3" ts="1336606328304" label="Kumida Middles" class_tsid="" lastUpdateTime="1336606321139" upd_gs="gs7" load_time="2012-05-09 16:21:43.563" upd_time="2012-05-09 16:32:06.828">
	<object id="dynamic">
		<int id="l">-2000</int>
		<int id="r">2000</int>
		<int id="t">-1000</int>
		<int id="b">0</int>
		<str id="label">heights_01</str>
		<str id="swf_file">groddle1.swf</str>
		<object id="layers">
			<object id="T_1311732372418">
				<object id="filtersNEW">
					<object id="saturation">
						<int id="value">-5</int>
					</object>
					<object id="brightness">
						<int id="value">-15</int>
					</object>
					<object id="contrast">
						<int id="value">-20</int>
					</object>
				</object>
				<int id="w">4320</int>
				<int id="h">1000</int>
				<int id="z">1</int>
				<str id="name">middleplus</str>
				<object id="decos">
					<object id="tree_coniferous_fg_3_1311803724951">
						<int id="w">872</int>
						<int id="x">4027</int>
						<str id="sprite_class">tree_coniferous_fg_3</str>
						<int id="y">1565</int>
						<int id="h">716</int>
						<int id="z">7</int>
						<str id="name">tree_coniferous_fg_3_1311790920522</str>
					</object>
					<object id="tree_coniferous_fg_4_1311803724949">
						<bool id="h_flip">true</bool>
						<int id="w">920</int>
						<int id="x">2561</int>
						<str id="sprite_class">tree_coniferous_fg_4</str>
						<int id="y">1700</int>
						<int id="h">904</int>
						<int id="z">2</int>
						<str id="name">tree_coniferous_fg_4_1311790920524</str>
					</object>
					<object id="tree_coniferous_fg_4_1311803724948">
						<int id="w">720</int>
						<int id="x">3154</int>
						<str id="sprite_class">tree_coniferous_fg_4</str>
						<int id="y">2124</int>
						<int id="h">1435</int>
						<int id="z">1</int>
						<str id="name">tree_coniferous_fg_4_1311790920524</str>
					</object>
					<object id="tree_coniferous_fg_4_1311790920524">
						<int id="w">720</int>
						<int id="x">2021</int>
						<str id="sprite_class">tree_coniferous_fg_4</str>
						<int id="y">1991</int>
						<int id="h">1435</int>
						<int id="z">3</int>
						<str id="name">tree_coniferous_fg_4_1311790920524</str>
					</object>
					<object id="tree_coniferous_fg_2_1311803724950">
						<int id="w">687</int>
						<int id="x">246</int>
						<str id="sprite_class">tree_coniferous_fg_2</str>
						<int id="y">1780</int>
						<int id="h">961</int>
						<int id="z">6</int>
						<str id="name">tree_coniferous_fg_2_1311790920538</str>
					</object>
					<object id="tree_coniferous_fg_3_1311790920522">
						<int id="w">630</int>
						<int id="x">2954</int>
						<str id="sprite_class">tree_coniferous_fg_3</str>
						<int id="y">1997</int>
						<int id="h">1435</int>
						<int id="z">0</int>
						<str id="name">tree_coniferous_fg_3_1311790920522</str>
					</object>
					<object id="tree_coniferous_fg_2_1311790920539">
						<int id="w">679</int>
						<int id="x">1790</int>
						<str id="sprite_class">tree_coniferous_fg_2</str>
						<int id="y">2161</int>
						<int id="h">1464</int>
						<int id="z">4</int>
						<str id="name">tree_coniferous_fg_2_1311790920538</str>
					</object>
					<object id="tree_coniferous_fg_3_1311803724947">
						<int id="w">630</int>
						<int id="x">518</int>
						<str id="sprite_class">tree_coniferous_fg_3</str>
						<int id="y">2058</int>
						<int id="h">1435</int>
						<int id="z">5</int>
						<str id="name">tree_coniferous_fg_3_1311790920522</str>
					</object>
				</object>
			</object>
			<object id="middleground">
				<object id="signposts">
					<object id="signpost_2">
						<int id="y">-180</int>
						<int id="h">200</int>
						<int id="w">100</int>
						<str id="id">signpost_2</str>
						<int id="x">-1818</int>
						<object id="connects">
							<object id="0">
								<str id="hub_id">97</str>
								<int id="x">1605</int>
								<int id="y">-315</int>
								<str id="swf_file_versioned">http://c2.glitch.bz/locations/groddle1/1335996172.swf</str>
								<str id="mote_id">9</str>
								<objref id="target" tsid="LA9KLCKK1D82V3B" label="Chima Chore"/>
							</object>
							<object id="1">
								<str id="hub_id">97</str>
								<int id="x">2773</int>
								<int id="y">-455</int>
								<str id="swf_file_versioned">http://c2.glitch.bz/locations/groddle1/1335996172.swf,http://c2.glitch.bz/locations/bldg_ext_bhall/1322700824.swf</str>
								<str id="mote_id">9</str>
								<objref id="target" tsid="LA91JUQT2G82GUL" label="Baeli Bray"/>
							</object>
						</object>
					</object>
					<object id="signpost_1">
						<int id="y">-406</int>
						<int id="h">200</int>
						<int id="w">100</int>
						<int id="x">1842</int>
						<object id="connects">
							<object id="0">
								<str id="hub_id">97</str>
								<int id="x">-1085</int>
								<int id="y">-907</int>
								<str id="swf_file_versioned">http://c2.glitch.bz/locations/groddle1/1335996172.swf</str>
								<str id="mote_id">9</str>
								<objref id="target" tsid="LA9KL9UE1D82RFO" label="Odena Odes"/>
							</object>
							<object id="1">
								<str id="hub_id">97</str>
								<int id="x">-2237</int>
								<int id="y">-337</int>
								<str id="swf_file_versioned">http://c2.glitch.bz/locations/groddle1/1335996172.swf</str>
								<str id="mote_id">9</str>
								<objref id="target" tsid="LA9KL81E1D82ABT" label="Bettano Testament"/>
							</object>
							<object id="2">
								<str id="hub_id">97</str>
								<int id="x">1685</int>
								<int id="y">-820</int>
								<str id="swf_file_versioned">http://c2.glitch.bz/locations/groddle1/1335996172.swf</str>
								<str id="mote_id">9</str>
								<objref id="target" tsid="LA93EC9GHI824JT" label="Zaruu Zilch"/>
							</object>
						</object>
					</object>
				</object>
				<object id="decos">
					<object id="heights_face_1_1311790745748">
						<int id="w">842</int>
						<int id="r">-10</int>
						<int id="x">-1667</int>
						<str id="sprite_class">heights_face_1</str>
						<int id="y">12</int>
						<int id="h">576</int>
						<int id="z">14</int>
						<str id="name">heights_face_1_1311790745748</str>
					</object>
					<object id="heights_ladder_2_1311790920403">
						<int id="w">70</int>
						<int id="x">-1295</int>
						<str id="sprite_class">heights_ladder_2</str>
						<int id="y">-452</int>
						<int id="h">87</int>
						<int id="z">48</int>
						<str id="name">heights_ladder_2_1311790920403</str>
					</object>
					<object id="heights_platform_2_1311790920364">
						<int id="w">649</int>
						<int id="r">-8</int>
						<int id="x">-372</int>
						<str id="sprite_class">heights_platform_2</str>
						<int id="y">-49</int>
						<int id="h">220</int>
						<int id="z">53</int>
						<str id="name">heights_platform_2_1311790920364</str>
					</object>
					<object id="stalagmite_base_1_1311790920492">
						<int id="w">191</int>
						<int id="x">1786</int>
						<str id="sprite_class">stalagmite_base_1</str>
						<int id="y">-435</int>
						<int id="h">42</int>
						<int id="z">67</int>
						<str id="name">stalagmite_base_1_1311790920492</str>
					</object>
					<object id="heights_platform_1_1311790920419">
						<int id="w">211</int>
						<int id="r">-3</int>
						<int id="x">-18</int>
						<str id="sprite_class">heights_platform_1</str>
						<int id="y">-118</int>
						<int id="h">181</int>
						<int id="z">57</int>
						<str id="name">heights_platform_1_1311790920418</str>
					</object>
					<object id="heights_mound_3_1311790920389">
						<int id="w">532</int>
						<int id="r">-5</int>
						<int id="x">1935</int>
						<str id="sprite_class">heights_mound_3</str>
						<int id="y">128</int>
						<int id="h">202</int>
						<int id="z">43</int>
						<str id="name">heights_mound_3_1311790920377</str>
					</object>
					<object id="heights_bush_1_1311790920516">
						<int id="w">160</int>
						<int id="x">-1949</int>
						<str id="sprite_class">heights_bush_1</str>
						<int id="y">-185</int>
						<int id="h">94</int>
						<int id="z">86</int>
						<str id="name">heights_bush_1_1311790920488</str>
					</object>
					<object id="heights_ladderbed_1_1311790920401">
						<int id="w">176</int>
						<int id="x">-1294</int>
						<str id="sprite_class">heights_ladderbed_1</str>
						<int id="y">-401</int>
						<int id="h">234</int>
						<int id="z">17</int>
						<str id="name">heights_ladderbed_1_1311790920398</str>
					</object>
					<object id="heights_topper_stone_1_1311790920504">
						<int id="w">120</int>
						<int id="x">-232</int>
						<str id="sprite_class">heights_topper_stone_1</str>
						<int id="y">-258</int>
						<int id="h">32</int>
						<int id="z">75</int>
						<str id="name">heights_topper_stone_1_1311790920504</str>
					</object>
					<object id="heights_topper_2_1311790920411">
						<int id="w">145</int>
						<int id="x">-765</int>
						<str id="sprite_class">heights_topper_2</str>
						<int id="y">-507</int>
						<int id="h">38</int>
						<int id="z">31</int>
						<str id="name">heights_topper_2_1311790920395</str>
					</object>
					<object id="heights_topper_1_1311790920420">
						<bool id="h_flip">true</bool>
						<int id="w">269</int>
						<int id="r">-8</int>
						<int id="x">12</int>
						<str id="sprite_class">heights_topper_1</str>
						<int id="y">-451</int>
						<int id="h">69</int>
						<int id="z">60</int>
						<str id="name">heights_topper_1_1311790920368</str>
					</object>
					<object id="stalagmite_base_2_1311790920545">
						<int id="w">153</int>
						<int id="x">1169</int>
						<str id="sprite_class">stalagmite_base_2</str>
						<int id="y">-134</int>
						<int id="h">32</int>
						<int id="z">70</int>
						<str id="name">stalagmite_base_2_1311790920496</str>
					</object>
					<object id="alakol_cliff_1_1311790920358">
						<bool id="h_flip">true</bool>
						<int id="w">1261</int>
						<int id="x">1526</int>
						<str id="sprite_class">alakol_cliff_1</str>
						<int id="y">-11</int>
						<int id="h">211</int>
						<int id="z">12</int>
						<str id="name">alakol_cliff_1_1311790920357</str>
					</object>
					<object id="heights_bush_2_1311790920491">
						<int id="w">142</int>
						<int id="x">1480</int>
						<str id="sprite_class">heights_bush_2</str>
						<int id="y">-423</int>
						<int id="h">68</int>
						<int id="z">66</int>
						<str id="name">heights_bush_2_1311790920491</str>
					</object>
					<object id="heights_mound_2_1311790920381">
						<int id="w">294</int>
						<int id="r">35</int>
						<int id="x">-15</int>
						<str id="sprite_class">heights_mound_2</str>
						<int id="y">-392</int>
						<int id="h">206</int>
						<int id="z">5</int>
						<str id="name">heights_mound_2_1311790920380</str>
					</object>
					<object id="heights_topper_2_1311790920426">
						<int id="w">130</int>
						<int id="x">-1012</int>
						<str id="sprite_class">heights_topper_2</str>
						<int id="y">-480</int>
						<int id="h">29</int>
						<int id="z">26</int>
						<str id="name">heights_topper_2_1311790920395</str>
					</object>
					<object id="heights_topper_stone_1_1311790920514">
						<bool id="h_flip">true</bool>
						<int id="w">90</int>
						<int id="r">-6</int>
						<int id="x">-1033</int>
						<str id="sprite_class">heights_topper_stone_1</str>
						<int id="y">-186</int>
						<int id="h">24</int>
						<int id="z">78</int>
						<str id="name">heights_topper_stone_1_1311790920504</str>
					</object>
					<object id="heights_topper_1_1311790920431">
						<bool id="h_flip">true</bool>
						<int id="w">228</int>
						<int id="r">-7</int>
						<int id="x">464</int>
						<str id="sprite_class">heights_topper_1</str>
						<int id="y">-349</int>
						<int id="h">59</int>
						<int id="z">64</int>
						<str id="name">heights_topper_1_1311790920368</str>
					</object>
					<object id="heights_face_rock_1_1311790920409">
						<int id="w">240</int>
						<int id="x">-777</int>
						<str id="sprite_class">heights_face_rock_1</str>
						<int id="y">-465</int>
						<int id="h">77</int>
						<int id="z">24</int>
						<str id="name">heights_face_rock_1_1311790920369</str>
					</object>
					<object id="heights_mound_3_1311790920387">
						<int id="w">532</int>
						<int id="x">1215</int>
						<str id="sprite_class">heights_mound_3</str>
						<int id="y">133</int>
						<int id="h">202</int>
						<int id="z">41</int>
						<str id="name">heights_mound_3_1311790920377</str>
					</object>
					<object id="heights_mound_3_1311790920388">
						<int id="w">532</int>
						<int id="r">5</int>
						<int id="x">1580</int>
						<str id="sprite_class">heights_mound_3</str>
						<int id="y">143</int>
						<int id="h">202</int>
						<int id="z">42</int>
						<str id="name">heights_mound_3_1311790920377</str>
					</object>
					<object id="stalagmite_base_1_1311790920544">
						<int id="w">194</int>
						<int id="x">1092</int>
						<str id="sprite_class">stalagmite_base_1</str>
						<int id="y">-145</int>
						<int id="h">43</int>
						<int id="z">68</int>
						<str id="name">stalagmite_base_1_1311790920492</str>
					</object>
					<object id="heights_face_1_1311790920354">
						<int id="w">842</int>
						<int id="r">7</int>
						<int id="x">-1010</int>
						<str id="sprite_class">heights_face_1</str>
						<int id="y">-70</int>
						<int id="h">576</int>
						<int id="z">15</int>
						<str id="name">heights_face_1_1311790745748</str>
					</object>
					<object id="stalagmite_base_2_1311790920496">
						<int id="w">62</int>
						<int id="x">1658</int>
						<str id="sprite_class">stalagmite_base_2</str>
						<int id="y">-440</int>
						<int id="h">13</int>
						<int id="z">74</int>
						<str id="name">stalagmite_base_2_1311790920496</str>
					</object>
					<object id="heights_topper_1_1311790920427">
						<int id="w">269</int>
						<int id="r">12</int>
						<int id="x">110</int>
						<str id="sprite_class">heights_topper_1</str>
						<int id="y">-460</int>
						<int id="h">69</int>
						<int id="z">59</int>
						<str id="name">heights_topper_1_1311790920368</str>
					</object>
					<object id="heights_platform_3_1311790920407">
						<int id="w">236</int>
						<int id="x">-777</int>
						<str id="sprite_class">heights_platform_3</str>
						<int id="y">-15</int>
						<int id="h">205</int>
						<int id="z">55</int>
						<str id="name">heights_platform_3_1311790920407</str>
					</object>
					<object id="heights_mound_3_1311790920383">
						<int id="w">532</int>
						<int id="r">25</int>
						<int id="x">216</int>
						<str id="sprite_class">heights_mound_3</str>
						<int id="y">-388</int>
						<int id="h">202</int>
						<int id="z">6</int>
						<str id="name">heights_mound_3_1311790920377</str>
					</object>
					<object id="heights_face_rock_3_1311790920370">
						<int id="w">374</int>
						<int id="x">-1554</int>
						<str id="sprite_class">heights_face_rock_3</str>
						<int id="y">-412</int>
						<int id="h">139</int>
						<int id="z">33</int>
						<str id="name">heights_face_rock_3_1311790920370</str>
					</object>
					<object id="heights_ladder_2_1311790920404">
						<int id="w">70</int>
						<int id="x">-1297</int>
						<str id="sprite_class">heights_ladder_2</str>
						<int id="y">-284</int>
						<int id="h">87</int>
						<int id="z">51</int>
						<str id="name">heights_ladder_2_1311790920403</str>
					</object>
					<object id="heights_topper_stone_1_1311790920508">
						<int id="w">122</int>
						<int id="r">-1</int>
						<int id="x">-358</int>
						<str id="sprite_class">heights_topper_stone_1</str>
						<int id="y">-245</int>
						<int id="h">24</int>
						<int id="z">80</int>
						<str id="name">heights_topper_stone_1_1311790920504</str>
					</object>
					<object id="heights_bush_1_1311790920488">
						<int id="w">160</int>
						<int id="x">1379</int>
						<str id="sprite_class">heights_bush_1</str>
						<int id="y">-414</int>
						<int id="h">94</int>
						<int id="z">65</int>
						<str id="name">heights_bush_1_1311790920488</str>
					</object>
					<object id="heights_face_rock_1_1311790920430">
						<int id="w">233</int>
						<int id="x">465</int>
						<str id="sprite_class">heights_face_rock_1</str>
						<int id="y">-314</int>
						<int id="h">74</int>
						<int id="z">63</int>
						<str id="name">heights_face_rock_1_1311790920369</str>
					</object>
					<object id="heights_face_1_1311790920356">
						<int id="w">842</int>
						<int id="r">-3</int>
						<int id="x">-278</int>
						<str id="sprite_class">heights_face_1</str>
						<int id="y">77</int>
						<int id="h">576</int>
						<int id="z">18</int>
						<str id="name">heights_face_1_1311790745748</str>
					</object>
					<object id="heights_topper_2_1311790920414">
						<int id="w">227</int>
						<int id="r">1</int>
						<int id="x">-805</int>
						<str id="sprite_class">heights_topper_2</str>
						<int id="y">-178</int>
						<int id="h">39</int>
						<int id="z">52</int>
						<str id="name">heights_topper_2_1311790920395</str>
					</object>
					<object id="alakol_cliff_1_1311790920359">
						<int id="w">1261</int>
						<int id="x">1755</int>
						<str id="sprite_class">alakol_cliff_1</str>
						<int id="y">-197</int>
						<int id="h">211</int>
						<int id="z">13</int>
						<str id="name">alakol_cliff_1_1311790920357</str>
					</object>
					<object id="gravel_1_1311790920511">
						<int id="w">280</int>
						<int id="x">-1471</int>
						<str id="sprite_class">gravel_1</str>
						<int id="y">-148</int>
						<int id="h">51</int>
						<int id="z">84</int>
						<str id="name">gravel_1_1311790920511</str>
					</object>
					<object id="heights_bush_2_1311790920515">
						<int id="w">142</int>
						<int id="r">3</int>
						<int id="x">135</int>
						<str id="sprite_class">heights_bush_2</str>
						<int id="y">-286</int>
						<int id="h">68</int>
						<int id="z">87</int>
						<str id="name">heights_bush_2_1311790920491</str>
					</object>
					<object id="heights_topper_2_1311790920429">
						<int id="w">145</int>
						<int id="x">140</int>
						<str id="sprite_class">heights_topper_2</str>
						<int id="y">-462</int>
						<int id="h">38</int>
						<int id="z">62</int>
						<str id="name">heights_topper_2_1311790920395</str>
					</object>
					<object id="heights_topper_stone_1_1311790920507">
						<int id="w">136</int>
						<int id="r">-4</int>
						<int id="x">-313</int>
						<str id="sprite_class">heights_topper_stone_1</str>
						<int id="y">-208</int>
						<int id="h">33</int>
						<int id="z">82</int>
						<str id="name">heights_topper_stone_1_1311790920504</str>
					</object>
					<object id="gravel_2_1311790920519">
						<bool id="h_flip">true</bool>
						<int id="w">34</int>
						<int id="x">-176</int>
						<str id="sprite_class">gravel_2</str>
						<int id="y">-277</int>
						<int id="h">19</int>
						<int id="z">89</int>
						<str id="name">gravel_2_1311790920510</str>
					</object>
					<object id="heights_face_1_1311790920390">
						<int id="w">842</int>
						<int id="r">-18</int>
						<int id="x">1970</int>
						<str id="sprite_class">heights_face_1</str>
						<int id="y">-137</int>
						<int id="h">576</int>
						<int id="z">2</int>
						<str id="name">heights_face_1_1311790745748</str>
					</object>
					<object id="heights_ladder_1_1311790920406">
						<int id="w">73</int>
						<int id="x">-1306</int>
						<str id="sprite_class">heights_ladder_1</str>
						<int id="y">-208</int>
						<int id="h">79</int>
						<int id="z">50</int>
						<str id="name">heights_ladder_1_1311790920402</str>
					</object>
					<object id="stalagmite_base_2_1311790920546">
						<int id="w">64</int>
						<int id="x">1306</int>
						<str id="sprite_class">stalagmite_base_2</str>
						<int id="y">-131</int>
						<int id="h">13</int>
						<int id="z">71</int>
						<str id="name">stalagmite_base_2_1311790920496</str>
					</object>
					<object id="heights_topper_1_1311790920394">
						<int id="w">269</int>
						<int id="r">7</int>
						<int id="x">-1112</int>
						<str id="sprite_class">heights_topper_1</str>
						<int id="y">-425</int>
						<int id="h">69</int>
						<int id="z">32</int>
						<str id="name">heights_topper_1_1311790920368</str>
					</object>
					<object id="stalagmite_base_3_1311790920494">
						<int id="w">119</int>
						<int id="x">1388</int>
						<str id="sprite_class">stalagmite_base_3</str>
						<int id="y">-356</int>
						<int id="h">25</int>
						<int id="z">72</int>
						<str id="name">stalagmite_base_3_1311790920494</str>
					</object>
					<object id="heights_topper_stone_1_1311790920513">
						<int id="w">120</int>
						<int id="r">-1</int>
						<int id="x">-1113</int>
						<str id="sprite_class">heights_topper_stone_1</str>
						<int id="y">-177</int>
						<int id="h">32</int>
						<int id="z">79</int>
						<str id="name">heights_topper_stone_1_1311790920504</str>
					</object>
					<object id="heights_topper_2_1311790920396">
						<int id="w">145</int>
						<int id="r">1</int>
						<int id="x">-1616</int>
						<str id="sprite_class">heights_topper_2</str>
						<int id="y">-516</int>
						<int id="h">38</int>
						<int id="z">36</int>
						<str id="name">heights_topper_2_1311790920395</str>
					</object>
					<object id="heights_face_rock_2_1311790920416">
						<int id="w">532</int>
						<int id="r">2</int>
						<int id="x">-1922</int>
						<str id="sprite_class">heights_face_rock_2</str>
						<int id="y">-178</int>
						<int id="h">156</int>
						<int id="z">21</int>
						<str id="name">heights_face_rock_2_1311790920375</str>
					</object>
					<object id="wood_platform_1311790920551">
						<bool id="h_flip">true</bool>
						<int id="w">51</int>
						<int id="x">1540</int>
						<str id="sprite_class">wood_platform</str>
						<int id="y">-325</int>
						<int id="h">23</int>
						<int id="z">93</int>
						<str id="name">wood_platform_1311790920550</str>
					</object>
					<object id="gravel_2_1311790920510">
						<bool id="h_flip">true</bool>
						<int id="w">39</int>
						<int id="x">-989</int>
						<str id="sprite_class">gravel_2</str>
						<int id="y">-199</int>
						<int id="h">22</int>
						<int id="z">83</int>
						<str id="name">gravel_2_1311790920510</str>
					</object>
					<object id="heights_topper_2_1311790920424">
						<int id="w">230</int>
						<int id="x">-1075</int>
						<str id="sprite_class">heights_topper_2</str>
						<int id="y">-462</int>
						<int id="h">39</int>
						<int id="z">27</int>
						<str id="name">heights_topper_2_1311790920395</str>
					</object>
					<object id="alakol_cliff_1_1311790920357">
						<bool id="h_flip">true</bool>
						<int id="w">1261</int>
						<int id="x">1513</int>
						<str id="sprite_class">alakol_cliff_1</str>
						<int id="y">27</int>
						<int id="h">211</int>
						<int id="z">22</int>
						<str id="name">alakol_cliff_1_1311790920357</str>
					</object>
					<object id="heights_face_rock_2_1311790920432">
						<int id="w">563</int>
						<int id="r">-5</int>
						<int id="x">-445</int>
						<str id="sprite_class">heights_face_rock_2</str>
						<int id="y">-242</int>
						<int id="h">165</int>
						<int id="z">19</int>
						<str id="name">heights_face_rock_2_1311790920375</str>
					</object>
					<object id="heights_platform_2_1311790920417">
						<bool id="h_flip">true</bool>
						<int id="w">649</int>
						<int id="r">5</int>
						<int id="x">508</int>
						<str id="sprite_class">heights_platform_2</str>
						<int id="y">-51</int>
						<int id="h">220</int>
						<int id="z">54</int>
						<str id="name">heights_platform_2_1311790920364</str>
					</object>
					<object id="heights_face_rock_1_1311790920422">
						<int id="w">266</int>
						<int id="r">-20</int>
						<int id="x">-899</int>
						<str id="sprite_class">heights_face_rock_1</str>
						<int id="y">-419</int>
						<int id="h">85</int>
						<int id="z">25</int>
						<str id="name">heights_face_rock_1_1311790920369</str>
					</object>
					<object id="heights_mound_3_1311790920379">
						<int id="w">532</int>
						<int id="r">20</int>
						<int id="x">-805</int>
						<str id="sprite_class">heights_mound_3</str>
						<int id="y">89</int>
						<int id="h">202</int>
						<int id="z">39</int>
						<str id="name">heights_mound_3_1311790920377</str>
					</object>
					<object id="stalagmite_base_1_1311790920548">
						<int id="w">194</int>
						<int id="r">-5</int>
						<int id="x">52</int>
						<str id="sprite_class">stalagmite_base_1</str>
						<int id="y">-289</int>
						<int id="h">43</int>
						<int id="z">69</int>
						<str id="name">stalagmite_base_1_1311790920492</str>
					</object>
					<object id="heights_topper_stone_1_1311790920506">
						<int id="w">147</int>
						<int id="r">1</int>
						<int id="x">-383</int>
						<str id="sprite_class">heights_topper_stone_1</str>
						<int id="y">-215</int>
						<int id="h">41</int>
						<int id="z">81</int>
						<str id="name">heights_topper_stone_1_1311790920504</str>
					</object>
					<object id="alakol_cliff_1_1311790920362">
						<int id="w">1261</int>
						<int id="r">-1</int>
						<int id="x">1779</int>
						<str id="sprite_class">alakol_cliff_1</str>
						<int id="y">-149</int>
						<int id="h">306</int>
						<int id="z">10</int>
						<str id="name">alakol_cliff_1_1311790920357</str>
					</object>
					<object id="heights_face_rock_3_1311790920421">
						<int id="w">374</int>
						<int id="x">66</int>
						<str id="sprite_class">heights_face_rock_3</str>
						<int id="y">-356</int>
						<int id="h">139</int>
						<int id="z">58</int>
						<str id="name">heights_face_rock_3_1311790920370</str>
					</object>
					<object id="heights_topper_1_1311790920410">
						<int id="w">245</int>
						<int id="r">7</int>
						<int id="x">-780</int>
						<str id="sprite_class">heights_topper_1</str>
						<int id="y">-498</int>
						<int id="h">63</int>
						<int id="z">29</int>
						<str id="name">heights_topper_1_1311790920368</str>
					</object>
					<object id="heights_ladder_1_1311790920402">
						<int id="w">73</int>
						<int id="x">-1302</int>
						<str id="sprite_class">heights_ladder_1</str>
						<int id="y">-537</int>
						<int id="h">79</int>
						<int id="z">47</int>
						<str id="name">heights_ladder_1_1311790920402</str>
					</object>
					<object id="heights_topper_stone_1_1311790920505">
						<int id="w">120</int>
						<int id="r">1</int>
						<int id="x">-454</int>
						<str id="sprite_class">heights_topper_stone_1</str>
						<int id="y">-232</int>
						<int id="h">32</int>
						<int id="z">76</int>
						<str id="name">heights_topper_stone_1_1311790920504</str>
					</object>
					<object id="gravel_2_1311790920518">
						<int id="w">67</int>
						<int id="x">82</int>
						<str id="sprite_class">gravel_2</str>
						<int id="y">-284</int>
						<int id="h">38</int>
						<int id="z">88</int>
						<str id="name">gravel_2_1311790920510</str>
					</object>
					<object id="heights_mound_3_1311790920386">
						<int id="w">532</int>
						<int id="r">-15</int>
						<int id="x">1075</int>
						<str id="sprite_class">heights_mound_3</str>
						<int id="y">-167</int>
						<int id="h">202</int>
						<int id="z">4</int>
						<str id="name">heights_mound_3_1311790920377</str>
					</object>
					<object id="heights_moss_2_1312332949528">
						<int id="w">199</int>
						<int id="x">87</int>
						<str id="sprite_class">heights_moss_2</str>
						<int id="y">-495</int>
						<int id="h">44</int>
						<int id="z">94</int>
						<str id="name">heights_moss_2_1312332949528</str>
					</object>
					<object id="heights_face_rock_1_1311790920369">
						<int id="w">266</int>
						<int id="x">-1110</int>
						<str id="sprite_class">heights_face_rock_1</str>
						<int id="y">-387</int>
						<int id="h">85</int>
						<int id="z">23</int>
						<str id="name">heights_face_rock_1_1311790920369</str>
					</object>
					<object id="heights_face_rock_2_1311790920413">
						<int id="w">730</int>
						<int id="r">-2</int>
						<int id="x">-855</int>
						<str id="sprite_class">heights_face_rock_2</str>
						<int id="y">-193</int>
						<int id="h">214</int>
						<int id="z">20</int>
						<str id="name">heights_face_rock_2_1311790920375</str>
					</object>
					<object id="heights_mound_2_1311790920380">
						<int id="w">294</int>
						<int id="r">35</int>
						<int id="x">-1374</int>
						<str id="sprite_class">heights_mound_2</str>
						<int id="y">-481</int>
						<int id="h">206</int>
						<int id="z">7</int>
						<str id="name">heights_mound_2_1311790920380</str>
					</object>
					<object id="heights_mound_3_1311790920384">
						<int id="w">532</int>
						<int id="r">20</int>
						<int id="x">824</int>
						<str id="sprite_class">heights_mound_3</str>
						<int id="y">83</int>
						<int id="h">202</int>
						<int id="z">40</int>
						<str id="name">heights_mound_3_1311790920377</str>
					</object>
					<object id="wood_platform_1311790920550">
						<int id="w">51</int>
						<int id="x">1523</int>
						<str id="sprite_class">wood_platform</str>
						<int id="y">-297</int>
						<int id="h">23</int>
						<int id="z">92</int>
						<str id="name">wood_platform_1311790920550</str>
					</object>
					<object id="alakol_cliff_2_1311790920360">
						<bool id="h_flip">true</bool>
						<int id="w">893</int>
						<int id="x">1150</int>
						<str id="sprite_class">alakol_cliff_2</str>
						<int id="y">-4</int>
						<int id="h">248</int>
						<int id="z">11</int>
						<str id="name">alakol_cliff_2_1311790920360</str>
					</object>
					<object id="heights_ladderbed_1_1311790920400">
						<int id="w">176</int>
						<int id="x">-1299</int>
						<str id="sprite_class">heights_ladderbed_1</str>
						<int id="y">-200</int>
						<int id="h">214</int>
						<int id="z">16</int>
						<str id="name">heights_ladderbed_1_1311790920398</str>
					</object>
					<object id="heights_platform_1_1311790920418">
						<int id="w">211</int>
						<int id="r">3</int>
						<int id="x">139</int>
						<str id="sprite_class">heights_platform_1</str>
						<int id="y">-113</int>
						<int id="h">181</int>
						<int id="z">56</int>
						<str id="name">heights_platform_1_1311790920418</str>
					</object>
					<object id="heights_mound_2_1311790920385">
						<int id="w">294</int>
						<int id="r">5</int>
						<int id="x">735</int>
						<str id="sprite_class">heights_mound_2</str>
						<int id="y">-82</int>
						<int id="h">206</int>
						<int id="z">9</int>
						<str id="name">heights_mound_2_1311790920380</str>
					</object>
					<object id="heights_platform_2_1311790920393">
						<int id="w">649</int>
						<int id="r">-2</int>
						<int id="x">-1710</int>
						<str id="sprite_class">heights_platform_2</str>
						<int id="y">14</int>
						<int id="h">220</int>
						<int id="z">44</int>
						<str id="name">heights_platform_2_1311790920364</str>
					</object>
					<object id="heights_bush_1_1311790920542">
						<int id="w">160</int>
						<int id="x">1957</int>
						<str id="sprite_class">heights_bush_1</str>
						<int id="y">-194</int>
						<int id="h">94</int>
						<int id="z">90</int>
						<str id="name">heights_bush_1_1311790920488</str>
					</object>
					<object id="heights_topper_1_1311790920423">
						<int id="w">245</int>
						<int id="r">-13</int>
						<int id="x">-910</int>
						<str id="sprite_class">heights_topper_1</str>
						<int id="y">-463</int>
						<int id="h">63</int>
						<int id="z">30</int>
						<str id="name">heights_topper_1_1311790920368</str>
					</object>
					<object id="stalagmite_base_3_1311790920543">
						<int id="w">167</int>
						<int id="r">-2</int>
						<int id="x">957</int>
						<str id="sprite_class">stalagmite_base_3</str>
						<int id="y">-238</int>
						<int id="h">34</int>
						<int id="z">73</int>
						<str id="name">stalagmite_base_3_1311790920494</str>
					</object>
					<object id="heights_mound_3_1311790920378">
						<int id="w">532</int>
						<int id="r">10</int>
						<int id="x">-1113</int>
						<str id="sprite_class">heights_mound_3</str>
						<int id="y">47</int>
						<int id="h">202</int>
						<int id="z">38</int>
						<str id="name">heights_mound_3_1311790920377</str>
					</object>
					<object id="heights_face_1_1311790920367">
						<int id="w">842</int>
						<int id="r">7</int>
						<int id="x">275</int>
						<str id="sprite_class">heights_face_1</str>
						<int id="y">87</int>
						<int id="h">576</int>
						<int id="z">8</int>
						<str id="name">heights_face_1_1311790745748</str>
					</object>
					<object id="heights_mound_3_1311790920377">
						<int id="w">532</int>
						<int id="x">-1441</int>
						<str id="sprite_class">heights_mound_3</str>
						<int id="y">18</int>
						<int id="h">202</int>
						<int id="z">37</int>
						<str id="name">heights_mound_3_1311790920377</str>
					</object>
					<object id="heights_topper_1_1311790920371">
						<int id="w">269</int>
						<int id="r">9</int>
						<int id="x">-1508</int>
						<str id="sprite_class">heights_topper_1</str>
						<int id="y">-508</int>
						<int id="h">69</int>
						<int id="z">35</int>
						<str id="name">heights_topper_1_1311790920368</str>
					</object>
					<object id="heights_bush_1_1311790920517">
						<bool id="h_flip">true</bool>
						<int id="w">164</int>
						<int id="x">-1891</int>
						<str id="sprite_class">heights_bush_1</str>
						<int id="y">-191</int>
						<int id="h">73</int>
						<int id="z">85</int>
						<str id="name">heights_bush_1_1311790920488</str>
					</object>
					<object id="heights_topper_1_1311790920425">
						<int id="w">245</int>
						<int id="r">-8</int>
						<int id="x">-896</int>
						<str id="sprite_class">heights_topper_1</str>
						<int id="y">-489</int>
						<int id="h">63</int>
						<int id="z">28</int>
						<str id="name">heights_topper_1_1311790920368</str>
					</object>
					<object id="heights_face_rock_2_1311790920433">
						<int id="w">649</int>
						<int id="r">-2</int>
						<int id="x">1798</int>
						<str id="sprite_class">heights_face_rock_2</str>
						<int id="y">-435</int>
						<int id="h">190</int>
						<int id="z">3</int>
						<str id="name">heights_face_rock_2_1311790920375</str>
					</object>
					<object id="heights_topper_2_1311790920428">
						<int id="w">145</int>
						<int id="r">5</int>
						<int id="x">-16</int>
						<str id="sprite_class">heights_topper_2</str>
						<int id="y">-462</int>
						<int id="h">38</int>
						<int id="z">61</int>
						<str id="name">heights_topper_2_1311790920395</str>
					</object>
					<object id="heights_platform_4_1311790920397">
						<int id="w">619</int>
						<int id="x">-1181</int>
						<str id="sprite_class">heights_platform_4</str>
						<int id="y">54</int>
						<int id="h">261</int>
						<int id="z">46</int>
						<str id="name">heights_platform_4_1311790920397</str>
					</object>
					<object id="heights_topper_stone_1_1311790920512">
						<int id="w">120</int>
						<int id="r">1</int>
						<int id="x">-896</int>
						<str id="sprite_class">heights_topper_stone_1</str>
						<int id="y">-134</int>
						<int id="h">32</int>
						<int id="z">77</int>
						<str id="name">heights_topper_stone_1_1311790920504</str>
					</object>
					<object id="heights_topper_1_1311790920368">
						<int id="w">269</int>
						<int id="x">-1607</int>
						<str id="sprite_class">heights_topper_1</str>
						<int id="y">-520</int>
						<int id="h">69</int>
						<int id="z">34</int>
						<str id="name">heights_topper_1_1311790920368</str>
					</object>
					<object id="heights_mound_2_1311790920392">
						<int id="w">294</int>
						<int id="r">-35</int>
						<int id="x">1313</int>
						<str id="sprite_class">heights_mound_2</str>
						<int id="y">-307</int>
						<int id="h">206</int>
						<int id="z">0</int>
						<str id="name">heights_mound_2_1311790920380</str>
					</object>
					<object id="heights_ladder_1_1311790920405">
						<int id="w">73</int>
						<int id="x">-1304</int>
						<str id="sprite_class">heights_ladder_1</str>
						<int id="y">-369</int>
						<int id="h">79</int>
						<int id="z">49</int>
						<str id="name">heights_ladder_1_1311790920402</str>
					</object>
					<object id="heights_mound_3_1311790920391">
						<int id="w">532</int>
						<int id="x">1520</int>
						<str id="sprite_class">heights_mound_3</str>
						<int id="y">-391</int>
						<int id="h">202</int>
						<int id="z">1</int>
						<str id="name">heights_mound_3_1311790920377</str>
					</object>
					<object id="trunk_ladder_1_1311790920549">
						<int id="w">75</int>
						<int id="x">1531</int>
						<str id="sprite_class">trunk_ladder_1</str>
						<int id="y">-209</int>
						<int id="h">86</int>
						<int id="z">91</int>
						<str id="name">trunk_ladder_1_1311790920549</str>
					</object>
					<object id="heights_topper_2_1311790920395">
						<int id="w">145</int>
						<int id="x">-1092</int>
						<str id="sprite_class">heights_topper_2</str>
						<int id="y">-436</int>
						<int id="h">38</int>
						<int id="z">45</int>
						<str id="name">heights_topper_2_1311790920395</str>
					</object>
				</object>
				<object id="doors">
				</object>
				<object id="platform_lines">
					<object id="plat_1311790920529">
						<object id="end">
							<int id="y">-159</int>
							<int id="x">1720</int>
						</object>
						<int id="platform_pc_perm">-1</int>
						<int id="platform_item_perm">-1</int>
						<object id="start">
							<int id="y">-180</int>
							<int id="x">1567</int>
						</object>
					</object>
					<object id="plat_1311790920462">
						<object id="end">
							<int id="y">-243</int>
							<int id="x">335</int>
						</object>
						<int id="platform_pc_perm">-1</int>
						<int id="platform_item_perm">-1</int>
						<object id="start">
							<int id="y">-264</int>
							<int id="x">129</int>
						</object>
					</object>
					<object id="plat_1311790920531">
						<object id="end">
							<int id="y">-370</int>
							<int id="x">1229</int>
						</object>
						<int id="platform_pc_perm">-1</int>
						<int id="platform_item_perm">-1</int>
						<object id="start">
							<int id="y">-358</int>
							<int id="x">1185</int>
						</object>
					</object>
					<object id="plat_1311790920444">
						<object id="end">
							<int id="y">-536</int>
							<int id="x">-678</int>
						</object>
						<int id="platform_pc_perm">-1</int>
						<int id="platform_item_perm">-1</int>
						<object id="start">
							<int id="y">-542</int>
							<int id="x">-822</int>
						</object>
					</object>
					<object id="plat_1311790920446">
						<object id="end">
							<int id="y">-490</int>
							<int id="x">61</int>
						</object>
						<int id="platform_pc_perm">-1</int>
						<int id="platform_item_perm">-1</int>
						<object id="start">
							<int id="y">-495</int>
							<int id="x">-74</int>
						</object>
					</object>
					<object id="plat_1311790920436">
						<object id="end">
							<int id="y">-557</int>
							<int id="x">-1473</int>
						</object>
						<int id="platform_pc_perm">-1</int>
						<int id="platform_item_perm">-1</int>
						<object id="start">
							<int id="y">-542</int>
							<int id="x">-1643</int>
						</object>
					</object>
					<object id="plat_1311790920447">
						<object id="end">
							<int id="y">-492</int>
							<int id="x">226</int>
						</object>
						<int id="platform_pc_perm">-1</int>
						<int id="platform_item_perm">-1</int>
						<object id="start">
							<int id="y">-490</int>
							<int id="x">61</int>
						</object>
					</object>
					<object id="plat_1311790920434">
						<object id="end">
							<int id="y">-552</int>
							<int id="x">-1700</int>
						</object>
						<int id="platform_pc_perm">-1</int>
						<int id="platform_item_perm">-1</int>
						<object id="start">
							<int id="y">-549</int>
							<int id="x">-1729</int>
						</object>
					</object>
					<object id="plat_1311790920455">
						<object id="end">
							<int id="y">-161</int>
							<int id="x">-870</int>
						</object>
						<int id="platform_pc_perm">-1</int>
						<int id="platform_item_perm">-1</int>
						<object id="start">
							<int id="y">-153</int>
							<int id="x">-1191</int>
						</object>
					</object>
					<object id="plat_1311790920558">
						<object id="end">
							<int id="y">-180</int>
							<int id="x">1567</int>
						</object>
						<int id="platform_pc_perm">-1</int>
						<int id="platform_item_perm">-1</int>
						<object id="start">
							<int id="y">-181</int>
							<int id="x">1450</int>
						</object>
					</object>
					<object id="plat_1311790920459">
						<object id="end">
							<int id="y">-236</int>
							<int id="x">-273</int>
						</object>
						<int id="platform_pc_perm">-1</int>
						<int id="platform_item_perm">-1</int>
						<object id="start">
							<int id="y">-215</int>
							<int id="x">-456</int>
						</object>
					</object>
					<object id="plat_1311790920463">
						<object id="end">
							<int id="y">-216</int>
							<int id="x">779</int>
						</object>
						<int id="platform_pc_perm">-1</int>
						<int id="platform_item_perm">-1</int>
						<object id="start">
							<int id="y">-243</int>
							<int id="x">335</int>
						</object>
					</object>
					<object id="plat_1311790920437">
						<object id="end">
							<int id="y">-545</int>
							<int id="x">-1391</int>
						</object>
						<int id="platform_pc_perm">-1</int>
						<int id="platform_item_perm">-1</int>
						<object id="start">
							<int id="y">-557</int>
							<int id="x">-1473</int>
						</object>
					</object>
					<object id="plat_1311790920443">
						<object id="end">
							<int id="y">-542</int>
							<int id="x">-822</int>
						</object>
						<int id="platform_pc_perm">-1</int>
						<int id="platform_item_perm">-1</int>
						<object id="start">
							<int id="y">-524</int>
							<int id="x">-885</int>
						</object>
					</object>
					<object id="plat_1311790920452">
						<object id="end">
							<int id="y">-156</int>
							<int id="x">-1614</int>
						</object>
						<int id="platform_pc_perm">-1</int>
						<int id="platform_item_perm">-1</int>
						<object id="start">
							<int id="y">-161</int>
							<int id="x">-1821</int>
						</object>
					</object>
					<object id="plat_1311790920442">
						<object id="end">
							<int id="y">-524</int>
							<int id="x">-885</int>
						</object>
						<int id="platform_pc_perm">-1</int>
						<int id="platform_item_perm">-1</int>
						<object id="start">
							<int id="y">-475</int>
							<int id="x">-982</int>
						</object>
					</object>
					<object id="plat_1311790920449">
						<object id="end">
							<int id="y">-386</int>
							<int id="x">562</int>
						</object>
						<int id="platform_pc_perm">-1</int>
						<int id="platform_item_perm">-1</int>
						<object id="start">
							<int id="y">-391</int>
							<int id="x">441</int>
						</object>
					</object>
					<object id="plat_1311790920527">
						<object id="end">
							<int id="y">-170</int>
							<int id="x">1233</int>
						</object>
						<int id="platform_pc_perm">-1</int>
						<int id="platform_item_perm">-1</int>
						<object id="start">
							<int id="y">-225</int>
							<int id="x">1098</int>
						</object>
					</object>
					<object id="plat_1311790920458">
						<object id="end">
							<int id="y">-215</int>
							<int id="x">-456</int>
						</object>
						<int id="platform_pc_perm">-1</int>
						<int id="platform_item_perm">-1</int>
						<object id="start">
							<int id="y">-203</int>
							<int id="x">-614</int>
						</object>
					</object>
					<object id="plat_1311790920530">
						<object id="end">
							<int id="y">-150</int>
							<int id="x">1999</int>
						</object>
						<int id="platform_pc_perm">-1</int>
						<int id="platform_item_perm">-1</int>
						<object id="start">
							<int id="y">-159</int>
							<int id="x">1709</int>
						</object>
					</object>
					<object id="plat_1311790920554">
						<object id="end">
							<int id="y">-378</int>
							<int id="x">1500</int>
						</object>
						<int id="platform_pc_perm">-1</int>
						<int id="platform_item_perm">-1</int>
						<object id="start">
							<int id="y">-392</int>
							<int id="x">1422</int>
						</object>
					</object>
					<object id="plat_1311790920454">
						<object id="end">
							<int id="y">-153</int>
							<int id="x">-1191</int>
						</object>
						<int id="platform_pc_perm">-1</int>
						<int id="platform_item_perm">-1</int>
						<object id="start">
							<int id="y">-174</int>
							<int id="x">-1472</int>
						</object>
					</object>
					<object id="plat_1311790920525">
						<object id="end">
							<int id="y">-225</int>
							<int id="x">1098</int>
						</object>
						<int id="platform_pc_perm">-1</int>
						<int id="platform_item_perm">-1</int>
						<object id="start">
							<int id="y">-216</int>
							<int id="x">779</int>
						</object>
					</object>
					<object id="plat_1311790920438">
						<object id="end">
							<int id="y">-474</int>
							<int id="x">-1198</int>
						</object>
						<int id="platform_pc_perm">-1</int>
						<int id="platform_item_perm">-1</int>
						<object id="start">
							<int id="y">-470</int>
							<int id="x">-1235</int>
						</object>
					</object>
					<object id="plat_1311790920440">
						<object id="end">
							<int id="y">-460</int>
							<int id="x">-1103</int>
						</object>
						<int id="platform_pc_perm">-1</int>
						<int id="platform_item_perm">-1</int>
						<object id="start">
							<int id="y">-474</int>
							<int id="x">-1198</int>
						</object>
					</object>
					<object id="plat_1311790920537">
						<object id="end">
							<int id="y">-395</int>
							<int id="x">1999</int>
						</object>
						<int id="platform_pc_perm">-1</int>
						<int id="platform_item_perm">-1</int>
						<object id="start">
							<int id="y">-381</int>
							<int id="x">1581</int>
						</object>
					</object>
					<object id="plat_1311790920556">
						<object id="end">
							<int id="y">-381</int>
							<int id="x">1581</int>
						</object>
						<int id="platform_pc_perm">-1</int>
						<int id="platform_item_perm">-1</int>
						<object id="start">
							<int id="y">-378</int>
							<int id="x">1500</int>
						</object>
					</object>
					<object id="plat_1311790920533">
						<object id="end">
							<int id="y">-392</int>
							<int id="x">1422</int>
						</object>
						<int id="platform_pc_perm">-1</int>
						<int id="platform_item_perm">-1</int>
						<object id="start">
							<int id="y">-394</int>
							<int id="x">1350</int>
						</object>
					</object>
					<object id="plat_1311790920448">
						<object id="end">
							<int id="y">-391</int>
							<int id="x">441</int>
						</object>
						<int id="platform_pc_perm">-1</int>
						<int id="platform_item_perm">-1</int>
						<object id="start">
							<int id="y">-384</int>
							<int id="x">371</int>
						</object>
					</object>
					<object id="plat_1311790920451">
						<object id="end">
							<int id="y">-161</int>
							<int id="x">-1821</int>
						</object>
						<int id="platform_pc_perm">-1</int>
						<int id="platform_item_perm">-1</int>
						<object id="start">
							<int id="y">-157</int>
							<int id="x">-1999</int>
						</object>
					</object>
					<object id="plat_1311790920461">
						<object id="end">
							<int id="y">-264</int>
							<int id="x">129</int>
						</object>
						<int id="platform_pc_perm">-1</int>
						<int id="platform_item_perm">-1</int>
						<object id="start">
							<int id="y">-266</int>
							<int id="x">-114</int>
						</object>
					</object>
					<object id="plat_1311790920457">
						<object id="end">
							<int id="y">-203</int>
							<int id="x">-614</int>
						</object>
						<int id="platform_pc_perm">-1</int>
						<int id="platform_item_perm">-1</int>
						<object id="start">
							<int id="y">-192</int>
							<int id="x">-771</int>
						</object>
					</object>
					<object id="plat_1311790920460">
						<object id="end">
							<int id="y">-266</int>
							<int id="x">-114</int>
						</object>
						<int id="platform_pc_perm">-1</int>
						<int id="platform_item_perm">-1</int>
						<object id="start">
							<int id="y">-236</int>
							<int id="x">-273</int>
						</object>
					</object>
					<object id="plat_1311790920528">
						<object id="end">
							<int id="y">-181</int>
							<int id="x">1450</int>
						</object>
						<int id="platform_pc_perm">-1</int>
						<int id="platform_item_perm">-1</int>
						<object id="start">
							<int id="y">-170</int>
							<int id="x">1233</int>
						</object>
					</object>
					<object id="plat_1311790920435">
						<object id="end">
							<int id="y">-542</int>
							<int id="x">-1643</int>
						</object>
						<int id="platform_pc_perm">-1</int>
						<int id="platform_item_perm">-1</int>
						<object id="start">
							<int id="y">-552</int>
							<int id="x">-1700</int>
						</object>
					</object>
					<object id="plat_1311790920453">
						<object id="end">
							<int id="y">-174</int>
							<int id="x">-1472</int>
						</object>
						<int id="platform_pc_perm">-1</int>
						<int id="platform_item_perm">-1</int>
						<object id="start">
							<int id="y">-156</int>
							<int id="x">-1614</int>
						</object>
					</object>
					<object id="plat_1311790920441">
						<object id="end">
							<int id="y">-475</int>
							<int id="x">-982</int>
						</object>
						<int id="platform_pc_perm">-1</int>
						<int id="platform_item_perm">-1</int>
						<object id="start">
							<int id="y">-460</int>
							<int id="x">-1103</int>
						</object>
					</object>
					<object id="plat_1311790920532">
						<object id="end">
							<int id="y">-394</int>
							<int id="x">1350</int>
						</object>
						<int id="platform_pc_perm">-1</int>
						<int id="platform_item_perm">-1</int>
						<object id="start">
							<int id="y">-370</int>
							<int id="x">1229</int>
						</object>
					</object>
					<object id="plat_1311790920445">
						<object id="end">
							<int id="y">-495</int>
							<int id="x">-74</int>
						</object>
						<int id="platform_pc_perm">-1</int>
						<int id="platform_item_perm">-1</int>
						<object id="start">
							<int id="y">-489</int>
							<int id="x">-107</int>
						</object>
					</object>
					<object id="plat_1311790920456">
						<object id="end">
							<int id="y">-192</int>
							<int id="x">-771</int>
						</object>
						<int id="platform_pc_perm">-1</int>
						<int id="platform_item_perm">-1</int>
						<object id="start">
							<int id="y">-161</int>
							<int id="x">-870</int>
						</object>
					</object>
				</object>
				<int id="w">4000</int>
				<object id="ladders">
					<object id="ladder_1311790920450">
						<int id="y">-203</int>
						<int id="w">50</int>
						<int id="h">408</int>
						<int id="x">-1296</int>
					</object>
					<object id="ladder_1311790920552">
						<int id="y">-201</int>
						<int id="w">50</int>
						<int id="h">185</int>
						<int id="x">1530</int>
					</object>
				</object>
				<str id="name">middleground</str>
				<object id="walls">
				</object>
				<object id="filtersNEW">
					<object id="saturation">
						<int id="value">-5</int>
					</object>
					<object id="tintAmount">
						<int id="value">0</int>
					</object>
					<object id="contrast">
						<int id="value">-20</int>
					</object>
					<object id="brightness">
						<int id="value">-15</int>
					</object>
					<object id="tintColor">
						<int id="value">0</int>
					</object>
				</object>
				<int id="h">1000</int>
				<int id="z">0</int>
				<object id="targets">
				</object>
				<object id="boxes">
				</object>
			</object>
			<object id="T_1311790920469">
				<object id="filtersNEW">
					<object id="saturation">
						<int id="value">-20</int>
					</object>
					<object id="brightness">
						<int id="value">15</int>
					</object>
					<object id="contrast">
						<int id="value">-30</int>
					</object>
				</object>
				<int id="w">3320</int>
				<int id="h">960</int>
				<int id="z">-3</int>
				<str id="name">sky</str>
				<object id="decos">
					<object id="mountain_blue_1_1311790920472">
						<int id="w">1127</int>
						<int id="x">191</int>
						<str id="sprite_class">mountain_blue_1</str>
						<int id="y">625</int>
						<int id="h">321</int>
						<int id="z">3</int>
						<str id="name">mountain_blue_1_1311790920471</str>
					</object>
					<object id="mountain_blue_1_1311790920482">
						<int id="w">1166</int>
						<int id="r">-2</int>
						<int id="x">2719</int>
						<str id="sprite_class">mountain_blue_1</str>
						<int id="y">595</int>
						<int id="h">489</int>
						<int id="z">0</int>
						<str id="name">mountain_blue_1_1311790920471</str>
					</object>
					<object id="mountain_trees_darker_1_1311790920474">
						<int id="w">1859</int>
						<int id="r">-5</int>
						<int id="x">973</int>
						<str id="sprite_class">mountain_trees_darker_1</str>
						<int id="y">833</int>
						<int id="h">490</int>
						<int id="z">2</int>
						<str id="name">mountain_trees_darker_1_1311790920467</str>
					</object>
					<object id="mountain_trees_darker_1_1311790920473">
						<int id="w">1726</int>
						<int id="r">-2</int>
						<int id="x">2013</int>
						<str id="sprite_class">mountain_trees_darker_1</str>
						<int id="y">830</int>
						<int id="h">574</int>
						<int id="z">1</int>
						<str id="name">mountain_trees_darker_1_1311790920467</str>
					</object>
				</object>
			</object>
			<object id="T_1309388549234">
				<object id="filtersNEW">
					<object id="saturation">
						<int id="value">-35</int>
					</object>
					<object id="brightness">
						<int id="value">5</int>
					</object>
					<object id="contrast">
						<int id="value">-40</int>
					</object>
				</object>
				<int id="w">3480</int>
				<int id="h">970</int>
				<int id="z">-2</int>
				<str id="name">bg_1</str>
				<object id="decos">
					<object id="pinehills_2_1311790920484">
						<int id="w">878</int>
						<int id="r">-5</int>
						<int id="x">1471</int>
						<str id="sprite_class">pinehills_2</str>
						<int id="y">789</int>
						<int id="h">265</int>
						<int id="z">8</int>
						<str id="name">pinehills_2_1311790920475</str>
					</object>
					<object id="cliff_cover_5_1311790920477">
						<int id="w">743</int>
						<int id="r">-5</int>
						<int id="x">2787</int>
						<str id="sprite_class">cliff_cover_5</str>
						<int id="y">695</int>
						<int id="h">323</int>
						<int id="z">3</int>
						<str id="name">cliff_cover_5_1311790920477</str>
					</object>
					<object id="pinehills_2_1311790920475">
						<int id="w">878</int>
						<int id="x">2321</int>
						<str id="sprite_class">pinehills_2</str>
						<int id="y">804</int>
						<int id="h">265</int>
						<int id="z">4</int>
						<str id="name">pinehills_2_1311790920475</str>
					</object>
					<object id="pinehills_2_1311790920480">
						<int id="w">878</int>
						<int id="x">2626</int>
						<str id="sprite_class">pinehills_2</str>
						<int id="y">846</int>
						<int id="h">265</int>
						<int id="z">7</int>
						<str id="name">pinehills_2_1311790920475</str>
					</object>
					<object id="cliff_cover_5_1311790920478">
						<int id="w">783</int>
						<int id="r">-10</int>
						<int id="x">3054</int>
						<str id="sprite_class">cliff_cover_5</str>
						<int id="y">555</int>
						<int id="h">341</int>
						<int id="z">2</int>
						<str id="name">cliff_cover_5_1311790920478</str>
					</object>
					<object id="pinehills_2_1311790920481">
						<int id="w">878</int>
						<int id="x">2555</int>
						<str id="sprite_class">pinehills_2</str>
						<int id="y">768</int>
						<int id="h">265</int>
						<int id="z">1</int>
						<str id="name">pinehills_2_1311790920475</str>
					</object>
					<object id="cliff_cover_5_1311790920485">
						<int id="w">851</int>
						<int id="r">-20</int>
						<int id="x">3374</int>
						<str id="sprite_class">cliff_cover_5</str>
						<int id="y">346</int>
						<int id="h">371</int>
						<int id="z">0</int>
						<str id="name">cliff_cover_5_1311790920478</str>
					</object>
					<object id="pinehills_2_1311790920483">
						<int id="w">878</int>
						<int id="r">5</int>
						<int id="x">1853</int>
						<str id="sprite_class">pinehills_2</str>
						<int id="y">797</int>
						<int id="h">265</int>
						<int id="z">5</int>
						<str id="name">pinehills_2_1311790920475</str>
					</object>
				</object>
			</object>
		</object>
		<null id="img_file_versioned"/>
		<str id="swf_file_versioned">http://c2.glitch.bz/locations/groddle1/1335996172.swf</str>
		<null id="physics"/>
		<str id="tsid">LA9KL77D1D829Q3</str>
		<null id="loading_label"/>
		<int id="ground_y">-312</int>
		<int id="rookable_type">0</int>
		<object id="gradient">
			<str id="top">8FC9FF</str>
			<str id="bottom">FFE159</str>
		</object>
		<object id="sources">
			<int id="LA9KL9UE1D82RFO">1</int>
			<int id="LA9KL81E1D82ABT">1</int>
			<int id="LA93EC9GHI824JT">1</int>
			<int id="LA9KLCKK1D82V3B">1</int>
			<int id="LA91JUQT2G82GUL">1</int>
		</object>
		<null id="music_file"/>
	</object>
</game_object>
