<game_object tsid="GA9KLCKK1D82V3B" ts="1336606331265" label="Heights_03" class_tsid="" lastUpdateTime="1336606321139" upd_gs="gs7" load_time="2012-05-09 16:21:43.619" upd_time="2012-05-09 16:32:06.828">
	<object id="dynamic">
		<int id="l">-2000</int>
		<int id="r">2000</int>
		<int id="t">-1000</int>
		<int id="b">0</int>
		<str id="label">Heights_03</str>
		<str id="swf_file">groddle1.swf</str>
		<object id="layers">
			<object id="T_1311998014797">
				<int id="z">-1</int>
				<str id="name">bg1</str>
				<int id="h">1000</int>
				<object id="filtersNEW">
					<object id="saturation">
						<int id="value">-31</int>
					</object>
					<object id="brightness">
						<int id="value">2</int>
					</object>
					<object id="contrast">
						<int id="value">-10</int>
					</object>
				</object>
				<object id="decos">
					<object id="alakol_cliff_1_1311998014829">
						<int id="z">0</int>
						<int id="x">3436</int>
						<int id="y">693</int>
						<bool id="h_flip">true</bool>
						<str id="name">alakol_cliff_1_1311998014799</str>
						<int id="h">107</int>
						<str id="sprite_class">alakol_cliff_1</str>
						<int id="w">633</int>
					</object>
					<object id="tree_base_root_3_1311998014804">
						<int id="z">8</int>
						<int id="x">659</int>
						<int id="y">632</int>
						<str id="name">tree_base_root_3_1311998014804</str>
						<int id="h">26</int>
						<str id="sprite_class">tree_base_root_3</str>
						<int id="w">44</int>
					</object>
					<object id="alakol_cliff_1_1311998014799">
						<int id="z">2</int>
						<int id="r">3</int>
						<int id="x">689</int>
						<int id="y">715</int>
						<str id="name">alakol_cliff_1_1311998014799</str>
						<int id="h">107</int>
						<str id="sprite_class">alakol_cliff_1</str>
						<int id="w">633</int>
					</object>
					<object id="heights_bush_2_1311998014854">
						<int id="z">23</int>
						<int id="r">-3</int>
						<int id="x">3368</int>
						<int id="y">595</int>
						<bool id="h_flip">true</bool>
						<str id="name">heights_bush_2_1311998014852</str>
						<int id="h">50</int>
						<str id="sprite_class">heights_bush_2</str>
						<int id="w">104</int>
					</object>
					<object id="tree_coniferous_fg_2_1311998014850">
						<int id="z">25</int>
						<int id="x">3460</int>
						<int id="y">644</int>
						<str id="name">tree_coniferous_fg_2_1311998014850</str>
						<int id="h">985</int>
						<str id="sprite_class">tree_coniferous_fg_2</str>
						<int id="w">391</int>
					</object>
					<object id="heights_moss_1_1311998014840">
						<int id="z">13</int>
						<int id="x">2769</int>
						<int id="y">746</int>
						<str id="name">heights_moss_1_1311998014840</str>
						<int id="h">41</int>
						<str id="sprite_class">heights_moss_1</str>
						<int id="w">70</int>
					</object>
					<object id="heights_moss_2_1311998014843">
						<int id="z">15</int>
						<int id="x">3578</int>
						<int id="y">606</int>
						<str id="name">heights_moss_2_1311998014843</str>
						<int id="h">20</int>
						<str id="sprite_class">heights_moss_2</str>
						<int id="w">115</int>
					</object>
					<object id="heights_moss_1_1311998014837">
						<int id="z">10</int>
						<int id="r">-2</int>
						<int id="x">2377</int>
						<int id="y">752</int>
						<str id="name">heights_moss_1_1311998014837</str>
						<int id="h">62</int>
						<str id="sprite_class">heights_moss_1</str>
						<int id="w">125</int>
					</object>
					<object id="heights_moss_3_1311998014838">
						<int id="z">11</int>
						<int id="r">4</int>
						<int id="x">2584</int>
						<int id="y">759</int>
						<str id="name">heights_moss_3_1311998014838</str>
						<int id="h">76</int>
						<str id="sprite_class">heights_moss_3</str>
						<int id="w">178</int>
					</object>
					<object id="heights_moss_3_1311998014802">
						<int id="z">5</int>
						<int id="r">2</int>
						<int id="x">599</int>
						<int id="y">670</int>
						<str id="name">heights_moss_3_1311998014802</str>
						<int id="h">68</int>
						<str id="sprite_class">heights_moss_3</str>
						<int id="w">339</int>
					</object>
					<object id="heights_bush_2_1311998014853">
						<int id="z">24</int>
						<int id="r">-3</int>
						<int id="x">3331</int>
						<int id="y">599</int>
						<bool id="h_flip">true</bool>
						<str id="name">heights_bush_2_1311998014852</str>
						<int id="h">50</int>
						<str id="sprite_class">heights_bush_2</str>
						<int id="w">104</int>
					</object>
					<object id="gravel_2_1311998014856">
						<int id="z">28</int>
						<int id="x">3379</int>
						<int id="y">609</int>
						<str id="name">gravel_2_1311998014856</str>
						<int id="h">17</int>
						<str id="sprite_class">gravel_2</str>
						<int id="w">31</int>
					</object>
					<object id="heights_moss_2_1311998014845">
						<int id="z">21</int>
						<int id="x">3433</int>
						<int id="y">637</int>
						<str id="name">heights_moss_2_1311998014843</str>
						<int id="h">20</int>
						<str id="sprite_class">heights_moss_2</str>
						<int id="w">115</int>
					</object>
					<object id="heights_bush_2_1311998014852">
						<int id="z">22</int>
						<int id="x">3501</int>
						<int id="y">604</int>
						<str id="name">heights_bush_2_1311998014852</str>
						<int id="h">50</int>
						<str id="sprite_class">heights_bush_2</str>
						<int id="w">104</int>
					</object>
					<object id="alakol_cliff_1_1311998014826">
						<int id="z">3</int>
						<int id="x">2540</int>
						<int id="y">794</int>
						<str id="name">alakol_cliff_1_1311998014799</str>
						<int id="h">107</int>
						<str id="sprite_class">alakol_cliff_1</str>
						<int id="w">633</int>
					</object>
					<object id="heights_bush_1_1311998014851">
						<int id="z">26</int>
						<int id="x">3585</int>
						<int id="y">606</int>
						<str id="name">heights_bush_1_1311998014851</str>
						<int id="h">58</int>
						<str id="sprite_class">heights_bush_1</str>
						<int id="w">98</int>
					</object>
					<object id="heights_moss_2_1311998014839">
						<int id="z">12</int>
						<int id="x">2678</int>
						<int id="y">710</int>
						<str id="name">heights_moss_2_1311998014839</str>
						<int id="h">23</int>
						<str id="sprite_class">heights_moss_2</str>
						<int id="w">110</int>
					</object>
					<object id="heights_moss_2_1311998014847">
						<int id="z">17</int>
						<int id="x">3311</int>
						<int id="y">606</int>
						<bool id="h_flip">true</bool>
						<str id="name">heights_moss_2_1311998014843</str>
						<int id="h">20</int>
						<str id="sprite_class">heights_moss_2</str>
						<int id="w">168</int>
					</object>
					<object id="alakol_cliff_1_1311998014828">
						<int id="z">1</int>
						<int id="r">-1</int>
						<int id="x">3423</int>
						<int id="y">706</int>
						<str id="name">alakol_cliff_1_1311998014799</str>
						<int id="h">107</int>
						<str id="sprite_class">alakol_cliff_1</str>
						<int id="w">633</int>
					</object>
					<object id="heights_moss_2_1311998014848">
						<int id="z">14</int>
						<int id="x">3486</int>
						<int id="y">605</int>
						<bool id="h_flip">true</bool>
						<str id="name">heights_moss_2_1311998014843</str>
						<int id="h">20</int>
						<str id="sprite_class">heights_moss_2</str>
						<int id="w">168</int>
					</object>
					<object id="tree_coniferous_fg_4_1311998014803">
						<int id="z">7</int>
						<int id="x">606</int>
						<int id="y">629</int>
						<str id="name">tree_coniferous_fg_4_1311998014803</str>
						<int id="h">579</int>
						<str id="sprite_class">tree_coniferous_fg_4</str>
						<int id="w">290</int>
					</object>
					<object id="tree_coniferous_fg_1_1311998014806">
						<int id="z">6</int>
						<int id="x">721</int>
						<int id="y">638</int>
						<str id="name">tree_coniferous_fg_1_1311998014806</str>
						<int id="h">576</int>
						<str id="sprite_class">tree_coniferous_fg_1</str>
						<int id="w">259</int>
					</object>
					<object id="heights_moss_2_1311998014849">
						<int id="z">18</int>
						<int id="x">3337</int>
						<int id="y">619</int>
						<bool id="h_flip">true</bool>
						<str id="name">heights_moss_2_1311998014843</str>
						<int id="h">20</int>
						<str id="sprite_class">heights_moss_2</str>
						<int id="w">115</int>
					</object>
					<object id="heights_moss_3_1311998014841">
						<int id="z">20</int>
						<int id="x">3301</int>
						<int id="y">685</int>
						<str id="name">heights_moss_3_1311998014841</str>
						<int id="h">76</int>
						<str id="sprite_class">heights_moss_3</str>
						<int id="w">266</int>
					</object>
					<object id="alakol_cliff_1_1311998014827">
						<int id="z">4</int>
						<int id="r">1</int>
						<int id="x">3410</int>
						<int id="y">723</int>
						<str id="name">alakol_cliff_1_1311998014799</str>
						<int id="h">107</int>
						<str id="sprite_class">alakol_cliff_1</str>
						<int id="w">633</int>
					</object>
					<object id="heights_moss_1_1311998014842">
						<int id="z">19</int>
						<int id="x">3547</int>
						<int id="y">688</int>
						<str id="name">heights_moss_1_1311998014842</str>
						<int id="h">55</int>
						<str id="sprite_class">heights_moss_1</str>
						<int id="w">114</int>
					</object>
					<object id="tree_dead_1_1311998014858">
						<int id="z">30</int>
						<int id="r">-3</int>
						<int id="x">3541</int>
						<int id="y">630</int>
						<str id="name">tree_dead_1_1311998014858</str>
						<int id="h">33</int>
						<str id="sprite_class">tree_dead_1</str>
						<int id="w">248</int>
					</object>
					<object id="heights_moss_2_1311998014844">
						<int id="z">16</int>
						<int id="x">3568</int>
						<int id="y">619</int>
						<bool id="h_flip">true</bool>
						<str id="name">heights_moss_2_1311998014843</str>
						<int id="h">20</int>
						<str id="sprite_class">heights_moss_2</str>
						<int id="w">115</int>
					</object>
					<object id="tree_base_root_3_1311998014805">
						<int id="z">9</int>
						<int id="x">584</int>
						<int id="y">632</int>
						<bool id="h_flip">true</bool>
						<str id="name">tree_base_root_3_1311998014804</str>
						<int id="h">26</int>
						<str id="sprite_class">tree_base_root_3</str>
						<int id="w">44</int>
					</object>
					<object id="groddle_plant_1_1311998014857">
						<int id="z">29</int>
						<int id="x">2484</int>
						<int id="y">775</int>
						<str id="name">groddle_plant_1_1311998014857</str>
						<int id="h">69</int>
						<str id="sprite_class">groddle_plant_1</str>
						<int id="w">65</int>
					</object>
					<object id="groddle_fern_1_1311998014855">
						<int id="z">27</int>
						<int id="x">3506</int>
						<int id="y">610</int>
						<str id="name">groddle_fern_1_1311998014855</str>
						<int id="h">42</int>
						<str id="sprite_class">groddle_fern_1</str>
						<int id="w">70</int>
					</object>
				</object>
				<int id="w">3600</int>
			</object>
			<object id="middleground">
				<object id="platform_lines">
					<object id="plat_1311995623412">
						<object id="start">
							<int id="x">-1436</int>
							<int id="y">-96</int>
						</object>
						<object id="end">
							<int id="x">-1359</int>
							<int id="y">-107</int>
						</object>
						<int id="platform_pc_perm">-1</int>
						<int id="platform_item_perm">-1</int>
					</object>
					<object id="plat_1311998014766">
						<object id="start">
							<int id="x">567</int>
							<int id="y">-634</int>
						</object>
						<object id="end">
							<int id="x">682</int>
							<int id="y">-623</int>
						</object>
						<int id="platform_pc_perm">-1</int>
						<int id="platform_item_perm">-1</int>
					</object>
					<object id="plat_1311995623426">
						<object id="start">
							<int id="x">-632</int>
							<int id="y">-128</int>
						</object>
						<object id="end">
							<int id="x">-543</int>
							<int id="y">-132</int>
						</object>
						<int id="platform_pc_perm">-1</int>
						<int id="platform_item_perm">-1</int>
					</object>
					<object id="plat_1311998014730">
						<object id="start">
							<int id="x">1791</int>
							<int id="y">-183</int>
						</object>
						<object id="end">
							<int id="x">1892</int>
							<int id="y">-182</int>
						</object>
						<int id="platform_pc_perm">-1</int>
						<int id="platform_item_perm">-1</int>
					</object>
					<object id="plat_1311998014770">
						<object id="start">
							<int id="x">682</int>
							<int id="y">-623</int>
						</object>
						<object id="end">
							<int id="x">760</int>
							<int id="y">-601</int>
						</object>
						<int id="platform_pc_perm">-1</int>
						<int id="platform_item_perm">-1</int>
					</object>
					<object id="plat_1311998014737">
						<object id="start">
							<int id="x">773</int>
							<int id="y">-229</int>
						</object>
						<object id="end">
							<int id="x">861</int>
							<int id="y">-230</int>
						</object>
						<int id="platform_pc_perm">-1</int>
						<int id="platform_item_perm">-1</int>
					</object>
					<object id="plat_1311995623425">
						<object id="start">
							<int id="x">-727</int>
							<int id="y">-123</int>
						</object>
						<object id="end">
							<int id="x">-632</int>
							<int id="y">-128</int>
						</object>
						<int id="platform_pc_perm">-1</int>
						<int id="platform_item_perm">-1</int>
					</object>
					<object id="plat_1311998014722">
						<object id="start">
							<int id="x">1105</int>
							<int id="y">-96</int>
						</object>
						<object id="end">
							<int id="x">1302</int>
							<int id="y">-87</int>
						</object>
						<int id="platform_pc_perm">-1</int>
						<int id="platform_item_perm">-1</int>
					</object>
					<object id="plat_1311998014765">
						<object id="start">
							<int id="x">458</int>
							<int id="y">-631</int>
						</object>
						<object id="end">
							<int id="x">567</int>
							<int id="y">-634</int>
						</object>
						<int id="platform_pc_perm">-1</int>
						<int id="platform_item_perm">-1</int>
					</object>
					<object id="plat_1311995623422">
						<object id="start">
							<int id="x">-875</int>
							<int id="y">-282</int>
						</object>
						<object id="end">
							<int id="x">-746</int>
							<int id="y">-278</int>
						</object>
						<int id="platform_pc_perm">-1</int>
						<int id="platform_item_perm">-1</int>
					</object>
					<object id="plat_1311998014767">
						<object id="start">
							<int id="x">-198</int>
							<int id="y">-636</int>
						</object>
						<object id="end">
							<int id="x">-81</int>
							<int id="y">-635</int>
						</object>
						<int id="platform_pc_perm">-1</int>
						<int id="platform_item_perm">-1</int>
					</object>
					<object id="plat_1311998014732">
						<object id="start">
							<int id="x">1321</int>
							<int id="y">-200</int>
						</object>
						<object id="end">
							<int id="x">1413</int>
							<int id="y">-186</int>
						</object>
						<int id="platform_pc_perm">-1</int>
						<int id="platform_item_perm">-1</int>
					</object>
					<object id="plat_1311998014655">
						<object id="start">
							<int id="x">-36</int>
							<int id="y">-100</int>
						</object>
						<object id="end">
							<int id="x">113</int>
							<int id="y">-97</int>
						</object>
						<int id="platform_pc_perm">-1</int>
						<int id="platform_item_perm">-1</int>
					</object>
					<object id="plat_1311998014705">
						<object id="start">
							<int id="x">594</int>
							<int id="y">-352</int>
						</object>
						<object id="end">
							<int id="x">738</int>
							<int id="y">-356</int>
						</object>
						<int id="platform_pc_perm">1</int>
						<int id="platform_item_perm">1</int>
					</object>
					<object id="plat_1312407707889">
						<object id="start">
							<int id="x">-1999</int>
							<int id="y">-380</int>
						</object>
						<object id="end">
							<int id="x">-1864</int>
							<int id="y">-430</int>
						</object>
						<int id="platform_pc_perm">1</int>
						<int id="platform_item_perm">1</int>
					</object>
					<object id="plat_1311998014658">
						<object id="start">
							<int id="x">564</int>
							<int id="y">-101</int>
						</object>
						<object id="end">
							<int id="x">640</int>
							<int id="y">-97</int>
						</object>
						<int id="platform_pc_perm">-1</int>
						<int id="platform_item_perm">-1</int>
					</object>
					<object id="plat_1311995623415">
						<object id="start">
							<int id="x">-1118</int>
							<int id="y">-101</int>
						</object>
						<object id="end">
							<int id="x">-996</int>
							<int id="y">-100</int>
						</object>
						<int id="platform_pc_perm">-1</int>
						<int id="platform_item_perm">-1</int>
					</object>
					<object id="plat_1311995623419">
						<object id="start">
							<int id="x">-1296</int>
							<int id="y">-275</int>
						</object>
						<object id="end">
							<int id="x">-1177</int>
							<int id="y">-283</int>
						</object>
						<int id="platform_pc_perm">-1</int>
						<int id="platform_item_perm">-1</int>
					</object>
					<object id="plat_1311995623417">
						<object id="start">
							<int id="x">-861</int>
							<int id="y">-109</int>
						</object>
						<object id="end">
							<int id="x">-727</int>
							<int id="y">-123</int>
						</object>
						<int id="platform_pc_perm">-1</int>
						<int id="platform_item_perm">-1</int>
					</object>
					<object id="plat_1311998014703">
						<object id="start">
							<int id="x">365</int>
							<int id="y">-408</int>
						</object>
						<object id="end">
							<int id="x">504</int>
							<int id="y">-382</int>
						</object>
						<int id="platform_pc_perm">1</int>
						<int id="platform_item_perm">1</int>
					</object>
					<object id="plat_1311998014768">
						<object id="start">
							<int id="x">-325</int>
							<int id="y">-629</int>
						</object>
						<object id="end">
							<int id="x">-198</int>
							<int id="y">-636</int>
						</object>
						<int id="platform_pc_perm">-1</int>
						<int id="platform_item_perm">-1</int>
					</object>
					<object id="plat_1311995623414">
						<object id="start">
							<int id="x">-1228</int>
							<int id="y">-112</int>
						</object>
						<object id="end">
							<int id="x">-1118</int>
							<int id="y">-101</int>
						</object>
						<int id="platform_pc_perm">-1</int>
						<int id="platform_item_perm">-1</int>
					</object>
					<object id="plat_1311998014729">
						<object id="start">
							<int id="x">1663</int>
							<int id="y">-180</int>
						</object>
						<object id="end">
							<int id="x">1791</int>
							<int id="y">-183</int>
						</object>
						<int id="platform_pc_perm">-1</int>
						<int id="platform_item_perm">-1</int>
					</object>
					<object id="plat_1311998014788">
						<object id="start">
							<int id="x">-396</int>
							<int id="y">-836</int>
						</object>
						<object id="end">
							<int id="x">-229</int>
							<int id="y">-840</int>
						</object>
						<int id="platform_pc_perm">1</int>
						<int id="platform_item_perm">1</int>
					</object>
					<object id="plat_1311998014700">
						<object id="start">
							<int id="x">-100</int>
							<int id="y">-369</int>
						</object>
						<object id="end">
							<int id="x">35</int>
							<int id="y">-415</int>
						</object>
						<int id="platform_pc_perm">1</int>
						<int id="platform_item_perm">1</int>
					</object>
					<object id="plat_1311998014699">
						<object id="start">
							<int id="x">-287</int>
							<int id="y">-352</int>
						</object>
						<object id="end">
							<int id="x">-100</int>
							<int id="y">-369</int>
						</object>
						<int id="platform_pc_perm">1</int>
						<int id="platform_item_perm">1</int>
					</object>
					<object id="plat_1311998014727">
						<object id="start">
							<int id="x">1902</int>
							<int id="y">-48</int>
						</object>
						<object id="end">
							<int id="x">1999</int>
							<int id="y">-39</int>
						</object>
						<int id="platform_pc_perm">-1</int>
						<int id="platform_item_perm">-1</int>
					</object>
					<object id="plat_1311995623424">
						<object id="start">
							<int id="x">-674</int>
							<int id="y">-271</int>
						</object>
						<object id="end">
							<int id="x">-633</int>
							<int id="y">-263</int>
						</object>
						<int id="platform_pc_perm">-1</int>
						<int id="platform_item_perm">-1</int>
					</object>
					<object id="plat_1311998014734">
						<object id="start">
							<int id="x">1055</int>
							<int id="y">-222</int>
						</object>
						<object id="end">
							<int id="x">1193</int>
							<int id="y">-214</int>
						</object>
						<int id="platform_pc_perm">-1</int>
						<int id="platform_item_perm">-1</int>
					</object>
					<object id="plat_1311995623423">
						<object id="start">
							<int id="x">-746</int>
							<int id="y">-278</int>
						</object>
						<object id="end">
							<int id="x">-674</int>
							<int id="y">-271</int>
						</object>
						<int id="platform_pc_perm">-1</int>
						<int id="platform_item_perm">-1</int>
					</object>
					<object id="plat_1311998014820">
						<object id="start">
							<int id="x">1393</int>
							<int id="y">-320</int>
						</object>
						<object id="end">
							<int id="x">1598</int>
							<int id="y">-306</int>
						</object>
						<int id="platform_pc_perm">-1</int>
						<int id="platform_item_perm">-1</int>
					</object>
					<object id="plat_1311998014818">
						<object id="start">
							<int id="x">1134</int>
							<int id="y">-311</int>
						</object>
						<object id="end">
							<int id="x">1218</int>
							<int id="y">-318</int>
						</object>
						<int id="platform_pc_perm">-1</int>
						<int id="platform_item_perm">-1</int>
					</object>
					<object id="plat_1311998014785">
						<object id="start">
							<int id="x">-14</int>
							<int id="y">-918</int>
						</object>
						<object id="end">
							<int id="x">84</int>
							<int id="y">-934</int>
						</object>
						<int id="platform_pc_perm">1</int>
						<int id="platform_item_perm">1</int>
					</object>
					<object id="plat_1311998014778">
						<object id="start">
							<int id="x">-384</int>
							<int id="y">-633</int>
						</object>
						<object id="end">
							<int id="x">-325</int>
							<int id="y">-629</int>
						</object>
						<int id="platform_pc_perm">-1</int>
						<int id="platform_item_perm">-1</int>
					</object>
					<object id="plat_1311998014824">
						<object id="start">
							<int id="x">1948</int>
							<int id="y">-300</int>
						</object>
						<object id="end">
							<int id="x">1999</int>
							<int id="y">-296</int>
						</object>
						<int id="platform_pc_perm">-1</int>
						<int id="platform_item_perm">-1</int>
					</object>
					<object id="plat_1311998014723">
						<object id="start">
							<int id="x">1302</int>
							<int id="y">-87</int>
						</object>
						<object id="end">
							<int id="x">1433</int>
							<int id="y">-84</int>
						</object>
						<int id="platform_pc_perm">-1</int>
						<int id="platform_item_perm">-1</int>
					</object>
					<object id="plat_1311998014822">
						<object id="start">
							<int id="x">1754</int>
							<int id="y">-299</int>
						</object>
						<object id="end">
							<int id="x">1862</int>
							<int id="y">-303</int>
						</object>
						<int id="platform_pc_perm">-1</int>
						<int id="platform_item_perm">-1</int>
					</object>
					<object id="plat_1311998014704">
						<object id="start">
							<int id="x">504</int>
							<int id="y">-382</int>
						</object>
						<object id="end">
							<int id="x">594</int>
							<int id="y">-352</int>
						</object>
						<int id="platform_pc_perm">1</int>
						<int id="platform_item_perm">1</int>
					</object>
					<object id="plat_1311998014786">
						<object id="start">
							<int id="x">-116</int>
							<int id="y">-893</int>
						</object>
						<object id="end">
							<int id="x">-14</int>
							<int id="y">-918</int>
						</object>
						<int id="platform_pc_perm">1</int>
						<int id="platform_item_perm">1</int>
					</object>
					<object id="plat_1311998014720">
						<object id="start">
							<int id="x">736</int>
							<int id="y">-101</int>
						</object>
						<object id="end">
							<int id="x">893</int>
							<int id="y">-99</int>
						</object>
						<int id="platform_pc_perm">-1</int>
						<int id="platform_item_perm">-1</int>
					</object>
					<object id="plat_1311998014654">
						<object id="start">
							<int id="x">-249</int>
							<int id="y">-110</int>
						</object>
						<object id="end">
							<int id="x">-36</int>
							<int id="y">-100</int>
						</object>
						<int id="platform_pc_perm">-1</int>
						<int id="platform_item_perm">-1</int>
					</object>
					<object id="plat_1311998014821">
						<object id="start">
							<int id="x">1598</int>
							<int id="y">-306</int>
						</object>
						<object id="end">
							<int id="x">1754</int>
							<int id="y">-299</int>
						</object>
						<int id="platform_pc_perm">-1</int>
						<int id="platform_item_perm">-1</int>
					</object>
					<object id="plat_1311998014726">
						<object id="start">
							<int id="x">1712</int>
							<int id="y">-64</int>
						</object>
						<object id="end">
							<int id="x">1902</int>
							<int id="y">-48</int>
						</object>
						<int id="platform_pc_perm">-1</int>
						<int id="platform_item_perm">-1</int>
					</object>
					<object id="plat_1311998014724">
						<object id="start">
							<int id="x">1433</int>
							<int id="y">-84</int>
						</object>
						<object id="end">
							<int id="x">1548</int>
							<int id="y">-67</int>
						</object>
						<int id="platform_pc_perm">-1</int>
						<int id="platform_item_perm">-1</int>
					</object>
					<object id="plat_1311998014782">
						<object id="start">
							<int id="x">388</int>
							<int id="y">-881</int>
						</object>
						<object id="end">
							<int id="x">505</int>
							<int id="y">-827</int>
						</object>
						<int id="platform_pc_perm">1</int>
						<int id="platform_item_perm">1</int>
					</object>
					<object id="plat_1312407707887">
						<object id="start">
							<int id="x">-1697</int>
							<int id="y">-428</int>
						</object>
						<object id="end">
							<int id="x">-1570</int>
							<int id="y">-361</int>
						</object>
						<int id="platform_pc_perm">1</int>
						<int id="platform_item_perm">1</int>
					</object>
					<object id="plat_1311998014735">
						<object id="start">
							<int id="x">966</int>
							<int id="y">-228</int>
						</object>
						<object id="end">
							<int id="x">1055</int>
							<int id="y">-222</int>
						</object>
						<int id="platform_pc_perm">-1</int>
						<int id="platform_item_perm">-1</int>
					</object>
					<object id="plat_1311995623421">
						<object id="start">
							<int id="x">-1027</int>
							<int id="y">-288</int>
						</object>
						<object id="end">
							<int id="x">-875</int>
							<int id="y">-282</int>
						</object>
						<int id="platform_pc_perm">-1</int>
						<int id="platform_item_perm">-1</int>
					</object>
					<object id="plat_1311995623410">
						<object id="start">
							<int id="x">-1589</int>
							<int id="y">-95</int>
						</object>
						<object id="end">
							<int id="x">-1502</int>
							<int id="y">-87</int>
						</object>
						<int id="platform_pc_perm">-1</int>
						<int id="platform_item_perm">-1</int>
					</object>
					<object id="plat_1311998014787">
						<object id="start">
							<int id="x">-229</int>
							<int id="y">-840</int>
						</object>
						<object id="end">
							<int id="x">-116</int>
							<int id="y">-893</int>
						</object>
						<int id="platform_pc_perm">1</int>
						<int id="platform_item_perm">1</int>
					</object>
					<object id="plat_1311998014708">
						<object id="start">
							<int id="x">738</int>
							<int id="y">-356</int>
						</object>
						<object id="end">
							<int id="x">760</int>
							<int id="y">-366</int>
						</object>
						<int id="platform_pc_perm">1</int>
						<int id="platform_item_perm">1</int>
					</object>
					<object id="plat_1311995623418">
						<object id="start">
							<int id="x">-1355</int>
							<int id="y">-270</int>
						</object>
						<object id="end">
							<int id="x">-1296</int>
							<int id="y">-275</int>
						</object>
						<int id="platform_pc_perm">-1</int>
						<int id="platform_item_perm">-1</int>
					</object>
					<object id="plat_1311995623416">
						<object id="start">
							<int id="x">-996</int>
							<int id="y">-100</int>
						</object>
						<object id="end">
							<int id="x">-861</int>
							<int id="y">-109</int>
						</object>
						<int id="platform_pc_perm">-1</int>
						<int id="platform_item_perm">-1</int>
					</object>
					<object id="plat_1311995623409">
						<object id="start">
							<int id="x">-1712</int>
							<int id="y">-103</int>
						</object>
						<object id="end">
							<int id="x">-1589</int>
							<int id="y">-95</int>
						</object>
						<int id="platform_pc_perm">-1</int>
						<int id="platform_item_perm">-1</int>
					</object>
					<object id="plat_1311998014725">
						<object id="start">
							<int id="x">1548</int>
							<int id="y">-67</int>
						</object>
						<object id="end">
							<int id="x">1712</int>
							<int id="y">-64</int>
						</object>
						<int id="platform_pc_perm">-1</int>
						<int id="platform_item_perm">-1</int>
					</object>
					<object id="plat_1312407707888">
						<object id="start">
							<int id="x">-1864</int>
							<int id="y">-430</int>
						</object>
						<object id="end">
							<int id="x">-1697</int>
							<int id="y">-428</int>
						</object>
						<int id="platform_pc_perm">1</int>
						<int id="platform_item_perm">1</int>
					</object>
					<object id="plat_1311998014764">
						<object id="start">
							<int id="x">-81</int>
							<int id="y">-635</int>
						</object>
						<object id="end">
							<int id="x">31</int>
							<int id="y">-641</int>
						</object>
						<int id="platform_pc_perm">-1</int>
						<int id="platform_item_perm">-1</int>
					</object>
					<object id="plat_1311998014698">
						<object id="start">
							<int id="x">-458</int>
							<int id="y">-373</int>
						</object>
						<object id="end">
							<int id="x">-287</int>
							<int id="y">-352</int>
						</object>
						<int id="platform_pc_perm">1</int>
						<int id="platform_item_perm">1</int>
					</object>
					<object id="plat_1311998014819">
						<object id="start">
							<int id="x">1218</int>
							<int id="y">-318</int>
						</object>
						<object id="end">
							<int id="x">1393</int>
							<int id="y">-320</int>
						</object>
						<int id="platform_pc_perm">-1</int>
						<int id="platform_item_perm">-1</int>
					</object>
					<object id="plat_1311995623413">
						<object id="start">
							<int id="x">-1359</int>
							<int id="y">-107</int>
						</object>
						<object id="end">
							<int id="x">-1228</int>
							<int id="y">-112</int>
						</object>
						<int id="platform_pc_perm">-1</int>
						<int id="platform_item_perm">-1</int>
					</object>
					<object id="plat_1311998014781">
						<object id="start">
							<int id="x">218</int>
							<int id="y">-920</int>
						</object>
						<object id="end">
							<int id="x">388</int>
							<int id="y">-881</int>
						</object>
						<int id="platform_pc_perm">1</int>
						<int id="platform_item_perm">1</int>
					</object>
					<object id="plat_1311998014783">
						<object id="start">
							<int id="x">505</int>
							<int id="y">-827</int>
						</object>
						<object id="end">
							<int id="x">761</int>
							<int id="y">-791</int>
						</object>
						<int id="platform_pc_perm">1</int>
						<int id="platform_item_perm">1</int>
					</object>
					<object id="plat_1312407022333">
						<object id="start">
							<int id="x">-1999</int>
							<int id="y">-108</int>
						</object>
						<object id="end">
							<int id="x">-1712</int>
							<int id="y">-103</int>
						</object>
						<int id="platform_pc_perm">-1</int>
						<int id="platform_item_perm">-1</int>
					</object>
					<object id="plat_1311998014653">
						<object id="start">
							<int id="x">-543</int>
							<int id="y">-132</int>
						</object>
						<object id="end">
							<int id="x">-249</int>
							<int id="y">-110</int>
						</object>
						<int id="platform_pc_perm">-1</int>
						<int id="platform_item_perm">-1</int>
					</object>
					<object id="plat_1311998014779">
						<object id="start">
							<int id="x">-458</int>
							<int id="y">-606</int>
						</object>
						<object id="end">
							<int id="x">-384</int>
							<int id="y">-633</int>
						</object>
						<int id="platform_pc_perm">-1</int>
						<int id="platform_item_perm">-1</int>
					</object>
					<object id="plat_1311998014763">
						<object id="start">
							<int id="x">31</int>
							<int id="y">-641</int>
						</object>
						<object id="end">
							<int id="x">104</int>
							<int id="y">-635</int>
						</object>
						<int id="platform_pc_perm">-1</int>
						<int id="platform_item_perm">-1</int>
					</object>
					<object id="plat_1311998014733">
						<object id="start">
							<int id="x">1193</int>
							<int id="y">-214</int>
						</object>
						<object id="end">
							<int id="x">1321</int>
							<int id="y">-200</int>
						</object>
						<int id="platform_pc_perm">-1</int>
						<int id="platform_item_perm">-1</int>
					</object>
					<object id="plat_1311995623420">
						<object id="start">
							<int id="x">-1177</int>
							<int id="y">-283</int>
						</object>
						<object id="end">
							<int id="x">-1027</int>
							<int id="y">-288</int>
						</object>
						<int id="platform_pc_perm">-1</int>
						<int id="platform_item_perm">-1</int>
					</object>
					<object id="plat_1311998014728">
						<object id="start">
							<int id="x">1528</int>
							<int id="y">-184</int>
						</object>
						<object id="end">
							<int id="x">1663</int>
							<int id="y">-180</int>
						</object>
						<int id="platform_pc_perm">-1</int>
						<int id="platform_item_perm">-1</int>
					</object>
					<object id="plat_1311998014823">
						<object id="start">
							<int id="x">1862</int>
							<int id="y">-303</int>
						</object>
						<object id="end">
							<int id="x">1948</int>
							<int id="y">-300</int>
						</object>
						<int id="platform_pc_perm">-1</int>
						<int id="platform_item_perm">-1</int>
					</object>
					<object id="plat_1311998014761">
						<object id="start">
							<int id="x">246</int>
							<int id="y">-629</int>
						</object>
						<object id="end">
							<int id="x">379</int>
							<int id="y">-634</int>
						</object>
						<int id="platform_pc_perm">-1</int>
						<int id="platform_item_perm">-1</int>
					</object>
					<object id="plat_1311998014701">
						<object id="start">
							<int id="x">35</int>
							<int id="y">-415</int>
						</object>
						<object id="end">
							<int id="x">104</int>
							<int id="y">-418</int>
						</object>
						<int id="platform_pc_perm">1</int>
						<int id="platform_item_perm">1</int>
					</object>
					<object id="plat_1311998014702">
						<object id="start">
							<int id="x">246</int>
							<int id="y">-423</int>
						</object>
						<object id="end">
							<int id="x">365</int>
							<int id="y">-408</int>
						</object>
						<int id="platform_pc_perm">1</int>
						<int id="platform_item_perm">1</int>
					</object>
					<object id="plat_1311995623411">
						<object id="start">
							<int id="x">-1502</int>
							<int id="y">-87</int>
						</object>
						<object id="end">
							<int id="x">-1436</int>
							<int id="y">-96</int>
						</object>
						<int id="platform_pc_perm">-1</int>
						<int id="platform_item_perm">-1</int>
					</object>
					<object id="plat_1311998014657">
						<object id="start">
							<int id="x">348</int>
							<int id="y">-92</int>
						</object>
						<object id="end">
							<int id="x">564</int>
							<int id="y">-101</int>
						</object>
						<int id="platform_pc_perm">-1</int>
						<int id="platform_item_perm">-1</int>
					</object>
					<object id="plat_1311998014719">
						<object id="start">
							<int id="x">640</int>
							<int id="y">-97</int>
						</object>
						<object id="end">
							<int id="x">736</int>
							<int id="y">-101</int>
						</object>
						<int id="platform_pc_perm">-1</int>
						<int id="platform_item_perm">-1</int>
					</object>
					<object id="plat_1311998014721">
						<object id="start">
							<int id="x">893</int>
							<int id="y">-99</int>
						</object>
						<object id="end">
							<int id="x">1105</int>
							<int id="y">-96</int>
						</object>
						<int id="platform_pc_perm">-1</int>
						<int id="platform_item_perm">-1</int>
					</object>
					<object id="plat_1311998014736">
						<object id="start">
							<int id="x">861</int>
							<int id="y">-230</int>
						</object>
						<object id="end">
							<int id="x">966</int>
							<int id="y">-228</int>
						</object>
						<int id="platform_pc_perm">-1</int>
						<int id="platform_item_perm">-1</int>
					</object>
					<object id="plat_1311998014762">
						<object id="start">
							<int id="x">379</int>
							<int id="y">-634</int>
						</object>
						<object id="end">
							<int id="x">458</int>
							<int id="y">-631</int>
						</object>
						<int id="platform_pc_perm">-1</int>
						<int id="platform_item_perm">-1</int>
					</object>
					<object id="plat_1311998014731">
						<object id="start">
							<int id="x">1892</int>
							<int id="y">-182</int>
						</object>
						<object id="end">
							<int id="x">1999</int>
							<int id="y">-182</int>
						</object>
						<int id="platform_pc_perm">-1</int>
						<int id="platform_item_perm">-1</int>
					</object>
					<object id="plat_1311998014656">
						<object id="start">
							<int id="x">113</int>
							<int id="y">-97</int>
						</object>
						<object id="end">
							<int id="x">348</int>
							<int id="y">-92</int>
						</object>
						<int id="platform_pc_perm">-1</int>
						<int id="platform_item_perm">-1</int>
					</object>
					<object id="plat_1311998014738">
						<object id="start">
							<int id="x">743</int>
							<int id="y">-225</int>
						</object>
						<object id="end">
							<int id="x">773</int>
							<int id="y">-229</int>
						</object>
						<int id="platform_pc_perm">-1</int>
						<int id="platform_item_perm">-1</int>
					</object>
					<object id="plat_1311998014784">
						<object id="start">
							<int id="x">84</int>
							<int id="y">-934</int>
						</object>
						<object id="end">
							<int id="x">218</int>
							<int id="y">-920</int>
						</object>
						<int id="platform_pc_perm">1</int>
						<int id="platform_item_perm">1</int>
					</object>
				</object>
				<object id="targets">
				</object>
				<object id="walls">
					<object id="wall_1311998014697">
						<null id="item_perm"/>
						<int id="x">-458</int>
						<int id="h">233</int>
						<int id="y">-606</int>
						<null id="pc_perm"/>
						<int id="w">0</int>
					</object>
					<object id="wall_1311998014790">
						<null id="item_perm"/>
						<int id="x">761</int>
						<int id="h">209</int>
						<int id="y">-1000</int>
						<null id="pc_perm"/>
						<int id="w">0</int>
					</object>
					<object id="wall_1311998014707">
						<null id="item_perm"/>
						<int id="x">760</int>
						<int id="h">235</int>
						<int id="y">-601</int>
						<null id="pc_perm"/>
						<int id="w">0</int>
					</object>
					<object id="wall_1311998014771">
						<null id="item_perm"/>
						<int id="x">246</int>
						<int id="h">206</int>
						<int id="y">-629</int>
						<null id="pc_perm"/>
						<int id="w">0</int>
					</object>
					<object id="wall_1311998014789">
						<null id="item_perm"/>
						<int id="x">-396</int>
						<int id="h">162</int>
						<int id="y">-998</int>
						<null id="pc_perm"/>
						<int id="w">0</int>
					</object>
					<object id="wall_1311998014772">
						<null id="item_perm"/>
						<int id="x">104</int>
						<int id="h">217</int>
						<int id="y">-635</int>
						<null id="pc_perm"/>
						<int id="w">0</int>
					</object>
					<object id="wall_1312408421124">
						<int id="item_perm">1</int>
						<int id="x">-1569</int>
						<int id="h">268</int>
						<int id="y">-361</int>
						<int id="pc_perm">0</int>
						<int id="w">0</int>
					</object>
					<object id="wall_1312407707886">
						<null id="item_perm"/>
						<int id="x">-1570</int>
						<int id="h">752</int>
						<int id="y">-1113</int>
						<null id="pc_perm"/>
						<int id="w">0</int>
					</object>
					<object id="wall_1312408421123">
						<null id="item_perm"/>
						<int id="x">-1594</int>
						<int id="h">620</int>
						<int id="y">-991</int>
						<null id="pc_perm"/>
						<int id="w">0</int>
					</object>
				</object>
				<object id="filtersNEW">
					<object id="saturation">
						<int id="value">-9</int>
					</object>
					<object id="brightness">
						<int id="value">-3</int>
					</object>
					<object id="contrast">
						<int id="value">-3</int>
					</object>
				</object>
				<str id="name">middleground</str>
				<object id="ladders">
					<object id="ladder_1311998014760">
						<int id="x">173</int>
						<int id="h">530</int>
						<int id="y">-137</int>
						<int id="w">50</int>
					</object>
				</object>
				<int id="w">4000</int>
				<object id="platforms">
				</object>
				<object id="doors">
				</object>
				<int id="z">0</int>
				<object id="boxes">
				</object>
				<int id="h">1000</int>
				<object id="signposts">
					<object id="signpost_2">
						<str id="id">signpost_2</str>
						<int id="x">-1781</int>
						<int id="h">200</int>
						<int id="y">-120</int>
						<object id="connects">
							<object id="0">
								<objref id="target" tsid="LA961CLV4G8252G" label="Okara Cast"/>
								<str id="mote_id">9</str>
								<str id="hub_id">97</str>
								<str id="x">2558</str>
								<str id="y">-190</str>
								<bool id="hidden">false</bool>
							</object>
							<object id="1">
								<objref id="target" tsid="LA93B4PV0I82IH7" label="Nowaa Holler"/>
								<str id="mote_id">9</str>
								<str id="hub_id">97</str>
								<str id="x">2281</str>
								<str id="y">-237</str>
								<bool id="hidden">false</bool>
							</object>
						</object>
						<int id="w">100</int>
					</object>
					<object id="signpost_1">
						<int id="x">1736</int>
						<int id="h">200</int>
						<int id="y">-311</int>
						<object id="connects">
							<object id="0">
								<objref id="target" tsid="LA9KL77D1D829Q3" label="Kumida Middles"/>
								<str id="mote_id">9</str>
								<str id="hub_id">97</str>
								<str id="x">-1680</str>
								<str id="y">-180</str>
								<bool id="hidden">false</bool>
							</object>
							<object id="1">
								<objref id="target" tsid="LA91JUQT2G82GUL" label="Baeli Bray"/>
								<str id="mote_id">9</str>
								<str id="hub_id">97</str>
								<int id="x">2760</int>
								<int id="y">-455</int>
								<bool id="hidden">false</bool>
							</object>
						</object>
						<int id="w">100</int>
					</object>
				</object>
				<object id="decos">
					<object id="heights_bush_1_1311995623380">
						<int id="z">43</int>
						<int id="r">-3</int>
						<int id="x">-1314</int>
						<int id="y">-123</int>
						<str id="name">heights_bush_1_1311995623380</str>
						<int id="h">78</int>
						<str id="sprite_class">heights_bush_1</str>
						<int id="w">141</int>
					</object>
					<object id="heights_bush_2_1312321789244">
						<int id="z">77</int>
						<int id="x">1082</int>
						<int id="y">-118</int>
						<str id="name">heights_bush_2_1311995623379</str>
						<int id="h">68</int>
						<str id="sprite_class">heights_bush_2</str>
						<int id="w">142</int>
					</object>
					<object id="ug_ground_heights_1311998014636">
						<int id="z">54</int>
						<int id="x">382</int>
						<int id="y">-71</int>
						<str id="name">ug_ground_heights_1311998014635</str>
						<int id="h">69</int>
						<str id="sprite_class">ug_ground_heights</str>
						<int id="w">496</int>
					</object>
					<object id="heights_bandaid_3_1312407022336">
						<int id="z">15</int>
						<int id="x">-1485</int>
						<int id="y">-108</int>
						<str id="name">heights_bandaid_3_1312407022334</str>
						<int id="h">231</int>
						<str id="sprite_class">heights_bandaid_3</str>
						<int id="w">128</int>
					</object>
					<object id="alakol_cliff_1_1311998014714">
						<int id="z">61</int>
						<int id="r">2</int>
						<int id="x">1833</int>
						<int id="y">89</int>
						<str id="name">alakol_cliff_1_1311995623365</str>
						<int id="h">149</int>
						<str id="sprite_class">alakol_cliff_1</str>
						<int id="w">850</int>
					</object>
					<object id="ug_ground_heights_1311998014635">
						<int id="z">52</int>
						<int id="x">-95</int>
						<int id="y">-63</int>
						<str id="name">ug_ground_heights_1311998014635</str>
						<int id="h">69</int>
						<str id="sprite_class">ug_ground_heights</str>
						<int id="w">496</int>
					</object>
					<object id="heights_moss_3_1311995623393">
						<int id="z">50</int>
						<int id="r">-4</int>
						<int id="x">-944</int>
						<int id="y">8</int>
						<str id="name">heights_moss_3_1311995623393</str>
						<int id="h">135</int>
						<str id="sprite_class">heights_moss_3</str>
						<int id="w">358</int>
					</object>
					<object id="heights_platform_2_1311998014747">
						<int id="z">64</int>
						<int id="x">-109</int>
						<int id="y">-459</int>
						<bool id="h_flip">true</bool>
						<str id="name">heights_platform_2_1311998014747</str>
						<int id="h">208</int>
						<str id="sprite_class">heights_platform_2</str>
						<int id="w">451</int>
					</object>
					<object id="heights_bush_2_1311995623379">
						<int id="z">45</int>
						<int id="x">-1204</int>
						<int id="y">-131</int>
						<str id="name">heights_bush_2_1311995623379</str>
						<int id="h">68</int>
						<str id="sprite_class">heights_bush_2</str>
						<int id="w">142</int>
					</object>
					<object id="heights_platform_4_1311995623375">
						<int id="z">27</int>
						<int id="r">-5</int>
						<int id="x">-1237</int>
						<int id="y">66</int>
						<str id="name">heights_platform_4_1311995623375</str>
						<int id="h">217</int>
						<str id="sprite_class">heights_platform_4</str>
						<int id="w">513</int>
					</object>
					<object id="crosssection_heights_underside_1311998014695">
						<int id="z">5</int>
						<int id="r">-90</int>
						<int id="x">759</int>
						<int id="y">-313</int>
						<bool id="h_flip">true</bool>
						<str id="name">crosssection_heights_underside_1311998014622</str>
						<int id="h">112</int>
						<str id="sprite_class">crosssection_heights_underside</str>
						<int id="w">580</int>
					</object>
					<object id="heights_ladder_2_1311998014755">
						<int id="z">69</int>
						<int id="x">174</int>
						<int id="y">-138</int>
						<str id="name">heights_ladder_2_1311998014754</str>
						<int id="h">87</int>
						<str id="sprite_class">heights_ladder_2</str>
						<int id="w">70</int>
					</object>
					<object id="alakol_water_rock_2_1312407022329">
						<int id="z">19</int>
						<int id="x">-1029</int>
						<int id="y">-286</int>
						<str id="name">alakol_water_rock_2_1311995623369</str>
						<int id="h">39</int>
						<str id="sprite_class">alakol_water_rock_2</str>
						<int id="w">101</int>
					</object>
					<object id="forest_ground_twigs_03_1311995623438">
						<int id="z">51</int>
						<int id="x">-1631</int>
						<int id="y">-58</int>
						<str id="name">forest_ground_twigs_03_1311995623438</str>
						<int id="h">25</int>
						<str id="sprite_class">forest_ground_twigs_03</str>
						<int id="w">88</int>
					</object>
					<object id="ug_wall_heights_1311998014742">
						<int id="z">56</int>
						<int id="x">165</int>
						<int id="y">-573</int>
						<str id="name">ug_wall_heights_1311998014633</str>
						<int id="h">374</int>
						<str id="sprite_class">ug_wall_heights</str>
						<int id="w">703</int>
					</object>
					<object id="heights_ladder_2_1311998014754">
						<int id="z">67</int>
						<int id="x">178</int>
						<int id="y">-283</int>
						<str id="name">heights_ladder_2_1311998014754</str>
						<int id="h">87</int>
						<str id="sprite_class">heights_ladder_2</str>
						<int id="w">70</int>
					</object>
					<object id="heights_platform_4_1311995623376">
						<int id="z">26</int>
						<int id="r">-3</int>
						<int id="x">-786</int>
						<int id="y">37</int>
						<str id="name">heights_platform_4_1311995623375</str>
						<int id="h">217</int>
						<str id="sprite_class">heights_platform_4</str>
						<int id="w">513</int>
					</object>
					<object id="ug_wall_heights_1311998014633">
						<int id="z">53</int>
						<int id="x">22</int>
						<int id="y">-116</int>
						<str id="name">ug_wall_heights_1311998014633</str>
						<int id="h">370</int>
						<str id="sprite_class">ug_wall_heights</str>
						<int id="w">635</int>
					</object>
					<object id="heights_tree_bare_1_1311995623381">
						<int id="z">17</int>
						<int id="x">-1429</int>
						<int id="y">-126</int>
						<str id="name">heights_tree_bare_1_1311995623381</str>
						<int id="h">492</int>
						<str id="sprite_class">heights_tree_bare_1</str>
						<int id="w">173</int>
					</object>
					<object id="heights_bush_2_1311995623386">
						<int id="z">46</int>
						<int id="x">-1430</int>
						<int id="y">-118</int>
						<str id="name">heights_bush_2_1311995623379</str>
						<int id="h">68</int>
						<str id="sprite_class">heights_bush_2</str>
						<int id="w">142</int>
					</object>
					<object id="alakol_cliff_1_1311998014713">
						<int id="z">4</int>
						<int id="r">3</int>
						<int id="x">1066</int>
						<int id="y">-92</int>
						<str id="name">alakol_cliff_1_1311995623365</str>
						<int id="h">149</int>
						<str id="sprite_class">alakol_cliff_1</str>
						<int id="w">850</int>
					</object>
					<object id="heights_platform_2_1311998014748">
						<int id="z">65</int>
						<int id="x">465</int>
						<int id="y">-458</int>
						<str id="name">heights_platform_2_1311998014747</str>
						<int id="h">208</int>
						<str id="sprite_class">heights_platform_2</str>
						<int id="w">451</int>
					</object>
					<object id="penaltybox_cell_background_1312407022330">
						<int id="z">10</int>
						<int id="x">-1822</int>
						<int id="y">-100</int>
						<str id="name">penaltybox_cell_background_1312407022330</str>
						<int id="h">351</int>
						<str id="sprite_class">penaltybox_cell_background</str>
						<int id="w">620</int>
					</object>
					<object id="alakol_cliff_2_1311998014716">
						<int id="z">2</int>
						<int id="r">3</int>
						<int id="x">1554</int>
						<int id="y">40</int>
						<str id="name">alakol_cliff_2_1311995623366</str>
						<int id="h">164</int>
						<str id="sprite_class">alakol_cliff_2</str>
						<int id="w">541</int>
					</object>
					<object id="heights_bandaid_3_1312407022337">
						<int id="z">16</int>
						<int id="r">-5</int>
						<int id="x">-1504</int>
						<int id="y">-305</int>
						<str id="name">heights_bandaid_3_1312407022334</str>
						<int id="h">231</int>
						<str id="sprite_class">heights_bandaid_3</str>
						<int id="w">128</int>
					</object>
					<object id="heights_ladder_1_1311998014756">
						<int id="z">68</int>
						<int id="x">168</int>
						<int id="y">-214</int>
						<str id="name">heights_ladder_1_1311998014750</str>
						<int id="h">79</int>
						<str id="sprite_class">heights_ladder_1</str>
						<int id="w">73</int>
					</object>
					<object id="gravel_2_1311995623388">
						<int id="z">48</int>
						<int id="x">-1630</int>
						<int id="y">-117</int>
						<str id="name">gravel_2_1311995623388</str>
						<int id="h">22</int>
						<str id="sprite_class">gravel_2</str>
						<int id="w">39</int>
					</object>
					<object id="alakol_cliff_1_1311998014711">
						<int id="z">34</int>
						<int id="x">895</int>
						<int id="y">29</int>
						<str id="name">alakol_cliff_1_1311995623365</str>
						<int id="h">149</int>
						<str id="sprite_class">alakol_cliff_1</str>
						<int id="w">850</int>
					</object>
					<object id="heights_mound_3_1312407707890">
						<int id="z">7</int>
						<int id="r">80</int>
						<int id="x">-1915</int>
						<int id="y">-842</int>
						<str id="name">heights_mound_3_1312407022338</str>
						<int id="h">189</int>
						<str id="sprite_class">heights_mound_3</str>
						<int id="w">498</int>
					</object>
					<object id="gravel_2_1312321789246">
						<int id="z">78</int>
						<int id="x">1076</int>
						<int id="y">-115</int>
						<str id="name">gravel_2_1311995623388</str>
						<int id="h">17</int>
						<str id="sprite_class">gravel_2</str>
						<int id="w">31</int>
					</object>
					<object id="heights_platform_4_1311995623443">
						<int id="z">24</int>
						<int id="r">6</int>
						<int id="x">-637</int>
						<int id="y">19</int>
						<str id="name">heights_platform_4_1311995623375</str>
						<int id="h">217</int>
						<str id="sprite_class">heights_platform_4</str>
						<int id="w">513</int>
					</object>
					<object id="alakol_cliff_2_1311998014717">
						<int id="z">62</int>
						<int id="x">1766</int>
						<int id="y">-79</int>
						<str id="name">alakol_cliff_2_1311995623366</str>
						<int id="h">119</int>
						<str id="sprite_class">alakol_cliff_2</str>
						<int id="w">672</int>
					</object>
					<object id="alakol_cliff_1_1311998014795">
						<int id="z">1</int>
						<int id="r">3</int>
						<int id="x">1505</int>
						<int id="y">-158</int>
						<str id="name">alakol_cliff_1_1311995623365</str>
						<int id="h">173</int>
						<str id="sprite_class">alakol_cliff_1</str>
						<int id="w">850</int>
					</object>
					<object id="heights_moss_2_1312321789242">
						<int id="z">74</int>
						<int id="x">1953</int>
						<int id="y">-47</int>
						<str id="name">heights_moss_2_1311995623391</str>
						<int id="h">44</int>
						<str id="sprite_class">heights_moss_2</str>
						<int id="w">199</int>
					</object>
					<object id="heights_moss_1_1311995623392">
						<int id="z">31</int>
						<int id="r">-1</int>
						<int id="x">-1293</int>
						<int id="y">5</int>
						<str id="name">heights_moss_1_1311995623392</str>
						<int id="h">88</int>
						<str id="sprite_class">heights_moss_1</str>
						<int id="w">162</int>
					</object>
					<object id="heights_platform_4_1311995623382">
						<int id="z">30</int>
						<int id="r">-3</int>
						<int id="x">-1163</int>
						<int id="y">104</int>
						<str id="name">heights_platform_4_1311995623375</str>
						<int id="h">217</int>
						<str id="sprite_class">heights_platform_4</str>
						<int id="w">513</int>
					</object>
					<object id="alakol_cliff_2_1311998014715">
						<int id="z">3</int>
						<int id="r">1</int>
						<int id="x">1838</int>
						<int id="y">59</int>
						<str id="name">alakol_cliff_2_1311995623366</str>
						<int id="h">164</int>
						<str id="sprite_class">alakol_cliff_2</str>
						<int id="w">541</int>
					</object>
					<object id="stalagmite_1_1312407707906">
						<int id="z">80</int>
						<int id="r">-180</int>
						<int id="x">-1727</int>
						<int id="y">-479</int>
						<bool id="h_flip">true</bool>
						<str id="name">stalagmite_1_1312407707901</str>
						<int id="h">209</int>
						<str id="sprite_class">stalagmite_1</str>
						<int id="w">64</int>
					</object>
					<object id="alakol_cliff_1_1311995623367">
						<int id="z">32</int>
						<int id="x">-1788</int>
						<int id="y">16</int>
						<bool id="h_flip">true</bool>
						<str id="name">alakol_cliff_1_1311995623365</str>
						<int id="h">149</int>
						<str id="sprite_class">alakol_cliff_1</str>
						<int id="w">850</int>
					</object>
					<object id="heights_face_1_1311995623373">
						<int id="z">39</int>
						<int id="r">5</int>
						<int id="x">215</int>
						<int id="y">298</int>
						<str id="name">heights_face_1_1311995623370</str>
						<int id="h">576</int>
						<str id="sprite_class">heights_face_1</str>
						<int id="w">842</int>
					</object>
					<object id="heights_moss_2_1312321789243">
						<int id="z">75</int>
						<int id="x">1091</int>
						<int id="y">-105</int>
						<str id="name">heights_moss_2_1311995623391</str>
						<int id="h">25</int>
						<str id="sprite_class">heights_moss_2</str>
						<int id="w">184</int>
					</object>
					<object id="bling_wildmushrooms_1_1311998014652">
						<int id="z">60</int>
						<int id="x">417</int>
						<int id="y">-108</int>
						<str id="name">bling_wildmushrooms_1_1311998014652</str>
						<int id="h">26</int>
						<str id="sprite_class">bling_wildmushrooms_1</str>
						<int id="w">92</int>
					</object>
					<object id="heights_moss_1_1312321789241">
						<int id="z">72</int>
						<int id="r">-1</int>
						<int id="x">1302</int>
						<int id="y">11</int>
						<str id="name">heights_moss_1_1311995623392</str>
						<int id="h">88</int>
						<str id="sprite_class">heights_moss_1</str>
						<int id="w">162</int>
					</object>
					<object id="heights_ladder_1_1311998014753">
						<int id="z">66</int>
						<int id="x">180</int>
						<int id="y">-602</int>
						<str id="name">heights_ladder_1_1311998014750</str>
						<int id="h">79</int>
						<str id="sprite_class">heights_ladder_1</str>
						<int id="w">73</int>
					</object>
					<object id="heights_face_1_1312407707883">
						<int id="z">8</int>
						<int id="r">45</int>
						<int id="x">-2106</int>
						<int id="y">-377</int>
						<str id="name">heights_face_1_1311995623370</str>
						<int id="h">576</int>
						<str id="sprite_class">heights_face_1</str>
						<int id="w">842</int>
					</object>
					<object id="heights_mound_3_1312407022339">
						<int id="z">13</int>
						<int id="r">20</int>
						<int id="x">-1721</int>
						<int id="y">-441</int>
						<str id="name">heights_mound_3_1312407022338</str>
						<int id="h">189</int>
						<str id="sprite_class">heights_mound_3</str>
						<int id="w">498</int>
					</object>
					<object id="heights_bush_1_1311995623387">
						<int id="z">44</int>
						<int id="r">-3</int>
						<int id="x">-1519</int>
						<int id="y">-110</int>
						<str id="name">heights_bush_1_1311995623380</str>
						<int id="h">57</int>
						<str id="sprite_class">heights_bush_1</str>
						<int id="w">103</int>
					</object>
					<object id="gravel_2_1311995623427">
						<int id="z">49</int>
						<int id="x">-1461</int>
						<int id="y">-105</int>
						<bool id="h_flip">true</bool>
						<str id="name">gravel_2_1311995623388</str>
						<int id="h">37</int>
						<str id="sprite_class">gravel_2</str>
						<int id="w">65</int>
					</object>
					<object id="heights_face_1_1311995623371">
						<int id="z">18</int>
						<int id="r">-5</int>
						<int id="x">-825</int>
						<int id="y">218</int>
						<str id="name">heights_face_1_1311995623370</str>
						<int id="h">576</int>
						<str id="sprite_class">heights_face_1</str>
						<int id="w">842</int>
					</object>
					<object id="heights_face_1_1311995623370">
						<int id="z">9</int>
						<int id="r">-15</int>
						<int id="x">-1316</int>
						<int id="y">290</int>
						<str id="name">heights_face_1_1311995623370</str>
						<int id="h">576</int>
						<str id="sprite_class">heights_face_1</str>
						<int id="w">842</int>
					</object>
					<object id="ug_ground_heights_1311998014637">
						<int id="z">57</int>
						<int id="x">171</int>
						<int id="y">-36</int>
						<str id="name">ug_ground_heights_1311998014635</str>
						<int id="h">69</int>
						<str id="sprite_class">ug_ground_heights</str>
						<int id="w">496</int>
					</object>
					<object id="heights_ladder_1_1311998014752">
						<int id="z">63</int>
						<int id="x">178</int>
						<int id="y">-369</int>
						<str id="name">heights_ladder_1_1311998014750</str>
						<int id="h">79</int>
						<str id="sprite_class">heights_ladder_1</str>
						<int id="w">73</int>
					</object>
					<object id="alakol_cliff_1_1311998014710">
						<int id="z">38</int>
						<int id="x">1673</int>
						<int id="y">62</int>
						<str id="name">alakol_cliff_1_1311995623365</str>
						<int id="h">149</int>
						<str id="sprite_class">alakol_cliff_1</str>
						<int id="w">850</int>
					</object>
					<object id="heights_face_1_1311995623436">
						<int id="z">6</int>
						<int id="r">10</int>
						<int id="x">-1487</int>
						<int id="y">204</int>
						<str id="name">heights_face_1_1311995623370</str>
						<int id="h">576</int>
						<str id="sprite_class">heights_face_1</str>
						<int id="w">842</int>
					</object>
					<object id="alakol_cliff_1_1311995623437">
						<int id="z">36</int>
						<int id="x">-1890</int>
						<int id="y">63</int>
						<str id="name">alakol_cliff_1_1311995623365</str>
						<int id="h">149</int>
						<str id="sprite_class">alakol_cliff_1</str>
						<int id="w">850</int>
					</object>
					<object id="heights_face_1_1311995623372">
						<int id="z">22</int>
						<int id="r">5</int>
						<int id="x">-325</int>
						<int id="y">223</int>
						<str id="name">heights_face_1_1311995623370</str>
						<int id="h">576</int>
						<str id="sprite_class">heights_face_1</str>
						<int id="w">842</int>
					</object>
					<object id="alakol_cliff_1_1311995623365">
						<int id="z">35</int>
						<int id="x">-1746</int>
						<int id="y">35</int>
						<str id="name">alakol_cliff_1_1311995623365</str>
						<int id="h">149</int>
						<str id="sprite_class">alakol_cliff_1</str>
						<int id="w">850</int>
					</object>
					<object id="ug_ground_heights_1311998014639">
						<int id="z">59</int>
						<int id="x">403</int>
						<int id="y">-22</int>
						<str id="name">ug_ground_heights_1311998014635</str>
						<int id="h">69</int>
						<str id="sprite_class">ug_ground_heights</str>
						<int id="w">496</int>
					</object>
					<object id="heights_moss_2_1311995623394">
						<int id="z">42</int>
						<int id="x">-988</int>
						<int id="y">-127</int>
						<str id="name">heights_moss_2_1311995623391</str>
						<int id="h">44</int>
						<str id="sprite_class">heights_moss_2</str>
						<int id="w">199</int>
					</object>
					<object id="heights_moss_2_1312407022331">
						<int id="z">40</int>
						<int id="x">-1698</int>
						<int id="y">-108</int>
						<str id="name">heights_moss_2_1311995623391</str>
						<int id="h">32</int>
						<str id="sprite_class">heights_moss_2</str>
						<int id="w">217</int>
					</object>
					<object id="ug_wall_heights_1311998014634">
						<int id="z">55</int>
						<int id="x">314</int>
						<int id="y">-120</int>
						<str id="name">ug_wall_heights_1311998014633</str>
						<int id="h">370</int>
						<str id="sprite_class">ug_wall_heights</str>
						<int id="w">635</int>
					</object>
					<object id="alakol_cliff_1_1311998014796">
						<int id="z">0</int>
						<int id="r">3</int>
						<int id="x">1873</int>
						<int id="y">-149</int>
						<str id="name">alakol_cliff_1_1311995623365</str>
						<int id="h">173</int>
						<str id="sprite_class">alakol_cliff_1</str>
						<int id="w">850</int>
					</object>
					<object id="ug_ground_heights_1311998014638">
						<int id="z">58</int>
						<int id="x">-182</int>
						<int id="y">-31</int>
						<str id="name">ug_ground_heights_1311998014635</str>
						<int id="h">69</int>
						<str id="sprite_class">ug_ground_heights</str>
						<int id="w">496</int>
					</object>
					<object id="heights_moss_2_1311995623391">
						<int id="z">41</int>
						<int id="x">-1572</int>
						<int id="y">-91</int>
						<str id="name">heights_moss_2_1311995623391</str>
						<int id="h">44</int>
						<str id="sprite_class">heights_moss_2</str>
						<int id="w">199</int>
					</object>
					<object id="heights_moss_2_1312321789240">
						<int id="z">73</int>
						<int id="x">1839</int>
						<int id="y">-56</int>
						<str id="name">heights_moss_2_1311995623391</str>
						<int id="h">44</int>
						<str id="sprite_class">heights_moss_2</str>
						<int id="w">199</int>
					</object>
					<object id="alakol_cliff_2_1311995623378">
						<int id="z">21</int>
						<int id="x">-1192</int>
						<int id="y">-95</int>
						<str id="name">alakol_cliff_2_1311995623366</str>
						<int id="h">130</int>
						<str id="sprite_class">alakol_cliff_2</str>
						<int id="w">483</int>
					</object>
					<object id="crosssection_heights_pillar_2_1312407022324">
						<int id="z">14</int>
						<int id="x">-1571</int>
						<int id="y">-130</int>
						<str id="name">crosssection_heights_pillar_2_1312407022323</str>
						<int id="h">355</int>
						<str id="sprite_class">crosssection_heights_pillar_2</str>
						<int id="w">157</int>
					</object>
					<object id="heights_platform_4_1311995623383">
						<int id="z">29</int>
						<int id="r">-3</int>
						<int id="x">-769</int>
						<int id="y">83</int>
						<str id="name">heights_platform_4_1311995623375</str>
						<int id="h">217</int>
						<str id="sprite_class">heights_platform_4</str>
						<int id="w">513</int>
					</object>
					<object id="heights_platform_3_1311998014777">
						<int id="z">71</int>
						<int id="r">-10</int>
						<int id="x">-335</int>
						<int id="y">-456</int>
						<bool id="h_flip">true</bool>
						<str id="name">heights_platform_3_1311998014776</str>
						<int id="h">205</int>
						<str id="sprite_class">heights_platform_3</str>
						<int id="w">236</int>
					</object>
					<object id="heights_moss_2_1312407022332">
						<int id="z">79</int>
						<int id="x">-1629</int>
						<int id="y">-83</int>
						<str id="name">heights_moss_2_1311995623391</str>
						<int id="h">37</int>
						<str id="sprite_class">heights_moss_2</str>
						<int id="w">213</int>
					</object>
					<object id="alakol_cliff_1_1311998014709">
						<int id="z">37</int>
						<int id="x">1069</int>
						<int id="y">48</int>
						<str id="name">alakol_cliff_1_1311995623365</str>
						<int id="h">149</int>
						<str id="sprite_class">alakol_cliff_1</str>
						<int id="w">850</int>
					</object>
					<object id="alakol_water_rock_1_1312407022328">
						<int id="z">20</int>
						<int id="x">-1093</int>
						<int id="y">-279</int>
						<bool id="h_flip">true</bool>
						<str id="name">alakol_water_rock_1_1311995623368</str>
						<int id="h">66</int>
						<str id="sprite_class">alakol_water_rock_1</str>
						<int id="w">125</int>
					</object>
					<object id="heights_mound_3_1312407022340">
						<int id="z">12</int>
						<int id="r">-10</int>
						<int id="x">-1882</int>
						<int id="y">-424</int>
						<str id="name">heights_mound_3_1312407022338</str>
						<int id="h">189</int>
						<str id="sprite_class">heights_mound_3</str>
						<int id="w">498</int>
					</object>
					<object id="heights_platform_3_1311998014776">
						<int id="z">70</int>
						<int id="r">5</int>
						<int id="x">653</int>
						<int id="y">-439</int>
						<str id="name">heights_platform_3_1311998014776</str>
						<int id="h">205</int>
						<str id="sprite_class">heights_platform_3</str>
						<int id="w">236</int>
					</object>
					<object id="heights_platform_4_1311995623442">
						<int id="z">25</int>
						<int id="x">-579</int>
						<int id="y">63</int>
						<str id="name">heights_platform_4_1311995623375</str>
						<int id="h">217</int>
						<str id="sprite_class">heights_platform_4</str>
						<int id="w">513</int>
					</object>
					<object id="crosssection_heights_underside_1311998014675">
						<int id="z">23</int>
						<int id="r">-275</int>
						<int id="x">-467</int>
						<int id="y">-115</int>
						<str id="name">crosssection_heights_underside_1311998014622</str>
						<int id="h">112</int>
						<str id="sprite_class">crosssection_heights_underside</str>
						<int id="w">580</int>
					</object>
					<object id="alakol_cliff_1_1311995623377">
						<int id="z">28</int>
						<int id="x">-985</int>
						<int id="y">-153</int>
						<str id="name">alakol_cliff_1_1311995623365</str>
						<int id="h">149</int>
						<str id="sprite_class">alakol_cliff_1</str>
						<int id="w">850</int>
					</object>
					<object id="heights_bush_1_1312321789245">
						<int id="z">76</int>
						<int id="r">-3</int>
						<int id="x">972</int>
						<int id="y">-110</int>
						<str id="name">heights_bush_1_1311995623380</str>
						<int id="h">78</int>
						<str id="sprite_class">heights_bush_1</str>
						<int id="w">141</int>
					</object>
					<object id="stalagmite_1_1312407707908">
						<int id="z">11</int>
						<int id="x">-1728</int>
						<int id="y">-119</int>
						<str id="name">stalagmite_1_1312407707901</str>
						<int id="h">93</int>
						<str id="sprite_class">stalagmite_1</str>
						<int id="w">56</int>
					</object>
					<object id="alakol_cliff_1_1311998014712">
						<int id="z">33</int>
						<int id="r">2</int>
						<int id="x">1389</int>
						<int id="y">35</int>
						<str id="name">alakol_cliff_1_1311995623365</str>
						<int id="h">149</int>
						<str id="sprite_class">alakol_cliff_1</str>
						<int id="w">850</int>
					</object>
					<object id="groddle_fern_1_1311995623390">
						<int id="z">47</int>
						<int id="x">-1615</int>
						<int id="y">-119</int>
						<bool id="h_flip">true</bool>
						<str id="name">groddle_fern_1_1311995623390</str>
						<int id="h">75</int>
						<str id="sprite_class">groddle_fern_1</str>
						<int id="w">126</int>
					</object>
				</object>
			</object>
			<object id="T_1311998014807">
				<int id="z">-2</int>
				<str id="name">bg2</str>
				<int id="h">1000</int>
				<object id="filtersNEW">
					<object id="saturation">
						<int id="value">-23</int>
					</object>
					<object id="brightness">
						<int id="value">14</int>
					</object>
					<object id="contrast">
						<int id="value">-12</int>
					</object>
				</object>
				<object id="decos">
					<object id="pinehills_2_1311998014831">
						<int id="z">3</int>
						<int id="r">-7</int>
						<int id="x">2812</int>
						<int id="y">713</int>
						<str id="name">pinehills_2_1311998014808</str>
						<int id="h">200</int>
						<str id="sprite_class">pinehills_2</str>
						<int id="w">661</int>
					</object>
					<object id="pinehills_2_1311998014834">
						<int id="z">0</int>
						<int id="r">-6</int>
						<int id="x">2276</int>
						<int id="y">796</int>
						<str id="name">pinehills_2_1311998014808</str>
						<int id="h">200</int>
						<str id="sprite_class">pinehills_2</str>
						<int id="w">661</int>
					</object>
					<object id="pinehills_2_1311998014832">
						<int id="z">2</int>
						<int id="r">-4</int>
						<int id="x">2538</int>
						<int id="y">770</int>
						<str id="name">pinehills_2_1311998014808</str>
						<int id="h">200</int>
						<str id="sprite_class">pinehills_2</str>
						<int id="w">661</int>
					</object>
					<object id="pinehills_2_1311998014833">
						<int id="z">1</int>
						<int id="r">3</int>
						<int id="x">1988</int>
						<int id="y">793</int>
						<str id="name">pinehills_2_1311998014808</str>
						<int id="h">200</int>
						<str id="sprite_class">pinehills_2</str>
						<int id="w">661</int>
					</object>
					<object id="pinehills_2_1311998014811">
						<int id="z">8</int>
						<int id="r">5</int>
						<int id="x">382</int>
						<int id="y">710</int>
						<str id="name">pinehills_2_1311998014808</str>
						<int id="h">200</int>
						<str id="sprite_class">pinehills_2</str>
						<int id="w">661</int>
					</object>
					<object id="pinehills_2_1311998014808">
						<int id="z">6</int>
						<int id="r">4</int>
						<int id="x">129</int>
						<int id="y">678</int>
						<str id="name">pinehills_2_1311998014808</str>
						<int id="h">200</int>
						<str id="sprite_class">pinehills_2</str>
						<int id="w">661</int>
					</object>
					<object id="pinehills_2_1311998014814">
						<int id="z">4</int>
						<int id="r">5</int>
						<int id="x">809</int>
						<int id="y">790</int>
						<str id="name">pinehills_2_1311998014808</str>
						<int id="h">200</int>
						<str id="sprite_class">pinehills_2</str>
						<int id="w">661</int>
					</object>
					<object id="pinehills_2_1311998014813">
						<int id="z">10</int>
						<int id="r">5</int>
						<int id="x">1008</int>
						<int id="y">827</int>
						<str id="name">pinehills_2_1311998014808</str>
						<int id="h">200</int>
						<str id="sprite_class">pinehills_2</str>
						<int id="w">661</int>
					</object>
					<object id="pinehills_2_1311998014812">
						<int id="z">7</int>
						<int id="r">5</int>
						<int id="x">608</int>
						<int id="y">756</int>
						<str id="name">pinehills_2_1311998014808</str>
						<int id="h">200</int>
						<str id="sprite_class">pinehills_2</str>
						<int id="w">661</int>
					</object>
					<object id="pinehills_2_1311998014810">
						<int id="z">5</int>
						<int id="r">4</int>
						<int id="x">-49</int>
						<int id="y">653</int>
						<str id="name">pinehills_2_1311998014808</str>
						<int id="h">200</int>
						<str id="sprite_class">pinehills_2</str>
						<int id="w">661</int>
					</object>
					<object id="pinehills_2_1311998014830">
						<int id="z">9</int>
						<int id="r">-2</int>
						<int id="x">3059</int>
						<int id="y">677</int>
						<str id="name">pinehills_2_1311998014808</str>
						<int id="h">200</int>
						<str id="sprite_class">pinehills_2</str>
						<int id="w">661</int>
					</object>
				</object>
				<int id="w">3132</int>
			</object>
			<object id="T_1311995623364">
				<int id="z">-3</int>
				<str id="name">mtn</str>
				<int id="h">1000</int>
				<object id="decos">
					<object id="mountain_trees_darker_1_1311998014817">
						<int id="z">4</int>
						<int id="r">3</int>
						<int id="x">1122</int>
						<int id="y">810</int>
						<str id="name">mountain_trees_darker_1_1311998014815</str>
						<int id="h">299</int>
						<str id="sprite_class">mountain_trees_darker_1</str>
						<int id="w">839</int>
					</object>
					<object id="mountain_trees_darker_1_1311998014835">
						<int id="z">2</int>
						<int id="x">1854</int>
						<int id="y">754</int>
						<bool id="h_flip">true</bool>
						<str id="name">mountain_trees_darker_1_1311998014815</str>
						<int id="h">299</int>
						<str id="sprite_class">mountain_trees_darker_1</str>
						<int id="w">839</int>
					</object>
					<object id="mountain_trees_darker_1_1311998014836">
						<int id="z">3</int>
						<int id="r">-3</int>
						<int id="x">2591</int>
						<int id="y">710</int>
						<str id="name">mountain_trees_darker_1_1311998014815</str>
						<int id="h">299</int>
						<str id="sprite_class">mountain_trees_darker_1</str>
						<int id="w">839</int>
					</object>
					<object id="mountain_trees_darker_1_1311998014816">
						<int id="z">1</int>
						<int id="x">826</int>
						<int id="y">749</int>
						<bool id="h_flip">true</bool>
						<str id="name">mountain_trees_darker_1_1311998014815</str>
						<int id="h">299</int>
						<str id="sprite_class">mountain_trees_darker_1</str>
						<int id="w">839</int>
					</object>
					<object id="mountain_trees_darker_1_1311998014825">
						<int id="z">0</int>
						<int id="x">517</int>
						<int id="y">680</int>
						<bool id="h_flip">true</bool>
						<str id="name">mountain_trees_darker_1_1311998014815</str>
						<int id="h">299</int>
						<str id="sprite_class">mountain_trees_darker_1</str>
						<int id="w">839</int>
					</object>
				</object>
				<int id="w">2960</int>
			</object>
			<object id="T_1311998014620">
				<int id="z">1</int>
				<str id="name">plus</str>
				<int id="h">1000</int>
				<object id="decos">
					<object id="crosssection_heights_pillar_1_1311998014621">
						<int id="z">45</int>
						<int id="x">1596</int>
						<int id="y">937</int>
						<bool id="h_flip">true</bool>
						<str id="name">crosssection_heights_pillar_1_1311995623441</str>
						<int id="h">335</int>
						<str id="sprite_class">crosssection_heights_pillar_1</str>
						<int id="w">179</int>
					</object>
					<object id="crosssection_heights_underside_1311998014642">
						<int id="z">42</int>
						<int id="r">-10</int>
						<int id="x">2415</int>
						<int id="y">1028</int>
						<str id="name">crosssection_heights_underside_1311998014622</str>
						<int id="h">112</int>
						<str id="sprite_class">crosssection_heights_underside</str>
						<int id="w">580</int>
					</object>
					<object id="heights_mound_3_1311998014693">
						<int id="z">32</int>
						<int id="r">260</int>
						<int id="x">2669</int>
						<int id="y">708</int>
						<str id="name">heights_mound_3_1311998014624</str>
						<int id="h">189</int>
						<str id="sprite_class">heights_mound_3</str>
						<int id="w">498</int>
					</object>
					<object id="heights_mound_3_1311998014627">
						<int id="z">36</int>
						<int id="r">165</int>
						<int id="x">1782</int>
						<int id="y">474</int>
						<str id="name">heights_mound_3_1311998014624</str>
						<int id="h">189</int>
						<str id="sprite_class">heights_mound_3</str>
						<int id="w">498</int>
					</object>
					<object id="heights_mound_3_1311998014668">
						<int id="z">27</int>
						<int id="r">15</int>
						<int id="x">2506</int>
						<int id="y">601</int>
						<str id="name">heights_mound_3_1311998014624</str>
						<int id="h">189</int>
						<str id="sprite_class">heights_mound_3</str>
						<int id="w">498</int>
					</object>
					<object id="crosssection_heights_underside_1312407022341">
						<int id="z">11</int>
						<int id="x">189</int>
						<int id="y">597</int>
						<str id="name">crosssection_heights_underside_1312407022341</str>
						<int id="h">111</int>
						<str id="sprite_class">crosssection_heights_underside</str>
						<int id="w">374</int>
					</object>
					<object id="crosssection_heights_pillar_1_1312407022325">
						<int id="z">62</int>
						<int id="x">10</int>
						<int id="y">1007</int>
						<str id="name">crosssection_heights_pillar_1_1312407022322</str>
						<int id="h">445</int>
						<str id="sprite_class">crosssection_heights_pillar_1</str>
						<int id="w">193</int>
					</object>
					<object id="heights_bandaid_3_1311998014685">
						<int id="z">52</int>
						<int id="r">-80</int>
						<int id="x">2392</int>
						<int id="y">490</int>
						<str id="name">heights_bandaid_3_1311998014663</str>
						<int id="h">264</int>
						<str id="sprite_class">heights_bandaid_3</str>
						<int id="w">146</int>
					</object>
					<object id="box_blur_1_1311998014780">
						<int id="z">23</int>
						<int id="r">-15</int>
						<int id="x">2627</int>
						<int id="y">1008</int>
						<str id="name">box_blur_1_1311998014659</str>
						<int id="h">510</int>
						<str id="sprite_class">box_blur_1</str>
						<int id="w">197</int>
					</object>
					<object id="heights_bandaid_3_1311998014689">
						<int id="z">55</int>
						<int id="r">-45</int>
						<int id="x">2646</int>
						<int id="y">488</int>
						<str id="name">heights_bandaid_3_1311998014663</str>
						<int id="h">264</int>
						<str id="sprite_class">heights_bandaid_3</str>
						<int id="w">146</int>
					</object>
					<object id="stalagmite_1_1312407707901">
						<int id="z">4</int>
						<int id="x">99</int>
						<int id="y">934</int>
						<str id="name">stalagmite_1_1312407707901</str>
						<int id="h">74</int>
						<str id="sprite_class">stalagmite_1</str>
						<int id="w">40</int>
					</object>
					<object id="stalagmite_3_1312407707909">
						<int id="z">10</int>
						<int id="r">-180</int>
						<int id="x">313</int>
						<int id="y">555</int>
						<bool id="h_flip">true</bool>
						<str id="name">stalagmite_3_1312407707895</str>
						<int id="h">108</int>
						<str id="sprite_class">stalagmite_3</str>
						<int id="w">44</int>
					</object>
					<object id="heights_mound_3_1311998014661">
						<int id="z">37</int>
						<int id="r">-10</int>
						<int id="x">1756</int>
						<int id="y">600</int>
						<str id="name">heights_mound_3_1311998014624</str>
						<int id="h">189</int>
						<str id="sprite_class">heights_mound_3</str>
						<int id="w">498</int>
					</object>
					<object id="heights_bandaid_3_1311998014694">
						<int id="z">54</int>
						<int id="r">-7</int>
						<int id="x">2626</int>
						<int id="y">861</int>
						<str id="name">heights_bandaid_3_1311998014663</str>
						<int id="h">264</int>
						<str id="sprite_class">heights_bandaid_3</str>
						<int id="w">146</int>
					</object>
					<object id="crosssection_heights_pillar_1_1311998014630">
						<int id="z">30</int>
						<int id="r">-5</int>
						<int id="x">2695</int>
						<int id="y">963</int>
						<str id="name">crosssection_heights_pillar_1_1311995623441</str>
						<int id="h">335</int>
						<str id="sprite_class">crosssection_heights_pillar_1</str>
						<int id="w">179</int>
					</object>
					<object id="heights_mound_3_1311998014643">
						<int id="z">39</int>
						<int id="r">10</int>
						<int id="x">1685</int>
						<int id="y">1083</int>
						<str id="name">heights_mound_3_1311998014624</str>
						<int id="h">189</int>
						<str id="sprite_class">heights_mound_3</str>
						<int id="w">498</int>
					</object>
					<object id="heights_mound_3_1311998014687">
						<int id="z">31</int>
						<int id="r">85</int>
						<int id="x">2586</int>
						<int id="y">461</int>
						<bool id="h_flip">true</bool>
						<str id="name">heights_mound_3_1311998014624</str>
						<int id="h">189</int>
						<str id="sprite_class">heights_mound_3</str>
						<int id="w">498</int>
					</object>
					<object id="box_blur_1_1311998014660">
						<int id="z">22</int>
						<int id="r">15</int>
						<int id="x">1645</int>
						<int id="y">1031</int>
						<str id="name">box_blur_1_1311998014659</str>
						<int id="h">510</int>
						<str id="sprite_class">box_blur_1</str>
						<int id="w">197</int>
					</object>
					<object id="heights_mound_3_1311998014628">
						<int id="z">38</int>
						<int id="r">170</int>
						<int id="x">1990</int>
						<int id="y">423</int>
						<str id="name">heights_mound_3_1311998014624</str>
						<int id="h">189</int>
						<str id="sprite_class">heights_mound_3</str>
						<int id="w">498</int>
					</object>
					<object id="heights_bandaid_3_1311998014683">
						<int id="z">49</int>
						<int id="r">-105</int>
						<int id="x">2038</int>
						<int id="y">431</int>
						<str id="name">heights_bandaid_3_1311998014663</str>
						<int id="h">264</int>
						<str id="sprite_class">heights_bandaid_3</str>
						<int id="w">146</int>
					</object>
					<object id="heights_mound_3_1311998014624">
						<int id="z">41</int>
						<int id="r">105</int>
						<int id="x">1623</int>
						<int id="y">698</int>
						<str id="name">heights_mound_3_1311998014624</str>
						<int id="h">189</int>
						<str id="sprite_class">heights_mound_3</str>
						<int id="w">498</int>
					</object>
					<object id="heights_mound_3_1311998014744">
						<int id="z">16</int>
						<int id="r">195</int>
						<int id="x">2445</int>
						<int id="y">-37</int>
						<str id="name">heights_mound_3_1311998014624</str>
						<int id="h">189</int>
						<str id="sprite_class">heights_mound_3</str>
						<int id="w">498</int>
					</object>
					<object id="heights_mound_3_1311998014679">
						<int id="z">19</int>
						<int id="r">-70</int>
						<int id="x">1750</int>
						<int id="y">380</int>
						<str id="name">heights_mound_3_1311998014624</str>
						<int id="h">189</int>
						<str id="sprite_class">heights_mound_3</str>
						<int id="w">498</int>
					</object>
					<object id="stalagmite_base_2_1312407707905">
						<int id="z">63</int>
						<int id="x">307</int>
						<int id="y">967</int>
						<str id="name">stalagmite_base_2_1312407707898</str>
						<int id="h">19</int>
						<str id="sprite_class">stalagmite_base_2</str>
						<int id="w">77</int>
					</object>
					<object id="heights_bandaid_3_1311998014740">
						<int id="z">59</int>
						<int id="r">50</int>
						<int id="x">1764</int>
						<int id="y">73</int>
						<str id="name">heights_bandaid_3_1311998014663</str>
						<int id="h">264</int>
						<str id="sprite_class">heights_bandaid_3</str>
						<int id="w">146</int>
					</object>
					<object id="heights_bandaid_3_1311998014686">
						<int id="z">53</int>
						<int id="r">-45</int>
						<int id="x">2694</int>
						<int id="y">633</int>
						<str id="name">heights_bandaid_3_1311998014663</str>
						<int id="h">264</int>
						<str id="sprite_class">heights_bandaid_3</str>
						<int id="w">146</int>
					</object>
					<object id="heights_bandaid_3_1311998014739">
						<int id="z">58</int>
						<int id="r">-40</int>
						<int id="x">1942</int>
						<int id="y">496</int>
						<str id="name">heights_bandaid_3_1311998014663</str>
						<int id="h">264</int>
						<str id="sprite_class">heights_bandaid_3</str>
						<int id="w">146</int>
					</object>
					<object id="stalagmite_2_1312407707904">
						<int id="z">64</int>
						<int id="x">308</int>
						<int id="y">963</int>
						<str id="name">stalagmite_2_1312407707899</str>
						<int id="h">107</int>
						<str id="sprite_class">stalagmite_2</str>
						<int id="w">46</int>
					</object>
					<object id="heights_mound_3_1311998014644">
						<int id="z">40</int>
						<int id="r">-5</int>
						<int id="x">2555</int>
						<int id="y">1106</int>
						<bool id="h_flip">true</bool>
						<str id="name">heights_mound_3_1311998014624</str>
						<int id="h">189</int>
						<str id="sprite_class">heights_mound_3</str>
						<int id="w">498</int>
					</object>
					<object id="heights_bandaid_3_1311998014663">
						<int id="z">48</int>
						<int id="r">-45</int>
						<int id="x">1883</int>
						<int id="y">638</int>
						<str id="name">heights_bandaid_3_1311998014663</str>
						<int id="h">264</int>
						<str id="sprite_class">heights_bandaid_3</str>
						<int id="w">146</int>
					</object>
					<object id="stalagmite_base_2_1312407707898">
						<int id="z">1</int>
						<int id="x">101</int>
						<int id="y">941</int>
						<str id="name">stalagmite_base_2_1312407707898</str>
						<int id="h">15</int>
						<str id="sprite_class">stalagmite_base_2</str>
						<int id="w">71</int>
					</object>
					<object id="heights_mound_3_1311998014745">
						<int id="z">17</int>
						<int id="r">191</int>
						<int id="x">2151</int>
						<int id="y">-91</int>
						<str id="name">heights_mound_3_1311998014624</str>
						<int id="h">189</int>
						<str id="sprite_class">heights_mound_3</str>
						<int id="w">498</int>
					</object>
					<object id="crosssection_heights_underside_1311998014640">
						<int id="z">44</int>
						<int id="r">-350</int>
						<int id="x">1896</int>
						<int id="y">1022</int>
						<str id="name">crosssection_heights_underside_1311998014622</str>
						<int id="h">112</int>
						<str id="sprite_class">crosssection_heights_underside</str>
						<int id="w">580</int>
					</object>
					<object id="heights_mound_3_1311998014631">
						<int id="z">34</int>
						<int id="r">200</int>
						<int id="x">2509</int>
						<int id="y">478</int>
						<str id="name">heights_mound_3_1311998014624</str>
						<int id="h">189</int>
						<str id="sprite_class">heights_mound_3</str>
						<int id="w">498</int>
					</object>
					<object id="heights_bandaid_3_1311998014664">
						<int id="z">50</int>
						<int id="r">-170</int>
						<int id="x">1650</int>
						<int id="y">433</int>
						<str id="name">heights_bandaid_3_1311998014663</str>
						<int id="h">264</int>
						<str id="sprite_class">heights_bandaid_3</str>
						<int id="w">146</int>
					</object>
					<object id="crosssection_heights_underside_1311998014622">
						<int id="z">46</int>
						<int id="r">-255</int>
						<int id="x">1594</int>
						<int id="y">886</int>
						<str id="name">crosssection_heights_underside_1311998014622</str>
						<int id="h">112</int>
						<str id="sprite_class">crosssection_heights_underside</str>
						<int id="w">580</int>
					</object>
					<object id="heights_bandaid_3_1311998014741">
						<int id="z">60</int>
						<int id="r">105</int>
						<int id="x">2365</int>
						<int id="y">-62</int>
						<str id="name">heights_bandaid_3_1311998014663</str>
						<int id="h">264</int>
						<str id="sprite_class">heights_bandaid_3</str>
						<int id="w">146</int>
					</object>
					<object id="heights_bandaid_3_1311998014665">
						<int id="z">51</int>
						<int id="r">-45</int>
						<int id="x">1815</int>
						<int id="y">1008</int>
						<str id="name">heights_bandaid_3_1311998014663</str>
						<int id="h">264</int>
						<str id="sprite_class">heights_bandaid_3</str>
						<int id="w">146</int>
					</object>
					<object id="crosssection_heights_underside_1311998014641">
						<int id="z">43</int>
						<int id="x">2120</int>
						<int id="y">1033</int>
						<str id="name">crosssection_heights_underside_1311998014622</str>
						<int id="h">112</int>
						<str id="sprite_class">crosssection_heights_underside</str>
						<int id="w">580</int>
					</object>
					<object id="heights_bandaid_3_1311998014691">
						<int id="z">57</int>
						<int id="x">2540</int>
						<int id="y">362</int>
						<str id="name">heights_bandaid_3_1311998014663</str>
						<int id="h">264</int>
						<str id="sprite_class">heights_bandaid_3</str>
						<int id="w">146</int>
					</object>
					<object id="heights_mound_3_1311998014681">
						<int id="z">21</int>
						<int id="r">-85</int>
						<int id="x">1850</int>
						<int id="y">218</int>
						<str id="name">heights_mound_3_1311998014624</str>
						<int id="h">189</int>
						<str id="sprite_class">heights_mound_3</str>
						<int id="w">498</int>
					</object>
					<object id="stalagmite_2_1312407707900">
						<int id="z">3</int>
						<int id="x">138</int>
						<int id="y">945</int>
						<str id="name">stalagmite_2_1312407707899</str>
						<int id="h">138</int>
						<str id="sprite_class">stalagmite_2</str>
						<int id="w">38</int>
					</object>
					<object id="crosssection_heights_underside_1311998014626">
						<int id="z">47</int>
						<int id="r">-255</int>
						<int id="x">1558</int>
						<int id="y">815</int>
						<str id="name">crosssection_heights_underside_1311998014622</str>
						<int id="h">112</int>
						<str id="sprite_class">crosssection_heights_underside</str>
						<int id="w">580</int>
					</object>
					<object id="heights_mound_3_1311998014629">
						<int id="z">35</int>
						<int id="r">180</int>
						<int id="x">2285</int>
						<int id="y">418</int>
						<str id="name">heights_mound_3_1311998014624</str>
						<int id="h">189</int>
						<str id="sprite_class">heights_mound_3</str>
						<int id="w">498</int>
					</object>
					<object id="stalagmite_base_3_1312407707897">
						<int id="z">2</int>
						<int id="x">138</int>
						<int id="y">951</int>
						<str id="name">stalagmite_base_3_1312407707897</str>
						<int id="h">23</int>
						<str id="sprite_class">stalagmite_base_3</str>
						<int id="w">71</int>
					</object>
					<object id="heights_mound_3_1311998014743">
						<int id="z">18</int>
						<int id="r">175</int>
						<int id="x">1899</int>
						<int id="y">-93</int>
						<str id="name">heights_mound_3_1311998014624</str>
						<int id="h">189</int>
						<str id="sprite_class">heights_mound_3</str>
						<int id="w">498</int>
					</object>
					<object id="heights_mound_3_1311998014688">
						<int id="z">33</int>
						<int id="r">90</int>
						<int id="x">2580</int>
						<int id="y">158</int>
						<bool id="h_flip">true</bool>
						<str id="name">heights_mound_3_1311998014624</str>
						<int id="h">189</int>
						<str id="sprite_class">heights_mound_3</str>
						<int id="w">498</int>
					</object>
					<object id="heights_bandaid_3_1311998014690">
						<int id="z">56</int>
						<int id="r">-45</int>
						<int id="x">2665</int>
						<int id="y">166</int>
						<str id="name">heights_bandaid_3_1311998014663</str>
						<int id="h">264</int>
						<str id="sprite_class">heights_bandaid_3</str>
						<int id="w">146</int>
					</object>
					<object id="stalagmite_1_1312407707902">
						<int id="z">5</int>
						<int id="r">-180</int>
						<int id="x">101</int>
						<int id="y">557</int>
						<bool id="h_flip">true</bool>
						<str id="name">stalagmite_1_1312407707901</str>
						<int id="h">207</int>
						<str id="sprite_class">stalagmite_1</str>
						<int id="w">48</int>
					</object>
					<object id="stalagmite_3_1312407707896">
						<int id="z">0</int>
						<int id="r">-180</int>
						<int id="x">137</int>
						<int id="y">543</int>
						<bool id="h_flip">true</bool>
						<str id="name">stalagmite_3_1312407707895</str>
						<int id="h">158</int>
						<str id="sprite_class">stalagmite_3</str>
						<int id="w">57</int>
					</object>
					<object id="heights_mound_3_1311998014680">
						<int id="z">20</int>
						<int id="r">-96</int>
						<int id="x">1775</int>
						<int id="y">125</int>
						<str id="name">heights_mound_3_1311998014624</str>
						<int id="h">189</int>
						<str id="sprite_class">heights_mound_3</str>
						<int id="w">498</int>
					</object>
					<object id="heights_bandaid_3_1311998014746">
						<int id="z">61</int>
						<int id="r">-130</int>
						<int id="x">1923</int>
						<int id="y">29</int>
						<str id="name">heights_bandaid_3_1311998014663</str>
						<int id="h">264</int>
						<str id="sprite_class">heights_bandaid_3</str>
						<int id="w">146</int>
					</object>
					<object id="groddle_shadow_spot_1_1311998014648">
						<int id="z">29</int>
						<int id="x">1839</int>
						<int id="y">1038</int>
						<str id="name">groddle_shadow_spot_1_1311998014648</str>
						<int id="h">497</int>
						<str id="sprite_class">groddle_shadow_spot_1</str>
						<int id="w">558</int>
					</object>
					<object id="groddle_shadow_spot_1_1312407707891">
						<int id="z">6</int>
						<int id="x">182</int>
						<int id="y">1002</int>
						<str id="name">groddle_shadow_spot_1_1312407707891</str>
						<int id="h">495</int>
						<str id="sprite_class">groddle_shadow_spot_1</str>
						<int id="w">735</int>
					</object>
					<object id="groddle_light_pool_1311998014793">
						<int id="z">12</int>
						<int id="r">-85</int>
						<int id="x">2666</int>
						<int id="y">273</int>
						<str id="name">groddle_light_pool_1311998014793</str>
						<int id="h">266</int>
						<str id="sprite_class">groddle_light_pool</str>
						<int id="w">319</int>
					</object>
					<object id="groddle_shadow_spot_1_1312407707893">
						<int id="z">8</int>
						<int id="x">182</int>
						<int id="y">1002</int>
						<str id="name">groddle_shadow_spot_1_1312407707891</str>
						<int id="h">495</int>
						<str id="sprite_class">groddle_shadow_spot_1</str>
						<int id="w">735</int>
					</object>
					<object id="groddle_light_pool_1311998014794">
						<int id="z">13</int>
						<int id="r">-95</int>
						<int id="x">1922</int>
						<int id="y">259</int>
						<str id="name">groddle_light_pool_1311998014793</str>
						<int id="h">266</int>
						<str id="sprite_class">groddle_light_pool</str>
						<int id="w">319</int>
					</object>
					<object id="groddle_shadow_spot_1_1311998014758">
						<int id="z">15</int>
						<int id="x">1955</int>
						<int id="y">505</int>
						<str id="name">groddle_shadow_spot_1_1311998014648</str>
						<int id="h">497</int>
						<str id="sprite_class">groddle_shadow_spot_1</str>
						<int id="w">558</int>
					</object>
					<object id="groddle_shadow_spot_1_1311998014651">
						<int id="z">24</int>
						<int id="x">1563</int>
						<int id="y">1000</int>
						<str id="name">groddle_shadow_spot_1_1311998014648</str>
						<int id="h">375</int>
						<str id="sprite_class">groddle_shadow_spot_1</str>
						<int id="w">354</int>
					</object>
					<object id="groddle_shadow_spot_1_1312407707894">
						<int id="z">9</int>
						<int id="x">76</int>
						<int id="y">1051</int>
						<str id="name">groddle_shadow_spot_1_1312407707891</str>
						<int id="h">495</int>
						<str id="sprite_class">groddle_shadow_spot_1</str>
						<int id="w">735</int>
					</object>
					<object id="groddle_shadow_spot_1_1311998014696">
						<int id="z">25</int>
						<int id="x">2662</int>
						<int id="y">1028</int>
						<str id="name">groddle_shadow_spot_1_1311998014648</str>
						<int id="h">375</int>
						<str id="sprite_class">groddle_shadow_spot_1</str>
						<int id="w">354</int>
					</object>
					<object id="groddle_shadow_spot_1_1311998014759">
						<int id="z">14</int>
						<int id="x">2178</int>
						<int id="y">522</int>
						<str id="name">groddle_shadow_spot_1_1311998014648</str>
						<int id="h">543</int>
						<str id="sprite_class">groddle_shadow_spot_1</str>
						<int id="w">986</int>
					</object>
					<object id="groddle_shadow_spot_1_1311998014650">
						<int id="z">26</int>
						<int id="x">2166</int>
						<int id="y">1047</int>
						<str id="name">groddle_shadow_spot_1_1311998014648</str>
						<int id="h">543</int>
						<str id="sprite_class">groddle_shadow_spot_1</str>
						<int id="w">986</int>
					</object>
					<object id="groddle_shadow_spot_1_1312407707892">
						<int id="z">7</int>
						<int id="x">182</int>
						<int id="y">1002</int>
						<str id="name">groddle_shadow_spot_1_1312407707891</str>
						<int id="h">495</int>
						<str id="sprite_class">groddle_shadow_spot_1</str>
						<int id="w">735</int>
					</object>
					<object id="groddle_shadow_spot_1_1311998014649">
						<int id="z">28</int>
						<int id="x">2430</int>
						<int id="y">1073</int>
						<str id="name">groddle_shadow_spot_1_1311998014648</str>
						<int id="h">497</int>
						<str id="sprite_class">groddle_shadow_spot_1</str>
						<int id="w">558</int>
					</object>
				</object>
				<int id="w">4000</int>
			</object>
		</object>
		<str id="music_file"></str>
		<null id="loading_label"/>
		<int id="rookable_type">0</int>
		<int id="ground_y">-179</int>
		<str id="tsid">LA9KLCKK1D82V3B</str>
		<null id="physics"/>
		<null id="img_file_versioned"/>
		<object id="gradient">
			<str id="bottom">FFED91</str>
			<str id="top">82BEFF</str>
		</object>
		<str id="swf_file_versioned">http://c2.glitch.bz/locations/groddle1/1311713898.swf</str>
		<object id="sources">
			<int id="LA9KL77D1D829Q3">1</int>
			<int id="LA961CLV4G8252G">1</int>
			<int id="LA91JUQT2G82GUL">1</int>
			<int id="LA93B4PV0I82IH7">1</int>
		</object>
	</object>
</game_object>
