<game_object tsid="GA9KL81E1D82ABT" ts="1336606331261" label="heights_02" class_tsid="" lastUpdateTime="1336606321139" upd_gs="gs7" load_time="2012-05-09 16:21:43.633" upd_time="2012-05-09 16:32:06.828">
	<object id="dynamic">
		<int id="l">-2500</int>
		<int id="r">2500</int>
		<int id="t">-1000</int>
		<int id="b">0</int>
		<str id="label">heights_02</str>
		<str id="swf_file">groddle1.swf</str>
		<object id="layers">
			<object id="T_1311732372418">
				<object id="decos">
					<object id="alakol_house_big_shadow_1311874816129">
						<int id="w">255</int>
						<int id="r">5</int>
						<str id="name">alakol_house_big_shadow_1311874816129</str>
						<int id="x">4904</int>
						<int id="y">1119</int>
						<int id="h">383</int>
						<int id="z">1</int>
						<str id="sprite_class">alakol_house_big_shadow</str>
					</object>
					<object id="tree_coniferous_fg_4_1311874816136">
						<int id="w">599</int>
						<str id="name">tree_coniferous_fg_4_1311874816136</str>
						<int id="x">806</int>
						<int id="y">1654</int>
						<int id="h">853</int>
						<int id="z">10</int>
						<str id="sprite_class">tree_coniferous_fg_4</str>
					</object>
					<object id="alakol_water_rock_1_1311874816181">
						<int id="w">261</int>
						<str id="name">alakol_water_rock_1_1311874816127</str>
						<int id="x">4132</int>
						<int id="y">1108</int>
						<int id="h">196</int>
						<int id="z">12</int>
						<str id="sprite_class">alakol_water_rock_1</str>
					</object>
					<object id="alakol_house_big_shadow_1311874816185">
						<int id="w">257</int>
						<int id="r">5</int>
						<str id="name">alakol_house_big_shadow_1311874816129</str>
						<int id="x">5325</int>
						<int id="y">1100</int>
						<int id="h">230</int>
						<int id="z">8</int>
						<str id="sprite_class">alakol_house_big_shadow</str>
					</object>
					<object id="alakol_water_rock_2_1311874816184">
						<int id="w">359</int>
						<str id="name">alakol_water_rock_2_1311874816130</str>
						<int id="x">5341</int>
						<int id="y">1092</int>
						<int id="h">174</int>
						<int id="z">9</int>
						<str id="sprite_class">alakol_water_rock_2</str>
					</object>
					<object id="alakol_water_rock_2_1311874816180">
						<int id="w">565</int>
						<str id="name">alakol_water_rock_2_1311874816130</str>
						<int id="x">4299</int>
						<int id="y">1090</int>
						<int id="h">162</int>
						<int id="z">7</int>
						<str id="sprite_class">alakol_water_rock_2</str>
					</object>
					<object id="alakol_water_rock_1_1311874816134">
						<int id="w">204</int>
						<str id="name">alakol_water_rock_1_1311874816127</str>
						<int id="x">3419</int>
						<int id="y">1105</int>
						<int id="h">207</int>
						<int id="z">4</int>
						<str id="sprite_class">alakol_water_rock_1</str>
					</object>
					<object id="alakol_water_rock_1_1311874816128">
						<int id="w">401</int>
						<str id="name">alakol_water_rock_1_1311874816127</str>
						<int id="x">4922</int>
						<int id="y">1164</int>
						<int id="h">326</int>
						<int id="z">2</int>
						<str id="sprite_class">alakol_water_rock_1</str>
					</object>
					<object id="tree_coniferous_fg_3_1311871710582">
						<int id="w">501</int>
						<str id="name">tree_coniferous_fg_3_1311871710582</str>
						<int id="x">445</int>
						<int id="y">1676</int>
						<int id="h">925</int>
						<int id="z">0</int>
						<str id="sprite_class">tree_coniferous_fg_3</str>
					</object>
					<object id="alakol_house_big_shadow_1311874816182">
						<int id="w">694</int>
						<str id="name">alakol_house_big_shadow_1311874816129</str>
						<int id="x">4236</int>
						<int id="y">1135</int>
						<int id="h">274</int>
						<int id="z">6</int>
						<str id="sprite_class">alakol_house_big_shadow</str>
					</object>
					<object id="alakol_water_rock_2_1311874816133">
						<int id="w">528</int>
						<str id="name">alakol_water_rock_2_1311874816130</str>
						<int id="x">3152</int>
						<int id="y">1114</int>
						<int id="h">279</int>
						<int id="z">5</int>
						<str id="sprite_class">alakol_water_rock_2</str>
					</object>
					<object id="tree_coniferous_fg_3_1311874816137">
						<int id="w">675</int>
						<int id="r">5</int>
						<str id="name">tree_coniferous_fg_3_1311871710582</str>
						<int id="x">1941</int>
						<int id="y">1924</int>
						<int id="h">1089</int>
						<int id="z">11</int>
						<str id="sprite_class">tree_coniferous_fg_3</str>
					</object>
					<object id="alakol_house_big_shadow_1311874816132">
						<int id="w">712</int>
						<str id="name">alakol_house_big_shadow_1311874816129</str>
						<int id="x">3230</int>
						<int id="y">1199</int>
						<int id="h">404</int>
						<int id="z">3</int>
						<str id="sprite_class">alakol_house_big_shadow</str>
					</object>
				</object>
				<int id="w">5400</int>
				<int id="h">1000</int>
				<int id="z">1</int>
				<str id="name">middleplus</str>
				<object id="filtersNEW">
					<object id="contrast">
						<int id="value">-20</int>
					</object>
					<object id="saturation">
						<int id="value">-5</int>
					</object>
					<object id="brightness">
						<int id="value">-15</int>
					</object>
				</object>
			</object>
			<object id="T_1309388549234">
				<object id="decos">
					<object id="pinehills_2_1311790920484">
						<int id="w">878</int>
						<int id="r">-5</int>
						<str id="name">pinehills_2_1311790920475</str>
						<int id="x">1743</int>
						<int id="y">881</int>
						<int id="h">265</int>
						<int id="z">19</int>
						<str id="sprite_class">pinehills_2</str>
					</object>
					<object id="cliff_cover_5_1311790920478">
						<int id="w">783</int>
						<int id="r">-10</int>
						<str id="name">cliff_cover_5_1311790920478</str>
						<int id="x">3054</int>
						<int id="y">585</int>
						<int id="h">341</int>
						<int id="z">4</int>
						<str id="sprite_class">cliff_cover_5</str>
					</object>
					<object id="pinehills_2_1311790920481">
						<int id="w">878</int>
						<str id="name">pinehills_2_1311790920475</str>
						<int id="x">2555</int>
						<int id="y">798</int>
						<int id="h">265</int>
						<int id="z">3</int>
						<str id="sprite_class">pinehills_2</str>
					</object>
					<object id="cliff_cover_5_1311790920485">
						<int id="w">851</int>
						<int id="r">-20</int>
						<str id="name">cliff_cover_5_1311790920478</str>
						<int id="x">3374</int>
						<int id="y">376</int>
						<int id="h">371</int>
						<int id="z">1</int>
						<str id="sprite_class">cliff_cover_5</str>
					</object>
					<object id="cliff_cover_3_1311811647737">
						<int id="w">817</int>
						<int id="z">12</int>
						<str id="name">cliff_cover_3_1311811647729</str>
						<int id="x">864</int>
						<int id="y">223</int>
						<int id="h">350</int>
						<bool id="h_flip">true</bool>
						<str id="sprite_class">cliff_cover_3</str>
						<int id="r">-4</int>
					</object>
					<object id="pinehills_2_1311790920483">
						<int id="w">878</int>
						<int id="r">5</int>
						<str id="name">pinehills_2_1311790920475</str>
						<int id="x">1853</int>
						<int id="y">827</int>
						<int id="h">265</int>
						<int id="z">7</int>
						<str id="sprite_class">pinehills_2</str>
					</object>
					<object id="cliff_cover_5_1317427397432">
						<int id="w">1110</int>
						<int id="z">17</int>
						<str id="name">cliff_cover_5_1317427397428</str>
						<int id="x">530</int>
						<int id="y">703</int>
						<int id="h">483</int>
						<bool id="h_flip">true</bool>
						<str id="sprite_class">cliff_cover_5</str>
						<int id="r">20</int>
					</object>
					<object id="cliff_cover_5_1317427397429">
						<int id="w">1110</int>
						<int id="z">15</int>
						<str id="name">cliff_cover_5_1317427397428</str>
						<int id="x">766</int>
						<int id="y">739</int>
						<int id="h">483</int>
						<bool id="h_flip">true</bool>
						<str id="sprite_class">cliff_cover_5</str>
						<int id="r">20</int>
					</object>
					<object id="cliff_cover_1_1311811647733">
						<int id="w">872</int>
						<int id="z">9</int>
						<str id="name">cliff_cover_1_1311811647732</str>
						<int id="x">817</int>
						<int id="y">738</int>
						<int id="h">550</int>
						<bool id="h_flip">true</bool>
						<str id="sprite_class">cliff_cover_1</str>
						<int id="r">10</int>
					</object>
					<object id="cliff_cover_5_1311811647727">
						<int id="w">851</int>
						<int id="r">-15</int>
						<str id="name">cliff_cover_5_1311790920478</str>
						<int id="x">3752</int>
						<int id="y">386</int>
						<int id="h">371</int>
						<int id="z">2</int>
						<str id="sprite_class">cliff_cover_5</str>
					</object>
					<object id="cliff_cover_2_1311811647734">
						<int id="w">594</int>
						<int id="z">0</int>
						<str id="name">cliff_cover_2_1311811647734</str>
						<int id="x">286</int>
						<int id="y">800</int>
						<int id="h">915</int>
						<bool id="h_flip">true</bool>
						<str id="sprite_class">cliff_cover_2</str>
					</object>
					<object id="cliff_cover_5_1311811647728">
						<int id="w">743</int>
						<int id="z">10</int>
						<str id="name">cliff_cover_5_1311790920477</str>
						<int id="x">1554</int>
						<int id="y">710</int>
						<int id="h">323</int>
						<bool id="h_flip">true</bool>
						<str id="sprite_class">cliff_cover_5</str>
						<int id="r">15</int>
					</object>
					<object id="pinehills_2_1311790920480">
						<int id="w">878</int>
						<str id="name">pinehills_2_1311790920475</str>
						<int id="x">2626</int>
						<int id="y">876</int>
						<int id="h">265</int>
						<int id="z">11</int>
						<str id="sprite_class">pinehills_2</str>
					</object>
					<object id="pinehills_2_1311790920475">
						<int id="w">878</int>
						<str id="name">pinehills_2_1311790920475</str>
						<int id="x">2321</int>
						<int id="y">834</int>
						<int id="h">265</int>
						<int id="z">6</int>
						<str id="sprite_class">pinehills_2</str>
					</object>
					<object id="cliff_cover_5_1317427397433">
						<int id="w">1110</int>
						<int id="z">18</int>
						<str id="name">cliff_cover_5_1317427397428</str>
						<int id="x">107</int>
						<int id="y">724</int>
						<int id="h">483</int>
						<bool id="h_flip">true</bool>
						<str id="sprite_class">cliff_cover_5</str>
						<int id="r">20</int>
					</object>
					<object id="cliff_cover_5_1311790920477">
						<int id="w">743</int>
						<int id="r">-5</int>
						<str id="name">cliff_cover_5_1311790920477</str>
						<int id="x">2787</int>
						<int id="y">725</int>
						<int id="h">323</int>
						<int id="z">5</int>
						<str id="sprite_class">cliff_cover_5</str>
					</object>
					<object id="cliff_cover_3_1311811647730">
						<int id="w">872</int>
						<int id="z">8</int>
						<str id="name">cliff_cover_3_1311811647729</str>
						<int id="x">1164</int>
						<int id="y">536</int>
						<int id="h">417</int>
						<bool id="h_flip">true</bool>
						<str id="sprite_class">cliff_cover_3</str>
						<int id="r">-9</int>
					</object>
					<object id="cliff_cover_5_1317427397430">
						<int id="w">1110</int>
						<int id="z">14</int>
						<str id="name">cliff_cover_5_1317427397428</str>
						<int id="x">1283</int>
						<int id="y">716</int>
						<int id="h">483</int>
						<bool id="h_flip">true</bool>
						<str id="sprite_class">cliff_cover_5</str>
						<int id="r">20</int>
					</object>
					<object id="cliff_cover_5_1317427397431">
						<int id="w">1110</int>
						<int id="z">16</int>
						<str id="name">cliff_cover_5_1317427397428</str>
						<int id="x">55</int>
						<int id="y">265</int>
						<int id="h">483</int>
						<bool id="h_flip">true</bool>
						<str id="sprite_class">cliff_cover_5</str>
						<int id="r">20</int>
					</object>
					<object id="cliff_cover_5_1317427397428">
						<int id="w">1110</int>
						<int id="z">13</int>
						<str id="name">cliff_cover_5_1317427397428</str>
						<int id="x">900</int>
						<int id="y">351</int>
						<int id="h">483</int>
						<bool id="h_flip">true</bool>
						<str id="sprite_class">cliff_cover_5</str>
						<int id="r">20</int>
					</object>
				</object>
				<int id="w">4350</int>
				<int id="h">1000</int>
				<int id="z">-2</int>
				<str id="name">bg_1</str>
				<object id="filtersNEW">
					<object id="contrast">
						<int id="value">-40</int>
					</object>
					<object id="saturation">
						<int id="value">-35</int>
					</object>
					<object id="brightness">
						<int id="value">5</int>
					</object>
				</object>
			</object>
			<object id="middleground">
				<object id="decos">
					<object id="stalagmite_base_2_1311874816121">
						<int id="w">129</int>
						<str id="name">stalagmite_base_2_1311790920496</str>
						<int id="x">1823</int>
						<int id="y">-357</int>
						<int id="h">28</int>
						<int id="z">119</int>
						<str id="sprite_class">stalagmite_base_2</str>
					</object>
					<object id="heights_face_rock_1_1311871710560">
						<int id="w">292</int>
						<str id="name">heights_face_rock_1_1311790920369</str>
						<int id="x">-1163</int>
						<int id="y">-437</int>
						<int id="h">93</int>
						<int id="z">93</int>
						<str id="sprite_class">heights_face_rock_1</str>
					</object>
					<object id="heights_ladder_2_1311874816154">
						<int id="w">70</int>
						<str id="name">heights_ladder_2_1311874816146</str>
						<int id="x">-1823</int>
						<int id="y">-398</int>
						<int id="h">87</int>
						<int id="z">128</int>
						<str id="sprite_class">heights_ladder_2</str>
					</object>
					<object id="heights_mound_3_1311790920388">
						<int id="w">532</int>
						<int id="r">5</int>
						<str id="name">heights_mound_3_1311790920377</str>
						<int id="x">1580</int>
						<int id="y">143</int>
						<int id="h">202</int>
						<int id="z">51</int>
						<str id="sprite_class">heights_mound_3</str>
					</object>
					<object id="heights_bush_2_1311874816123">
						<int id="w">142</int>
						<int id="z">124</int>
						<str id="name">heights_bush_2_1311790920491</str>
						<int id="x">2457</int>
						<int id="y">-160</int>
						<int id="h">68</int>
						<bool id="h_flip">true</bool>
						<str id="sprite_class">heights_bush_2</str>
						<int id="r">-5</int>
					</object>
					<object id="stalagmite_base_2_1311790920496">
						<int id="w">159</int>
						<str id="name">stalagmite_base_2_1311790920496</str>
						<int id="x">-1855</int>
						<int id="y">-130</int>
						<int id="h">33</int>
						<int id="z">105</int>
						<str id="sprite_class">stalagmite_base_2</str>
					</object>
					<object id="heights_face_rock_2_1311871710574">
						<int id="w">568</int>
						<int id="r">-2</int>
						<str id="name">heights_face_rock_2_1311790920375</str>
						<int id="x">859</int>
						<int id="y">-226</int>
						<int id="h">167</int>
						<int id="z">23</int>
						<str id="sprite_class">heights_face_rock_2</str>
					</object>
					<object id="heights_ladder_2_1311874816146">
						<int id="w">70</int>
						<str id="name">heights_ladder_2_1311874816146</str>
						<int id="x">-1819</int>
						<int id="y">-209</int>
						<int id="h">87</int>
						<int id="z">127</int>
						<str id="sprite_class">heights_ladder_2</str>
					</object>
					<object id="heights_topper_1_1311871710568">
						<int id="w">269</int>
						<int id="r">5</int>
						<str id="name">heights_topper_1_1311790920368</str>
						<int id="x">-1461</int>
						<int id="y">-377</int>
						<int id="h">69</int>
						<int id="z">99</int>
						<str id="sprite_class">heights_topper_1</str>
					</object>
					<object id="heights_face_rock_2_1311874816157">
						<int id="w">505</int>
						<int id="r">2</int>
						<str id="name">heights_face_rock_2_1311790920375</str>
						<int id="x">-1658</int>
						<int id="y">-165</int>
						<int id="h">118</int>
						<int id="z">42</int>
						<str id="sprite_class">heights_face_rock_2</str>
					</object>
					<object id="heights_topper_1_1311871710550">
						<int id="w">269</int>
						<int id="r">7</int>
						<str id="name">heights_topper_1_1311790920368</str>
						<int id="x">1653</int>
						<int id="y">-629</int>
						<int id="h">69</int>
						<int id="z">66</int>
						<str id="sprite_class">heights_topper_1</str>
					</object>
					<object id="heights_bush_1_1311874816124">
						<int id="w">160</int>
						<int id="r">3</int>
						<str id="name">heights_bush_1_1311790920488</str>
						<int id="x">1722</int>
						<int id="y">-180</int>
						<int id="h">94</int>
						<int id="z">122</int>
						<str id="sprite_class">heights_bush_1</str>
					</object>
					<object id="heights_bush_1_1311790920488">
						<int id="w">160</int>
						<int id="r">5</int>
						<str id="name">heights_bush_1_1311790920488</str>
						<int id="x">484</int>
						<int id="y">-253</int>
						<int id="h">94</int>
						<int id="z">73</int>
						<str id="sprite_class">heights_bush_1</str>
					</object>
					<object id="heights_face_rock_2_1311874816148">
						<int id="w">536</int>
						<int id="r">-5</int>
						<str id="name">heights_face_rock_2_1311790920375</str>
						<int id="x">2408</int>
						<int id="y">-477</int>
						<int id="h">385</int>
						<int id="z">17</int>
						<str id="sprite_class">heights_face_rock_2</str>
					</object>
					<object id="heights_bush_1_1311874816104">
						<int id="w">183</int>
						<int id="r">5</int>
						<str id="name">heights_bush_1_1311790920488</str>
						<int id="x">-2421</int>
						<int id="y">-161</int>
						<int id="h">89</int>
						<int id="z">114</int>
						<str id="sprite_class">heights_bush_1</str>
					</object>
					<object id="heights_face_rock_2_1311874816158">
						<int id="w">586</int>
						<int id="r">-2</int>
						<str id="name">heights_face_rock_2_1311790920375</str>
						<int id="x">-716</int>
						<int id="y">-209</int>
						<int id="h">172</int>
						<int id="z">40</int>
						<str id="sprite_class">heights_face_rock_2</str>
					</object>
					<object id="heights_topper_stone_1_1311874816176">
						<int id="w">158</int>
						<int id="r">8</int>
						<str id="name">heights_topper_stone_1_1311874816160</str>
						<int id="x">2439</int>
						<int id="y">-572</int>
						<int id="h">32</int>
						<int id="z">140</int>
						<str id="sprite_class">heights_topper_stone_1</str>
					</object>
					<object id="trunk_ladder_1_1311811647686">
						<int id="w">75</int>
						<str id="name">trunk_ladder_1_1311811647686</str>
						<int id="x">2250</int>
						<int id="y">-174</int>
						<int id="h">86</int>
						<int id="z">84</int>
						<str id="sprite_class">trunk_ladder_1</str>
					</object>
					<object id="heights_topper_stone_1_1311874816166">
						<int id="w">144</int>
						<int id="r">2</int>
						<str id="name">heights_topper_stone_1_1311874816160</str>
						<int id="x">-1450</int>
						<int id="y">-181</int>
						<int id="h">25</int>
						<int id="z">133</int>
						<str id="sprite_class">heights_topper_stone_1</str>
					</object>
					<object id="heights_bush_2_1311790920491">
						<int id="w">142</int>
						<str id="name">heights_bush_2_1311790920491</str>
						<int id="x">592</int>
						<int id="y">-250</int>
						<int id="h">68</int>
						<int id="z">76</int>
						<str id="sprite_class">heights_bush_2</str>
					</object>
					<object id="heights_topper_stone_1_1311874816160">
						<int id="w">145</int>
						<int id="r">-1</int>
						<str id="name">heights_topper_stone_1_1311874816160</str>
						<int id="x">-1093</int>
						<int id="y">-179</int>
						<int id="h">33</int>
						<int id="z">129</int>
						<str id="sprite_class">heights_topper_stone_1</str>
					</object>
					<object id="heights_topper_1_1311871710562">
						<int id="w">269</int>
						<int id="z">95</int>
						<str id="name">heights_topper_1_1311790920368</str>
						<int id="x">-1177</int>
						<int id="y">-487</int>
						<int id="h">69</int>
						<bool id="h_flip">true</bool>
						<str id="sprite_class">heights_topper_1</str>
						<int id="r">-7</int>
					</object>
					<object id="wood_platform_1311811647688">
						<int id="w">47</int>
						<int id="z">86</int>
						<str id="name">wood_platform_1311811647687</str>
						<int id="x">2259</int>
						<int id="y">-285</int>
						<int id="h">21</int>
						<bool id="h_flip">true</bool>
						<str id="sprite_class">wood_platform</str>
					</object>
					<object id="heights_platform_1_1311790920418">
						<int id="w">211</int>
						<int id="r">3</int>
						<str id="name">heights_platform_1_1311790920418</str>
						<int id="x">139</int>
						<int id="y">-113</int>
						<int id="h">181</int>
						<int id="z">59</int>
						<str id="sprite_class">heights_platform_1</str>
					</object>
					<object id="heights_ladder_1_1311874816145">
						<int id="w">73</int>
						<str id="name">heights_ladder_1_1311874816145</str>
						<int id="x">-1821</int>
						<int id="y">-306</int>
						<int id="h">79</int>
						<int id="z">126</int>
						<str id="sprite_class">heights_ladder_1</str>
					</object>
					<object id="heights_face_1_1311790920354">
						<int id="w">842</int>
						<int id="r">-33</int>
						<str id="name">heights_face_1_1311790745748</str>
						<int id="x">-1218</int>
						<int id="y">-42</int>
						<int id="h">576</int>
						<int id="z">33</int>
						<str id="sprite_class">heights_face_1</str>
					</object>
					<object id="heights_topper_1_1311871710555">
						<int id="w">269</int>
						<int id="r">7</int>
						<str id="name">heights_topper_1_1311790920368</str>
						<int id="x">999</int>
						<int id="y">-441</int>
						<int id="h">69</int>
						<int id="z">70</int>
						<str id="sprite_class">heights_topper_1</str>
					</object>
					<object id="heights_platform_1_1311790920419">
						<int id="w">211</int>
						<int id="r">-3</int>
						<str id="name">heights_platform_1_1311790920418</str>
						<int id="x">-18</int>
						<int id="y">-118</int>
						<int id="h">181</int>
						<int id="z">60</int>
						<str id="sprite_class">heights_platform_1</str>
					</object>
					<object id="heights_mound_3_1311811647676">
						<int id="w">532</int>
						<int id="r">5</int>
						<str id="name">heights_mound_3_1311790920377</str>
						<int id="x">-2256</int>
						<int id="y">132</int>
						<int id="h">202</int>
						<int id="z">80</int>
						<str id="sprite_class">heights_mound_3</str>
					</object>
					<object id="heights_bush_1_1311874816105">
						<int id="w">162</int>
						<int id="z">113</int>
						<str id="name">heights_bush_1_1311790920488</str>
						<int id="x">-2330</int>
						<int id="y">-162</int>
						<int id="h">79</int>
						<bool id="h_flip">true</bool>
						<str id="sprite_class">heights_bush_1</str>
						<int id="r">-1</int>
					</object>
					<object id="heights_bush_2_1312333734680">
						<int id="w">142</int>
						<int id="r">-10</int>
						<str id="name">heights_bush_2_1311790920491</str>
						<int id="x">169</int>
						<int id="y">-253</int>
						<int id="h">68</int>
						<int id="z">145</int>
						<str id="sprite_class">heights_bush_2</str>
					</object>
					<object id="alakol_cliff_2_1311811647682">
						<int id="w">761</int>
						<int id="r">-1</int>
						<str id="name">alakol_cliff_2_1311790920360</str>
						<int id="x">2340</int>
						<int id="y">14</int>
						<int id="h">223</int>
						<int id="z">26</int>
						<str id="sprite_class">alakol_cliff_2</str>
					</object>
					<object id="heights_face_1_1311790920367">
						<int id="w">842</int>
						<int id="r">-23</int>
						<str id="name">heights_face_1_1311790745748</str>
						<int id="x">876</int>
						<int id="y">47</int>
						<int id="h">576</int>
						<int id="z">8</int>
						<str id="sprite_class">heights_face_1</str>
					</object>
					<object id="alakol_cliff_2_1311811647681">
						<int id="w">761</int>
						<int id="r">-2</int>
						<str id="name">alakol_cliff_2_1311790920360</str>
						<int id="x">2335</int>
						<int id="y">38</int>
						<int id="h">223</int>
						<int id="z">44</int>
						<str id="sprite_class">alakol_cliff_2</str>
					</object>
					<object id="heights_bush_1_1311874816125">
						<int id="w">162</int>
						<int id="z">121</int>
						<str id="name">heights_bush_1_1311790920488</str>
						<int id="x">1841</int>
						<int id="y">-186</int>
						<int id="h">77</int>
						<bool id="h_flip">true</bool>
						<str id="sprite_class">heights_bush_1</str>
						<int id="r">-2</int>
					</object>
					<object id="heights_topper_1_1311874816112">
						<int id="w">283</int>
						<int id="z">64</int>
						<str id="name">heights_topper_1_1311790920368</str>
						<int id="x">1146</int>
						<int id="y">-717</int>
						<int id="h">73</int>
						<bool id="h_flip">true</bool>
						<str id="sprite_class">heights_topper_1</str>
						<int id="r">-8</int>
					</object>
					<object id="heights_face_1_1311790745748">
						<int id="w">842</int>
						<int id="r">35</int>
						<str id="name">heights_face_1_1311790745748</str>
						<int id="x">-1765</int>
						<int id="y">200</int>
						<int id="h">576</int>
						<int id="z">34</int>
						<str id="sprite_class">heights_face_1</str>
					</object>
					<object id="heights_topper_stone_1_1311874816173">
						<int id="w">152</int>
						<int id="r">1</int>
						<str id="name">heights_topper_stone_1_1311874816160</str>
						<int id="x">1649</int>
						<int id="y">-413</int>
						<int id="h">31</int>
						<int id="z">137</int>
						<str id="sprite_class">heights_topper_stone_1</str>
					</object>
					<object id="heights_topper_stone_1_1311874816172">
						<int id="w">139</int>
						<int id="r">1</int>
						<str id="name">heights_topper_stone_1_1311874816160</str>
						<int id="x">1752</int>
						<int id="y">-422</int>
						<int id="h">25</int>
						<int id="z">136</int>
						<str id="sprite_class">heights_topper_stone_1</str>
					</object>
					<object id="stalagmite_base_1_1311874816106">
						<int id="w">161</int>
						<int id="r">-4</int>
						<str id="name">stalagmite_base_1_1311790920492</str>
						<int id="x">-72</int>
						<int id="y">-282</int>
						<int id="h">35</int>
						<int id="z">115</int>
						<str id="sprite_class">stalagmite_base_1</str>
					</object>
					<object id="heights_face_1_1311811647672">
						<int id="w">842</int>
						<int id="r">-3</int>
						<str id="name">heights_face_1_1311790745748</str>
						<int id="x">-294</int>
						<int id="y">252</int>
						<int id="h">576</int>
						<int id="z">18</int>
						<str id="sprite_class">heights_face_1</str>
					</object>
					<object id="heights_topper_2_1311874816115">
						<int id="w">145</int>
						<int id="r">-3</int>
						<str id="name">heights_topper_2_1311871710557</str>
						<int id="x">1216</int>
						<int id="y">-733</int>
						<int id="h">38</int>
						<int id="z">65</int>
						<str id="sprite_class">heights_topper_2</str>
					</object>
					<object id="heights_topper_stone_1_1311874816174">
						<int id="w">108</int>
						<int id="r">-6</int>
						<str id="name">heights_topper_stone_1_1311874816160</str>
						<int id="x">1318</int>
						<int id="y">-395</int>
						<int id="h">22</int>
						<int id="z">138</int>
						<str id="sprite_class">heights_topper_stone_1</str>
					</object>
					<object id="heights_topper_2_1311871710565">
						<int id="w">145</int>
						<int id="r">3</int>
						<str id="name">heights_topper_2_1311871710557</str>
						<int id="x">-912</int>
						<int id="y">-472</int>
						<int id="h">38</int>
						<int id="z">102</int>
						<str id="sprite_class">heights_topper_2</str>
					</object>
					<object id="heights_face_rock_2_1311874816150">
						<int id="w">406</int>
						<int id="r">-2</int>
						<str id="name">heights_face_rock_2_1311790920375</str>
						<int id="x">1056</int>
						<int id="y">-142</int>
						<int id="h">210</int>
						<int id="z">24</int>
						<str id="sprite_class">heights_face_rock_2</str>
					</object>
					<object id="heights_bush_1_1312333734681">
						<int id="w">162</int>
						<int id="r">15</int>
						<str id="name">heights_bush_1_1311790920488</str>
						<int id="x">24</int>
						<int id="y">-256</int>
						<int id="h">79</int>
						<int id="z">144</int>
						<str id="sprite_class">heights_bush_1</str>
					</object>
					<object id="heights_face_1_1311811647723">
						<int id="w">842</int>
						<int id="r">-8</int>
						<str id="name">heights_face_1_1311790745748</str>
						<int id="x">2326</int>
						<int id="y">-505</int>
						<int id="h">576</int>
						<int id="z">10</int>
						<str id="sprite_class">heights_face_1</str>
					</object>
					<object id="heights_topper_2_1311871710557">
						<int id="w">145</int>
						<str id="name">heights_topper_2_1311871710557</str>
						<int id="x">1021</int>
						<int id="y">-451</int>
						<int id="h">38</int>
						<int id="z">90</int>
						<str id="sprite_class">heights_topper_2</str>
					</object>
					<object id="heights_face_rock_3_1311874816116">
						<int id="w">274</int>
						<int id="r">-1</int>
						<str id="name">heights_face_rock_3_1311790920370</str>
						<int id="x">1147</int>
						<int id="y">-657</int>
						<int id="h">102</int>
						<int id="z">62</int>
						<str id="sprite_class">heights_face_rock_3</str>
					</object>
					<object id="heights_topper_2_1311871710569">
						<int id="w">145</int>
						<int id="r">3</int>
						<str id="name">heights_topper_2_1311871710557</str>
						<int id="x">-1554</int>
						<int id="y">-417</int>
						<int id="h">38</int>
						<int id="z">96</int>
						<str id="sprite_class">heights_topper_2</str>
					</object>
					<object id="heights_mound_2_1311874816138">
						<int id="w">294</int>
						<int id="r">-21</int>
						<str id="name">heights_mound_2_1311790920380</str>
						<int id="x">-1740</int>
						<int id="y">-322</int>
						<int id="h">206</int>
						<int id="z">2</int>
						<str id="sprite_class">heights_mound_2</str>
					</object>
					<object id="heights_face_rock_2_1311874816151">
						<int id="w">576</int>
						<int id="r">-12</int>
						<str id="name">heights_face_rock_2_1311790920375</str>
						<int id="x">1332</int>
						<int id="y">-287</int>
						<int id="h">195</int>
						<int id="z">13</int>
						<str id="sprite_class">heights_face_rock_2</str>
					</object>
					<object id="heights_platform_4_1311790920397">
						<int id="w">619</int>
						<str id="name">heights_platform_4_1311790920397</str>
						<int id="x">-1181</int>
						<int id="y">54</int>
						<int id="h">261</int>
						<int id="z">54</int>
						<str id="sprite_class">heights_platform_4</str>
					</object>
					<object id="heights_ladderbed_1_1311874816153">
						<int id="w">113</int>
						<str id="name">heights_ladderbed_1_1311874816144</str>
						<int id="x">-1823</int>
						<int id="y">-326</int>
						<int id="h">164</int>
						<int id="z">36</int>
						<str id="sprite_class">heights_ladderbed_1</str>
					</object>
					<object id="heights_topper_1_1311871710549">
						<int id="w">269</int>
						<int id="z">63</int>
						<str id="name">heights_topper_1_1311790920368</str>
						<int id="x">1550</int>
						<int id="y">-635</int>
						<int id="h">69</int>
						<bool id="h_flip">true</bool>
						<str id="sprite_class">heights_topper_1</str>
						<int id="r">-8</int>
					</object>
					<object id="heights_mound_3_1311811647725">
						<int id="w">532</int>
						<int id="r">-40</int>
						<str id="name">heights_mound_3_1311790920377</str>
						<int id="x">1025</int>
						<int id="y">-507</int>
						<int id="h">202</int>
						<int id="z">7</int>
						<str id="sprite_class">heights_mound_3</str>
					</object>
					<object id="stalagmite_base_2_1311874816098">
						<int id="w">74</int>
						<str id="name">stalagmite_base_2_1311790920496</str>
						<int id="x">-1810</int>
						<int id="y">-110</int>
						<int id="h">15</int>
						<int id="z">106</int>
						<str id="sprite_class">stalagmite_base_2</str>
					</object>
					<object id="wood_platform_1311811647691">
						<int id="w">47</int>
						<int id="z">89</int>
						<str id="name">wood_platform_1311811647687</str>
						<int id="x">1985</int>
						<int id="y">-519</int>
						<int id="h">21</int>
						<bool id="h_flip">true</bool>
						<str id="sprite_class">wood_platform</str>
					</object>
					<object id="heights_mound_3_1311811647670">
						<int id="w">532</int>
						<int id="r">15</int>
						<str id="name">heights_mound_3_1311790920377</str>
						<int id="x">-2120</int>
						<int id="y">-167</int>
						<int id="h">202</int>
						<int id="z">31</int>
						<str id="sprite_class">heights_mound_3</str>
					</object>
					<object id="heights_bush_1_1311874816188">
						<int id="w">160</int>
						<int id="r">-2</int>
						<str id="name">heights_bush_1_1311790920488</str>
						<int id="x">2340</int>
						<int id="y">-380</int>
						<int id="h">94</int>
						<int id="z">123</int>
						<str id="sprite_class">heights_bush_1</str>
					</object>
					<object id="heights_topper_1_1311871710564">
						<int id="w">269</int>
						<int id="z">101</int>
						<str id="name">heights_topper_1_1311790920368</str>
						<int id="x">-1034</int>
						<int id="y">-473</int>
						<int id="h">69</int>
						<bool id="h_flip">true</bool>
						<str id="sprite_class">heights_topper_1</str>
						<int id="r">-4</int>
					</object>
					<object id="heights_moss_2_1312333734683">
						<int id="w">192</int>
						<int id="r">-2</int>
						<str id="name">heights_moss_2_1312333734682</str>
						<int id="x">-973</int>
						<int id="y">-521</int>
						<int id="h">43</int>
						<int id="z">147</int>
						<str id="sprite_class">heights_moss_2</str>
					</object>
					<object id="alakol_cliff_2_1311811647684">
						<int id="w">802</int>
						<str id="name">alakol_cliff_2_1311790920360</str>
						<int id="x">2211</int>
						<int id="y">-386</int>
						<int id="h">215</int>
						<int id="z">47</int>
						<str id="sprite_class">alakol_cliff_2</str>
					</object>
					<object id="heights_mound_3_1311790920389">
						<int id="w">532</int>
						<int id="r">-5</int>
						<str id="name">heights_mound_3_1311790920377</str>
						<int id="x">1935</int>
						<int id="y">128</int>
						<int id="h">202</int>
						<int id="z">52</int>
						<str id="sprite_class">heights_mound_3</str>
					</object>
					<object id="stalagmite_base_3_1311790920494">
						<int id="w">137</int>
						<str id="name">stalagmite_base_3_1311790920494</str>
						<int id="x">-1914</int>
						<int id="y">-122</int>
						<int id="h">29</int>
						<int id="z">107</int>
						<str id="sprite_class">stalagmite_base_3</str>
					</object>
					<object id="alakol_cliff_1_1311811647664">
						<int id="w">1261</int>
						<str id="name">alakol_cliff_1_1311790920357</str>
						<int id="x">-2291</int>
						<int id="y">41</int>
						<int id="h">211</int>
						<int id="z">79</int>
						<str id="sprite_class">alakol_cliff_1</str>
					</object>
					<object id="alakol_cliff_2_1311811647680">
						<int id="w">761</int>
						<int id="r">-3</int>
						<str id="name">alakol_cliff_2_1311790920360</str>
						<int id="x">2307</int>
						<int id="y">64</int>
						<int id="h">223</int>
						<int id="z">48</int>
						<str id="sprite_class">alakol_cliff_2</str>
					</object>
					<object id="heights_topper_stone_1_1311874816162">
						<int id="w">145</int>
						<int id="r">-1</int>
						<str id="name">heights_topper_stone_1_1311874816160</str>
						<int id="x">-1034</int>
						<int id="y">-166</int>
						<int id="h">33</int>
						<int id="z">131</int>
						<str id="sprite_class">heights_topper_stone_1</str>
					</object>
					<object id="heights_topper_stone_1_1311874816177">
						<int id="w">158</int>
						<int id="r">-2</int>
						<str id="name">heights_topper_stone_1_1311874816160</str>
						<int id="x">2430</int>
						<int id="y">-552</int>
						<int id="h">32</int>
						<int id="z">141</int>
						<str id="sprite_class">heights_topper_stone_1</str>
					</object>
					<object id="stalagmite_base_3_1311874816099">
						<int id="w">172</int>
						<str id="name">stalagmite_base_3_1311790920494</str>
						<int id="x">1235</int>
						<int id="y">-116</int>
						<int id="h">36</int>
						<int id="z">108</int>
						<str id="sprite_class">stalagmite_base_3</str>
					</object>
					<object id="heights_face_rock_2_1311874816111">
						<int id="w">538</int>
						<int id="r">2</int>
						<str id="name">heights_face_rock_2_1311790920375</str>
						<int id="x">-1426</int>
						<int id="y">-174</int>
						<int id="h">158</int>
						<int id="z">41</int>
						<str id="sprite_class">heights_face_rock_2</str>
					</object>
					<object id="heights_bush_2_1311874816102">
						<int id="w">142</int>
						<int id="r">-3</int>
						<str id="name">heights_bush_2_1311790920491</str>
						<int id="x">-410</int>
						<int id="y">-249</int>
						<int id="h">68</int>
						<int id="z">110</int>
						<str id="sprite_class">heights_bush_2</str>
					</object>
					<object id="heights_moss_2_1312333734682">
						<int id="w">184</int>
						<str id="name">heights_moss_2_1312333734682</str>
						<int id="x">-1045</int>
						<int id="y">-537</int>
						<int id="h">35</int>
						<int id="z">146</int>
						<str id="sprite_class">heights_moss_2</str>
					</object>
					<object id="alakol_cliff_2_1311811647665">
						<int id="w">805</int>
						<int id="z">83</int>
						<str id="name">alakol_cliff_2_1311790920360</str>
						<int id="x">-2292</int>
						<int id="y">-168</int>
						<int id="h">168</int>
						<bool id="h_flip">true</bool>
						<str id="sprite_class">alakol_cliff_2</str>
						<int id="r">2</int>
					</object>
					<object id="heights_mound_3_1311871710553">
						<int id="w">532</int>
						<str id="name">heights_mound_3_1311790920377</str>
						<int id="x">2304</int>
						<int id="y">135</int>
						<int id="h">202</int>
						<int id="z">53</int>
						<str id="sprite_class">heights_mound_3</str>
					</object>
					<object id="heights_mound_3_1311811647673">
						<int id="w">532</int>
						<int id="r">25</int>
						<str id="name">heights_mound_3_1311790920377</str>
						<int id="x">240</int>
						<int id="y">102</int>
						<int id="h">202</int>
						<int id="z">20</int>
						<str id="sprite_class">heights_mound_3</str>
					</object>
					<object id="stalagmite_base_3_1311874816109">
						<int id="w">91</int>
						<str id="name">stalagmite_base_3_1311790920494</str>
						<int id="x">1436</int>
						<int id="y">-200</int>
						<int id="h">19</int>
						<int id="z">109</int>
						<str id="sprite_class">stalagmite_base_3</str>
					</object>
					<object id="wood_platform_1311811647689">
						<int id="w">47</int>
						<str id="name">wood_platform_1311811647687</str>
						<int id="x">1960</int>
						<int id="y">-492</int>
						<int id="h">21</int>
						<int id="z">88</int>
						<str id="sprite_class">wood_platform</str>
					</object>
					<object id="alakol_cliff_2_1311811647683">
						<int id="w">802</int>
						<int id="r">-3</int>
						<str id="name">alakol_cliff_2_1311790920360</str>
						<int id="x">2332</int>
						<int id="y">-164</int>
						<int id="h">201</int>
						<int id="z">46</int>
						<str id="sprite_class">alakol_cliff_2</str>
					</object>
					<object id="heights_mound_3_1311811647721">
						<int id="w">532</int>
						<int id="r">-5</int>
						<str id="name">heights_mound_3_1311790920377</str>
						<int id="x">-1927</int>
						<int id="y">-212</int>
						<int id="h">202</int>
						<int id="z">1</int>
						<str id="sprite_class">heights_mound_3</str>
					</object>
					<object id="heights_face_1_1311811647724">
						<int id="w">842</int>
						<int id="r">-19</int>
						<str id="name">heights_face_1_1311790745748</str>
						<int id="x">1801</int>
						<int id="y">-370</int>
						<int id="h">576</int>
						<int id="z">11</int>
						<str id="sprite_class">heights_face_1</str>
					</object>
					<object id="heights_topper_2_1311871710558">
						<int id="w">145</int>
						<int id="r">-5</int>
						<str id="name">heights_topper_2_1311871710557</str>
						<int id="x">917</int>
						<int id="y">-475</int>
						<int id="h">38</int>
						<int id="z">69</int>
						<str id="sprite_class">heights_topper_2</str>
					</object>
					<object id="stalagmite_base_2_1311874816122">
						<int id="w">67</int>
						<str id="name">stalagmite_base_2_1311790920496</str>
						<int id="x">2101</int>
						<int id="y">-385</int>
						<int id="h">14</int>
						<int id="z">120</int>
						<str id="sprite_class">stalagmite_base_2</str>
					</object>
					<object id="alakol_cliff_2_1311790920360">
						<int id="w">893</int>
						<int id="z">27</int>
						<str id="name">alakol_cliff_2_1311790920360</str>
						<int id="x">1150</int>
						<int id="y">-4</int>
						<int id="h">248</int>
						<bool id="h_flip">true</bool>
						<str id="sprite_class">alakol_cliff_2</str>
					</object>
					<object id="heights_bandaid_3_1311871710552">
						<int id="w">146</int>
						<int id="r">-15</int>
						<str id="name">heights_bandaid_3_1311871710551</str>
						<int id="x">2163</int>
						<int id="y">-588</int>
						<int id="h">264</int>
						<int id="z">15</int>
						<str id="sprite_class">heights_bandaid_3</str>
					</object>
					<object id="stalagmite_base_1_1311871710580">
						<int id="w">227</int>
						<str id="name">stalagmite_base_1_1311790920492</str>
						<int id="x">1118</int>
						<int id="y">-126</int>
						<int id="h">50</int>
						<int id="z">103</int>
						<str id="sprite_class">stalagmite_base_1</str>
					</object>
					<object id="heights_topper_1_1311871710556">
						<int id="w">269</int>
						<int id="z">71</int>
						<str id="name">heights_topper_1_1311790920368</str>
						<int id="x">853</int>
						<int id="y">-437</int>
						<int id="h">69</int>
						<bool id="h_flip">true</bool>
						<str id="sprite_class">heights_topper_1</str>
						<int id="r">-5</int>
					</object>
					<object id="heights_face_rock_2_1311874816100">
						<int id="w">438</int>
						<int id="r">6</int>
						<str id="name">heights_face_rock_2_1311790920375</str>
						<int id="x">-2448</int>
						<int id="y">-350</int>
						<int id="h">129</int>
						<int id="z">32</int>
						<str id="sprite_class">heights_face_rock_2</str>
					</object>
					<object id="heights_bush_2_1311874816103">
						<int id="w">142</int>
						<int id="z">112</int>
						<str id="name">heights_bush_2_1311790920491</str>
						<int id="x">-495</int>
						<int id="y">-241</int>
						<int id="h">68</int>
						<bool id="h_flip">true</bool>
						<str id="sprite_class">heights_bush_2</str>
						<int id="r">-8</int>
					</object>
					<object id="heights_face_1_1311790920356">
						<int id="w">842</int>
						<int id="r">17</int>
						<str id="name">heights_face_1_1311790745748</str>
						<int id="x">-1047</int>
						<int id="y">-23</int>
						<int id="h">576</int>
						<int id="z">37</int>
						<str id="sprite_class">heights_face_1</str>
					</object>
					<object id="heights_mound_3_1311790920387">
						<int id="w">532</int>
						<str id="name">heights_mound_3_1311790920377</str>
						<int id="x">1215</int>
						<int id="y">133</int>
						<int id="h">202</int>
						<int id="z">50</int>
						<str id="sprite_class">heights_mound_3</str>
					</object>
					<object id="heights_face_rock_2_1311871710577">
						<int id="w">500</int>
						<int id="r">-2</int>
						<str id="name">heights_face_rock_2_1311790920375</str>
						<int id="x">1469</int>
						<int id="y">-338</int>
						<int id="h">217</int>
						<int id="z">14</int>
						<str id="sprite_class">heights_face_rock_2</str>
					</object>
					<object id="heights_topper_1_1311871710567">
						<int id="w">269</int>
						<int id="z">97</int>
						<str id="name">heights_topper_1_1311790920368</str>
						<int id="x">-1649</int>
						<int id="y">-385</int>
						<int id="h">69</int>
						<bool id="h_flip">true</bool>
						<str id="sprite_class">heights_topper_1</str>
						<int id="r">-7</int>
					</object>
					<object id="heights_mound_2_1311790920381">
						<int id="w">294</int>
						<int id="r">15</int>
						<str id="name">heights_mound_2_1311790920380</str>
						<int id="x">-522</int>
						<int id="y">-175</int>
						<int id="h">206</int>
						<int id="z">3</int>
						<str id="sprite_class">heights_mound_2</str>
					</object>
					<object id="alakol_cliff_1_1311790920359">
						<int id="w">1369</int>
						<str id="name">alakol_cliff_1_1311790920357</str>
						<int id="x">1809</int>
						<int id="y">-197</int>
						<int id="h">199</int>
						<int id="z">29</int>
						<str id="sprite_class">alakol_cliff_1</str>
					</object>
					<object id="alakol_cliff_1_1311790920357">
						<int id="w">1261</int>
						<int id="z">45</int>
						<str id="name">alakol_cliff_1_1311790920357</str>
						<int id="x">1513</int>
						<int id="y">27</int>
						<int id="h">211</int>
						<bool id="h_flip">true</bool>
						<str id="sprite_class">alakol_cliff_1</str>
					</object>
					<object id="heights_face_rock_2_1311874816149">
						<int id="w">568</int>
						<int id="r">5</int>
						<str id="name">heights_face_rock_2_1311790920375</str>
						<int id="x">629</int>
						<int id="y">-222</int>
						<int id="h">167</int>
						<int id="z">22</int>
						<str id="sprite_class">heights_face_rock_2</str>
					</object>
					<object id="heights_bush_1_1311874816101">
						<int id="w">162</int>
						<int id="r">5</int>
						<str id="name">heights_bush_1_1311790920488</str>
						<int id="x">374</int>
						<int id="y">-259</int>
						<int id="h">79</int>
						<int id="z">72</int>
						<str id="sprite_class">heights_bush_1</str>
					</object>
					<object id="heights_face_rock_1_1311871710561">
						<int id="w">326</int>
						<int id="r">10</int>
						<str id="name">heights_face_rock_1_1311790920369</str>
						<int id="x">-958</int>
						<int id="y">-420</int>
						<int id="h">104</int>
						<int id="z">92</int>
						<str id="sprite_class">heights_face_rock_1</str>
					</object>
					<object id="heights_face_rock_3_1311871710559">
						<int id="w">458</int>
						<str id="name">heights_face_rock_3_1311790920370</str>
						<int id="x">-1552</int>
						<int id="y">-267</int>
						<int id="h">170</int>
						<int id="z">91</int>
						<str id="sprite_class">heights_face_rock_3</str>
					</object>
					<object id="heights_topper_2_1311790920414">
						<int id="w">227</int>
						<int id="r">1</int>
						<str id="name">heights_topper_2_1311790920395</str>
						<int id="x">-805</int>
						<int id="y">-178</int>
						<int id="h">39</int>
						<int id="z">55</int>
						<str id="sprite_class">heights_topper_2</str>
					</object>
					<object id="heights_mound_3_1311811647679">
						<int id="w">532</int>
						<str id="name">heights_mound_3_1311790920377</str>
						<int id="x">71</int>
						<int id="y">-155</int>
						<int id="h">202</int>
						<int id="z">5</int>
						<str id="sprite_class">heights_mound_3</str>
					</object>
					<object id="heights_mound_2_1311811647726">
						<int id="w">294</int>
						<int id="r">21</int>
						<str id="name">heights_mound_2_1311790920380</str>
						<int id="x">1380</int>
						<int id="y">-712</int>
						<int id="h">206</int>
						<int id="z">0</int>
						<str id="sprite_class">heights_mound_2</str>
					</object>
					<object id="heights_mound_2_1311790920380">
						<int id="w">294</int>
						<int id="r">-10</int>
						<str id="name">heights_mound_2_1311790920380</str>
						<int id="x">-1582</int>
						<int id="y">-336</int>
						<int id="h">206</int>
						<int id="z">4</int>
						<str id="sprite_class">heights_mound_2</str>
					</object>
					<object id="wood_platform_1311811647687">
						<int id="w">47</int>
						<str id="name">wood_platform_1311811647687</str>
						<int id="x">2240</int>
						<int id="y">-258</int>
						<int id="h">21</int>
						<int id="z">85</int>
						<str id="sprite_class">wood_platform</str>
					</object>
					<object id="heights_face_rock_2_1311871710571">
						<int id="w">552</int>
						<int id="r">2</int>
						<str id="name">heights_face_rock_2_1311790920375</str>
						<int id="x">-1200</int>
						<int id="y">-181</int>
						<int id="h">162</int>
						<int id="z">43</int>
						<str id="sprite_class">heights_face_rock_2</str>
					</object>
					<object id="heights_face_1_1311811647722">
						<int id="w">842</int>
						<int id="r">-8</int>
						<str id="name">heights_face_1_1311790745748</str>
						<int id="x">1398</int>
						<int id="y">-237</int>
						<int id="h">576</int>
						<int id="z">9</int>
						<str id="sprite_class">heights_face_1</str>
					</object>
					<object id="ug_rock_1_1311874816187">
						<int id="w">95</int>
						<str id="name">ug_rock_1_1311874816186</str>
						<int id="x">2416</int>
						<int id="y">-383</int>
						<int id="h">62</int>
						<int id="z">143</int>
						<str id="sprite_class">ug_rock_1</str>
					</object>
					<object id="heights_ladderbed_1_1311874816152">
						<int id="w">120</int>
						<str id="name">heights_ladderbed_1_1311874816144</str>
						<int id="x">-1817</int>
						<int id="y">-190</int>
						<int id="h">144</int>
						<int id="z">35</int>
						<str id="sprite_class">heights_ladderbed_1</str>
					</object>
					<object id="alakol_cliff_1_1311811647666">
						<int id="w">1261</int>
						<str id="name">alakol_cliff_1_1311790920357</str>
						<int id="x">-2430</int>
						<int id="y">-2</int>
						<int id="h">211</int>
						<int id="z">77</int>
						<str id="sprite_class">alakol_cliff_1</str>
					</object>
					<object id="heights_topper_stone_1_1311874816168">
						<int id="w">66</int>
						<int id="r">2</int>
						<str id="name">heights_topper_stone_1_1311874816160</str>
						<int id="x">-1408</int>
						<int id="y">-177</int>
						<int id="h">17</int>
						<int id="z">134</int>
						<str id="sprite_class">heights_topper_stone_1</str>
					</object>
					<object id="stalagmite_base_3_1311874816126">
						<int id="w">94</int>
						<str id="name">stalagmite_base_3_1311790920494</str>
						<int id="x">2482</int>
						<int id="y">-155</int>
						<int id="h">20</int>
						<int id="z">125</int>
						<str id="sprite_class">stalagmite_base_3</str>
					</object>
					<object id="trunk_ladder_1_1311811647690">
						<int id="w">75</int>
						<str id="name">trunk_ladder_1_1311811647686</str>
						<int id="x">1964</int>
						<int id="y">-404</int>
						<int id="h">86</int>
						<int id="z">87</int>
						<str id="sprite_class">trunk_ladder_1</str>
					</object>
					<object id="heights_topper_stone_1_1311874816165">
						<int id="w">188</int>
						<int id="r">-4</int>
						<str id="name">heights_topper_stone_1_1311874816160</str>
						<int id="x">-523</int>
						<int id="y">-226</int>
						<int id="h">29</int>
						<int id="z">111</int>
						<str id="sprite_class">heights_topper_stone_1</str>
					</object>
					<object id="alakol_cliff_1_1311790920362">
						<int id="w">1533</int>
						<int id="r">-1</int>
						<str id="name">alakol_cliff_1_1311790920357</str>
						<int id="x">1914</int>
						<int id="y">-167</int>
						<int id="h">279</int>
						<int id="z">25</int>
						<str id="sprite_class">alakol_cliff_1</str>
					</object>
					<object id="heights_mound_3_1311811647677">
						<int id="w">532</int>
						<int id="r">-15</int>
						<str id="name">heights_mound_3_1311790920377</str>
						<int id="x">376</int>
						<int id="y">-166</int>
						<int id="h">202</int>
						<int id="z">6</int>
						<str id="sprite_class">heights_mound_3</str>
					</object>
					<object id="heights_face_rock_2_1311790920413">
						<int id="w">730</int>
						<int id="r">-2</int>
						<str id="name">heights_face_rock_2_1311790920375</str>
						<int id="x">-998</int>
						<int id="y">-188</int>
						<int id="h">214</int>
						<int id="z">39</int>
						<str id="sprite_class">heights_face_rock_2</str>
					</object>
					<object id="heights_platform_2_1311811647667">
						<int id="w">649</int>
						<int id="r">-1</int>
						<str id="name">heights_platform_2_1311790920364</str>
						<int id="x">-1710</int>
						<int id="y">14</int>
						<int id="h">220</int>
						<int id="z">78</int>
						<str id="sprite_class">heights_platform_2</str>
					</object>
					<object id="heights_platform_3_1311790920407">
						<int id="w">236</int>
						<str id="name">heights_platform_3_1311790920407</str>
						<int id="x">-777</int>
						<int id="y">-15</int>
						<int id="h">205</int>
						<int id="z">58</int>
						<str id="sprite_class">heights_platform_3</str>
					</object>
					<object id="heights_face_rock_3_1311790920421">
						<int id="w">374</int>
						<str id="name">heights_face_rock_3_1311790920370</str>
						<int id="x">1605</int>
						<int id="y">-540</int>
						<int id="h">139</int>
						<int id="z">61</int>
						<str id="sprite_class">heights_face_rock_3</str>
					</object>
					<object id="heights_mound_3_1311811647671">
						<int id="w">532</int>
						<int id="r">30</int>
						<str id="name">heights_mound_3_1311790920377</str>
						<int id="x">-1140</int>
						<int id="y">79</int>
						<int id="h">202</int>
						<int id="z">38</int>
						<str id="sprite_class">heights_mound_3</str>
					</object>
					<object id="gravel_2_1311874816108">
						<int id="w">49</int>
						<int id="r">-12</int>
						<str id="name">gravel_2_1311874816107</str>
						<int id="x">-472</int>
						<int id="y">-241</int>
						<int id="h">28</int>
						<int id="z">117</int>
						<str id="sprite_class">gravel_2</str>
					</object>
					<object id="heights_platform_2_1311790920364">
						<int id="w">649</int>
						<int id="r">-8</int>
						<str id="name">heights_platform_2_1311790920364</str>
						<int id="x">-372</int>
						<int id="y">-49</int>
						<int id="h">220</int>
						<int id="z">56</int>
						<str id="sprite_class">heights_platform_2</str>
					</object>
					<object id="heights_face_rock_2_1311871710575">
						<int id="w">624</int>
						<str id="name">heights_face_rock_2_1311790920375</str>
						<int id="x">2217</int>
						<int id="y">-578</int>
						<int id="h">183</int>
						<int id="z">16</int>
						<str id="sprite_class">heights_face_rock_2</str>
					</object>
					<object id="heights_mound_3_1311811647674">
						<int id="w">532</int>
						<int id="r">45</int>
						<str id="name">heights_mound_3_1311790920377</str>
						<int id="x">192</int>
						<int id="y">6</int>
						<int id="h">218</int>
						<int id="z">19</int>
						<str id="sprite_class">heights_mound_3</str>
					</object>
					<object id="heights_mound_2_1311790920385">
						<int id="w">294</int>
						<int id="r">5</int>
						<str id="name">heights_mound_2_1311790920380</str>
						<int id="x">735</int>
						<int id="y">-82</int>
						<int id="h">206</int>
						<int id="z">21</int>
						<str id="sprite_class">heights_mound_2</str>
					</object>
					<object id="stalagmite_base_2_1311874816120">
						<int id="w">159</int>
						<str id="name">stalagmite_base_2_1311790920496</str>
						<int id="x">1758</int>
						<int id="y">-364</int>
						<int id="h">33</int>
						<int id="z">118</int>
						<str id="sprite_class">stalagmite_base_2</str>
					</object>
					<object id="gravel_2_1311874816107">
						<int id="w">32</int>
						<int id="z">116</int>
						<str id="name">gravel_2_1311874816107</str>
						<int id="x">-80</int>
						<int id="y">-278</int>
						<int id="h">18</int>
						<bool id="h_flip">true</bool>
						<str id="sprite_class">gravel_2</str>
					</object>
					<object id="heights_mound_3_1311811647675">
						<int id="w">532</int>
						<int id="r">5</int>
						<str id="name">heights_mound_3_1311790920377</str>
						<int id="x">-1867</int>
						<int id="y">130</int>
						<int id="h">202</int>
						<int id="z">81</int>
						<str id="sprite_class">heights_mound_3</str>
					</object>
					<object id="heights_platform_lip_1_1311871710594">
						<int id="w">530</int>
						<int id="r">1</int>
						<str id="name">heights_platform_lip_1_1311871710594</str>
						<int id="x">73</int>
						<int id="y">-42</int>
						<int id="h">232</int>
						<int id="z">104</int>
						<str id="sprite_class">heights_platform_lip_1</str>
					</object>
					<object id="heights_topper_stone_1_1311874816170">
						<int id="w">139</int>
						<int id="r">9</int>
						<str id="name">heights_topper_stone_1_1311874816160</str>
						<int id="x">681</int>
						<int id="y">-238</int>
						<int id="h">25</int>
						<int id="z">75</int>
						<str id="sprite_class">heights_topper_stone_1</str>
					</object>
					<object id="heights_face_rock_2_1311871710576">
						<int id="w">678</int>
						<int id="r">-2</int>
						<str id="name">heights_face_rock_2_1311790920375</str>
						<int id="x">1683</int>
						<int id="y">-420</int>
						<int id="h">204</int>
						<int id="z">12</int>
						<str id="sprite_class">heights_face_rock_2</str>
					</object>
					<object id="heights_mound_3_1311811647669">
						<int id="w">532</int>
						<int id="r">30</int>
						<str id="name">heights_mound_3_1311790920377</str>
						<int id="x">-2456</int>
						<int id="y">-314</int>
						<int id="h">202</int>
						<int id="z">30</int>
						<str id="sprite_class">heights_mound_3</str>
					</object>
					<object id="heights_topper_stone_1_1311874816163">
						<int id="w">106</int>
						<int id="r">-1</int>
						<str id="name">heights_topper_stone_1_1311874816160</str>
						<int id="x">-717</int>
						<int id="y">-166</int>
						<int id="h">24</int>
						<int id="z">132</int>
						<str id="sprite_class">heights_topper_stone_1</str>
					</object>
					<object id="heights_topper_2_1311871710570">
						<int id="w">145</int>
						<int id="r">3</int>
						<str id="name">heights_topper_2_1311871710557</str>
						<int id="x">-1680</int>
						<int id="y">-394</int>
						<int id="h">38</int>
						<int id="z">98</int>
						<str id="sprite_class">heights_topper_2</str>
					</object>
					<object id="heights_topper_stone_1_1311874816178">
						<int id="w">104</int>
						<int id="r">2</int>
						<str id="name">heights_topper_stone_1_1311874816160</str>
						<int id="x">2131</int>
						<int id="y">-584</int>
						<int id="h">20</int>
						<int id="z">142</int>
						<str id="sprite_class">heights_topper_stone_1</str>
					</object>
					<object id="heights_topper_stone_1_1311874816167">
						<int id="w">66</int>
						<int id="r">2</int>
						<str id="name">heights_topper_stone_1_1311874816160</str>
						<int id="x">-1638</int>
						<int id="y">-186</int>
						<int id="h">17</int>
						<int id="z">135</int>
						<str id="sprite_class">heights_topper_stone_1</str>
					</object>
					<object id="heights_topper_1_1311871710563">
						<int id="w">269</int>
						<int id="z">100</int>
						<str id="name">heights_topper_1_1311790920368</str>
						<int id="x">-921</int>
						<int id="y">-478</int>
						<int id="h">69</int>
						<bool id="h_flip">true</bool>
						<str id="sprite_class">heights_topper_1</str>
						<int id="r">6</int>
					</object>
					<object id="alakol_cliff_1_1311790920358">
						<int id="w">1261</int>
						<int id="z">28</int>
						<str id="name">alakol_cliff_1_1311790920357</str>
						<int id="x">1526</int>
						<int id="y">-11</int>
						<int id="h">211</int>
						<bool id="h_flip">true</bool>
						<str id="sprite_class">alakol_cliff_1</str>
					</object>
					<object id="heights_mound_3_1311790920384">
						<int id="w">532</int>
						<int id="r">20</int>
						<str id="name">heights_mound_3_1311790920377</str>
						<int id="x">824</int>
						<int id="y">83</int>
						<int id="h">202</int>
						<int id="z">49</int>
						<str id="sprite_class">heights_mound_3</str>
					</object>
					<object id="heights_topper_stone_1_1311874816171">
						<int id="w">139</int>
						<int id="z">74</int>
						<str id="name">heights_topper_stone_1_1311874816160</str>
						<int id="x">780</int>
						<int id="y">-229</int>
						<int id="h">25</int>
						<bool id="h_flip">true</bool>
						<str id="sprite_class">heights_topper_stone_1</str>
						<int id="r">2</int>
					</object>
					<object id="heights_face_rock_1_1311790920430">
						<int id="w">233</int>
						<str id="name">heights_face_rock_1_1311790920369</str>
						<int id="x">1020</int>
						<int id="y">-410</int>
						<int id="h">74</int>
						<int id="z">67</int>
						<str id="sprite_class">heights_face_rock_1</str>
					</object>
					<object id="heights_topper_stone_1_1311874816161">
						<int id="w">145</int>
						<int id="z">130</int>
						<str id="name">heights_topper_stone_1_1311874816160</str>
						<int id="x">-982</int>
						<int id="y">-181</int>
						<int id="h">33</int>
						<bool id="h_flip">true</bool>
						<str id="sprite_class">heights_topper_stone_1</str>
						<int id="r">-3</int>
					</object>
					<object id="alakol_cliff_2_1311811647668">
						<int id="w">692</int>
						<int id="z">82</int>
						<str id="name">alakol_cliff_2_1311790920360</str>
						<int id="x">-2288</int>
						<int id="y">-214</int>
						<int id="h">135</int>
						<bool id="h_flip">true</bool>
						<str id="sprite_class">alakol_cliff_2</str>
						<int id="r">5</int>
					</object>
					<object id="heights_topper_2_1311871710566">
						<int id="w">174</int>
						<int id="r">3</int>
						<str id="name">heights_topper_2_1311871710557</str>
						<int id="x">-1067</int>
						<int id="y">-524</int>
						<int id="h">42</int>
						<int id="z">94</int>
						<str id="sprite_class">heights_topper_2</str>
					</object>
					<object id="heights_face_rock_1_1311871710554">
						<int id="w">292</int>
						<str id="name">heights_face_rock_1_1311790920369</str>
						<int id="x">865</int>
						<int id="y">-392</int>
						<int id="h">93</int>
						<int id="z">68</int>
						<str id="sprite_class">heights_face_rock_1</str>
					</object>
					<object id="heights_topper_stone_1_1311874816175">
						<int id="w">107</int>
						<int id="r">2</int>
						<str id="name">heights_topper_stone_1_1311874816160</str>
						<int id="x">1617</int>
						<int id="y">-354</int>
						<int id="h">22</int>
						<int id="z">139</int>
						<str id="sprite_class">heights_topper_stone_1</str>
					</object>
					<object id="heights_platform_2_1311790920417">
						<int id="w">649</int>
						<int id="z">57</int>
						<str id="name">heights_platform_2_1311790920364</str>
						<int id="x">508</int>
						<int id="y">-51</int>
						<int id="h">220</int>
						<bool id="h_flip">true</bool>
						<str id="sprite_class">heights_platform_2</str>
						<int id="r">5</int>
					</object>
				</object>
				<object id="targets">
				</object>
				<object id="boxes">
					<object id="box_1">
						<int id="y">-790</int>
						<int id="h">100</int>
						<int id="w">80</int>
						<int id="x">1148</int>
						<str id="id">11spots_muufo_06</str>
					</object>
				</object>
				<object id="filtersNEW">
					<object id="tintAmount">
						<int id="value">0</int>
					</object>
					<object id="brightness">
						<int id="value">-15</int>
					</object>
					<object id="tintColor">
						<int id="value">0</int>
					</object>
					<object id="saturation">
						<int id="value">-5</int>
					</object>
					<object id="contrast">
						<int id="value">-20</int>
					</object>
				</object>
				<object id="doors">
				</object>
				<object id="ladders">
					<object id="ladder_1311811647710">
						<int id="y">-161</int>
						<int id="w">50</int>
						<int id="h">175</int>
						<int id="x">2254</int>
					</object>
					<object id="ladder_1311811647709">
						<int id="y">-389</int>
						<int id="w">50</int>
						<int id="h">200</int>
						<int id="x">1972</int>
					</object>
					<object id="ladder_1311874816156">
						<int id="y">-199</int>
						<int id="w">50</int>
						<int id="h">275</int>
						<int id="x">-1822</int>
					</object>
				</object>
				<int id="w">5000</int>
				<str id="name">middleground</str>
				<object id="signposts">
					<object id="signpost_2">
						<int id="y">-331</int>
						<object id="connects">
							<object id="0">
								<str id="swf_file_versioned">http://c2.glitch.bz/locations/groddle1/1319854280.swf</str>
								<str id="hub_id">97</str>
								<int id="x">-1085</int>
								<int id="y">-901</int>
								<str id="mote_id">9</str>
								<objref id="target" tsid="LA9KL9UE1D82RFO" label="Odena Odes"/>
							</object>
							<object id="1">
								<str id="swf_file_versioned">http://c2.glitch.bz/locations/groddle1/1319854280.swf</str>
								<str id="hub_id">97</str>
								<int id="x">1720</int>
								<int id="y">-415</int>
								<str id="mote_id">9</str>
								<objref id="target" tsid="LA9KL77D1D829Q3" label="Kumida Middles"/>
							</object>
							<object id="2">
								<str id="swf_file_versioned">http://c2.glitch.bz/locations/groddle1/1319854280.swf</str>
								<str id="hub_id">97</str>
								<int id="x">1685</int>
								<int id="y">-810</int>
								<str id="mote_id">9</str>
								<objref id="target" tsid="LA93EC9GHI824JT" label="Zaruu Zilch"/>
							</object>
						</object>
						<int id="h">200</int>
						<int id="w">100</int>
						<str id="id">signpost_2</str>
						<int id="x">-2359</int>
					</object>
					<object id="signpost_1">
						<int id="y">-584</int>
						<object id="connects">
							<object id="0">
								<str id="swf_file_versioned">http://c2.glitch.bz/locations/groddle1/1319854280.swf</str>
								<str id="hub_id">97</str>
								<int id="x">-2707</int>
								<int id="y">-362</int>
								<str id="mote_id">9</str>
								<objref id="target" tsid="LA9KLB7I1D822OL" label="Nira Nooks"/>
							</object>
							<object id="1">
								<str id="swf_file_versioned">http://c2.glitch.bz/locations/groddle1/1319854280.swf</str>
								<str id="hub_id">97</str>
								<int id="x">2700</int>
								<int id="y">-512</int>
								<str id="mote_id">9</str>
								<objref id="target" tsid="LA9T11KPMD82B1S" label="Matsua Mossy"/>
							</object>
						</object>
						<int id="h">200</int>
						<int id="w">100</int>
						<int id="x">2337</int>
					</object>
				</object>
				<int id="h">1000</int>
				<int id="z">0</int>
				<object id="platform_lines">
					<object id="plat_1311871710603">
						<int id="platform_item_perm">-1</int>
						<int id="platform_pc_perm">-1</int>
						<object id="start">
							<int id="y">-173</int>
							<int id="x">-1434</int>
						</object>
						<object id="end">
							<int id="y">-163</int>
							<int id="x">-1337</int>
						</object>
					</object>
					<object id="plat_1311811647712">
						<int id="platform_item_perm">-1</int>
						<int id="platform_pc_perm">-1</int>
						<object id="start">
							<int id="y">-166</int>
							<int id="x">1220</int>
						</object>
						<object id="end">
							<int id="y">-153</int>
							<int id="x">1397</int>
						</object>
					</object>
					<object id="plat_1311811647705">
						<int id="platform_item_perm">-1</int>
						<int id="platform_pc_perm">-1</int>
						<object id="start">
							<int id="y">-413</int>
							<int id="x">1750</int>
						</object>
						<object id="end">
							<int id="y">-402</int>
							<int id="x">1831</int>
						</object>
					</object>
					<object id="plat_1311871710583">
						<int id="platform_item_perm">-1</int>
						<int id="platform_pc_perm">-1</int>
						<object id="start">
							<int id="y">-483</int>
							<int id="x">743</int>
						</object>
						<object id="end">
							<int id="y">-489</int>
							<int id="x">816</int>
						</object>
					</object>
					<object id="plat_1311871710587">
						<int id="platform_item_perm">-1</int>
						<int id="platform_pc_perm">-1</int>
						<object id="start">
							<int id="y">-686</int>
							<int id="x">1524</int>
						</object>
						<object id="end">
							<int id="y">-673</int>
							<int id="x">1606</int>
						</object>
					</object>
					<object id="plat_1311871710586">
						<int id="platform_item_perm">-1</int>
						<int id="platform_pc_perm">-1</int>
						<object id="start">
							<int id="y">-672</int>
							<int id="x">1433</int>
						</object>
						<object id="end">
							<int id="y">-686</int>
							<int id="x">1524</int>
						</object>
					</object>
					<object id="plat_1311871710608">
						<int id="platform_item_perm">-1</int>
						<int id="platform_pc_perm">-1</int>
						<object id="start">
							<int id="y">-321</int>
							<int id="x">-2353</int>
						</object>
						<object id="end">
							<int id="y">-309</int>
							<int id="x">-1986</int>
						</object>
					</object>
					<object id="plat_1311871710616">
						<int id="platform_item_perm">-1</int>
						<int id="platform_pc_perm">-1</int>
						<object id="start">
							<int id="y">-516</int>
							<int id="x">-995</int>
						</object>
						<object id="end">
							<int id="y">-498</int>
							<int id="x">-797</int>
						</object>
					</object>
					<object id="plat_1311874816097">
						<int id="platform_item_perm">-1</int>
						<int id="platform_pc_perm">-1</int>
						<object id="start">
							<int id="y">-197</int>
							<int id="x">150</int>
						</object>
						<object id="end">
							<int id="y">-250</int>
							<int id="x">289</int>
						</object>
					</object>
					<object id="plat_1311871710615">
						<int id="platform_item_perm">-1</int>
						<int id="platform_pc_perm">-1</int>
						<object id="start">
							<int id="y">-537</int>
							<int id="x">-1188</int>
						</object>
						<object id="end">
							<int id="y">-516</int>
							<int id="x">-995</int>
						</object>
					</object>
					<object id="plat_1311871710605">
						<int id="platform_item_perm">-1</int>
						<int id="platform_pc_perm">-1</int>
						<object id="start">
							<int id="y">-144</int>
							<int id="x">-2004</int>
						</object>
						<object id="end">
							<int id="y">-181</int>
							<int id="x">-1846</int>
						</object>
					</object>
					<object id="plat_1311871710584">
						<int id="platform_item_perm">-1</int>
						<int id="platform_pc_perm">-1</int>
						<object id="start">
							<int id="y">-489</int>
							<int id="x">816</int>
						</object>
						<object id="end">
							<int id="y">-476</int>
							<int id="x">984</int>
						</object>
					</object>
					<object id="plat_1311871710602">
						<int id="platform_item_perm">-1</int>
						<int id="platform_pc_perm">-1</int>
						<object id="start">
							<int id="y">-163</int>
							<int id="x">-1337</int>
						</object>
						<object id="end">
							<int id="y">-151</int>
							<int id="x">-1076</int>
						</object>
					</object>
					<object id="plat_1311871710614">
						<int id="platform_item_perm">-1</int>
						<int id="platform_pc_perm">-1</int>
						<object id="start">
							<int id="y">-527</int>
							<int id="x">-1291</int>
						</object>
						<object id="end">
							<int id="y">-537</int>
							<int id="x">-1188</int>
						</object>
					</object>
					<object id="plat_1311874816117">
						<int id="platform_item_perm">-1</int>
						<int id="platform_pc_perm">-1</int>
						<object id="start">
							<int id="y">-757</int>
							<int id="x">1019</int>
						</object>
						<object id="end">
							<int id="y">-767</int>
							<int id="x">1110</int>
						</object>
					</object>
					<object id="plat_1311874816096">
						<int id="platform_item_perm">-1</int>
						<int id="platform_pc_perm">-1</int>
						<object id="start">
							<int id="y">-203</int>
							<int id="x">-33</int>
						</object>
						<object id="end">
							<int id="y">-197</int>
							<int id="x">150</int>
						</object>
					</object>
					<object id="plat_1311871710601">
						<int id="platform_item_perm">-1</int>
						<int id="platform_pc_perm">-1</int>
						<object id="start">
							<int id="y">-151</int>
							<int id="x">-1076</int>
						</object>
						<object id="end">
							<int id="y">-166</int>
							<int id="x">-884</int>
						</object>
					</object>
					<object id="plat_1311811647713">
						<int id="platform_item_perm">-1</int>
						<int id="platform_pc_perm">-1</int>
						<object id="start">
							<int id="y">-153</int>
							<int id="x">1397</int>
						</object>
						<object id="end">
							<int id="y">-165</int>
							<int id="x">1611</int>
						</object>
					</object>
					<object id="plat_1311811647703">
						<int id="platform_item_perm">-1</int>
						<int id="platform_pc_perm">-1</int>
						<object id="start">
							<int id="y">-362</int>
							<int id="x">1448</int>
						</object>
						<object id="end">
							<int id="y">-413</int>
							<int id="x">1750</int>
						</object>
					</object>
					<object id="plat_1311811647693">
						<int id="platform_item_perm">-1</int>
						<int id="platform_pc_perm">-1</int>
						<object id="start">
							<int id="y">-577</int>
							<int id="x">1916</int>
						</object>
						<object id="end">
							<int id="y">-582</int>
							<int id="x">1945</int>
						</object>
					</object>
					<object id="plat_1311811647692">
						<int id="platform_item_perm">-1</int>
						<int id="platform_pc_perm">-1</int>
						<object id="start">
							<int id="y">-582</int>
							<int id="x">1945</int>
						</object>
						<object id="end">
							<int id="y">-572</int>
							<int id="x">2499</int>
						</object>
					</object>
					<object id="plat_1311871710600">
						<int id="platform_item_perm">-1</int>
						<int id="platform_pc_perm">-1</int>
						<object id="start">
							<int id="y">-166</int>
							<int id="x">-884</int>
						</object>
						<object id="end">
							<int id="y">-209</int>
							<int id="x">-635</int>
						</object>
					</object>
					<object id="plat_1311811647720">
						<int id="platform_item_perm">-1</int>
						<int id="platform_pc_perm">-1</int>
						<object id="start">
							<int id="y">-250</int>
							<int id="x">289</int>
						</object>
						<object id="end">
							<int id="y">-218</int>
							<int id="x">816</int>
						</object>
					</object>
					<object id="plat_1311871710610">
						<int id="platform_item_perm">-1</int>
						<int id="platform_pc_perm">-1</int>
						<object id="start">
							<int id="y">-424</int>
							<int id="x">-1677</int>
						</object>
						<object id="end">
							<int id="y">-418</int>
							<int id="x">-1507</int>
						</object>
					</object>
					<object id="plat_1311874816095">
						<int id="platform_item_perm">-1</int>
						<int id="platform_pc_perm">-1</int>
						<object id="start">
							<int id="y">-257</int>
							<int id="x">-162</int>
						</object>
						<object id="end">
							<int id="y">-203</int>
							<int id="x">-33</int>
						</object>
					</object>
					<object id="plat_1311871710588">
						<int id="platform_item_perm">-1</int>
						<int id="platform_pc_perm">-1</int>
						<object id="start">
							<int id="y">-673</int>
							<int id="x">1606</int>
						</object>
						<object id="end">
							<int id="y">-680</int>
							<int id="x">1693</int>
						</object>
					</object>
					<object id="plat_1311811647716">
						<int id="platform_item_perm">-1</int>
						<int id="platform_pc_perm">-1</int>
						<object id="start">
							<int id="y">-146</int>
							<int id="x">1966</int>
						</object>
						<object id="end">
							<int id="y">-118</int>
							<int id="x">2145</int>
						</object>
					</object>
					<object id="plat_1311874816118">
						<int id="platform_item_perm">-1</int>
						<int id="platform_pc_perm">-1</int>
						<object id="start">
							<int id="y">-767</int>
							<int id="x">1110</int>
						</object>
						<object id="end">
							<int id="y">-762</int>
							<int id="x">1278</int>
						</object>
					</object>
					<object id="plat_1311811647707">
						<int id="platform_item_perm">-1</int>
						<int id="platform_pc_perm">-1</int>
						<object id="start">
							<int id="y">-374</int>
							<int id="x">1949</int>
						</object>
						<object id="end">
							<int id="y">-320</int>
							<int id="x">2196</int>
						</object>
					</object>
					<object id="plat_1311871710604">
						<int id="platform_item_perm">-1</int>
						<int id="platform_pc_perm">-1</int>
						<object id="start">
							<int id="y">-181</int>
							<int id="x">-1846</int>
						</object>
						<object id="end">
							<int id="y">-173</int>
							<int id="x">-1434</int>
						</object>
					</object>
					<object id="plat_1311811647717">
						<int id="platform_item_perm">-1</int>
						<int id="platform_pc_perm">-1</int>
						<object id="start">
							<int id="y">-118</int>
							<int id="x">2145</int>
						</object>
						<object id="end">
							<int id="y">-148</int>
							<int id="x">2499</int>
						</object>
					</object>
					<object id="plat_1311871710612">
						<int id="platform_item_perm">-1</int>
						<int id="platform_pc_perm">-1</int>
						<object id="start">
							<int id="y">-418</int>
							<int id="x">-1507</int>
						</object>
						<object id="end">
							<int id="y">-430</int>
							<int id="x">-1434</int>
						</object>
					</object>
					<object id="plat_1311871710589">
						<int id="platform_item_perm">-1</int>
						<int id="platform_pc_perm">-1</int>
						<object id="start">
							<int id="y">-680</int>
							<int id="x">1693</int>
						</object>
						<object id="end">
							<int id="y">-669</int>
							<int id="x">1770</int>
						</object>
					</object>
					<object id="plat_1311871710607">
						<int id="platform_item_perm">-1</int>
						<int id="platform_pc_perm">-1</int>
						<object id="start">
							<int id="y">-321</int>
							<int id="x">-2498</int>
						</object>
						<object id="end">
							<int id="y">-321</int>
							<int id="x">-2353</int>
						</object>
					</object>
					<object id="plat_1311811647711">
						<int id="platform_item_perm">-1</int>
						<int id="platform_pc_perm">-1</int>
						<object id="start">
							<int id="y">-216</int>
							<int id="x">1103</int>
						</object>
						<object id="end">
							<int id="y">-166</int>
							<int id="x">1220</int>
						</object>
					</object>
					<object id="plat_1311811647701">
						<int id="platform_item_perm">-1</int>
						<int id="platform_pc_perm">-1</int>
						<object id="start">
							<int id="y">-350</int>
							<int id="x">1189</int>
						</object>
						<object id="end">
							<int id="y">-365</int>
							<int id="x">1244</int>
						</object>
					</object>
					<object id="plat_1311811647706">
						<int id="platform_item_perm">-1</int>
						<int id="platform_pc_perm">-1</int>
						<object id="start">
							<int id="y">-402</int>
							<int id="x">1831</int>
						</object>
						<object id="end">
							<int id="y">-374</int>
							<int id="x">1949</int>
						</object>
					</object>
					<object id="plat_1311811647702">
						<int id="platform_item_perm">-1</int>
						<int id="platform_pc_perm">-1</int>
						<object id="start">
							<int id="y">-365</int>
							<int id="x">1244</int>
						</object>
						<object id="end">
							<int id="y">-362</int>
							<int id="x">1448</int>
						</object>
					</object>
					<object id="plat_1311811647719">
						<int id="platform_item_perm">-1</int>
						<int id="platform_pc_perm">-1</int>
						<object id="start">
							<int id="y">-218</int>
							<int id="x">816</int>
						</object>
						<object id="end">
							<int id="y">-228</int>
							<int id="x">979</int>
						</object>
					</object>
					<object id="plat_1311871710585">
						<int id="platform_item_perm">-1</int>
						<int id="platform_pc_perm">-1</int>
						<object id="start">
							<int id="y">-476</int>
							<int id="x">984</int>
						</object>
						<object id="end">
							<int id="y">-482</int>
							<int id="x">1116</int>
						</object>
					</object>
					<object id="plat_1311811647708">
						<int id="platform_item_perm">-1</int>
						<int id="platform_pc_perm">-1</int>
						<object id="start">
							<int id="y">-320</int>
							<int id="x">2196</int>
						</object>
						<object id="end">
							<int id="y">-355</int>
							<int id="x">2499</int>
						</object>
					</object>
					<object id="plat_1311871710609">
						<int id="platform_item_perm">-1</int>
						<int id="platform_pc_perm">-1</int>
						<object id="start">
							<int id="y">-427</int>
							<int id="x">-1766</int>
						</object>
						<object id="end">
							<int id="y">-424</int>
							<int id="x">-1677</int>
						</object>
					</object>
					<object id="plat_1311871710613">
						<int id="platform_item_perm">-1</int>
						<int id="platform_pc_perm">-1</int>
						<object id="start">
							<int id="y">-430</int>
							<int id="x">-1434</int>
						</object>
						<object id="end">
							<int id="y">-423</int>
							<int id="x">-1343</int>
						</object>
					</object>
					<object id="plat_1311871710598">
						<int id="platform_item_perm">-1</int>
						<int id="platform_pc_perm">-1</int>
						<object id="start">
							<int id="y">-209</int>
							<int id="x">-635</int>
						</object>
						<object id="end">
							<int id="y">-257</int>
							<int id="x">-162</int>
						</object>
					</object>
					<object id="plat_1311871710606">
						<int id="platform_item_perm">-1</int>
						<int id="platform_pc_perm">-1</int>
						<object id="start">
							<int id="y">-147</int>
							<int id="x">-2499</int>
						</object>
						<object id="end">
							<int id="y">-144</int>
							<int id="x">-2004</int>
						</object>
					</object>
					<object id="plat_1311811647718">
						<int id="platform_item_perm">-1</int>
						<int id="platform_pc_perm">-1</int>
						<object id="start">
							<int id="y">-228</int>
							<int id="x">979</int>
						</object>
						<object id="end">
							<int id="y">-216</int>
							<int id="x">1103</int>
						</object>
					</object>
					<object id="plat_1311811647714">
						<int id="platform_item_perm">-1</int>
						<int id="platform_pc_perm">-1</int>
						<object id="start">
							<int id="y">-165</int>
							<int id="x">1611</int>
						</object>
						<object id="end">
							<int id="y">-146</int>
							<int id="x">1966</int>
						</object>
					</object>
				</object>
				<object id="walls">
				</object>
			</object>
			<object id="T_1311790920469">
				<object id="decos">
					<object id="mountain_trees_darker_1_1311790920473">
						<int id="w">1602</int>
						<int id="r">-1</int>
						<str id="name">mountain_trees_darker_1_1311790920467</str>
						<int id="x">2022</int>
						<int id="y">847</int>
						<int id="h">533</int>
						<int id="z">2</int>
						<str id="sprite_class">mountain_trees_darker_1</str>
					</object>
					<object id="mountain_blue_1_1311811647731">
						<int id="w">1264</int>
						<int id="r">-2</int>
						<str id="name">mountain_blue_1_1311790920471</str>
						<int id="x">1425</int>
						<int id="y">659</int>
						<int id="h">437</int>
						<int id="z">1</int>
						<str id="sprite_class">mountain_blue_1</str>
					</object>
					<object id="mountain_blue_1_1311790920482">
						<int id="w">1166</int>
						<int id="r">-2</int>
						<str id="name">mountain_blue_1_1311790920471</str>
						<int id="x">2758</int>
						<int id="y">645</int>
						<int id="h">489</int>
						<int id="z">0</int>
						<str id="sprite_class">mountain_blue_1</str>
					</object>
				</object>
				<int id="w">4150</int>
				<int id="h">1000</int>
				<int id="z">-3</int>
				<str id="name">sky</str>
				<object id="filtersNEW">
					<object id="contrast">
						<int id="value">-30</int>
					</object>
					<object id="saturation">
						<int id="value">-20</int>
					</object>
					<object id="brightness">
						<int id="value">15</int>
					</object>
				</object>
			</object>
		</object>
		<null id="img_file_versioned"/>
		<str id="swf_file_versioned">http://c2.glitch.bz/locations/groddle1/1319854280.swf</str>
		<null id="physics"/>
		<str id="tsid">LA9KL81E1D82ABT</str>
		<null id="loading_label"/>
		<int id="ground_y">-293</int>
		<int id="rookable_type">0</int>
		<object id="gradient">
			<str id="top">8FC9FF</str>
			<str id="bottom">FFE159</str>
		</object>
		<object id="sources">
			<int id="LA9KLB7I1D822OL">1</int>
			<int id="LA9KL9UE1D82RFO">1</int>
			<int id="LA9KL77D1D829Q3">1</int>
			<int id="LA93EC9GHI824JT">1</int>
			<int id="LA9T11KPMD82B1S">1</int>
		</object>
	</object>
</game_object>
