<game_object tsid="GA9KLB7I1D822OL" ts="1353453609669" label="Nira Nooks" class_tsid="" lastUpdateTime="1353453599" upd_gs="gs10" load_time="2012-11-20 15:19:59.000" upd_time="2012-11-20 15:12:08.074">
	<object id="dynamic">
		<int id="l">-3000</int>
		<int id="r">3000</int>
		<int id="t">-1000</int>
		<int id="b">0</int>
		<str id="label">Transition_02</str>
		<str id="swf_file">groddle1.swf</str>
		<object id="layers">
			<object id="T_1311008164522">
				<int id="w">4620</int>
				<int id="h">940</int>
				<int id="z">-4</int>
				<str id="name">mtn</str>
				<object id="filtersNEW">
					<object id="saturation">
						<int id="value">-40</int>
					</object>
					<object id="tintColor">
						<int id="value">16777164</int>
					</object>
					<object id="contrast">
						<int id="value">-40</int>
					</object>
					<object id="tintAmount">
						<int id="value">13</int>
					</object>
					<object id="brightness">
						<int id="value">30</int>
					</object>
				</object>
				<object id="decos">
					<object id="mountain_trees_darker_1_1311008164607">
						<int id="w">997</int>
						<int id="r">-3</int>
						<str id="name">mountain_trees_darker_1_1311008164605</str>
						<int id="x">2705</int>
						<str id="sprite_class">mountain_trees_darker_1</str>
						<int id="y">663</int>
						<int id="h">252</int>
						<int id="z">2</int>
					</object>
					<object id="mountain_trees_darker_1_1311986368059">
						<int id="w">1096</int>
						<int id="r">2</int>
						<str id="name">mountain_trees_darker_1_1311008164605</str>
						<int id="x">1039</int>
						<str id="sprite_class">mountain_trees_darker_1</str>
						<int id="y">808</int>
						<int id="h">430</int>
						<int id="z">4</int>
					</object>
					<object id="mountain_trees_darker_1_1311986368061">
						<int id="w">1247</int>
						<int id="r">2</int>
						<str id="name">mountain_trees_darker_1_1311008164605</str>
						<int id="x">764</int>
						<str id="sprite_class">mountain_trees_darker_1</str>
						<int id="y">829</int>
						<int id="h">547</int>
						<int id="z">5</int>
					</object>
					<object id="cloud_fluffy_1_1312303284945">
						<int id="w">1067</int>
						<str id="name">cloud_fluffy_1_1311986368049</str>
						<int id="x">336</int>
						<str id="sprite_class">cloud_fluffy_1</str>
						<int id="y">302</int>
						<int id="h">171</int>
						<int id="z">11</int>
					</object>
					<object id="mountain_trees_darker_1_1312303284853">
						<int id="w">1166</int>
						<int id="r">2</int>
						<str id="name">mountain_trees_darker_1_1311008164605</str>
						<int id="x">341</int>
						<str id="sprite_class">mountain_trees_darker_1</str>
						<int id="y">877</int>
						<int id="h">696</int>
						<int id="z">6</int>
					</object>
					<object id="mountain_trees_darker_1_1311022275093">
						<int id="w">572</int>
						<int id="r">-3</int>
						<str id="name">mountain_trees_darker_1_1311008164605</str>
						<int id="x">2161</int>
						<str id="sprite_class">mountain_trees_darker_1</str>
						<int id="y">693</int>
						<int id="h">248</int>
						<int id="z">8</int>
					</object>
					<object id="cloud_fluffy_1_1311986368049">
						<int id="w">687</int>
						<str id="name">cloud_fluffy_1_1311986368049</str>
						<int id="x">2710</int>
						<str id="sprite_class">cloud_fluffy_1</str>
						<int id="y">399</int>
						<int id="h">124</int>
						<int id="z">10</int>
					</object>
					<object id="mountain_trees_darker_1_1311022275095">
						<int id="w">903</int>
						<int id="r">2</int>
						<str id="name">mountain_trees_darker_1_1311008164605</str>
						<int id="x">1513</int>
						<str id="sprite_class">mountain_trees_darker_1</str>
						<int id="y">792</int>
						<int id="h">374</int>
						<int id="z">3</int>
					</object>
					<object id="mountain_trees_darker_1_1311008164606">
						<int id="w">820</int>
						<int id="r">-3</int>
						<str id="name">mountain_trees_darker_1_1311008164605</str>
						<int id="x">3135</int>
						<str id="sprite_class">mountain_trees_darker_1</str>
						<int id="y">687</int>
						<int id="h">354</int>
						<int id="z">0</int>
					</object>
					<object id="mountain_trees_darker_1_1311022275094">
						<int id="w">854</int>
						<int id="r">-1</int>
						<str id="name">mountain_trees_darker_1_1311008164605</str>
						<int id="x">1830</int>
						<str id="sprite_class">mountain_trees_darker_1</str>
						<int id="y">706</int>
						<int id="h">224</int>
						<int id="z">7</int>
					</object>
					<object id="cloud_fluffy_2_1311986368048">
						<int id="w">940</int>
						<str id="name">cloud_fluffy_2_1311986368048</str>
						<int id="x">1770</int>
						<str id="sprite_class">cloud_fluffy_2</str>
						<int id="y">390</int>
						<int id="h">139</int>
						<int id="z">9</int>
					</object>
					<object id="mountain_trees_darker_1_1311022275092">
						<int id="w">892</int>
						<int id="r">-3</int>
						<str id="name">mountain_trees_darker_1_1311008164605</str>
						<int id="x">2397</int>
						<str id="sprite_class">mountain_trees_darker_1</str>
						<int id="y">707</int>
						<int id="h">294</int>
						<int id="z">1</int>
					</object>
				</object>
			</object>
			<object id="middleground">
				<int id="z">0</int>
				<object id="signposts">
					<object id="signpost_1">
						<int id="y">-134</int>
						<int id="h">200</int>
						<int id="w">100</int>
						<object id="connects">
							<object id="0">
								<str id="mote_id">9</str>
								<int id="x">-710</int>
								<int id="y">-190</int>
								<str id="swf_file_versioned">http://c2.glitch.bz/locations/groddle1/1322700918.swf,http://c2.glitch.bz/locations/alpine_landscape/1322700743.swf</str>
								<bool id="hidden">false</bool>
								<str id="hub_id">88</str>
								<objref id="target" tsid="LNVEA19502I2S8M" label="Rudna Barthii"/>
							</object>
						</object>
						<str id="id">signpost_1</str>
						<int id="x">2641</int>
					</object>
					<object id="signpost_2">
						<int id="y">-357</int>
						<int id="h">200</int>
						<int id="w">100</int>
						<object id="connects">
							<object id="0">
								<str id="mote_id">9</str>
								<int id="x">2206</int>
								<int id="y">-594</int>
								<str id="swf_file_versioned">http://c2.glitch.bz/locations/groddle1/1322700918.swf</str>
								<str id="hub_id">97</str>
								<objref id="target" tsid="LA9KL81E1D82ABT" label="Bettano Testament"/>
							</object>
							<object id="1">
								<str id="mote_id">9</str>
								<int id="x">2700</int>
								<int id="y">-512</int>
								<str id="swf_file_versioned">http://c2.glitch.bz/locations/groddle1/1322700918.swf</str>
								<str id="hub_id">97</str>
								<objref id="target" tsid="LA9T11KPMD82B1S" label="Matsua Mossy"/>
							</object>
						</object>
						<str id="id">signpost_2</str>
						<int id="x">-2835</int>
					</object>
				</object>
				<object id="filtersNEW">
					<object id="saturation">
						<int id="value">-10</int>
					</object>
					<object id="tintColor">
						<int id="value">0</int>
					</object>
					<object id="contrast">
						<int id="value">-10</int>
					</object>
					<object id="tintAmount">
						<int id="value">0</int>
					</object>
					<object id="brightness">
						<int id="value">-5</int>
					</object>
				</object>
				<object id="walls">
					<object id="wall_1312310646720">
						<int id="y">-1001</int>
						<int id="w">0</int>
						<int id="h">827</int>
						<int id="pc_perm">0</int>
						<int id="x">-2099</int>
						<int id="item_perm">1</int>
					</object>
				</object>
				<object id="doors">
				</object>
				<object id="platform_lines">
					<object id="plat_1312303284965">
						<int id="platform_pc_perm">-1</int>
						<int id="platform_item_perm">-1</int>
						<object id="start">
							<int id="y">-157</int>
							<int id="x">-695</int>
						</object>
						<object id="end">
							<int id="y">-157</int>
							<int id="x">-622</int>
						</object>
					</object>
					<object id="plat_1312303284963">
						<int id="platform_pc_perm">-1</int>
						<int id="platform_item_perm">-1</int>
						<object id="start">
							<int id="y">-378</int>
							<int id="x">-1906</int>
						</object>
						<object id="end">
							<int id="y">-399</int>
							<int id="x">-1740</int>
						</object>
					</object>
					<object id="plat_1312303284975">
						<int id="platform_pc_perm">-1</int>
						<int id="platform_item_perm">-1</int>
						<object id="start">
							<int id="y">-108</int>
							<int id="x">1750</int>
						</object>
						<object id="end">
							<int id="y">-128</int>
							<int id="x">2051</int>
						</object>
					</object>
					<object id="plat_1312303284973">
						<int id="platform_pc_perm">-1</int>
						<int id="platform_item_perm">-1</int>
						<object id="start">
							<int id="y">-112</int>
							<int id="x">811</int>
						</object>
						<object id="end">
							<int id="y">-144</int>
							<int id="x">1270</int>
						</object>
					</object>
					<object id="plat_1312303284969">
						<int id="platform_pc_perm">-1</int>
						<int id="platform_item_perm">-1</int>
						<object id="start">
							<int id="y">-67</int>
							<int id="x">-429</int>
						</object>
						<object id="end">
							<int id="y">-60</int>
							<int id="x">-377</int>
						</object>
					</object>
					<object id="plat_1312303284978">
						<int id="platform_pc_perm">-1</int>
						<int id="platform_item_perm">-1</int>
						<object id="start">
							<int id="y">-128</int>
							<int id="x">2051</int>
						</object>
						<object id="end">
							<int id="y">-109</int>
							<int id="x">2297</int>
						</object>
					</object>
					<object id="plat_1312303284958">
						<int id="platform_pc_perm">-1</int>
						<int id="platform_item_perm">-1</int>
						<object id="start">
							<int id="y">-185</int>
							<int id="x">-2172</int>
						</object>
						<object id="end">
							<int id="y">-117</int>
							<int id="x">-1780</int>
						</object>
					</object>
					<object id="plat_1312303284974">
						<int id="platform_pc_perm">-1</int>
						<int id="platform_item_perm">-1</int>
						<object id="start">
							<int id="y">-144</int>
							<int id="x">1270</int>
						</object>
						<object id="end">
							<int id="y">-108</int>
							<int id="x">1750</int>
						</object>
					</object>
					<object id="plat_1312303284961">
						<int id="platform_pc_perm">-1</int>
						<int id="platform_item_perm">-1</int>
						<object id="start">
							<int id="y">-167</int>
							<int id="x">-1086</int>
						</object>
						<object id="end">
							<int id="y">-168</int>
							<int id="x">-773</int>
						</object>
					</object>
					<object id="plat_1312303284966">
						<int id="platform_pc_perm">-1</int>
						<int id="platform_item_perm">-1</int>
						<object id="start">
							<int id="y">-157</int>
							<int id="x">-622</int>
						</object>
						<object id="end">
							<int id="y">-130</int>
							<int id="x">-531</int>
						</object>
					</object>
					<object id="plat_1312303284960">
						<int id="platform_pc_perm">-1</int>
						<int id="platform_item_perm">-1</int>
						<object id="start">
							<int id="y">-135</int>
							<int id="x">-1441</int>
						</object>
						<object id="end">
							<int id="y">-167</int>
							<int id="x">-1086</int>
						</object>
					</object>
					<object id="plat_1312303284972">
						<int id="platform_pc_perm">-1</int>
						<int id="platform_item_perm">-1</int>
						<object id="start">
							<int id="y">-124</int>
							<int id="x">254</int>
						</object>
						<object id="end">
							<int id="y">-112</int>
							<int id="x">811</int>
						</object>
					</object>
					<object id="plat_1312303284955">
						<int id="platform_pc_perm">-1</int>
						<int id="platform_item_perm">-1</int>
						<object id="start">
							<int id="y">-344</int>
							<int id="x">-2566</int>
						</object>
						<object id="end">
							<int id="y">-287</int>
							<int id="x">-2380</int>
						</object>
					</object>
					<object id="plat_1312303284964">
						<int id="platform_pc_perm">-1</int>
						<int id="platform_item_perm">-1</int>
						<object id="start">
							<int id="y">-168</int>
							<int id="x">-773</int>
						</object>
						<object id="end">
							<int id="y">-157</int>
							<int id="x">-695</int>
						</object>
					</object>
					<object id="plat_1312303284970">
						<int id="platform_pc_perm">-1</int>
						<int id="platform_item_perm">-1</int>
						<object id="start">
							<int id="y">-60</int>
							<int id="x">-377</int>
						</object>
						<object id="end">
							<int id="y">-112</int>
							<int id="x">-63</int>
						</object>
					</object>
					<object id="plat_1312303284954">
						<int id="platform_pc_perm">-1</int>
						<int id="platform_item_perm">-1</int>
						<object id="start">
							<int id="y">-347</int>
							<int id="x">-2999</int>
						</object>
						<object id="end">
							<int id="y">-344</int>
							<int id="x">-2566</int>
						</object>
					</object>
					<object id="plat_1312303284957">
						<int id="platform_pc_perm">-1</int>
						<int id="platform_item_perm">-1</int>
						<object id="start">
							<int id="y">-253</int>
							<int id="x">-2287</int>
						</object>
						<object id="end">
							<int id="y">-185</int>
							<int id="x">-2172</int>
						</object>
					</object>
					<object id="plat_1312303284971">
						<int id="platform_pc_perm">-1</int>
						<int id="platform_item_perm">-1</int>
						<object id="start">
							<int id="y">-112</int>
							<int id="x">-63</int>
						</object>
						<object id="end">
							<int id="y">-124</int>
							<int id="x">254</int>
						</object>
					</object>
					<object id="plat_1312303284967">
						<int id="platform_pc_perm">-1</int>
						<int id="platform_item_perm">-1</int>
						<object id="start">
							<int id="y">-130</int>
							<int id="x">-531</int>
						</object>
						<object id="end">
							<int id="y">-67</int>
							<int id="x">-429</int>
						</object>
					</object>
					<object id="plat_1312303284962">
						<int id="platform_pc_perm">-1</int>
						<int id="platform_item_perm">-1</int>
						<object id="start">
							<int id="y">-376</int>
							<int id="x">-2228</int>
						</object>
						<object id="end">
							<int id="y">-378</int>
							<int id="x">-1906</int>
						</object>
					</object>
					<object id="plat_1312303284956">
						<int id="platform_pc_perm">-1</int>
						<int id="platform_item_perm">-1</int>
						<object id="start">
							<int id="y">-287</int>
							<int id="x">-2380</int>
						</object>
						<object id="end">
							<int id="y">-253</int>
							<int id="x">-2287</int>
						</object>
					</object>
					<object id="plat_1312303284979">
						<int id="platform_pc_perm">-1</int>
						<int id="platform_item_perm">-1</int>
						<object id="start">
							<int id="y">-109</int>
							<int id="x">2297</int>
						</object>
						<object id="end">
							<int id="y">-127</int>
							<int id="x">2999</int>
						</object>
					</object>
					<object id="plat_1312303284959">
						<int id="platform_pc_perm">-1</int>
						<int id="platform_item_perm">-1</int>
						<object id="start">
							<int id="y">-117</int>
							<int id="x">-1780</int>
						</object>
						<object id="end">
							<int id="y">-135</int>
							<int id="x">-1441</int>
						</object>
					</object>
				</object>
				<int id="w">6000</int>
				<str id="name">middleground</str>
				<object id="decos">
					<object id="patch_mossy_3_1312303284916">
						<int id="w">195</int>
						<str id="name">patch_mossy_3_1311803725043</str>
						<int id="x">1035</int>
						<str id="sprite_class">patch_mossy_3</str>
						<int id="y">-156</int>
						<int id="h">37</int>
						<int id="z">91</int>
					</object>
					<object id="patch_mossy_1_1312310646716">
						<int id="w">144</int>
						<int id="r">3</int>
						<str id="name">patch_mossy_1_1312303284898</str>
						<int id="x">2957</int>
						<str id="sprite_class">patch_mossy_1</str>
						<int id="y">-65</int>
						<int id="h">34</int>
						<int id="z">30</int>
					</object>
					<object id="groddle_grass_2_1311803725059">
						<int id="w">103</int>
						<str id="name">groddle_grass_2_1311803725051</str>
						<int id="x">-214</int>
						<str id="sprite_class">groddle_grass_2</str>
						<int id="y">-142</int>
						<int id="h">83</int>
						<int id="z">78</int>
					</object>
					<object id="groddle_grass_1_1312303284907">
						<int id="w">106</int>
						<str id="name">groddle_grass_1_1311803725055</str>
						<int id="x">1639</int>
						<str id="sprite_class">groddle_grass_1</str>
						<int id="y">-180</int>
						<int id="h">51</int>
						<int id="z">98</int>
					</object>
					<object id="dirt_platform_long_1311985127526">
						<int id="w">1036</int>
						<str id="name">dirt_platform_long_1311803724967</str>
						<int id="x">1150</int>
						<str id="sprite_class">dirt_platform_long</str>
						<int id="y">-37</int>
						<int id="h">78</int>
						<int id="z">35</int>
					</object>
					<object id="heights_topper_stone_1_1312303284938">
						<int id="w">116</int>
						<int id="r">7</int>
						<str id="name">heights_topper_stone_1_1312303284933</str>
						<int id="x">-1696</int>
						<str id="sprite_class">heights_topper_stone_1</str>
						<int id="y">-136</int>
						<int id="h">23</int>
						<int id="z">112</int>
					</object>
					<object id="patch_mossy_1_1312310646718">
						<int id="w">141</int>
						<str id="name">patch_mossy_1_1312303284898</str>
						<int id="x">2832</int>
						<str id="sprite_class">patch_mossy_1</str>
						<int id="y">-150</int>
						<int id="h">36</int>
						<int id="z">32</int>
					</object>
					<object id="groddle_bush1_1312303285007">
						<int id="w">160</int>
						<int id="r">1</int>
						<str id="name">groddle_bush1_1312303284891</str>
						<int id="x">338</int>
						<str id="sprite_class">groddle_bush1</str>
						<int id="y">-162</int>
						<int id="h">71</int>
						<int id="z">129</int>
					</object>
					<object id="heights_mound_2_1311379072517">
						<int id="w">294</int>
						<int id="r">5</int>
						<str id="name">heights_mound_2_1311008164544</str>
						<int id="x">-1206</int>
						<str id="sprite_class">heights_mound_2</str>
						<int id="y">62</int>
						<int id="h">206</int>
						<int id="z">7</int>
					</object>
					<object id="groddle_grass_1_1312303285008">
						<int id="w">106</int>
						<str id="name">groddle_grass_1_1311803725055</str>
						<int id="x">250</int>
						<str id="sprite_class">groddle_grass_1</str>
						<int id="y">-160</int>
						<int id="h">51</int>
						<int id="z">133</int>
					</object>
					<object id="heights_mound_3_1311985127521">
						<int id="w">451</int>
						<int id="r">33</int>
						<str id="name">heights_mound_3_1311008164543</str>
						<int id="x">-672</int>
						<str id="sprite_class">heights_mound_3</str>
						<int id="y">1</int>
						<int id="h">260</int>
						<int id="z">1</int>
					</object>
					<object id="patch_dirt_2a_1312303284868">
						<int id="w">224</int>
						<int id="r">-1</int>
						<str id="name">patch_dirt_2a_1312303284864</str>
						<int id="x">-526</int>
						<str id="sprite_class">patch_dirt_2a</str>
						<int id="y">-9</int>
						<int id="h">56</int>
						<int id="z">70</int>
					</object>
					<object id="groddle_grass_2_1312303285012">
						<int id="w">103</int>
						<str id="name">groddle_grass_2_1311803725051</str>
						<int id="x">528</int>
						<str id="sprite_class">groddle_grass_2</str>
						<int id="y">-182</int>
						<int id="h">83</int>
						<int id="z">127</int>
					</object>
					<object id="patch_mossy_3_1311985127530">
						<int id="w">195</int>
						<str id="name">patch_mossy_3_1311803725043</str>
						<int id="x">2266</int>
						<str id="sprite_class">patch_mossy_3</str>
						<int id="y">-154</int>
						<int id="h">37</int>
						<int id="z">82</int>
					</object>
					<object id="groddle_bush4_1312303284912">
						<int id="w">142</int>
						<int id="r">5</int>
						<str id="name">groddle_bush4_1312303284892</str>
						<int id="x">1300</int>
						<str id="sprite_class">groddle_bush4</str>
						<int id="y">-179</int>
						<int id="h">68</int>
						<int id="z">64</int>
					</object>
					<object id="groddle_grass_1_1312303284914">
						<int id="w">106</int>
						<str id="name">groddle_grass_1_1311803725055</str>
						<int id="x">1224</int>
						<str id="sprite_class">groddle_grass_1</str>
						<int id="y">-180</int>
						<int id="h">51</int>
						<int id="z">67</int>
					</object>
					<object id="patch_dirt_2a_1312303285004">
						<int id="w">255</int>
						<int id="r">-1</int>
						<str id="name">patch_dirt_2a_1312303284864</str>
						<int id="x">904</int>
						<str id="sprite_class">patch_dirt_2a</str>
						<int id="y">-60</int>
						<int id="h">45</int>
						<int id="z">53</int>
					</object>
					<object id="patch_dirt_2a_1312303284872">
						<int id="w">224</int>
						<int id="r">-1</int>
						<str id="name">patch_dirt_2a_1312303284864</str>
						<int id="x">-257</int>
						<str id="sprite_class">patch_dirt_2a</str>
						<int id="y">-23</int>
						<int id="h">56</int>
						<int id="z">46</int>
					</object>
					<object id="heights_topper_stone_1_1312303284943">
						<int id="w">87</int>
						<bool id="h_flip">true</bool>
						<str id="name">heights_topper_stone_1_1312303284933</str>
						<int id="x">-1642</int>
						<str id="sprite_class">heights_topper_stone_1</str>
						<int id="y">-143</int>
						<int id="h">21</int>
						<int id="z">110</int>
						<int id="r">-7</int>
					</object>
					<object id="groddle_grass_2_1311803725053">
						<int id="w">103</int>
						<str id="name">groddle_grass_2_1311803725051</str>
						<int id="x">1370</int>
						<str id="sprite_class">groddle_grass_2</str>
						<int id="y">-171</int>
						<int id="h">83</int>
						<int id="z">68</int>
					</object>
					<object id="groddle_fern_1_1312303284985">
						<int id="w">184</int>
						<str id="name">groddle_fern_1_1312303284982</str>
						<int id="x">2994</int>
						<str id="sprite_class">groddle_fern_1</str>
						<int id="y">-178</int>
						<int id="h">110</int>
						<int id="z">117</int>
					</object>
					<object id="heights_mound_3_1311985127524">
						<int id="w">590</int>
						<int id="r">8</int>
						<str id="name">heights_mound_3_1311008164543</str>
						<int id="x">-2934</int>
						<str id="sprite_class">heights_mound_3</str>
						<int id="y">-460</int>
						<int id="h">194</int>
						<int id="z">5</int>
					</object>
					<object id="gravel_2_1312310646712">
						<int id="w">25</int>
						<str id="name">gravel_2_1311803725061</str>
						<int id="x">98</int>
						<str id="sprite_class">gravel_2</str>
						<int id="y">-57</int>
						<int id="h">14</int>
						<int id="z">136</int>
					</object>
					<object id="heights_topper_stone_1_1312303284940">
						<int id="w">116</int>
						<int id="r">-6</int>
						<str id="name">heights_topper_stone_1_1312303284933</str>
						<int id="x">-1406</int>
						<str id="sprite_class">heights_topper_stone_1</str>
						<int id="y">-151</int>
						<int id="h">23</int>
						<int id="z">114</int>
					</object>
					<object id="gravel_2_1312303284991">
						<int id="w">27</int>
						<str id="name">gravel_2_1312303284991</str>
						<int id="x">2771</int>
						<str id="sprite_class">gravel_2</str>
						<int id="y">-164</int>
						<int id="h">15</int>
						<int id="z">124</int>
					</object>
					<object id="patch_mossy_1_1312310646717">
						<int id="w">144</int>
						<int id="r">3</int>
						<str id="name">patch_mossy_1_1312303284898</str>
						<int id="x">2918</int>
						<str id="sprite_class">patch_mossy_1</str>
						<int id="y">-40</int>
						<int id="h">43</int>
						<int id="z">31</int>
					</object>
					<object id="heights_topper_stone_1_1312303284941">
						<int id="w">87</int>
						<int id="r">-1</int>
						<str id="name">heights_topper_stone_1_1312303284933</str>
						<int id="x">-1488</int>
						<str id="sprite_class">heights_topper_stone_1</str>
						<int id="y">-110</int>
						<int id="h">21</int>
						<int id="z">115</int>
					</object>
					<object id="ug_rock_1_1312310646710">
						<int id="w">55</int>
						<int id="r">-4</int>
						<str id="name">ug_rock_1_1312303284980</str>
						<int id="x">116</int>
						<str id="sprite_class">ug_rock_1</str>
						<int id="y">-59</int>
						<int id="h">36</int>
						<int id="z">135</int>
					</object>
					<object id="groddle_grass_2_1312303284928">
						<int id="w">116</int>
						<int id="r">-20</int>
						<str id="name">groddle_grass_2_1311803725051</str>
						<int id="x">2005</int>
						<str id="sprite_class">groddle_grass_2</str>
						<int id="y">-164</int>
						<int id="h">93</int>
						<int id="z">101</int>
					</object>
					<object id="patch_dirt_2a_1312303285003">
						<int id="w">255</int>
						<int id="r">-1</int>
						<str id="name">patch_dirt_2a_1312303284864</str>
						<int id="x">585</int>
						<str id="sprite_class">patch_dirt_2a</str>
						<int id="y">-119</int>
						<int id="h">45</int>
						<int id="z">52</int>
					</object>
					<object id="patch_mossy_3_1312303284915">
						<int id="w">195</int>
						<str id="name">patch_mossy_3_1311803725043</str>
						<int id="x">911</int>
						<str id="sprite_class">patch_mossy_3</str>
						<int id="y">-169</int>
						<int id="h">37</int>
						<int id="z">88</int>
					</object>
					<object id="patch_dirt_2a_1312303285000">
						<int id="w">257</int>
						<int id="r">-1</int>
						<str id="name">patch_dirt_2a_1312303284864</str>
						<int id="x">804</int>
						<str id="sprite_class">patch_dirt_2a</str>
						<int id="y">-104</int>
						<int id="h">45</int>
						<int id="z">49</int>
					</object>
					<object id="dirt_crosssection_short_3_1311986368054">
						<int id="w">614</int>
						<int id="r">1</int>
						<str id="name">dirt_crosssection_short_3_1311986368050</str>
						<int id="x">934</int>
						<str id="sprite_class">dirt_crosssection_short_3</str>
						<int id="y">58</int>
						<int id="h">121</int>
						<int id="z">59</int>
					</object>
					<object id="dirt_platform_long_1311803724968">
						<int id="w">1036</int>
						<str id="name">dirt_platform_long_1311803724967</str>
						<int id="x">2532</int>
						<str id="sprite_class">dirt_platform_long</str>
						<int id="y">-8</int>
						<int id="h">90</int>
						<int id="z">26</int>
					</object>
					<object id="groddle_grass_1_1312303285016">
						<int id="w">106</int>
						<str id="name">groddle_grass_1_1311803725055</str>
						<int id="x">279</int>
						<str id="sprite_class">groddle_grass_1</str>
						<int id="y">-51</int>
						<int id="h">51</int>
						<int id="z">139</int>
					</object>
					<object id="heights_platform_4_1311803724977">
						<int id="w">568</int>
						<bool id="h_flip">true</bool>
						<str id="name">heights_platform_4_1311379072543</str>
						<int id="x">-1446</int>
						<str id="sprite_class">heights_platform_4</str>
						<int id="y">28</int>
						<int id="h">198</int>
						<int id="z">54</int>
						<int id="r">-4</int>
					</object>
					<object id="dirt_crosssection_short_3_1311986368057">
						<int id="w">614</int>
						<int id="r">1</int>
						<str id="name">dirt_crosssection_short_3_1311986368050</str>
						<int id="x">2752</int>
						<str id="sprite_class">dirt_crosssection_short_3</str>
						<int id="y">59</int>
						<int id="h">121</int>
						<int id="z">62</int>
					</object>
					<object id="groddle_grass_1_1312303284986">
						<int id="w">106</int>
						<str id="name">groddle_grass_1_1311803725055</str>
						<int id="x">2974</int>
						<str id="sprite_class">groddle_grass_1</str>
						<int id="y">-173</int>
						<int id="h">51</int>
						<int id="z">118</int>
					</object>
					<object id="dirt_platform_long_1311985127528">
						<int id="w">1036</int>
						<str id="name">dirt_platform_long_1311803724967</str>
						<int id="x">-506</int>
						<str id="sprite_class">dirt_platform_long</str>
						<int id="y">5</int>
						<int id="h">78</int>
						<int id="z">43</int>
					</object>
					<object id="dirt_crosssection_short_3_1311986368055">
						<int id="w">614</int>
						<int id="r">1</int>
						<str id="name">dirt_crosssection_short_3_1311986368050</str>
						<int id="x">1537</int>
						<str id="sprite_class">dirt_crosssection_short_3</str>
						<int id="y">59</int>
						<int id="h">121</int>
						<int id="z">60</int>
					</object>
					<object id="groddle_grass_2_1312303285017">
						<int id="w">78</int>
						<str id="name">groddle_grass_2_1311803725051</str>
						<int id="x">244</int>
						<str id="sprite_class">groddle_grass_2</str>
						<int id="y">-55</int>
						<int id="h">63</int>
						<int id="z">138</int>
					</object>
					<object id="patch_dirt_2a_1312303285006">
						<int id="w">255</int>
						<int id="r">-1</int>
						<str id="name">patch_dirt_2a_1312303284864</str>
						<int id="x">403</int>
						<str id="sprite_class">patch_dirt_2a</str>
						<int id="y">-45</int>
						<int id="h">45</int>
						<int id="z">42</int>
					</object>
					<object id="heights_face_1_1311376174393">
						<int id="w">842</int>
						<int id="r">1</int>
						<str id="name">heights_face_1_1311008164542</str>
						<int id="x">-2677</int>
						<str id="sprite_class">heights_face_1</str>
						<int id="y">24</int>
						<int id="h">576</int>
						<int id="z">6</int>
					</object>
					<object id="patch_dirt_2a_1312303284873">
						<int id="w">224</int>
						<int id="r">-1</int>
						<str id="name">patch_dirt_2a_1312303284864</str>
						<int id="x">-100</int>
						<str id="sprite_class">patch_dirt_2a</str>
						<int id="y">-112</int>
						<int id="h">56</int>
						<int id="z">47</int>
					</object>
					<object id="patch_mossy_1_1312310646715">
						<int id="w">144</int>
						<int id="r">3</int>
						<str id="name">patch_mossy_1_1312303284898</str>
						<int id="x">2862</int>
						<str id="sprite_class">patch_mossy_1</str>
						<int id="y">-70</int>
						<int id="h">34</int>
						<int id="z">29</int>
					</object>
					<object id="alakol_cliff_2_1311803724974">
						<int id="w">674</int>
						<bool id="h_flip">true</bool>
						<str id="name">alakol_cliff_2_1311803724973</str>
						<int id="x">-1013</int>
						<str id="sprite_class">alakol_cliff_2</str>
						<int id="y">-3</int>
						<int id="h">187</int>
						<int id="z">44</int>
					</object>
					<object id="groddle_grass_1_1312303284909">
						<int id="w">80</int>
						<str id="name">groddle_grass_1_1311803725055</str>
						<int id="x">2241</int>
						<str id="sprite_class">groddle_grass_1</str>
						<int id="y">-148</int>
						<int id="h">36</int>
						<int id="z">100</int>
					</object>
					<object id="heights_bush_2_1311379072674">
						<int id="w">142</int>
						<int id="r">5</int>
						<str id="name">heights_bush_2_1311379072674</str>
						<int id="x">-1842</int>
						<str id="sprite_class">heights_bush_2</str>
						<int id="y">-151</int>
						<int id="h">68</int>
						<int id="z">104</int>
					</object>
					<object id="patch_dirt_2a_1312303285002">
						<int id="w">255</int>
						<int id="r">-1</int>
						<str id="name">patch_dirt_2a_1312303284864</str>
						<int id="x">636</int>
						<str id="sprite_class">patch_dirt_2a</str>
						<int id="y">-93</int>
						<int id="h">45</int>
						<int id="z">51</int>
					</object>
					<object id="patch_mossy_3_1312303284995">
						<int id="w">195</int>
						<str id="name">patch_mossy_3_1311803725043</str>
						<int id="x">1525</int>
						<str id="sprite_class">patch_mossy_3</str>
						<int id="y">-44</int>
						<int id="h">37</int>
						<int id="z">40</int>
					</object>
					<object id="dirt_horizon_1311985127531">
						<int id="w">1491</int>
						<int id="r">-2</int>
						<str id="name">dirt_horizon_1311803724966</str>
						<int id="x">484</int>
						<str id="sprite_class">dirt_horizon</str>
						<int id="y">-98</int>
						<int id="h">96</int>
						<int id="z">21</int>
					</object>
					<object id="heights_bush_1_1311379072673">
						<int id="w">160</int>
						<int id="r">10</int>
						<str id="name">heights_bush_1_1311379072673</str>
						<int id="x">-1949</int>
						<str id="sprite_class">heights_bush_1</str>
						<int id="y">-163</int>
						<int id="h">94</int>
						<int id="z">103</int>
					</object>
					<object id="patch_dirt_2a_1312303284871">
						<int id="w">224</int>
						<int id="r">-1</int>
						<str id="name">patch_dirt_2a_1312303284864</str>
						<int id="x">-411</int>
						<str id="sprite_class">patch_dirt_2a</str>
						<int id="y">-19</int>
						<int id="h">56</int>
						<int id="z">45</int>
					</object>
					<object id="groddle_fern_1_1312303284984">
						<int id="w">107</int>
						<bool id="h_flip">true</bool>
						<str id="name">groddle_fern_1_1312303284982</str>
						<int id="x">2871</int>
						<str id="sprite_class">groddle_fern_1</str>
						<int id="y">-178</int>
						<int id="h">64</int>
						<int id="z">123</int>
						<int id="r">-15</int>
					</object>
					<object id="patch_dirt_2a_1312303285001">
						<int id="w">255</int>
						<int id="r">-1</int>
						<str id="name">patch_dirt_2a_1312303284864</str>
						<int id="x">762</int>
						<str id="sprite_class">patch_dirt_2a</str>
						<int id="y">-66</int>
						<int id="h">48</int>
						<int id="z">50</int>
					</object>
					<object id="heights_topper_stone_1_1312303284934">
						<int id="w">129</int>
						<int id="r">6</int>
						<str id="name">heights_topper_stone_1_1312303284933</str>
						<int id="x">-2788</int>
						<str id="sprite_class">heights_topper_stone_1</str>
						<int id="y">-339</int>
						<int id="h">27</int>
						<int id="z">107</int>
					</object>
					<object id="groddle_grass_1_1312303284908">
						<int id="w">106</int>
						<str id="name">groddle_grass_1_1311803725055</str>
						<int id="x">2199</int>
						<str id="sprite_class">groddle_grass_1</str>
						<int id="y">-176</int>
						<int id="h">51</int>
						<int id="z">99</int>
					</object>
					<object id="heights_mound_3_1311379072519">
						<int id="w">609</int>
						<int id="r">8</int>
						<str id="name">heights_mound_3_1311008164543</str>
						<int id="x">-911</int>
						<str id="sprite_class">heights_mound_3</str>
						<int id="y">131</int>
						<int id="h">231</int>
						<int id="z">8</int>
					</object>
					<object id="groddle_grass_1_1312303284990">
						<int id="w">106</int>
						<str id="name">groddle_grass_1_1311803725055</str>
						<int id="x">2783</int>
						<str id="sprite_class">groddle_grass_1</str>
						<int id="y">-167</int>
						<int id="h">51</int>
						<int id="z">122</int>
					</object>
					<object id="heights_topper_stone_1_1312303284936">
						<int id="w">129</int>
						<int id="r">10</int>
						<str id="name">heights_topper_stone_1_1312303284933</str>
						<int id="x">-2569</int>
						<str id="sprite_class">heights_topper_stone_1</str>
						<int id="y">-338</int>
						<int id="h">27</int>
						<int id="z">108</int>
					</object>
					<object id="groddle_grass_1_1312310646713">
						<int id="w">106</int>
						<str id="name">groddle_grass_1_1311803725055</str>
						<int id="x">1201</int>
						<str id="sprite_class">groddle_grass_1</str>
						<int id="y">-71</int>
						<int id="h">51</int>
						<int id="z">76</int>
					</object>
					<object id="groddle_bush4_1312303284913">
						<int id="w">142</int>
						<bool id="h_flip">true</bool>
						<str id="name">groddle_bush4_1312303284892</str>
						<int id="x">1195</int>
						<str id="sprite_class">groddle_bush4</str>
						<int id="y">-189</int>
						<int id="h">68</int>
						<int id="z">66</int>
						<int id="r">5</int>
					</object>
					<object id="groddle_grass_1_1312310646708">
						<int id="w">90</int>
						<str id="name">groddle_grass_1_1311803725055</str>
						<int id="x">181</int>
						<str id="sprite_class">groddle_grass_1</str>
						<int id="y">-68</int>
						<int id="h">43</int>
						<int id="z">134</int>
					</object>
					<object id="heights_platform_2_1311985127519">
						<int id="w">512</int>
						<bool id="h_flip">true</bool>
						<str id="name">heights_platform_2_1311008164551</str>
						<int id="x">-2759</int>
						<str id="sprite_class">heights_platform_2</str>
						<int id="y">-179</int>
						<int id="h">193</int>
						<int id="z">15</int>
						<int id="r">3</int>
					</object>
					<object id="heights_topper_stone_1_1312303284937">
						<int id="w">79</int>
						<int id="r">4</int>
						<str id="name">heights_topper_stone_1_1312303284933</str>
						<int id="x">-2986</int>
						<str id="sprite_class">heights_topper_stone_1</str>
						<int id="y">-329</int>
						<int id="h">18</int>
						<int id="z">109</int>
					</object>
					<object id="patch_mossy_1_1312303284902">
						<int id="w">144</int>
						<int id="r">3</int>
						<str id="name">patch_mossy_1_1312303284898</str>
						<int id="x">2060</int>
						<str id="sprite_class">patch_mossy_1</str>
						<int id="y">-57</int>
						<int id="h">34</int>
						<int id="z">28</int>
					</object>
					<object id="groddle_grass_1_1312303284866">
						<int id="w">88</int>
						<str id="name">groddle_grass_1_1311803725055</str>
						<int id="x">-518</int>
						<str id="sprite_class">groddle_grass_1</str>
						<int id="y">-49</int>
						<int id="h">35</int>
						<int id="z">73</int>
					</object>
					<object id="heights_topper_stone_1_1312303284939">
						<int id="w">116</int>
						<int id="r">4</int>
						<str id="name">heights_topper_stone_1_1312303284933</str>
						<int id="x">-1327</int>
						<str id="sprite_class">heights_topper_stone_1</str>
						<int id="y">-159</int>
						<int id="h">23</int>
						<int id="z">113</int>
					</object>
					<object id="groddle_grass_2_1312303284859">
						<int id="w">103</int>
						<str id="name">groddle_grass_2_1311803725051</str>
						<int id="x">-419</int>
						<str id="sprite_class">groddle_grass_2</str>
						<int id="y">-94</int>
						<int id="h">83</int>
						<int id="z">24</int>
					</object>
					<object id="groddle_grass_1_1312310646714">
						<int id="w">106</int>
						<str id="name">groddle_grass_1_1311803725055</str>
						<int id="x">1176</int>
						<str id="sprite_class">groddle_grass_1</str>
						<int id="y">-58</int>
						<int id="h">51</int>
						<int id="z">77</int>
					</object>
					<object id="patch_mossy_1_1312303284919">
						<int id="w">144</int>
						<int id="r">2</int>
						<str id="name">patch_mossy_1_1312303284898</str>
						<int id="x">1110</int>
						<str id="sprite_class">patch_mossy_1</str>
						<int id="y">-176</int>
						<int id="h">34</int>
						<int id="z">65</int>
					</object>
					<object id="dirt_horizon_1311985127532">
						<int id="w">1284</int>
						<int id="r">-2</int>
						<str id="name">dirt_horizon_1311803724966</str>
						<int id="x">185</int>
						<str id="sprite_class">dirt_horizon</str>
						<int id="y">-63</int>
						<int id="h">103</int>
						<int id="z">22</int>
					</object>
					<object id="gravel_2_1311803725061">
						<int id="w">25</int>
						<bool id="h_flip">true</bool>
						<str id="name">gravel_2_1311803725061</str>
						<int id="x">-200</int>
						<str id="sprite_class">gravel_2</str>
						<int id="y">-140</int>
						<int id="h">14</int>
						<int id="z">81</int>
					</object>
					<object id="heights_topper_stone_1_1312303284944">
						<int id="w">87</int>
						<int id="r">4</int>
						<str id="name">heights_topper_stone_1_1312303284933</str>
						<int id="x">-1101</int>
						<str id="sprite_class">heights_topper_stone_1</str>
						<int id="y">-173</int>
						<int id="h">21</int>
						<int id="z">111</int>
					</object>
					<object id="heights_face_rock_2_1312303284932">
						<int id="w">537</int>
						<int id="r">-2</int>
						<str id="name">heights_face_rock_2_1312303284929</str>
						<int id="x">-1300</int>
						<str id="sprite_class">heights_face_rock_2</str>
						<int id="y">-161</int>
						<int id="h">130</int>
						<int id="z">12</int>
					</object>
					<object id="groddle_grass_2_1312303284921">
						<int id="w">103</int>
						<str id="name">groddle_grass_2_1311803725051</str>
						<int id="x">1071</int>
						<str id="sprite_class">groddle_grass_2</str>
						<int id="y">-197</int>
						<int id="h">83</int>
						<int id="z">90</int>
					</object>
					<object id="patch_mossy_3_1312303284999">
						<int id="w">195</int>
						<str id="name">patch_mossy_3_1311803725043</str>
						<int id="x">1655</int>
						<str id="sprite_class">patch_mossy_3</str>
						<int id="y">-60</int>
						<int id="h">37</int>
						<int id="z">39</int>
					</object>
					<object id="heights_topper_stone_1_1312303284935">
						<int id="w">114</int>
						<bool id="h_flip">true</bool>
						<str id="name">heights_topper_stone_1_1312303284933</str>
						<int id="x">-2756</int>
						<str id="sprite_class">heights_topper_stone_1</str>
						<int id="y">-345</int>
						<int id="h">21</int>
						<int id="z">106</int>
						<int id="r">-9</int>
					</object>
					<object id="heights_mound_2_1311379072561">
						<int id="w">294</int>
						<int id="r">-11</int>
						<str id="name">heights_mound_2_1311008164544</str>
						<int id="x">-793</int>
						<str id="sprite_class">heights_mound_2</str>
						<int id="y">-65</int>
						<int id="h">206</int>
						<int id="z">0</int>
					</object>
					<object id="heights_face_1_1311376174394">
						<int id="w">842</int>
						<int id="r">1</int>
						<str id="name">heights_face_1_1311008164542</str>
						<int id="x">-1982</int>
						<str id="sprite_class">heights_face_1</str>
						<int id="y">73</int>
						<int id="h">576</int>
						<int id="z">9</int>
					</object>
					<object id="groddle_fern_1_1312303284982">
						<int id="w">184</int>
						<str id="name">groddle_fern_1_1312303284982</str>
						<int id="x">2896</int>
						<str id="sprite_class">groddle_fern_1</str>
						<int id="y">-182</int>
						<int id="h">110</int>
						<int id="z">116</int>
					</object>
					<object id="patch_mossy_1_1312303284901">
						<int id="w">144</int>
						<int id="r">3</int>
						<str id="name">patch_mossy_1_1312303284898</str>
						<int id="x">2005</int>
						<str id="sprite_class">patch_mossy_1</str>
						<int id="y">-40</int>
						<int id="h">34</int>
						<int id="z">34</int>
					</object>
					<object id="patch_mossy_1_1312303284917">
						<int id="w">144</int>
						<int id="r">-2</int>
						<str id="name">patch_mossy_1_1312303284898</str>
						<int id="x">1014</int>
						<str id="sprite_class">patch_mossy_1</str>
						<int id="y">-178</int>
						<int id="h">34</int>
						<int id="z">89</int>
					</object>
					<object id="heights_mound_1_1311803725015">
						<int id="w">381</int>
						<bool id="h_flip">true</bool>
						<str id="name">heights_mound_1_1311803725014</str>
						<int id="x">-602</int>
						<str id="sprite_class">heights_mound_1</str>
						<int id="y">-45</int>
						<int id="h">128</int>
						<int id="z">56</int>
						<int id="r">-5</int>
					</object>
					<object id="gravel_2_1312303284992">
						<int id="w">54</int>
						<int id="r">-3</int>
						<str id="name">gravel_2_1312303284991</str>
						<int id="x">-736</int>
						<str id="sprite_class">gravel_2</str>
						<int id="y">-169</int>
						<int id="h">30</int>
						<int id="z">125</int>
					</object>
					<object id="groddle_bush1_1312303284905">
						<int id="w">168</int>
						<int id="r">1</int>
						<str id="name">groddle_bush1_1312303284891</str>
						<int id="x">1451</int>
						<str id="sprite_class">groddle_bush1</str>
						<int id="y">-173</int>
						<int id="h">85</int>
						<int id="z">63</int>
					</object>
					<object id="patch_mossy_3_1312303284997">
						<int id="w">195</int>
						<str id="name">patch_mossy_3_1311803725043</str>
						<int id="x">1277</int>
						<str id="sprite_class">patch_mossy_3</str>
						<int id="y">-51</int>
						<int id="h">37</int>
						<int id="z">37</int>
					</object>
					<object id="groddle_grass_1_1312310646709">
						<int id="w">105</int>
						<str id="name">groddle_grass_1_1311803725055</str>
						<int id="x">149</int>
						<str id="sprite_class">groddle_grass_1</str>
						<int id="y">-59</int>
						<int id="h">50</int>
						<int id="z">137</int>
					</object>
					<object id="groddle_grass_2_1312303284910">
						<int id="w">103</int>
						<str id="name">groddle_grass_2_1311803725051</str>
						<int id="x">2475</int>
						<str id="sprite_class">groddle_grass_2</str>
						<int id="y">-161</int>
						<int id="h">83</int>
						<int id="z">94</int>
					</object>
					<object id="heights_topper_stone_1_1312303284933">
						<int id="w">129</int>
						<int id="r">6</int>
						<str id="name">heights_topper_stone_1_1312303284933</str>
						<int id="x">-2856</int>
						<str id="sprite_class">heights_topper_stone_1</str>
						<int id="y">-347</int>
						<int id="h">27</int>
						<int id="z">105</int>
					</object>
					<object id="dirt_platform_long_1311985127527">
						<int id="w">1036</int>
						<str id="name">dirt_platform_long_1311803724967</str>
						<int id="x">237</int>
						<str id="sprite_class">dirt_platform_long</str>
						<int id="y">-20</int>
						<int id="h">78</int>
						<int id="z">41</int>
					</object>
					<object id="patch_mossy_3_1312303284896">
						<int id="w">195</int>
						<str id="name">patch_mossy_3_1311803725043</str>
						<int id="x">1647</int>
						<str id="sprite_class">patch_mossy_3</str>
						<int id="y">-143</int>
						<int id="h">37</int>
						<int id="z">87</int>
					</object>
					<object id="patch_mossy_1_1312303284898">
						<int id="w">144</int>
						<int id="r">3</int>
						<str id="name">patch_mossy_1_1312303284898</str>
						<int id="x">1922</int>
						<str id="sprite_class">patch_mossy_1</str>
						<int id="y">-156</int>
						<int id="h">34</int>
						<int id="z">95</int>
					</object>
					<object id="patch_dirt_2a_1312303284874">
						<int id="w">224</int>
						<int id="r">-1</int>
						<str id="name">patch_dirt_2a_1312303284864</str>
						<int id="x">-14</int>
						<str id="sprite_class">patch_dirt_2a</str>
						<int id="y">-94</int>
						<int id="h">56</int>
						<int id="z">48</int>
					</object>
					<object id="tree_coniferous_fg_1_1312303284926">
						<int id="w">805</int>
						<str id="name">tree_coniferous_fg_1_1312303284922</str>
						<int id="x">2089</int>
						<str id="sprite_class">tree_coniferous_fg_1</str>
						<int id="y">-113</int>
						<int id="h">1788</int>
						<int id="z">102</int>
					</object>
					<object id="groddle_bush1_1312303284891">
						<int id="w">168</int>
						<int id="r">5</int>
						<str id="name">groddle_bush1_1312303284891</str>
						<int id="x">2360</int>
						<str id="sprite_class">groddle_bush1</str>
						<int id="y">-169</int>
						<int id="h">85</int>
						<int id="z">92</int>
					</object>
					<object id="patch_mossy_3_1312303284897">
						<int id="w">195</int>
						<int id="r">4</int>
						<str id="name">patch_mossy_3_1311803725043</str>
						<int id="x">1831</int>
						<str id="sprite_class">patch_mossy_3</str>
						<int id="y">-158</int>
						<int id="h">37</int>
						<int id="z">85</int>
					</object>
					<object id="patch_mossy_3_1312303284996">
						<int id="w">195</int>
						<str id="name">patch_mossy_3_1311803725043</str>
						<int id="x">1398</int>
						<str id="sprite_class">patch_mossy_3</str>
						<int id="y">-60</int>
						<int id="h">37</int>
						<int id="z">36</int>
					</object>
					<object id="groddle_grass_2_1312303285009">
						<int id="w">103</int>
						<str id="name">groddle_grass_2_1311803725051</str>
						<int id="x">218</int>
						<str id="sprite_class">groddle_grass_2</str>
						<int id="y">-163</int>
						<int id="h">83</int>
						<int id="z">132</int>
					</object>
					<object id="heights_mound_2_1311985127523">
						<int id="w">294</int>
						<int id="r">-1</int>
						<str id="name">heights_mound_2_1311008164544</str>
						<int id="x">-2933</int>
						<str id="sprite_class">heights_mound_2</str>
						<int id="y">-595</int>
						<int id="h">206</int>
						<int id="z">3</int>
					</object>
					<object id="patch_mossy_3_1312303284894">
						<int id="w">195</int>
						<str id="name">patch_mossy_3_1311803725043</str>
						<int id="x">1638</int>
						<str id="sprite_class">patch_mossy_3</str>
						<int id="y">-159</int>
						<int id="h">37</int>
						<int id="z">84</int>
					</object>
					<object id="patch_mossy_3_1312303284895">
						<int id="w">195</int>
						<str id="name">patch_mossy_3_1311803725043</str>
						<int id="x">1732</int>
						<str id="sprite_class">patch_mossy_3</str>
						<int id="y">-161</int>
						<int id="h">37</int>
						<int id="z">86</int>
					</object>
					<object id="heights_platform_4_1311379072573">
						<int id="w">513</int>
						<int id="r">8</int>
						<str id="name">heights_platform_4_1311379072543</str>
						<int id="x">-1988</int>
						<str id="sprite_class">heights_platform_4</str>
						<int id="y">30</int>
						<int id="h">217</int>
						<int id="z">18</int>
					</object>
					<object id="patch_dirt_2a_1312303284870">
						<int id="w">224</int>
						<int id="r">-1</int>
						<str id="name">patch_dirt_2a_1312303284864</str>
						<int id="x">-401</int>
						<str id="sprite_class">patch_dirt_2a</str>
						<int id="y">-67</int>
						<int id="h">56</int>
						<int id="z">23</int>
					</object>
					<object id="ug_rock_1_1312303284980">
						<int id="w">109</int>
						<int id="r">-4</int>
						<str id="name">ug_rock_1_1312303284980</str>
						<int id="x">2844</int>
						<str id="sprite_class">ug_rock_1</str>
						<int id="y">-175</int>
						<int id="h">71</int>
						<int id="z">121</int>
					</object>
					<object id="dirt_platform_long_1311803724969">
						<int id="w">1036</int>
						<str id="name">dirt_platform_long_1311803724967</str>
						<int id="x">2001</int>
						<str id="sprite_class">dirt_platform_long</str>
						<int id="y">-12</int>
						<int id="h">78</int>
						<int id="z">27</int>
					</object>
					<object id="groddle_grass_1_1311803725055">
						<int id="w">106</int>
						<str id="name">groddle_grass_1_1311803725055</str>
						<int id="x">1402</int>
						<str id="sprite_class">groddle_grass_1</str>
						<int id="y">-171</int>
						<int id="h">51</int>
						<int id="z">75</int>
					</object>
					<object id="heights_platform_1_1311379072575">
						<int id="w">195</int>
						<int id="r">23</int>
						<str id="name">heights_platform_1_1311379072547</str>
						<int id="x">-2493</int>
						<str id="sprite_class">heights_platform_1</str>
						<int id="y">-166</int>
						<int id="h">168</int>
						<int id="z">17</int>
					</object>
					<object id="groddle_fern_1_1312303284983">
						<int id="w">184</int>
						<str id="name">groddle_fern_1_1312303284982</str>
						<int id="x">2896</int>
						<str id="sprite_class">groddle_fern_1</str>
						<int id="y">-182</int>
						<int id="h">110</int>
						<int id="z">116</int>
					</object>
					<object id="heights_platform_3_1311379072574">
						<int id="w">236</int>
						<bool id="h_flip">true</bool>
						<str id="name">heights_platform_3_1311379072544</str>
						<int id="x">-2326</int>
						<str id="sprite_class">heights_platform_3</str>
						<int id="y">-66</int>
						<int id="h">205</int>
						<int id="z">14</int>
						<int id="r">15</int>
					</object>
					<object id="gravel_2_1312303285013">
						<int id="w">35</int>
						<bool id="h_flip">true</bool>
						<str id="name">gravel_2_1311803725061</str>
						<int id="x">417</int>
						<str id="sprite_class">gravel_2</str>
						<int id="y">-164</int>
						<int id="h">20</int>
						<int id="z">131</int>
					</object>
					<object id="heights_mound_2_1311379072571">
						<int id="w">294</int>
						<int id="r">-11</int>
						<str id="name">heights_mound_2_1311008164544</str>
						<int id="x">-2144</int>
						<str id="sprite_class">heights_mound_2</str>
						<int id="y">-341</int>
						<int id="h">206</int>
						<int id="z">2</int>
					</object>
					<object id="groddle_grass_2_1312303284987">
						<int id="w">103</int>
						<str id="name">groddle_grass_2_1311803725051</str>
						<int id="x">2795</int>
						<str id="sprite_class">groddle_grass_2</str>
						<int id="y">-174</int>
						<int id="h">83</int>
						<int id="z">119</int>
					</object>
					<object id="heights_face_rock_2_1312303284930">
						<int id="w">788</int>
						<int id="r">5</int>
						<str id="name">heights_face_rock_2_1312303284929</str>
						<int id="x">-2886</int>
						<str id="sprite_class">heights_face_rock_2</str>
						<int id="y">-340</int>
						<int id="h">309</int>
						<int id="z">10</int>
					</object>
					<object id="groddle_bush1_1312303284906">
						<int id="w">162</int>
						<int id="r">1</int>
						<str id="name">groddle_bush1_1312303284891</str>
						<int id="x">1568</int>
						<str id="sprite_class">groddle_bush1</str>
						<int id="y">-176</int>
						<int id="h">68</int>
						<int id="z">97</int>
					</object>
					<object id="cliff_cover_5_1311803724972">
						<int id="w">461</int>
						<bool id="h_flip">true</bool>
						<str id="name">cliff_cover_5_1311803724972</str>
						<int id="x">-766</int>
						<str id="sprite_class">cliff_cover_5</str>
						<int id="y">62</int>
						<int id="h">201</int>
						<int id="z">71</int>
						<int id="r">9</int>
					</object>
					<object id="heights_mound_3_1311985127522">
						<int id="w">590</int>
						<int id="r">28</int>
						<str id="name">heights_mound_3_1311008164543</str>
						<int id="x">-2743</int>
						<str id="sprite_class">heights_mound_3</str>
						<int id="y">-487</int>
						<int id="h">194</int>
						<int id="z">4</int>
					</object>
					<object id="dirt_crosssection_short_3_1311986368056">
						<int id="w">614</int>
						<int id="r">1</int>
						<str id="name">dirt_crosssection_short_3_1311986368050</str>
						<int id="x">2146</int>
						<str id="sprite_class">dirt_crosssection_short_3</str>
						<int id="y">59</int>
						<int id="h">121</int>
						<int id="z">61</int>
					</object>
					<object id="groddle_plant_1_1312303285015">
						<int id="w">99</int>
						<str id="name">groddle_plant_1_1312303285014</str>
						<int id="x">409</int>
						<str id="sprite_class">groddle_plant_1</str>
						<int id="y">-168</int>
						<int id="h">105</int>
						<int id="z">130</int>
					</object>
					<object id="heights_platform_2_1311985127525">
						<int id="w">512</int>
						<int id="r">-2</int>
						<str id="name">heights_platform_2_1311008164551</str>
						<int id="x">-1979</int>
						<str id="sprite_class">heights_platform_2</str>
						<int id="y">-227</int>
						<int id="h">193</int>
						<int id="z">16</int>
					</object>
					<object id="groddle_grass_1_1311803725056">
						<int id="w">106</int>
						<str id="name">groddle_grass_1_1311803725055</str>
						<int id="x">-147</int>
						<str id="sprite_class">groddle_grass_1</str>
						<int id="y">-151</int>
						<int id="h">51</int>
						<int id="z">80</int>
					</object>
					<object id="dirt_horizon_1311985127529">
						<int id="w">1387</int>
						<int id="r">1</int>
						<str id="name">dirt_horizon_1311803724966</str>
						<int id="x">1541</int>
						<str id="sprite_class">dirt_horizon</str>
						<int id="y">-81</int>
						<int id="h">119</int>
						<int id="z">20</int>
					</object>
					<object id="patch_mossy_1_1312303284899">
						<int id="w">144</int>
						<int id="r">3</int>
						<str id="name">patch_mossy_1_1312303284898</str>
						<int id="x">1835</int>
						<str id="sprite_class">patch_mossy_1</str>
						<int id="y">-145</int>
						<int id="h">34</int>
						<int id="z">96</int>
					</object>
					<object id="alakol_water_rock_2_1311803725002">
						<int id="w">602</int>
						<int id="r">3</int>
						<str id="name">alakol_water_rock_2_1311803725002</str>
						<int id="x">-748</int>
						<str id="sprite_class">alakol_water_rock_2</str>
						<int id="y">-48</int>
						<int id="h">127</int>
						<int id="z">55</int>
					</object>
					<object id="groddle_grass_2_1312303284988">
						<int id="w">86</int>
						<str id="name">groddle_grass_2_1311803725051</str>
						<int id="x">2747</int>
						<str id="sprite_class">groddle_grass_2</str>
						<int id="y">-168</int>
						<int id="h">69</int>
						<int id="z">120</int>
					</object>
					<object id="patch_mossy_1_1312303284903">
						<int id="w">144</int>
						<int id="r">3</int>
						<str id="name">patch_mossy_1_1312303284898</str>
						<int id="x">2150</int>
						<str id="sprite_class">patch_mossy_1</str>
						<int id="y">-37</int>
						<int id="h">34</int>
						<int id="z">33</int>
					</object>
					<object id="groddle_plant_1_1312303285014">
						<int id="w">99</int>
						<str id="name">groddle_plant_1_1312303285014</str>
						<int id="x">409</int>
						<str id="sprite_class">groddle_plant_1</str>
						<int id="y">-168</int>
						<int id="h">105</int>
						<int id="z">130</int>
					</object>
					<object id="patch_mossy_3_1312303284893">
						<int id="w">195</int>
						<str id="name">patch_mossy_3_1311803725043</str>
						<int id="x">2375</int>
						<str id="sprite_class">patch_mossy_3</str>
						<int id="y">-148</int>
						<int id="h">37</int>
						<int id="z">83</int>
					</object>
					<object id="heights_face_1_1311985127520">
						<int id="w">842</int>
						<int id="r">6</int>
						<str id="name">heights_face_1_1311008164542</str>
						<int id="x">-1309</int>
						<str id="sprite_class">heights_face_1</str>
						<int id="y">222</int>
						<int id="h">576</int>
						<int id="z">11</int>
					</object>
					<object id="groddle_bush4_1312303284892">
						<int id="w">142</int>
						<int id="r">2</int>
						<str id="name">groddle_bush4_1312303284892</str>
						<int id="x">2483</int>
						<str id="sprite_class">groddle_bush4</str>
						<int id="y">-164</int>
						<int id="h">68</int>
						<int id="z">93</int>
					</object>
					<object id="dirt_crosssection_short_3_1311986368052">
						<int id="w">614</int>
						<int id="r">-2</int>
						<str id="name">dirt_crosssection_short_3_1311986368050</str>
						<int id="x">-265</int>
						<str id="sprite_class">dirt_crosssection_short_3</str>
						<int id="y">74</int>
						<int id="h">121</int>
						<int id="z">57</int>
					</object>
					<object id="dirt_horizon_1311803724966">
						<int id="w">1357</int>
						<bool id="h_flip">true</bool>
						<str id="name">dirt_horizon_1311803724966</str>
						<int id="x">2469</int>
						<str id="sprite_class">dirt_horizon</str>
						<int id="y">-86</int>
						<int id="h">105</int>
						<int id="z">19</int>
					</object>
					<object id="gravel_2_1312303284993">
						<int id="w">30</int>
						<bool id="h_flip">true</bool>
						<str id="name">gravel_2_1312303284991</str>
						<int id="x">-702</int>
						<str id="sprite_class">gravel_2</str>
						<int id="y">-167</int>
						<int id="h">17</int>
						<int id="z">126</int>
						<int id="r">17</int>
					</object>
					<object id="groddle_grass_2_1311803725060">
						<int id="w">64</int>
						<str id="name">groddle_grass_2_1311803725051</str>
						<int id="x">-247</int>
						<str id="sprite_class">groddle_grass_2</str>
						<int id="y">-146</int>
						<int id="h">52</int>
						<int id="z">79</int>
					</object>
					<object id="dirt_crosssection_short_3_1311986368053">
						<int id="w">614</int>
						<int id="r">1</int>
						<str id="name">dirt_crosssection_short_3_1311986368050</str>
						<int id="x">332</int>
						<str id="sprite_class">dirt_crosssection_short_3</str>
						<int id="y">59</int>
						<int id="h">121</int>
						<int id="z">58</int>
					</object>
					<object id="alakol_water_rock_1_1311803725018">
						<int id="w">319</int>
						<str id="name">alakol_water_rock_1_1311803725017</str>
						<int id="x">-689</int>
						<str id="sprite_class">alakol_water_rock_1</str>
						<int id="y">4</int>
						<int id="h">167</int>
						<int id="z">69</int>
					</object>
					<object id="heights_face_rock_2_1312303284931">
						<int id="w">584</int>
						<int id="r">3</int>
						<str id="name">heights_face_rock_2_1312303284929</str>
						<int id="x">-1540</int>
						<str id="sprite_class">heights_face_rock_2</str>
						<int id="y">-133</int>
						<int id="h">218</int>
						<int id="z">13</int>
					</object>
					<object id="cliff_cover_5_1311803724978">
						<int id="w">461</int>
						<int id="r">-15</int>
						<str id="name">cliff_cover_5_1311803724972</str>
						<int id="x">-1052</int>
						<str id="sprite_class">cliff_cover_5</str>
						<int id="y">66</int>
						<int id="h">201</int>
						<int id="z">74</int>
					</object>
					<object id="patch_mossy_3_1312303284998">
						<int id="w">195</int>
						<str id="name">patch_mossy_3_1311803725043</str>
						<int id="x">1255</int>
						<str id="sprite_class">patch_mossy_3</str>
						<int id="y">-31</int>
						<int id="h">37</int>
						<int id="z">38</int>
					</object>
					<object id="groddle_grass_2_1311803725051">
						<int id="w">103</int>
						<str id="name">groddle_grass_2_1311803725051</str>
						<int id="x">2795</int>
						<str id="sprite_class">groddle_grass_2</str>
						<int id="y">-174</int>
						<int id="h">83</int>
						<int id="z">119</int>
					</object>
					<object id="groddle_grass_1_1312303284860">
						<int id="w">106</int>
						<str id="name">groddle_grass_1_1311803725055</str>
						<int id="x">-405</int>
						<str id="sprite_class">groddle_grass_1</str>
						<int id="y">-79</int>
						<int id="h">51</int>
						<int id="z">25</int>
					</object>
					<object id="groddle_grass_1_1312303284867">
						<int id="w">106</int>
						<str id="name">groddle_grass_1_1311803725055</str>
						<int id="x">-551</int>
						<str id="sprite_class">groddle_grass_1</str>
						<int id="y">-47</int>
						<int id="h">51</int>
						<int id="z">72</int>
					</object>
					<object id="groddle_bush4_1312303285010">
						<int id="w">137</int>
						<int id="r">-5</int>
						<str id="name">groddle_bush4_1312303284892</str>
						<int id="x">459</int>
						<str id="sprite_class">groddle_bush4</str>
						<int id="y">-171</int>
						<int id="h">50</int>
						<int id="z">128</int>
					</object>
				</object>
				<object id="boxes">
				</object>
				<int id="h">1000</int>
				<object id="targets">
				</object>
				<object id="ladders">
				</object>
			</object>
			<object id="T_1311386031998">
				<int id="w">6480</int>
				<int id="h">1000</int>
				<int id="z">1</int>
				<str id="name">middleplus</str>
				<object id="filtersNEW">
					<object id="saturation">
						<int id="value">-10</int>
					</object>
					<object id="tintColor">
						<int id="value">0</int>
					</object>
					<object id="contrast">
						<int id="value">-10</int>
					</object>
					<object id="brightness">
						<int id="value">-5</int>
					</object>
				</object>
				<object id="decos">
					<object id="tree_coniferous_fg_1_1312303284950">
						<int id="w">878</int>
						<bool id="h_flip">true</bool>
						<str id="name">tree_coniferous_fg_1_1311022275277</str>
						<int id="x">4006</int>
						<str id="sprite_class">tree_coniferous_fg_1</str>
						<int id="y">1147</int>
						<int id="h">2505</int>
						<int id="z">2</int>
					</object>
					<object id="tree_coniferous_fg_4_1312303284946">
						<int id="w">653</int>
						<str id="name">tree_coniferous_fg_4_1312303284876</str>
						<int id="x">419</int>
						<str id="sprite_class">tree_coniferous_fg_4</str>
						<int id="y">1226</int>
						<int id="h">1302</int>
						<int id="z">0</int>
					</object>
					<object id="groddle_bush1_1312303284952">
						<int id="w">293</int>
						<int id="r">1</int>
						<str id="name">groddle_bush1_1312303284891</str>
						<int id="x">4078</int>
						<str id="sprite_class">groddle_bush1</str>
						<int id="y">1062</int>
						<int id="h">148</int>
						<int id="z">5</int>
					</object>
					<object id="groddle_bush1_1312303284953">
						<int id="w">293</int>
						<bool id="h_flip">true</bool>
						<str id="name">groddle_bush1_1312303284891</str>
						<int id="x">4266</int>
						<str id="sprite_class">groddle_bush1</str>
						<int id="y">1095</int>
						<int id="h">148</int>
						<int id="z">4</int>
						<int id="r">1</int>
					</object>
					<object id="groddle_bush1_1312303284891">
						<int id="w">293</int>
						<int id="r">1</int>
						<str id="name">groddle_bush1_1312303284891</str>
						<int id="x">4078</int>
						<str id="sprite_class">groddle_bush1</str>
						<int id="y">1062</int>
						<int id="h">148</int>
						<int id="z">5</int>
					</object>
					<object id="groddle_bush1_1312303284951">
						<int id="w">293</int>
						<int id="r">1</int>
						<str id="name">groddle_bush1_1312303284891</str>
						<int id="x">3892</int>
						<str id="sprite_class">groddle_bush1</str>
						<int id="y">1082</int>
						<int id="h">148</int>
						<int id="z">3</int>
					</object>
					<object id="tree_coniferous_fg_3_1312303284947">
						<int id="w">586</int>
						<int id="r">-1</int>
						<str id="name">tree_coniferous_fg_3_1311022275104</str>
						<int id="x">1427</int>
						<str id="sprite_class">tree_coniferous_fg_3</str>
						<int id="y">1263</int>
						<int id="h">1673</int>
						<int id="z">1</int>
					</object>
				</object>
			</object>
			<object id="T_1309388549233">
				<int id="w">5400</int>
				<int id="h">990</int>
				<int id="z">-1</int>
				<str id="name">bg_1</str>
				<object id="filtersNEW">
					<object id="saturation">
						<int id="value">-20</int>
					</object>
					<object id="tintColor">
						<int id="value">0</int>
					</object>
					<object id="contrast">
						<int id="value">-25</int>
					</object>
					<object id="tintAmount">
						<int id="value">0</int>
					</object>
					<object id="brightness">
						<int id="value">-20</int>
					</object>
				</object>
				<object id="decos">
					<object id="pinecluster_mask_1_1312593269800">
						<int id="w">286</int>
						<bool id="h_flip">true</bool>
						<str id="name">pinecluster_mask_1_1312593269800</str>
						<int id="x">375</int>
						<str id="sprite_class">pinecluster_mask_1</str>
						<int id="y">386</int>
						<int id="h">111</int>
						<int id="z">17</int>
					</object>
					<object id="bush_3_1312303284877">
						<int id="w">294</int>
						<int id="r">6</int>
						<str id="name">bush_3_1309395818718</str>
						<int id="x">5330</int>
						<str id="sprite_class">bush_3</str>
						<int id="y">779</int>
						<int id="h">103</int>
						<int id="z">41</int>
					</object>
					<object id="dirt_horizon_1312303284856">
						<int id="w">1080</int>
						<int id="r">-3</int>
						<str id="name">dirt_horizon_1311803724966</str>
						<int id="x">3425</int>
						<str id="sprite_class">dirt_horizon</str>
						<int id="y">839</int>
						<int id="h">84</int>
						<int id="z">1</int>
					</object>
					<object id="bush_3_1312303284858">
						<int id="w">298</int>
						<int id="r">-4</int>
						<str id="name">bush_3_1309395818718</str>
						<int id="x">3457</int>
						<str id="sprite_class">bush_3</str>
						<int id="y">773</int>
						<int id="h">105</int>
						<int id="z">20</int>
					</object>
					<object id="alakol_grass_top_1312591276919">
						<int id="w">435</int>
						<int id="r">-1</int>
						<str id="name">alakol_grass_top_1312591276919</str>
						<int id="x">345</int>
						<str id="sprite_class">alakol_grass_top</str>
						<int id="y">393</int>
						<int id="h">35</int>
						<int id="z">15</int>
					</object>
					<object id="dirt_horizon_1312303284855">
						<int id="w">1080</int>
						<str id="name">dirt_horizon_1311803724966</str>
						<int id="x">4208</int>
						<str id="sprite_class">dirt_horizon</str>
						<int id="y">835</int>
						<int id="h">84</int>
						<int id="z">4</int>
					</object>
					<object id="dirt_horizon_1312303284857">
						<int id="w">1359</int>
						<bool id="h_flip">true</bool>
						<str id="name">dirt_horizon_1311803724966</str>
						<int id="x">2834</int>
						<str id="sprite_class">dirt_horizon</str>
						<int id="y">862</int>
						<int id="h">83</int>
						<int id="z">2</int>
						<int id="r">-3</int>
					</object>
					<object id="stalagmite_base_1_1312591276926">
						<int id="w">84</int>
						<str id="name">stalagmite_base_1_1312591276921</str>
						<int id="x">473</int>
						<str id="sprite_class">stalagmite_base_1</str>
						<int id="y">485</int>
						<int id="h">21</int>
						<int id="z">11</int>
					</object>
					<object id="bush_1_1312303284883">
						<int id="w">104</int>
						<int id="r">5</int>
						<str id="name">bush_1_1309451846087</str>
						<int id="x">4372</int>
						<str id="sprite_class">bush_1</str>
						<int id="y">809</int>
						<int id="h">47</int>
						<int id="z">38</int>
					</object>
					<object id="tree_coniferous_fg_3_1312303284875">
						<int id="w">416</int>
						<int id="r">5</int>
						<str id="name">tree_coniferous_fg_3_1311022275104</str>
						<int id="x">4399</int>
						<str id="sprite_class">tree_coniferous_fg_3</str>
						<int id="y">791</int>
						<int id="h">947</int>
						<int id="z">34</int>
					</object>
					<object id="alakol_cliff_2_1311379072513">
						<int id="w">522</int>
						<int id="r">-1</int>
						<str id="name">alakol_cliff_2_1311022275060</str>
						<int id="x">378</int>
						<str id="sprite_class">alakol_cliff_2</str>
						<int id="y">480</int>
						<int id="h">112</int>
						<int id="z">14</int>
					</object>
					<object id="bush_3_1311803725042">
						<int id="w">294</int>
						<str id="name">bush_3_1309395818718</str>
						<int id="x">5122</int>
						<str id="sprite_class">bush_3</str>
						<int id="y">779</int>
						<int id="h">103</int>
						<int id="z">40</int>
					</object>
					<object id="tree_coniferous_fg_4_1312303284876">
						<int id="w">473</int>
						<str id="name">tree_coniferous_fg_4_1312303284876</str>
						<int id="x">4784</int>
						<str id="sprite_class">tree_coniferous_fg_4</str>
						<int id="y">856</int>
						<int id="h">943</int>
						<int id="z">45</int>
					</object>
					<object id="bush_3_1311379072496">
						<int id="w">298</int>
						<str id="name">bush_3_1309395818718</str>
						<int id="x">3311</int>
						<str id="sprite_class">bush_3</str>
						<int id="y">783</int>
						<int id="h">105</int>
						<int id="z">19</int>
					</object>
					<object id="bush_3_1312303284881">
						<int id="w">294</int>
						<int id="r">-10</int>
						<str id="name">bush_3_1309395818718</str>
						<int id="x">4303</int>
						<str id="sprite_class">bush_3</str>
						<int id="y">778</int>
						<int id="h">103</int>
						<int id="z">33</int>
					</object>
					<object id="stalagmite_base_1_1312591276928">
						<int id="w">84</int>
						<str id="name">stalagmite_base_1_1312591276921</str>
						<int id="x">345</int>
						<str id="sprite_class">stalagmite_base_1</str>
						<int id="y">488</int>
						<int id="h">21</int>
						<int id="z">13</int>
					</object>
					<object id="tree_group_bg2_1_1311022275278">
						<int id="w">550</int>
						<int id="r">-4</int>
						<str id="name">tree_group_bg2_1_1311022275268</str>
						<int id="x">3702</int>
						<str id="sprite_class">tree_group_bg2_1</str>
						<int id="y">869</int>
						<int id="h">832</int>
						<int id="z">0</int>
					</object>
					<object id="tree_coniferous_fg_1_1311022275277">
						<int id="w">467</int>
						<str id="name">tree_coniferous_fg_1_1311022275277</str>
						<int id="x">3512</int>
						<str id="sprite_class">tree_coniferous_fg_1</str>
						<int id="y">812</int>
						<int id="h">1037</int>
						<int id="z">29</int>
					</object>
					<object id="dirt_horizon_1312303284854">
						<int id="w">1080</int>
						<str id="name">dirt_horizon_1311803724966</str>
						<int id="x">5015</int>
						<str id="sprite_class">dirt_horizon</str>
						<int id="y">832</int>
						<int id="h">84</int>
						<int id="z">3</int>
					</object>
					<object id="pinecluster_1_1312593269801">
						<int id="w">298</int>
						<str id="name">pinecluster_1_1312593269801</str>
						<int id="x">381</int>
						<str id="sprite_class">pinecluster_1</str>
						<int id="y">393</int>
						<int id="h">217</int>
						<int id="z">16</int>
					</object>
					<object id="bush_2_1311803725034">
						<int id="w">273</int>
						<str id="name">bush_2_1309395818733</str>
						<int id="x">4698</int>
						<str id="sprite_class">bush_2</str>
						<int id="y">833</int>
						<int id="h">84</int>
						<int id="z">42</int>
					</object>
					<object id="stalagmite_base_1_1312591276922">
						<int id="w">84</int>
						<str id="name">stalagmite_base_1_1312591276921</str>
						<int id="x">621</int>
						<str id="sprite_class">stalagmite_base_1</str>
						<int id="y">460</int>
						<int id="h">21</int>
						<int id="z">7</int>
					</object>
					<object id="pinecluster_mask_1_1311803725036">
						<int id="w">498</int>
						<int id="r">-6</int>
						<str id="name">pinecluster_mask_1_1309451846094</str>
						<int id="x">4671</int>
						<str id="sprite_class">pinecluster_mask_1</str>
						<int id="y">771</int>
						<int id="h">164</int>
						<int id="z">31</int>
					</object>
					<object id="bush_1_1309451846142">
						<int id="w">98</int>
						<str id="name">bush_1_1309451846087</str>
						<int id="x">2973</int>
						<str id="sprite_class">bush_1</str>
						<int id="y">805</int>
						<int id="h">52</int>
						<int id="z">28</int>
					</object>
					<object id="bush_3_1311379072506">
						<int id="w">341</int>
						<int id="r">-10</int>
						<str id="name">bush_3_1309395818718</str>
						<int id="x">2202</int>
						<str id="sprite_class">bush_3</str>
						<int id="y">870</int>
						<int id="h">120</int>
						<int id="z">26</int>
					</object>
					<object id="bush_3_1311803725033">
						<int id="w">294</int>
						<int id="r">-6</int>
						<str id="name">bush_3_1309395818718</str>
						<int id="x">4921</int>
						<str id="sprite_class">bush_3</str>
						<int id="y">799</int>
						<int id="h">103</int>
						<int id="z">39</int>
					</object>
					<object id="stalagmite_base_1_1312591276925">
						<int id="w">84</int>
						<str id="name">stalagmite_base_1_1312591276921</str>
						<int id="x">550</int>
						<str id="sprite_class">stalagmite_base_1</str>
						<int id="y">482</int>
						<int id="h">21</int>
						<int id="z">10</int>
					</object>
					<object id="pinecluster_mask_1_1312303284880">
						<int id="w">498</int>
						<int id="r">-1</int>
						<str id="name">pinecluster_mask_1_1309451846094</str>
						<int id="x">3984</int>
						<str id="sprite_class">pinecluster_mask_1</str>
						<int id="y">796</int>
						<int id="h">164</int>
						<int id="z">32</int>
					</object>
					<object id="bush_3_1311008164465">
						<int id="w">279</int>
						<int id="r">-9</int>
						<str id="name">bush_3_1309395818718</str>
						<int id="x">3187</int>
						<str id="sprite_class">bush_3</str>
						<int id="y">798</int>
						<int id="h">98</int>
						<int id="z">22</int>
					</object>
					<object id="bush_1_1312303284885">
						<int id="w">89</int>
						<int id="r">-10</int>
						<str id="name">bush_1_1309451846087</str>
						<int id="x">4483</int>
						<str id="sprite_class">bush_1</str>
						<int id="y">786</int>
						<int id="h">47</int>
						<int id="z">35</int>
					</object>
					<object id="stalagmite_base_1_1312591276927">
						<int id="w">84</int>
						<str id="name">stalagmite_base_1_1312591276921</str>
						<int id="x">412</int>
						<str id="sprite_class">stalagmite_base_1</str>
						<int id="y">486</int>
						<int id="h">21</int>
						<int id="z">12</int>
					</object>
					<object id="bush_1_1312303284886">
						<int id="w">68</int>
						<str id="name">bush_1_1309451846087</str>
						<int id="x">4431</int>
						<str id="sprite_class">bush_1</str>
						<int id="y">801</int>
						<int id="h">35</int>
						<int id="z">36</int>
					</object>
					<object id="pinecluster_mask_1_1312303284887">
						<int id="w">387</int>
						<int id="r">-4</int>
						<str id="name">pinecluster_mask_1_1309451846094</str>
						<int id="x">3589</int>
						<str id="sprite_class">pinecluster_mask_1</str>
						<int id="y">784</int>
						<int id="h">155</int>
						<int id="z">21</int>
					</object>
					<object id="stalagmite_base_1_1312591276924">
						<int id="w">105</int>
						<str id="name">stalagmite_base_1_1312591276921</str>
						<int id="x">587</int>
						<str id="sprite_class">stalagmite_base_1</str>
						<int id="y">476</int>
						<int id="h">20</int>
						<int id="z">9</int>
					</object>
					<object id="bush_1_1312303284882">
						<int id="w">105</int>
						<int id="r">5</int>
						<str id="name">bush_1_1309451846087</str>
						<int id="x">4325</int>
						<str id="sprite_class">bush_1</str>
						<int id="y">793</int>
						<int id="h">64</int>
						<int id="z">37</int>
					</object>
					<object id="stalagmite_base_1_1312591276923">
						<int id="w">84</int>
						<str id="name">stalagmite_base_1_1312591276921</str>
						<int id="x">603</int>
						<str id="sprite_class">stalagmite_base_1</str>
						<int id="y">468</int>
						<int id="h">21</int>
						<int id="z">8</int>
					</object>
					<object id="bush_2_1311008164466">
						<int id="w">231</int>
						<int id="r">-3</int>
						<str id="name">bush_2_1309395818733</str>
						<int id="x">3022</int>
						<str id="sprite_class">bush_2</str>
						<int id="y">805</int>
						<int id="h">90</int>
						<int id="z">18</int>
					</object>
					<object id="bush_2_1310523231563">
						<int id="w">229</int>
						<str id="name">bush_2_1309395818733</str>
						<int id="x">2809</int>
						<str id="sprite_class">bush_2</str>
						<int id="y">810</int>
						<int id="h">89</int>
						<int id="z">24</int>
					</object>
					<object id="alakol_cliff_1_1311379072511">
						<int id="w">774</int>
						<int id="r">1</int>
						<str id="name">alakol_cliff_1_1311379072499</str>
						<int id="x">494</int>
						<str id="sprite_class">alakol_cliff_1</str>
						<int id="y">636</int>
						<int id="h">165</int>
						<int id="z">6</int>
					</object>
					<object id="tree_coniferous_fg_1_1312303284879">
						<int id="w">467</int>
						<str id="name">tree_coniferous_fg_1_1311022275277</str>
						<int id="x">4648</int>
						<str id="sprite_class">tree_coniferous_fg_1</str>
						<int id="y">782</int>
						<int id="h">1037</int>
						<int id="z">30</int>
					</object>
					<object id="tree_coniferous_fg_2_1311803725064">
						<int id="w">495</int>
						<int id="r">-5</int>
						<str id="name">tree_coniferous_fg_2_1309388549259</str>
						<int id="x">5208</int>
						<str id="sprite_class">tree_coniferous_fg_2</str>
						<int id="y">808</int>
						<int id="h">1020</int>
						<int id="z">43</int>
					</object>
					<object id="alakol_cliff_2_1311379072512">
						<int id="w">522</int>
						<int id="r">-1</int>
						<str id="name">alakol_cliff_2_1311022275060</str>
						<int id="x">528</int>
						<str id="sprite_class">alakol_cliff_2</str>
						<int id="y">590</int>
						<int id="h">148</int>
						<int id="z">5</int>
					</object>
					<object id="bush_3_1311379072505">
						<int id="w">285</int>
						<str id="name">bush_3_1309395818718</str>
						<int id="x">2284</int>
						<str id="sprite_class">bush_3</str>
						<int id="y">861</int>
						<int id="h">100</int>
						<int id="z">27</int>
					</object>
					<object id="pinecluster_mask_1_1309451846141">
						<int id="w">454</int>
						<int id="r">-6</int>
						<str id="name">pinecluster_mask_1_1309451846094</str>
						<int id="x">2554</int>
						<str id="sprite_class">pinecluster_mask_1</str>
						<int id="y">822</int>
						<int id="h">120</int>
						<int id="z">25</int>
					</object>
					<object id="bush_1_1311376174401">
						<int id="w">97</int>
						<str id="name">bush_1_1309451846087</str>
						<int id="x">2917</int>
						<str id="sprite_class">bush_1</str>
						<int id="y">794</int>
						<int id="h">54</int>
						<int id="z">23</int>
					</object>
					<object id="tree_coniferous_fg_2_1311803725068">
						<int id="w">495</int>
						<bool id="h_flip">true</bool>
						<str id="name">tree_coniferous_fg_2_1309388549259</str>
						<int id="x">3734</int>
						<str id="sprite_class">tree_coniferous_fg_2</str>
						<int id="y">844</int>
						<int id="h">1020</int>
						<int id="z">44</int>
						<int id="r">5</int>
					</object>
				</object>
			</object>
			<object id="T_1309388549234">
				<int id="w">5160</int>
				<int id="h">980</int>
				<int id="z">-2</int>
				<str id="name">bg_2</str>
				<object id="filtersNEW">
					<object id="contrast">
						<int id="value">-30</int>
					</object>
					<object id="saturation">
						<int id="value">-30</int>
					</object>
					<object id="brightness">
						<int id="value">-20</int>
					</object>
				</object>
				<object id="decos">
					<object id="tree_group_bg2_1_1311022275273">
						<int id="w">214</int>
						<bool id="h_flip">true</bool>
						<str id="name">tree_group_bg2_1_1311022275268</str>
						<int id="x">2891</int>
						<str id="sprite_class">tree_group_bg2_1</str>
						<int id="y">841</int>
						<int id="h">280</int>
						<int id="z">9</int>
					</object>
					<object id="tree_group_bg2_1_1311022275275">
						<int id="w">257</int>
						<int id="r">-4</int>
						<str id="name">tree_group_bg2_1_1311022275268</str>
						<int id="x">3061</int>
						<str id="sprite_class">tree_group_bg2_1</str>
						<int id="y">783</int>
						<int id="h">336</int>
						<int id="z">12</int>
					</object>
					<object id="tree_group_bg2_1_1311803724955">
						<int id="w">584</int>
						<str id="name">tree_group_bg2_1_1311022275268</str>
						<int id="x">4285</int>
						<str id="sprite_class">tree_group_bg2_1</str>
						<int id="y">849</int>
						<int id="h">763</int>
						<int id="z">1</int>
					</object>
					<object id="tree_group_bg2_1_1311022275274">
						<int id="w">231</int>
						<int id="r">-4</int>
						<str id="name">tree_group_bg2_1_1311022275268</str>
						<int id="x">2973</int>
						<str id="sprite_class">tree_group_bg2_1</str>
						<int id="y">786</int>
						<int id="h">302</int>
						<int id="z">11</int>
					</object>
					<object id="tree_group_bg2_1_1311022275272">
						<int id="w">257</int>
						<str id="name">tree_group_bg2_1_1311022275268</str>
						<int id="x">3154</int>
						<str id="sprite_class">tree_group_bg2_1</str>
						<int id="y">715</int>
						<int id="h">336</int>
						<int id="z">8</int>
					</object>
					<object id="tree_coniferous_1_1311986368058">
						<int id="w">262</int>
						<bool id="h_flip">true</bool>
						<str id="name">tree_coniferous_1_1309818313361</str>
						<int id="x">5079</int>
						<str id="sprite_class">tree_coniferous_1</str>
						<int id="y">750</int>
						<int id="h">640</int>
						<int id="z">13</int>
					</object>
					<object id="pinecluster_1_1311022275179">
						<int id="w">248</int>
						<bool id="h_flip">true</bool>
						<str id="name">pinecluster_1_1311022275179</str>
						<int id="x">2190</int>
						<str id="sprite_class">pinecluster_1</str>
						<int id="y">827</int>
						<int id="h">136</int>
						<int id="z">4</int>
					</object>
					<object id="tree_group_bg2_1_1311379072497">
						<int id="w">152</int>
						<str id="name">tree_group_bg2_1_1311022275268</str>
						<int id="x">2798</int>
						<str id="sprite_class">tree_group_bg2_1</str>
						<int id="y">812</int>
						<int id="h">199</int>
						<int id="z">10</int>
					</object>
					<object id="tree_coniferous_fg_1_1312303284888">
						<int id="w">324</int>
						<str id="name">tree_coniferous_fg_1_1311022275277</str>
						<int id="x">3933</int>
						<str id="sprite_class">tree_coniferous_fg_1</str>
						<int id="y">958</int>
						<int id="h">797</int>
						<int id="z">14</int>
					</object>
					<object id="pinecluster_2_1310523231580">
						<int id="w">341</int>
						<int id="r">-4</int>
						<str id="name">pinecluster_2_1310523231572</str>
						<int id="x">2398</int>
						<str id="sprite_class">pinecluster_2</str>
						<int id="y">812</int>
						<int id="h">139</int>
						<int id="z">3</int>
					</object>
					<object id="tree_group_bg2_1_1311022275268">
						<int id="w">320</int>
						<bool id="h_flip">true</bool>
						<str id="name">tree_group_bg2_1_1311022275268</str>
						<int id="x">3266</int>
						<str id="sprite_class">tree_group_bg2_1</str>
						<int id="y">712</int>
						<int id="h">418</int>
						<int id="z">7</int>
					</object>
					<object id="pinecluster_2_1312303284890">
						<int id="w">341</int>
						<int id="r">-2</int>
						<str id="name">pinecluster_2_1310523231572</str>
						<int id="x">1811</int>
						<str id="sprite_class">pinecluster_2</str>
						<int id="y">836</int>
						<int id="h">139</int>
						<int id="z">6</int>
					</object>
					<object id="pinecluster_1_1312303284889">
						<int id="w">248</int>
						<bool id="h_flip">true</bool>
						<str id="name">pinecluster_1_1311022275179</str>
						<int id="x">2045</int>
						<str id="sprite_class">pinecluster_1</str>
						<int id="y">830</int>
						<int id="h">136</int>
						<int id="z">5</int>
						<int id="r">-15</int>
					</object>
					<object id="pinecluster_2_1311022275153">
						<int id="w">361</int>
						<int id="r">-4</int>
						<str id="name">pinecluster_2_1310523231572</str>
						<int id="x">2624</int>
						<str id="sprite_class">pinecluster_2</str>
						<int id="y">793</int>
						<int id="h">140</int>
						<int id="z">2</int>
					</object>
					<object id="tree_wallpaper_1a_1311379072504">
						<int id="w">2161</int>
						<str id="name">tree_wallpaper_1a_1309388549250</str>
						<int id="x">4255</int>
						<str id="sprite_class">tree_wallpaper_1a</str>
						<int id="y">887</int>
						<int id="h">798</int>
						<int id="z">0</int>
					</object>
				</object>
			</object>
			<object id="T_1311022275144">
				<int id="w">4860</int>
				<int id="h">950</int>
				<int id="z">-3</int>
				<str id="name">bg_3</str>
				<object id="filtersNEW">
					<object id="saturation">
						<int id="value">-40</int>
					</object>
					<object id="tintColor">
						<int id="value">0</int>
					</object>
					<object id="contrast">
						<int id="value">-40</int>
					</object>
					<object id="brightness">
						<int id="value">0</int>
					</object>
				</object>
				<object id="decos">
					<object id="pinehills_2_1311022275151">
						<int id="w">878</int>
						<str id="name">pinehills_2_1310523231569</str>
						<int id="x">3141</int>
						<str id="sprite_class">pinehills_2</str>
						<int id="y">790</int>
						<int id="h">265</int>
						<int id="z">0</int>
					</object>
					<object id="pinehills_2_1311986368060">
						<int id="w">878</int>
						<int id="r">6</int>
						<str id="name">pinehills_2_1310523231569</str>
						<int id="x">1221</int>
						<str id="sprite_class">pinehills_2</str>
						<int id="y">837</int>
						<int id="h">265</int>
						<int id="z">3</int>
					</object>
					<object id="pinehills_2_1311022275149">
						<int id="w">878</int>
						<str id="name">pinehills_2_1310523231569</str>
						<int id="x">1836</int>
						<str id="sprite_class">pinehills_2</str>
						<int id="y">869</int>
						<int id="h">265</int>
						<int id="z">4</int>
					</object>
					<object id="pinehills_2_1311022275146">
						<int id="w">878</int>
						<int id="r">4</int>
						<str id="name">pinehills_2_1310523231569</str>
						<int id="x">2229</int>
						<str id="sprite_class">pinehills_2</str>
						<int id="y">859</int>
						<int id="h">265</int>
						<int id="z">5</int>
					</object>
					<object id="pinehills_2_1311379072533">
						<int id="w">878</int>
						<str id="name">pinehills_2_1310523231569</str>
						<int id="x">1631</int>
						<str id="sprite_class">pinehills_2</str>
						<int id="y">880</int>
						<int id="h">265</int>
						<int id="z">2</int>
					</object>
					<object id="pinehills_2_1311022275145">
						<int id="w">878</int>
						<int id="r">-1</int>
						<str id="name">pinehills_2_1310523231569</str>
						<int id="x">2767</int>
						<str id="sprite_class">pinehills_2</str>
						<int id="y">819</int>
						<int id="h">265</int>
						<int id="z">6</int>
					</object>
					<object id="pinehills_2_1311022275150">
						<int id="w">878</int>
						<str id="name">pinehills_2_1310523231569</str>
						<int id="x">2458</int>
						<str id="sprite_class">pinehills_2</str>
						<int id="y">828</int>
						<int id="h">265</int>
						<int id="z">1</int>
					</object>
				</object>
			</object>
		</object>
		<null id="img_file_versioned"/>
		<str id="swf_file_versioned">http://c2.glitch.bz/locations/groddle1/1322700918.swf</str>
		<null id="physics"/>
		<str id="tsid">LA9KLB7I1D822OL</str>
		<null id="loading_label"/>
		<int id="ground_y">-224</int>
		<int id="rookable_type">0</int>
		<object id="gradient">
			<str id="top">5FA3D4</str>
			<str id="bottom">FFC252</str>
		</object>
		<object id="sources">
			<int id="LA9T11KPMD82B1S">1</int>
			<int id="LNVEA19502I2S8M">1</int>
			<int id="LA9KL81E1D82ABT">1</int>
		</object>
	</object>
</game_object>
