<game_object tsid="GA9KL9UE1D82RFO" ts="1336606331260" label="Odena Odes" class_tsid="" lastUpdateTime="1336606321139" upd_gs="gs7" load_time="2012-05-09 16:21:43.571" upd_time="2012-05-09 16:32:06.828">
	<object id="dynamic">
		<int id="l">-1400</int>
		<int id="r">1400</int>
		<int id="t">-1600</int>
		<int id="b">0</int>
		<str id="label">heights_cave_01</str>
		<str id="swf_file">groddle1.swf</str>
		<object id="layers">
			<object id="middleground">
				<str id="name">middleground</str>
				<object id="ladders">
					<object id="ladder_1311890480619">
						<int id="y">-896</int>
						<int id="w">50</int>
						<int id="h">342</int>
						<int id="x">-955</int>
					</object>
					<object id="ladder_1311890480633">
						<int id="y">-176</int>
						<int id="w">50</int>
						<int id="h">616</int>
						<int id="x">-270</int>
					</object>
				</object>
				<object id="decos">
					<object id="heights_topper_1_1311890480603">
						<int id="w">269</int>
						<str id="sprite_class">heights_topper_1</str>
						<int id="r">-1</int>
						<int id="x">-1325</int>
						<int id="z">66</int>
						<int id="y">-1129</int>
						<str id="name">heights_topper_1_1311790920368</str>
						<int id="h">69</int>
						<bool id="h_flip">true</bool>
					</object>
					<object id="ladder_tile_center_01_tree_1311890228588">
						<int id="w">110</int>
						<str id="sprite_class">ladder_tile_center_01_tree</str>
						<int id="x">-269</int>
						<int id="y">-652</int>
						<str id="name">ladder_tile_center_01_tree_1311880512999</str>
						<int id="h">50</int>
						<int id="z">57</int>
					</object>
					<object id="heights_face_1_1311880512965">
						<int id="w">842</int>
						<str id="sprite_class">heights_face_1</str>
						<int id="r">-18</int>
						<int id="x">682</int>
						<int id="y">-555</int>
						<str id="name">heights_face_1_1311790745748</str>
						<int id="h">576</int>
						<int id="z">0</int>
					</object>
					<object id="stalagmite_base_1_1311890480653">
						<int id="w">117</int>
						<str id="sprite_class">stalagmite_base_1</str>
						<int id="x">812</int>
						<int id="y">-213</int>
						<str id="name">stalagmite_base_1_1311890480652</str>
						<int id="h">28</int>
						<int id="z">34</int>
					</object>
					<object id="heights_face_1_1311880512983">
						<int id="w">979</int>
						<str id="sprite_class">heights_face_1</str>
						<int id="r">7</int>
						<int id="x">-1041</int>
						<int id="y">-425</int>
						<str id="name">heights_face_1_1311790745748</str>
						<int id="h">576</int>
						<int id="z">3</int>
					</object>
					<object id="ladder_tile_center_04_tree_1311890228589">
						<int id="w">110</int>
						<str id="sprite_class">ladder_tile_center_04_tree</str>
						<int id="x">-269</int>
						<int id="y">-603</int>
						<str id="name">ladder_tile_center_04_tree_1311880512998</str>
						<int id="h">50</int>
						<int id="z">56</int>
					</object>
					<object id="heights_face_rock_2_1311890480610">
						<int id="w">800</int>
						<str id="sprite_class">heights_face_rock_2</str>
						<int id="r">4</int>
						<int id="x">-592</int>
						<int id="y">-814</int>
						<str id="name">heights_face_rock_2_1311890480606</str>
						<int id="h">291</int>
						<int id="z">7</int>
					</object>
					<object id="stalagmite_3_1311890480664">
						<int id="w">53</int>
						<str id="sprite_class">stalagmite_3</str>
						<int id="r">-180</int>
						<int id="x">-109</int>
						<int id="z">79</int>
						<int id="y">-615</int>
						<str id="name">stalagmite_3_1311880513011</str>
						<int id="h">208</int>
						<bool id="h_flip">true</bool>
					</object>
					<object id="ladder_tile_center_04_tree_1311880513001">
						<int id="w">110</int>
						<str id="sprite_class">ladder_tile_center_04_tree</str>
						<int id="x">-269</int>
						<int id="y">-260</int>
						<str id="name">ladder_tile_center_04_tree_1311880513000</str>
						<int id="h">50</int>
						<int id="z">47</int>
					</object>
					<object id="heights_topper_1_1311890480597">
						<int id="w">269</int>
						<str id="sprite_class">heights_topper_1</str>
						<int id="r">12</int>
						<int id="x">-639</int>
						<int id="z">52</int>
						<int id="y">-729</int>
						<str id="name">heights_topper_1_1311790920368</str>
						<int id="h">69</int>
						<bool id="h_flip">true</bool>
					</object>
					<object id="alakol_water_rock_2_1311890480666">
						<int id="w">132</int>
						<str id="sprite_class">alakol_water_rock_2</str>
						<int id="x">313</int>
						<int id="y">-141</int>
						<str id="name">alakol_water_rock_2_1311880512963</str>
						<int id="h">48</int>
						<int id="z">81</int>
					</object>
					<object id="ladder_tile_center_03_tree_1311890228587">
						<int id="w">110</int>
						<str id="sprite_class">ladder_tile_center_03_tree</str>
						<int id="x">-269</int>
						<int id="y">-503</int>
						<str id="name">ladder_tile_center_03_tree_1311880512997</str>
						<int id="h">50</int>
						<int id="z">54</int>
					</object>
					<object id="ladder_tile_center_04_tree_1311880512998">
						<int id="w">110</int>
						<str id="sprite_class">ladder_tile_center_04_tree</str>
						<int id="x">-269</int>
						<int id="y">-408</int>
						<str id="name">ladder_tile_center_04_tree_1311880512998</str>
						<int id="h">50</int>
						<int id="z">44</int>
					</object>
					<object id="alakol_water_rock_2_1311880512963">
						<int id="w">180</int>
						<str id="sprite_class">alakol_water_rock_2</str>
						<int id="x">-1199</int>
						<int id="y">-160</int>
						<str id="name">alakol_water_rock_2_1311880512963</str>
						<int id="h">65</int>
						<int id="z">38</int>
					</object>
					<object id="heights_topper_1_1311890480605">
						<int id="w">269</int>
						<str id="sprite_class">heights_topper_1</str>
						<int id="r">-6</int>
						<int id="x">-1358</int>
						<int id="z">63</int>
						<int id="y">-1160</int>
						<str id="name">heights_topper_1_1311790920368</str>
						<int id="h">69</int>
						<bool id="h_flip">true</bool>
					</object>
					<object id="stalagmite_2_1311890480654">
						<int id="w">74</int>
						<str id="sprite_class">stalagmite_2</str>
						<int id="x">811</int>
						<int id="y">-225</int>
						<str id="name">stalagmite_2_1311880513017</str>
						<int id="h">157</int>
						<int id="z">35</int>
					</object>
					<object id="alakol_cliff_2_1311890480558">
						<int id="w">610</int>
						<str id="sprite_class">alakol_cliff_2</str>
						<int id="x">357</int>
						<int id="y">-148</int>
						<str id="name">alakol_cliff_2_1311790920360</str>
						<int id="h">150</int>
						<int id="z">60</int>
					</object>
					<object id="ladder_tile_cap_1_tree_1311880513003">
						<int id="w">110</int>
						<str id="sprite_class">ladder_tile_cap_1_tree</str>
						<int id="x">-269</int>
						<int id="y">-163</int>
						<str id="name">ladder_tile_cap_1_tree_1311880513003</str>
						<int id="h">50</int>
						<int id="z">49</int>
					</object>
					<object id="heights_face_rock_2_1311895253682">
						<int id="w">595</int>
						<str id="sprite_class">heights_face_rock_2</str>
						<int id="r">-6</int>
						<int id="x">277</int>
						<int id="y">-843</int>
						<str id="name">heights_face_rock_2_1311890480606</str>
						<int id="h">143</int>
						<int id="z">10</int>
					</object>
					<object id="heights_topper_1_1311890480599">
						<int id="w">269</int>
						<str id="sprite_class">heights_topper_1</str>
						<int id="r">-1</int>
						<int id="x">-1056</int>
						<int id="z">42</int>
						<int id="y">-817</int>
						<str id="name">heights_topper_1_1311790920368</str>
						<int id="h">69</int>
						<bool id="h_flip">true</bool>
					</object>
					<object id="heights_platform_4_1311790920397">
						<int id="w">619</int>
						<str id="sprite_class">heights_platform_4</str>
						<int id="r">-6</int>
						<int id="x">1175</int>
						<int id="y">-747</int>
						<str id="name">heights_platform_4_1311790920397</str>
						<int id="h">261</int>
						<int id="z">18</int>
					</object>
					<object id="heights_face_rock_2_1311890480609">
						<int id="w">402</int>
						<str id="sprite_class">heights_face_rock_2</str>
						<int id="r">4</int>
						<int id="x">-1214</int>
						<int id="y">-875</int>
						<str id="name">heights_face_rock_2_1311890480606</str>
						<int id="h">216</int>
						<int id="z">5</int>
					</object>
					<object id="heights_topper_stone_1_1312333734695">
						<int id="w">141</int>
						<str id="sprite_class">heights_topper_stone_1</str>
						<int id="x">-407</int>
						<int id="y">-806</int>
						<str id="name">heights_topper_stone_1_1312333734684</str>
						<int id="h">28</int>
						<int id="z">23</int>
					</object>
					<object id="heights_moss_2_1312336126677">
						<int id="w">199</int>
						<str id="sprite_class">heights_moss_2</str>
						<int id="r">6</int>
						<int id="x">-1209</int>
						<int id="y">-1176</int>
						<str id="name">heights_moss_2_1312336126676</str>
						<int id="h">44</int>
						<int id="z">94</int>
					</object>
					<object id="ladder_tile_center_01_tree_1311880512999">
						<int id="w">110</int>
						<str id="sprite_class">ladder_tile_center_01_tree</str>
						<int id="x">-269</int>
						<int id="y">-457</int>
						<str id="name">ladder_tile_center_01_tree_1311880512999</str>
						<int id="h">50</int>
						<int id="z">45</int>
					</object>
					<object id="alakol_cliff_2_1311895253643">
						<int id="w">589</int>
						<str id="sprite_class">alakol_cliff_2</str>
						<int id="r">-2</int>
						<int id="x">-54</int>
						<int id="y">-6</int>
						<str id="name">alakol_cliff_2_1311790920360</str>
						<int id="h">150</int>
						<int id="z">32</int>
					</object>
					<object id="ladder_tile_center_04_tree_1311890228586">
						<int id="w">110</int>
						<str id="sprite_class">ladder_tile_center_04_tree</str>
						<int id="x">-269</int>
						<int id="y">-553</int>
						<str id="name">ladder_tile_center_04_tree_1311880512998</str>
						<int id="h">50</int>
						<int id="z">55</int>
					</object>
					<object id="heights_ladderbed_1_1311890480613">
						<int id="w">136</int>
						<str id="sprite_class">heights_ladderbed_1</str>
						<int id="x">-948</int>
						<int id="y">-892</int>
						<str id="name">heights_ladderbed_1_1311890480612</str>
						<int id="h">169</int>
						<int id="z">15</int>
					</object>
					<object id="heights_platform_2_1311890480591">
						<int id="w">649</int>
						<str id="sprite_class">heights_platform_2</str>
						<int id="r">-2</int>
						<int id="x">-200</int>
						<int id="y">-617</int>
						<str id="name">heights_platform_2_1311790920364</str>
						<int id="h">220</int>
						<int id="z">21</int>
					</object>
					<object id="heights_moss_2_1312831885248">
						<int id="w">205</int>
						<str id="sprite_class">heights_moss_2</str>
						<int id="r">2</int>
						<int id="x">-509</int>
						<int id="y">-168</int>
						<str id="name">heights_moss_2_1312831885243</str>
						<int id="h">37</int>
						<int id="z">102</int>
					</object>
					<object id="gravel_2_1312333734698">
						<int id="w">37</int>
						<str id="sprite_class">gravel_2</str>
						<int id="x">-669</int>
						<int id="z">92</int>
						<int id="y">-844</int>
						<str id="name">gravel_2_1312333734685</str>
						<int id="h">21</int>
						<bool id="h_flip">true</bool>
					</object>
					<object id="ladder_tile_center_04_tree_1311880513000">
						<int id="w">110</int>
						<str id="sprite_class">ladder_tile_center_04_tree</str>
						<int id="x">-269</int>
						<int id="y">-309</int>
						<str id="name">ladder_tile_center_04_tree_1311880513000</str>
						<int id="h">50</int>
						<int id="z">46</int>
					</object>
					<object id="heights_moss_2_1312831885243">
						<int id="w">276</int>
						<str id="sprite_class">heights_moss_2</str>
						<int id="x">1012</int>
						<int id="y">-200</int>
						<str id="name">heights_moss_2_1312831885243</str>
						<int id="h">34</int>
						<int id="z">97</int>
					</object>
					<object id="stalagmite_base_3_1311890480655">
						<int id="w">87</int>
						<str id="sprite_class">stalagmite_base_3</str>
						<int id="r">-2</int>
						<int id="x">-108</int>
						<int id="y">-192</int>
						<str id="name">stalagmite_base_3_1311890480655</str>
						<int id="h">18</int>
						<int id="z">73</int>
					</object>
					<object id="heights_ladder_2_1311890480617">
						<int id="w">70</int>
						<str id="sprite_class">heights_ladder_2</str>
						<int id="x">-951</int>
						<int id="y">-907</int>
						<str id="name">heights_ladder_2_1311890480616</str>
						<int id="h">87</int>
						<int id="z">70</int>
					</object>
					<object id="heights_topper_1_1311890480596">
						<int id="w">269</int>
						<str id="sprite_class">heights_topper_1</str>
						<int id="r">2</int>
						<int id="x">-438</int>
						<int id="z">51</int>
						<int id="y">-724</int>
						<str id="name">heights_topper_1_1311790920368</str>
						<int id="h">69</int>
						<bool id="h_flip">true</bool>
					</object>
					<object id="heights_platform_2_1311790920364">
						<int id="w">649</int>
						<str id="sprite_class">heights_platform_2</str>
						<int id="r">-12</int>
						<int id="x">147</int>
						<int id="y">-624</int>
						<str id="name">heights_platform_2_1311790920364</str>
						<int id="h">220</int>
						<int id="z">20</int>
					</object>
					<object id="heights_topper_1_1311890480593">
						<int id="w">269</int>
						<str id="sprite_class">heights_topper_1</str>
						<int id="r">-15</int>
						<int id="x">55</int>
						<int id="z">61</int>
						<int id="y">-728</int>
						<str id="name">heights_topper_1_1311790920368</str>
						<int id="h">69</int>
						<bool id="h_flip">true</bool>
					</object>
					<object id="alakol_cliff_1_1311880512970">
						<int id="w">1330</int>
						<str id="sprite_class">alakol_cliff_1</str>
						<int id="x">872</int>
						<int id="y">-2</int>
						<str id="name">alakol_cliff_1_1311790920357</str>
						<int id="h">195</int>
						<int id="z">31</int>
					</object>
					<object id="alakol_cliff_2_1311811647684">
						<int id="w">610</int>
						<str id="sprite_class">alakol_cliff_2</str>
						<int id="x">-1236</int>
						<int id="y">-171</int>
						<str id="name">alakol_cliff_2_1311790920360</str>
						<int id="h">150</int>
						<int id="z">37</int>
					</object>
					<object id="alakol_cliff_2_1311895253645">
						<int id="w">590</int>
						<str id="sprite_class">alakol_cliff_2</str>
						<int id="r">-1</int>
						<int id="x">759</int>
						<int id="y">10</int>
						<str id="name">alakol_cliff_2_1311790920360</str>
						<int id="h">174</int>
						<int id="z">33</int>
					</object>
					<object id="alakol_cliff_2_1311890480556">
						<int id="w">610</int>
						<str id="sprite_class">alakol_cliff_2</str>
						<int id="r">-2</int>
						<int id="x">24</int>
						<int id="y">-62</int>
						<str id="name">alakol_cliff_2_1311790920360</str>
						<int id="h">150</int>
						<int id="z">26</int>
					</object>
					<object id="ladder_tile_center_03_tree_1311880512997">
						<int id="w">110</int>
						<str id="sprite_class">ladder_tile_center_03_tree</str>
						<int id="x">-269</int>
						<int id="y">-358</int>
						<str id="name">ladder_tile_center_03_tree_1311880512997</str>
						<int id="h">50</int>
						<int id="z">43</int>
					</object>
					<object id="stalagmite_base_2_1311890480657">
						<int id="w">80</int>
						<str id="sprite_class">stalagmite_base_2</str>
						<int id="x">749</int>
						<int id="y">-209</int>
						<str id="name">stalagmite_base_2_1311890480657</str>
						<int id="h">23</int>
						<int id="z">77</int>
					</object>
					<object id="heights_topper_stone_1_1312333734696">
						<int id="w">141</int>
						<str id="sprite_class">heights_topper_stone_1</str>
						<int id="x">-305</int>
						<int id="z">22</int>
						<int id="y">-812</int>
						<str id="name">heights_topper_stone_1_1312333734684</str>
						<int id="h">28</int>
						<bool id="h_flip">true</bool>
					</object>
					<object id="heights_face_1_1311880512982">
						<int id="w">842</int>
						<str id="sprite_class">heights_face_1</str>
						<int id="r">32</int>
						<int id="x">-1395</int>
						<int id="y">-904</int>
						<str id="name">heights_face_1_1311790745748</str>
						<int id="h">576</int>
						<int id="z">2</int>
					</object>
					<object id="heights_topper_stone_1_1312333734690">
						<int id="w">141</int>
						<str id="sprite_class">heights_topper_stone_1</str>
						<int id="r">-10</int>
						<int id="x">190</int>
						<int id="y">-829</int>
						<str id="name">heights_topper_stone_1_1312333734684</str>
						<int id="h">28</int>
						<int id="z">88</int>
					</object>
					<object id="heights_topper_stone_1_1312333734689">
						<int id="w">141</int>
						<str id="sprite_class">heights_topper_stone_1</str>
						<int id="r">-3</int>
						<int id="x">588</int>
						<int id="y">-890</int>
						<str id="name">heights_topper_stone_1_1312333734684</str>
						<int id="h">28</int>
						<int id="z">87</int>
					</object>
					<object id="heights_topper_stone_1_1312333734687">
						<int id="w">151</int>
						<str id="sprite_class">heights_topper_stone_1</str>
						<int id="x">929</int>
						<int id="y">-929</int>
						<str id="name">heights_topper_stone_1_1312333734684</str>
						<int id="h">42</int>
						<int id="z">84</int>
					</object>
					<object id="heights_platform_2_1311890480598">
						<int id="w">649</int>
						<str id="sprite_class">heights_platform_2</str>
						<int id="r">2</int>
						<int id="x">-1358</int>
						<int id="y">-717</int>
						<str id="name">heights_platform_2_1311790920364</str>
						<int id="h">220</int>
						<int id="z">41</int>
					</object>
					<object id="heights_face_rock_3_1311890480601">
						<int id="w">490</int>
						<str id="sprite_class">heights_face_rock_3</str>
						<int id="r">3</int>
						<int id="x">-1257</int>
						<int id="y">-995</int>
						<str id="name">heights_face_rock_3_1311890480601</str>
						<int id="h">182</int>
						<int id="z">62</int>
					</object>
					<object id="heights_moss_1_1312831885249">
						<int id="w">206</int>
						<str id="sprite_class">heights_moss_1</str>
						<int id="x">-510</int>
						<int id="y">-72</int>
						<str id="name">heights_moss_1_1312831885249</str>
						<int id="h">112</int>
						<int id="z">103</int>
					</object>
					<object id="stalagmite_1_1311890480660">
						<int id="w">60</int>
						<str id="sprite_class">stalagmite_1</str>
						<int id="x">-110</int>
						<int id="y">-199</int>
						<str id="name">stalagmite_1_1311890480642</str>
						<int id="h">114</int>
						<int id="z">74</int>
					</object>
					<object id="penaltybox_cell_background_1311880512975">
						<int id="w">3634</int>
						<str id="sprite_class">penaltybox_cell_background</str>
						<int id="x">17</int>
						<int id="y">-157</int>
						<str id="name">penaltybox_cell_background_1311880512974</str>
						<int id="h">472</int>
						<int id="z">19</int>
					</object>
					<object id="heights_face_1_1311880512981">
						<int id="w">842</int>
						<str id="sprite_class">heights_face_1</str>
						<int id="r">-8</int>
						<int id="x">-692</int>
						<int id="y">-577</int>
						<str id="name">heights_face_1_1311790745748</str>
						<int id="h">576</int>
						<int id="z">1</int>
					</object>
					<object id="stalagmite_2_1311890480659">
						<int id="w">78</int>
						<str id="sprite_class">stalagmite_2</str>
						<int id="r">-180</int>
						<int id="x">753</int>
						<int id="z">76</int>
						<int id="y">-683</int>
						<str id="name">stalagmite_2_1311880513017</str>
						<int id="h">258</int>
						<bool id="h_flip">true</bool>
					</object>
					<object id="heights_topper_1_1311890480604">
						<int id="w">269</int>
						<str id="sprite_class">heights_topper_1</str>
						<int id="r">-1</int>
						<int id="x">-1232</int>
						<int id="z">64</int>
						<int id="y">-1143</int>
						<str id="name">heights_topper_1_1311790920368</str>
						<int id="h">69</int>
						<bool id="h_flip">true</bool>
					</object>
					<object id="heights_topper_stone_1_1312333734688">
						<int id="w">152</int>
						<str id="sprite_class">heights_topper_stone_1</str>
						<int id="r">-4</int>
						<int id="x">865</int>
						<int id="y">-912</int>
						<str id="name">heights_topper_stone_1_1312333734684</str>
						<int id="h">29</int>
						<int id="z">85</int>
					</object>
					<object id="heights_topper_stone_1_1312333734686">
						<int id="w">152</int>
						<str id="sprite_class">heights_topper_stone_1</str>
						<int id="r">-10</int>
						<int id="x">983</int>
						<int id="z">82</int>
						<int id="y">-960</int>
						<str id="name">heights_topper_stone_1_1312333734684</str>
						<int id="h">36</int>
						<bool id="h_flip">true</bool>
					</object>
					<object id="gravel_2_1312333734697">
						<int id="w">65</int>
						<str id="sprite_class">gravel_2</str>
						<int id="x">-699</int>
						<int id="y">-849</int>
						<str id="name">gravel_2_1312333734685</str>
						<int id="h">37</int>
						<int id="z">91</int>
					</object>
					<object id="heights_ladder_1_1311890480615">
						<int id="w">73</int>
						<str id="sprite_class">heights_ladder_1</str>
						<int id="x">-958</int>
						<int id="y">-1171</int>
						<str id="name">heights_ladder_1_1311890480615</str>
						<int id="h">79</int>
						<int id="z">67</int>
					</object>
					<object id="gravel_2_1312333734685">
						<int id="w">39</int>
						<str id="sprite_class">gravel_2</str>
						<int id="x">109</int>
						<int id="y">-824</int>
						<str id="name">gravel_2_1312333734685</str>
						<int id="h">22</int>
						<int id="z">86</int>
					</object>
					<object id="stalagmite_base_1_1311890480662">
						<int id="w">84</int>
						<str id="sprite_class">stalagmite_base_1</str>
						<int id="x">-65</int>
						<int id="y">-196</int>
						<str id="name">stalagmite_base_1_1311890480652</str>
						<int id="h">20</int>
						<int id="z">71</int>
					</object>
					<object id="ladder_tile_cap_0_tree_1312825044830">
						<int id="w">110</int>
						<str id="sprite_class">ladder_tile_cap_0_tree</str>
						<int id="x">-272</int>
						<int id="y">-738</int>
						<str id="name">ladder_tile_cap_0_tree_1312825044830</str>
						<int id="h">50</int>
						<int id="z">96</int>
					</object>
					<object id="heights_topper_stone_1_1312333734691">
						<int id="w">141</int>
						<str id="sprite_class">heights_topper_stone_1</str>
						<int id="r">-10</int>
						<int id="x">282</int>
						<int id="y">-846</int>
						<str id="name">heights_topper_stone_1_1312333734684</str>
						<int id="h">28</int>
						<int id="z">89</int>
					</object>
					<object id="heights_topper_stone_1_1312333734684">
						<int id="w">152</int>
						<str id="sprite_class">heights_topper_stone_1</str>
						<int id="x">876</int>
						<int id="y">-948</int>
						<str id="name">heights_topper_stone_1_1312333734684</str>
						<int id="h">36</int>
						<int id="z">83</int>
					</object>
					<object id="heights_moss_2_1312831885247">
						<int id="w">205</int>
						<str id="sprite_class">heights_moss_2</str>
						<int id="r">2</int>
						<int id="x">-536</int>
						<int id="y">-183</int>
						<str id="name">heights_moss_2_1312831885243</str>
						<int id="h">37</int>
						<int id="z">101</int>
					</object>
					<object id="heights_face_1_1311790920356">
						<int id="w">842</int>
						<str id="sprite_class">heights_face_1</str>
						<int id="r">-23</int>
						<int id="x">1304</int>
						<int id="y">-848</int>
						<str id="name">heights_face_1_1311790745748</str>
						<int id="h">576</int>
						<int id="z">11</int>
					</object>
					<object id="heights_face_1_1311880512967">
						<int id="w">842</int>
						<str id="sprite_class">heights_face_1</str>
						<int id="r">-8</int>
						<int id="x">1132</int>
						<int id="y">-316</int>
						<str id="name">heights_face_1_1311790745748</str>
						<int id="h">576</int>
						<int id="z">14</int>
					</object>
					<object id="alakol_water_rock_1_1311880512964">
						<int id="w">56</int>
						<str id="sprite_class">alakol_water_rock_1</str>
						<int id="x">-1106</int>
						<int id="y">-165</int>
						<str id="name">alakol_water_rock_1_1311880512964</str>
						<int id="h">46</int>
						<int id="z">39</int>
					</object>
					<object id="ladder_tile_center_02_tree_1311880513002">
						<int id="w">110</int>
						<str id="sprite_class">ladder_tile_center_02_tree</str>
						<int id="x">-269</int>
						<int id="y">-213</int>
						<str id="name">ladder_tile_center_02_tree_1311880513002</str>
						<int id="h">50</int>
						<int id="z">48</int>
					</object>
					<object id="alakol_water_rock_2_1311895253591">
						<int id="w">108</int>
						<str id="sprite_class">alakol_water_rock_2</str>
						<int id="x">625</int>
						<int id="y">-206</int>
						<str id="name">alakol_water_rock_2_1311880512963</str>
						<int id="h">73</int>
						<int id="z">58</int>
					</object>
					<object id="heights_platform_1_1311790920419">
						<int id="w">290</int>
						<str id="sprite_class">heights_platform_1</str>
						<int id="r">-8</int>
						<int id="x">541</int>
						<int id="y">-716</int>
						<str id="name">heights_platform_1_1311790920418</str>
						<int id="h">190</int>
						<int id="z">25</int>
					</object>
					<object id="alakol_cliff_2_1311895253630">
						<int id="w">437</int>
						<str id="sprite_class">alakol_cliff_2</str>
						<int id="r">2</int>
						<int id="x">-906</int>
						<int id="y">20</int>
						<str id="name">alakol_cliff_2_1311790920360</str>
						<int id="h">196</int>
						<int id="z">28</int>
					</object>
					<object id="heights_hole_back_1311880512989">
						<int id="w">195</int>
						<str id="sprite_class">heights_hole_back</str>
						<int id="x">-267</int>
						<int id="y">-736</int>
						<str id="name">heights_hole_back_1311880512988</str>
						<int id="h">49</int>
						<int id="z">53</int>
					</object>
					<object id="heights_face_rock_2_1311890480611">
						<int id="w">443</int>
						<str id="sprite_class">heights_face_rock_2</str>
						<int id="r">4</int>
						<int id="x">-1395</int>
						<int id="y">-838</int>
						<str id="name">heights_face_rock_2_1311890480606</str>
						<int id="h">218</int>
						<int id="z">6</int>
					</object>
					<object id="heights_platform_2_1311890480564">
						<int id="w">649</int>
						<str id="sprite_class">heights_platform_2</str>
						<int id="r">8</int>
						<int id="x">-816</int>
						<int id="y">-663</int>
						<str id="name">heights_platform_2_1311790920364</str>
						<int id="h">220</int>
						<int id="z">40</int>
					</object>
					<object id="alakol_cliff_1_1311880512961">
						<int id="w">1369</int>
						<str id="sprite_class">alakol_cliff_1</str>
						<int id="x">-806</int>
						<int id="y">-11</int>
						<str id="name">alakol_cliff_1_1311790920357</str>
						<int id="h">199</int>
						<int id="z">27</int>
					</object>
					<object id="heights_topper_1_1311890480602">
						<int id="w">269</int>
						<str id="sprite_class">heights_topper_1</str>
						<int id="r">-1</int>
						<int id="x">-1137</int>
						<int id="z">65</int>
						<int id="y">-1114</int>
						<str id="name">heights_topper_1_1311790920368</str>
						<int id="h">69</int>
						<bool id="h_flip">true</bool>
					</object>
					<object id="heights_moss_2_1312831885245">
						<int id="w">205</int>
						<str id="sprite_class">heights_moss_2</str>
						<int id="x">972</int>
						<int id="y">-186</int>
						<str id="name">heights_moss_2_1312831885243</str>
						<int id="h">37</int>
						<int id="z">98</int>
					</object>
					<object id="stalagmite_1_1311890480656">
						<int id="w">94</int>
						<str id="sprite_class">stalagmite_1</str>
						<int id="r">-180</int>
						<int id="x">812</int>
						<int id="z">75</int>
						<int id="y">-633</int>
						<str id="name">stalagmite_1_1311890480642</str>
						<int id="h">137</int>
						<bool id="h_flip">true</bool>
					</object>
					<object id="stalagmite_3_1311890480663">
						<int id="w">54</int>
						<str id="sprite_class">stalagmite_3</str>
						<int id="x">-66</int>
						<int id="y">-204</int>
						<str id="name">stalagmite_3_1311880513011</str>
						<int id="h">85</int>
						<int id="z">72</int>
					</object>
					<object id="heights_face_rock_2_1311895253681">
						<int id="w">613</int>
						<str id="sprite_class">heights_face_rock_2</str>
						<int id="r">1</int>
						<int id="x">-161</int>
						<int id="y">-747</int>
						<str id="name">heights_face_rock_2_1311890480606</str>
						<int id="h">234</int>
						<int id="z">8</int>
					</object>
					<object id="heights_topper_stone_1_1312333734692">
						<int id="w">141</int>
						<str id="sprite_class">heights_topper_stone_1</str>
						<int id="r">-10</int>
						<int id="x">271</int>
						<int id="y">-835</int>
						<str id="name">heights_topper_stone_1_1312333734684</str>
						<int id="h">28</int>
						<int id="z">90</int>
					</object>
					<object id="alakol_cliff_2_1311895253602">
						<int id="w">610</int>
						<str id="sprite_class">alakol_cliff_2</str>
						<int id="r">4</int>
						<int id="x">-1259</int>
						<int id="y">-198</int>
						<str id="name">alakol_cliff_2_1311790920360</str>
						<int id="h">150</int>
						<int id="z">36</int>
					</object>
					<object id="heights_ladder_1_1311890480618">
						<int id="w">73</int>
						<str id="sprite_class">heights_ladder_1</str>
						<int id="x">-955</int>
						<int id="y">-997</int>
						<str id="name">heights_ladder_1_1311890480615</str>
						<int id="h">79</int>
						<int id="z">69</int>
					</object>
					<object id="heights_moss_2_1312831885246">
						<int id="w">179</int>
						<str id="sprite_class">heights_moss_2</str>
						<int id="x">976</int>
						<int id="y">-153</int>
						<str id="name">heights_moss_2_1312831885243</str>
						<int id="h">50</int>
						<int id="z">99</int>
					</object>
					<object id="alakol_cliff_1_1311890480557">
						<int id="w">1369</int>
						<str id="sprite_class">alakol_cliff_1</str>
						<int id="x">780</int>
						<int id="y">-30</int>
						<str id="name">alakol_cliff_1_1311790920357</str>
						<int id="h">199</int>
						<int id="z">29</int>
					</object>
					<object id="stalagmite_1_1311890480658">
						<int id="w">53</int>
						<str id="sprite_class">stalagmite_1</str>
						<int id="x">748</int>
						<int id="y">-220</int>
						<str id="name">stalagmite_1_1311890480642</str>
						<int id="h">112</int>
						<int id="z">78</int>
					</object>
					<object id="heights_face_rock_2_1311895253686">
						<int id="w">806</int>
						<str id="sprite_class">heights_face_rock_2</str>
						<int id="r">-5</int>
						<int id="x">1195</int>
						<int id="y">-979</int>
						<str id="name">heights_face_rock_2_1311890480606</str>
						<int id="h">284</int>
						<int id="z">13</int>
					</object>
					<object id="heights_moss_2_1312336126678">
						<int id="w">169</int>
						<str id="sprite_class">heights_moss_2</str>
						<int id="r">6</int>
						<int id="x">-1258</int>
						<int id="y">-1163</int>
						<str id="name">heights_moss_2_1312336126676</str>
						<int id="h">48</int>
						<int id="z">95</int>
					</object>
					<object id="heights_moss_3_1312831885244">
						<int id="w">274</int>
						<str id="sprite_class">heights_moss_3</str>
						<int id="r">-2</int>
						<int id="x">952</int>
						<int id="y">-71</int>
						<str id="name">heights_moss_3_1312831885244</str>
						<int id="h">103</int>
						<int id="z">100</int>
					</object>
					<object id="heights_topper_1_1311890480641">
						<int id="w">269</int>
						<str id="sprite_class">heights_topper_1</str>
						<int id="r">-15</int>
						<int id="x">813</int>
						<int id="z">17</int>
						<int id="y">-897</int>
						<str id="name">heights_topper_1_1311790920368</str>
						<int id="h">69</int>
						<bool id="h_flip">true</bool>
					</object>
					<object id="heights_moss_2_1312336126676">
						<int id="w">199</int>
						<str id="sprite_class">heights_moss_2</str>
						<int id="x">-1321</int>
						<int id="y">-1193</int>
						<str id="name">heights_moss_2_1312336126676</str>
						<int id="h">44</int>
						<int id="z">93</int>
					</object>
					<object id="alakol_cliff_2_1311890480668">
						<int id="w">664</int>
						<str id="sprite_class">alakol_cliff_2</str>
						<int id="r">1</int>
						<int id="x">321</int>
						<int id="y">-163</int>
						<str id="name">alakol_cliff_2_1311790920360</str>
						<int id="h">154</int>
						<int id="z">59</int>
					</object>
					<object id="heights_face_1_1311880512980">
						<int id="w">842</int>
						<str id="sprite_class">heights_face_1</str>
						<int id="r">7</int>
						<int id="x">-158</int>
						<int id="y">-428</int>
						<str id="name">heights_face_1_1311790745748</str>
						<int id="h">576</int>
						<int id="z">4</int>
					</object>
					<object id="heights_platform_3_1311790920407">
						<int id="w">288</int>
						<str id="sprite_class">heights_platform_3</str>
						<int id="r">-5</int>
						<int id="x">756</int>
						<int id="y">-741</int>
						<str id="name">heights_platform_3_1311790920407</str>
						<int id="h">213</int>
						<int id="z">24</int>
					</object>
					<object id="heights_ladder_2_1311890480616">
						<int id="w">70</int>
						<str id="sprite_class">heights_ladder_2</str>
						<int id="x">-954</int>
						<int id="y">-1081</int>
						<str id="name">heights_ladder_2_1311890480616</str>
						<int id="h">87</int>
						<int id="z">68</int>
					</object>
					<object id="heights_face_rock_2_1311895253684">
						<int id="w">575</int>
						<str id="sprite_class">heights_face_rock_2</str>
						<int id="r">-10</int>
						<int id="x">611</int>
						<int id="y">-877</int>
						<str id="name">heights_face_rock_2_1311890480606</str>
						<int id="h">230</int>
						<int id="z">9</int>
					</object>
					<object id="heights_topper_1_1311890480594">
						<int id="w">269</int>
						<str id="sprite_class">heights_topper_1</str>
						<int id="r">8</int>
						<int id="x">-85</int>
						<int id="y">-722</int>
						<str id="name">heights_topper_1_1311790920368</str>
						<int id="h">69</int>
						<int id="z">50</int>
					</object>
					<object id="alakol_cliff_1_1311880512969">
						<int id="w">1369</int>
						<str id="sprite_class">alakol_cliff_1</str>
						<int id="x">291</int>
						<int id="y">3</int>
						<str id="name">alakol_cliff_1_1311790920357</str>
						<int id="h">199</int>
						<int id="z">30</int>
					</object>
					<object id="heights_face_rock_2_1311895253685">
						<int id="w">704</int>
						<str id="sprite_class">heights_face_rock_2</str>
						<int id="r">-11</int>
						<int id="x">932</int>
						<int id="y">-853</int>
						<str id="name">heights_face_rock_2_1311890480606</str>
						<int id="h">380</int>
						<int id="z">12</int>
					</object>
					<object id="heights_ladderbed_1_1311890480614">
						<int id="w">123</int>
						<str id="sprite_class">heights_ladderbed_1</str>
						<int id="x">-952</int>
						<int id="y">-1051</int>
						<str id="name">heights_ladderbed_1_1311890480612</str>
						<int id="h">198</int>
						<int id="z">16</int>
					</object>
					<object id="stalagmite_2_1311890480665">
						<int id="w">75</int>
						<str id="sprite_class">stalagmite_2</str>
						<int id="r">-180</int>
						<int id="x">-62</int>
						<int id="z">80</int>
						<int id="y">-636</int>
						<str id="name">stalagmite_2_1311880513017</str>
						<int id="h">292</int>
						<bool id="h_flip">true</bool>
					</object>
				</object>
				<object id="filtersNEW">
					<object id="saturation">
						<int id="value">-5</int>
					</object>
					<object id="tintColor">
						<int id="value">0</int>
					</object>
					<object id="contrast">
						<int id="value">-20</int>
					</object>
					<object id="tintAmount">
						<int id="value">0</int>
					</object>
					<object id="brightness">
						<int id="value">-15</int>
					</object>
				</object>
				<object id="doors">
				</object>
				<object id="boxes">
				</object>
				<int id="h">1600</int>
				<object id="platform_lines">
					<object id="plat_1311895253641">
						<int id="platform_pc_perm">-1</int>
						<int id="platform_item_perm">-1</int>
						<object id="start">
							<int id="y">-282</int>
							<int id="x">437</int>
						</object>
						<object id="end">
							<int id="y">-283</int>
							<int id="x">579</int>
						</object>
					</object>
					<object id="plat_1311890480634">
						<int id="platform_pc_perm">-1</int>
						<int id="platform_item_perm">-1</int>
						<object id="start">
							<int id="y">-774</int>
							<int id="x">-130</int>
						</object>
						<object id="end">
							<int id="y">-812</int>
							<int id="x">120</int>
						</object>
					</object>
					<object id="plat_1311890480638">
						<int id="platform_pc_perm">-1</int>
						<int id="platform_item_perm">-1</int>
						<object id="start">
							<int id="y">-881</int>
							<int id="x">646</int>
						</object>
						<object id="end">
							<int id="y">-922</int>
							<int id="x">765</int>
						</object>
					</object>
					<object id="plat_1311890480628">
						<int id="platform_pc_perm">-1</int>
						<int id="platform_item_perm">-1</int>
						<object id="start">
							<int id="y">-879</int>
							<int id="x">-898</int>
						</object>
						<object id="end">
							<int id="y">-821</int>
							<int id="x">-703</int>
						</object>
					</object>
					<object id="plat_1311895253637">
						<int id="platform_pc_perm">-1</int>
						<int id="platform_item_perm">-1</int>
						<object id="start">
							<int id="y">-174</int>
							<int id="x">-32</int>
						</object>
						<object id="end">
							<int id="y">-156</int>
							<int id="x">82</int>
						</object>
					</object>
					<object id="plat_1311890480637">
						<int id="platform_pc_perm">-1</int>
						<int id="platform_item_perm">-1</int>
						<object id="start">
							<int id="y">-848</int>
							<int id="x">369</int>
						</object>
						<object id="end">
							<int id="y">-867</int>
							<int id="x">550</int>
						</object>
					</object>
					<object id="plat_1311895253658">
						<int id="platform_pc_perm">1</int>
						<int id="platform_item_perm">1</int>
						<object id="start">
							<int id="y">-591</int>
							<int id="x">1071</int>
						</object>
						<object id="end">
							<int id="y">-671</int>
							<int id="x">1233</int>
						</object>
					</object>
					<object id="plat_1311890480631">
						<int id="platform_pc_perm">-1</int>
						<int id="platform_item_perm">-1</int>
						<object id="start">
							<int id="y">-786</int>
							<int id="x">-310</int>
						</object>
						<object id="end">
							<int id="y">-787</int>
							<int id="x">-237</int>
						</object>
					</object>
					<object id="plat_1311895253655">
						<int id="platform_pc_perm">1</int>
						<int id="platform_item_perm">1</int>
						<object id="start">
							<int id="y">-582</int>
							<int id="x">328</int>
						</object>
						<object id="end">
							<int id="y">-544</int>
							<int id="x">648</int>
						</object>
					</object>
					<object id="plat_1311895253631">
						<int id="platform_pc_perm">-1</int>
						<int id="platform_item_perm">-1</int>
						<object id="start">
							<int id="y">-167</int>
							<int id="x">-1015</int>
						</object>
						<object id="end">
							<int id="y">-162</int>
							<int id="x">-985</int>
						</object>
					</object>
					<object id="plat_1311895253656">
						<int id="platform_pc_perm">1</int>
						<int id="platform_item_perm">1</int>
						<object id="start">
							<int id="y">-544</int>
							<int id="x">648</int>
						</object>
						<object id="end">
							<int id="y">-606</int>
							<int id="x">901</int>
						</object>
					</object>
					<object id="plat_1311890480640">
						<int id="platform_pc_perm">-1</int>
						<int id="platform_item_perm">-1</int>
						<object id="start">
							<int id="y">-942</int>
							<int id="x">1039</int>
						</object>
						<object id="end">
							<int id="y">-985</int>
							<int id="x">1399</int>
						</object>
					</object>
					<object id="plat_1311895253638">
						<int id="platform_pc_perm">-1</int>
						<int id="platform_item_perm">-1</int>
						<object id="start">
							<int id="y">-305</int>
							<int id="x">82</int>
						</object>
						<object id="end">
							<int id="y">-303</int>
							<int id="x">150</int>
						</object>
					</object>
					<object id="plat_1311890480621">
						<int id="platform_pc_perm">-1</int>
						<int id="platform_item_perm">-1</int>
						<object id="start">
							<int id="y">-1185</int>
							<int id="x">-1334</int>
						</object>
						<object id="end">
							<int id="y">-1164</int>
							<int id="x">-1135</int>
						</object>
					</object>
					<object id="plat_1312406393104">
						<int id="platform_pc_perm">0</int>
						<int id="platform_item_perm">1</int>
						<object id="start">
							<int id="y">-502</int>
							<int id="x">-1399</int>
						</object>
						<object id="end">
							<int id="y">-538</int>
							<int id="x">1232</int>
						</object>
					</object>
					<object id="plat_1311890480632">
						<int id="platform_pc_perm">-1</int>
						<int id="platform_item_perm">-1</int>
						<object id="start">
							<int id="y">-787</int>
							<int id="x">-237</int>
						</object>
						<object id="end">
							<int id="y">-774</int>
							<int id="x">-130</int>
						</object>
					</object>
					<object id="plat_1311895253634">
						<int id="platform_pc_perm">-1</int>
						<int id="platform_item_perm">-1</int>
						<object id="start">
							<int id="y">-178</int>
							<int id="x">-639</int>
						</object>
						<object id="end">
							<int id="y">-156</int>
							<int id="x">-523</int>
						</object>
					</object>
					<object id="plat_1311895253647">
						<int id="platform_pc_perm">-1</int>
						<int id="platform_item_perm">-1</int>
						<object id="start">
							<int id="y">-144</int>
							<int id="x">578</int>
						</object>
						<object id="end">
							<int id="y">-140</int>
							<int id="x">641</int>
						</object>
					</object>
					<object id="plat_1311895253635">
						<int id="platform_pc_perm">-1</int>
						<int id="platform_item_perm">-1</int>
						<object id="start">
							<int id="y">-156</int>
							<int id="x">-523</int>
						</object>
						<object id="end">
							<int id="y">-168</int>
							<int id="x">-389</int>
						</object>
					</object>
					<object id="plat_1311895253622">
						<int id="platform_pc_perm">-1</int>
						<int id="platform_item_perm">-1</int>
						<object id="start">
							<int id="y">-307</int>
							<int id="x">-1399</int>
						</object>
						<object id="end">
							<int id="y">-293</int>
							<int id="x">-1015</int>
						</object>
					</object>
					<object id="plat_1311895253654">
						<int id="platform_pc_perm">1</int>
						<int id="platform_item_perm">1</int>
						<object id="start">
							<int id="y">-544</int>
							<int id="x">203</int>
						</object>
						<object id="end">
							<int id="y">-582</int>
							<int id="x">328</int>
						</object>
					</object>
					<object id="plat_1311890480627">
						<int id="platform_pc_perm">-1</int>
						<int id="platform_item_perm">-1</int>
						<object id="start">
							<int id="y">-881</int>
							<int id="x">-994</int>
						</object>
						<object id="end">
							<int id="y">-879</int>
							<int id="x">-898</int>
						</object>
					</object>
					<object id="plat_1311895253651">
						<int id="platform_pc_perm">-1</int>
						<int id="platform_item_perm">-1</int>
						<object id="start">
							<int id="y">-181</int>
							<int id="x">730</int>
						</object>
						<object id="end">
							<int id="y">-169</int>
							<int id="x">965</int>
						</object>
					</object>
					<object id="plat_1311895253652">
						<int id="platform_pc_perm">1</int>
						<int id="platform_item_perm">1</int>
						<object id="start">
							<int id="y">-557</int>
							<int id="x">-215</int>
						</object>
						<object id="end">
							<int id="y">-568</int>
							<int id="x">19</int>
						</object>
					</object>
					<object id="plat_1311895253636">
						<int id="platform_pc_perm">-1</int>
						<int id="platform_item_perm">-1</int>
						<object id="start">
							<int id="y">-168</int>
							<int id="x">-389</int>
						</object>
						<object id="end">
							<int id="y">-160</int>
							<int id="x">-212</int>
						</object>
					</object>
					<object id="plat_1311895253633">
						<int id="platform_pc_perm">-1</int>
						<int id="platform_item_perm">-1</int>
						<object id="start">
							<int id="y">-189</int>
							<int id="x">-905</int>
						</object>
						<object id="end">
							<int id="y">-178</int>
							<int id="x">-639</int>
						</object>
					</object>
					<object id="plat_1311895253662">
						<int id="platform_pc_perm">1</int>
						<int id="platform_item_perm">1</int>
						<object id="start">
							<int id="y">-539</int>
							<int id="x">-1051</int>
						</object>
						<object id="end">
							<int id="y">-531</int>
							<int id="x">-651</int>
						</object>
					</object>
					<object id="plat_1311890480639">
						<int id="platform_pc_perm">-1</int>
						<int id="platform_item_perm">-1</int>
						<object id="start">
							<int id="y">-922</int>
							<int id="x">765</int>
						</object>
						<object id="end">
							<int id="y">-936</int>
							<int id="x">937</int>
						</object>
					</object>
					<object id="plat_1311890480636">
						<int id="platform_pc_perm">-1</int>
						<int id="platform_item_perm">-1</int>
						<object id="start">
							<int id="y">-814</int>
							<int id="x">224</int>
						</object>
						<object id="end">
							<int id="y">-848</int>
							<int id="x">369</int>
						</object>
					</object>
					<object id="plat_1311890480626">
						<int id="platform_pc_perm">-1</int>
						<int id="platform_item_perm">-1</int>
						<object id="start">
							<int id="y">-875</int>
							<int id="x">-1091</int>
						</object>
						<object id="end">
							<int id="y">-881</int>
							<int id="x">-994</int>
						</object>
					</object>
					<object id="plat_1311895253640">
						<int id="platform_pc_perm">-1</int>
						<int id="platform_item_perm">-1</int>
						<object id="start">
							<int id="y">-273</int>
							<int id="x">244</int>
						</object>
						<object id="end">
							<int id="y">-282</int>
							<int id="x">437</int>
						</object>
					</object>
					<object id="plat_1311895253660">
						<int id="platform_pc_perm">1</int>
						<int id="platform_item_perm">1</int>
						<object id="start">
							<int id="y">-531</int>
							<int id="x">-651</int>
						</object>
						<object id="end">
							<int id="y">-564</int>
							<int id="x">-332</int>
						</object>
					</object>
					<object id="plat_1311895253632">
						<int id="platform_pc_perm">-1</int>
						<int id="platform_item_perm">-1</int>
						<object id="start">
							<int id="y">-162</int>
							<int id="x">-985</int>
						</object>
						<object id="end">
							<int id="y">-189</int>
							<int id="x">-905</int>
						</object>
					</object>
					<object id="plat_1311890480622">
						<int id="platform_pc_perm">-1</int>
						<int id="platform_item_perm">-1</int>
						<object id="start">
							<int id="y">-1164</int>
							<int id="x">-1135</int>
						</object>
						<object id="end">
							<int id="y">-1146</int>
							<int id="x">-1013</int>
						</object>
					</object>
					<object id="plat_1311895253657">
						<int id="platform_pc_perm">1</int>
						<int id="platform_item_perm">1</int>
						<object id="start">
							<int id="y">-606</int>
							<int id="x">901</int>
						</object>
						<object id="end">
							<int id="y">-591</int>
							<int id="x">1071</int>
						</object>
					</object>
					<object id="plat_1311895253664">
						<int id="platform_pc_perm">1</int>
						<int id="platform_item_perm">1</int>
						<object id="start">
							<int id="y">-502</int>
							<int id="x">-1399</int>
						</object>
						<object id="end">
							<int id="y">-564</int>
							<int id="x">-1287</int>
						</object>
					</object>
					<object id="plat_1311890480624">
						<int id="platform_pc_perm">-1</int>
						<int id="platform_item_perm">-1</int>
						<object id="start">
							<int id="y">-885</int>
							<int id="x">-1253</int>
						</object>
						<object id="end">
							<int id="y">-875</int>
							<int id="x">-1091</int>
						</object>
					</object>
					<object id="plat_1311890480629">
						<int id="platform_pc_perm">-1</int>
						<int id="platform_item_perm">-1</int>
						<object id="start">
							<int id="y">-821</int>
							<int id="x">-703</int>
						</object>
						<object id="end">
							<int id="y">-773</int>
							<int id="x">-450</int>
						</object>
					</object>
					<object id="plat_1311890480630">
						<int id="platform_pc_perm">-1</int>
						<int id="platform_item_perm">-1</int>
						<object id="start">
							<int id="y">-773</int>
							<int id="x">-450</int>
						</object>
						<object id="end">
							<int id="y">-786</int>
							<int id="x">-310</int>
						</object>
					</object>
					<object id="plat_1311895253653">
						<int id="platform_pc_perm">1</int>
						<int id="platform_item_perm">1</int>
						<object id="start">
							<int id="y">-568</int>
							<int id="x">19</int>
						</object>
						<object id="end">
							<int id="y">-544</int>
							<int id="x">203</int>
						</object>
					</object>
					<object id="plat_1311895253644">
						<int id="platform_pc_perm">-1</int>
						<int id="platform_item_perm">-1</int>
						<object id="start">
							<int id="y">-160</int>
							<int id="x">-212</int>
						</object>
						<object id="end">
							<int id="y">-174</int>
							<int id="x">-32</int>
						</object>
					</object>
					<object id="plat_1312336126679">
						<int id="platform_pc_perm">-1</int>
						<int id="platform_item_perm">-1</int>
						<object id="start">
							<int id="y">-936</int>
							<int id="x">937</int>
						</object>
						<object id="end">
							<int id="y">-942</int>
							<int id="x">1039</int>
						</object>
					</object>
					<object id="plat_1311890480623">
						<int id="platform_pc_perm">-1</int>
						<int id="platform_item_perm">-1</int>
						<object id="start">
							<int id="y">-896</int>
							<int id="x">-1399</int>
						</object>
						<object id="end">
							<int id="y">-885</int>
							<int id="x">-1253</int>
						</object>
					</object>
					<object id="plat_1311895253649">
						<int id="platform_pc_perm">-1</int>
						<int id="platform_item_perm">-1</int>
						<object id="start">
							<int id="y">-169</int>
							<int id="x">965</int>
						</object>
						<object id="end">
							<int id="y">-154</int>
							<int id="x">1399</int>
						</object>
					</object>
					<object id="plat_1311895253648">
						<int id="platform_pc_perm">-1</int>
						<int id="platform_item_perm">-1</int>
						<object id="start">
							<int id="y">-140</int>
							<int id="x">641</int>
						</object>
						<object id="end">
							<int id="y">-181</int>
							<int id="x">730</int>
						</object>
					</object>
					<object id="plat_1312333734699">
						<int id="platform_pc_perm">-1</int>
						<int id="platform_item_perm">-1</int>
						<object id="start">
							<int id="y">-867</int>
							<int id="x">550</int>
						</object>
						<object id="end">
							<int id="y">-881</int>
							<int id="x">646</int>
						</object>
					</object>
					<object id="plat_1311890480620">
						<int id="platform_pc_perm">-1</int>
						<int id="platform_item_perm">-1</int>
						<object id="start">
							<int id="y">-1183</int>
							<int id="x">-1398</int>
						</object>
						<object id="end">
							<int id="y">-1185</int>
							<int id="x">-1334</int>
						</object>
					</object>
					<object id="plat_1323982673163">
						<int id="platform_pc_perm">1</int>
						<int id="platform_item_perm">1</int>
						<object id="start">
							<int id="y">-671</int>
							<int id="x">1233</int>
						</object>
						<object id="end">
							<int id="y">-675</int>
							<int id="x">1399</int>
						</object>
					</object>
					<object id="plat_1311890480635">
						<int id="platform_pc_perm">-1</int>
						<int id="platform_item_perm">-1</int>
						<object id="start">
							<int id="y">-812</int>
							<int id="x">120</int>
						</object>
						<object id="end">
							<int id="y">-814</int>
							<int id="x">224</int>
						</object>
					</object>
					<object id="plat_1311895253639">
						<int id="platform_pc_perm">-1</int>
						<int id="platform_item_perm">-1</int>
						<object id="start">
							<int id="y">-303</int>
							<int id="x">150</int>
						</object>
						<object id="end">
							<int id="y">-273</int>
							<int id="x">244</int>
						</object>
					</object>
					<object id="plat_1311895253663">
						<int id="platform_pc_perm">1</int>
						<int id="platform_item_perm">1</int>
						<object id="start">
							<int id="y">-564</int>
							<int id="x">-1287</int>
						</object>
						<object id="end">
							<int id="y">-539</int>
							<int id="x">-1051</int>
						</object>
					</object>
				</object>
				<object id="walls">
					<object id="wall_1311895253623">
						<int id="y">-293</int>
						<null id="pc_perm"/>
						<int id="w">0</int>
						<int id="h">126</int>
						<null id="item_perm"/>
						<int id="x">-1015</int>
					</object>
					<object id="wall_1311895253642">
						<int id="y">-305</int>
						<null id="pc_perm"/>
						<int id="w">0</int>
						<int id="h">149</int>
						<null id="item_perm"/>
						<int id="x">82</int>
					</object>
					<object id="wall_1311895253625">
						<int id="y">-776</int>
						<null id="pc_perm"/>
						<int id="w">0</int>
						<int id="h">212</int>
						<null id="item_perm"/>
						<int id="x">-332</int>
					</object>
					<object id="wall_1323982673162">
						<int id="y">-674</int>
						<null id="pc_perm"/>
						<int id="w">0</int>
						<int id="h">136</int>
						<null id="item_perm"/>
						<int id="x">1232</int>
					</object>
					<object id="wall_1311895253646">
						<int id="y">-281</int>
						<null id="pc_perm"/>
						<int id="w">0</int>
						<int id="h">137</int>
						<null id="item_perm"/>
						<int id="x">578</int>
					</object>
					<object id="wall_1311895253626">
						<int id="y">-776</int>
						<null id="pc_perm"/>
						<int id="w">0</int>
						<int id="h">219</int>
						<null id="item_perm"/>
						<int id="x">-215</int>
					</object>
				</object>
				<object id="signposts">
					<object id="signpost_1">
						<int id="y">-982</int>
						<int id="h">200</int>
						<int id="w">100</int>
						<int id="x">1247</int>
						<object id="connects">
							<object id="0">
								<int id="x">-2150</int>
								<int id="y">-300</int>
								<str id="swf_file_versioned">http://c2.glitch.bz/locations/groddle1/1323987260.swf</str>
								<str id="hub_id">97</str>
								<str id="mote_id">9</str>
								<objref id="target" tsid="LA92VDUR8D82E3F" label="Ginseng Grope"/>
							</object>
						</object>
					</object>
					<object id="signpost_2">
						<int id="y">-897</int>
						<int id="h">200</int>
						<int id="w">100</int>
						<int id="x">-1205</int>
						<str id="id">signpost_2</str>
						<object id="connects">
							<object id="0">
								<int id="x">1720</int>
								<int id="y">-410</int>
								<str id="swf_file_versioned">http://c2.glitch.bz/locations/groddle1/1323987260.swf</str>
								<str id="hub_id">97</str>
								<str id="mote_id">9</str>
								<objref id="target" tsid="LA9KL77D1D829Q3" label="Kumida Middles"/>
							</object>
							<object id="1">
								<int id="x">-2225</int>
								<int id="y">-331</int>
								<str id="swf_file_versioned">http://c2.glitch.bz/locations/groddle1/1323987260.swf</str>
								<str id="hub_id">97</str>
								<str id="mote_id">9</str>
								<objref id="target" tsid="LA9KL81E1D82ABT" label="Bettano Testament"/>
							</object>
							<object id="2">
								<int id="x">1680</int>
								<int id="y">-810</int>
								<str id="swf_file_versioned">http://c2.glitch.bz/locations/groddle1/1323987260.swf</str>
								<str id="hub_id">97</str>
								<str id="mote_id">9</str>
								<objref id="target" tsid="LA93EC9GHI824JT" label="Zaruu Zilch"/>
							</object>
						</object>
					</object>
				</object>
				<int id="w">2800</int>
				<int id="z">0</int>
				<object id="targets">
				</object>
			</object>
			<object id="T_1311790920469">
				<int id="w">2408</int>
				<int id="h">1600</int>
				<int id="z">-3</int>
				<str id="name">sky</str>
				<object id="filtersNEW">
					<object id="saturation">
						<int id="value">-20</int>
					</object>
					<object id="brightness">
						<int id="value">15</int>
					</object>
					<object id="contrast">
						<int id="value">-30</int>
					</object>
				</object>
				<object id="decos">
					<object id="mountain_blue_1_1311895253688">
						<int id="w">1667</int>
						<str id="sprite_class">mountain_blue_1</str>
						<int id="r">-2</int>
						<int id="x">279</int>
						<int id="y">691</int>
						<str id="name">mountain_blue_1_1311790920471</str>
						<int id="h">517</int>
						<int id="z">3</int>
					</object>
					<object id="mountain_blue_1_1311895253687">
						<int id="w">1442</int>
						<str id="sprite_class">mountain_blue_1</str>
						<int id="r">-2</int>
						<int id="x">1847</int>
						<int id="y">692</int>
						<str id="name">mountain_blue_1_1311790920471</str>
						<int id="h">474</int>
						<int id="z">1</int>
					</object>
					<object id="mountain_blue_1_1311895253590">
						<int id="w">1397</int>
						<str id="sprite_class">mountain_blue_1</str>
						<int id="r">-2</int>
						<int id="x">729</int>
						<int id="y">746</int>
						<str id="name">mountain_blue_1_1311790920471</str>
						<int id="h">517</int>
						<int id="z">2</int>
					</object>
					<object id="mountain_blue_1_1311790920482">
						<int id="w">1166</int>
						<str id="sprite_class">mountain_blue_1</str>
						<int id="r">-2</int>
						<int id="x">1446</int>
						<int id="y">753</int>
						<str id="name">mountain_blue_1_1311790920471</str>
						<int id="h">489</int>
						<int id="z">0</int>
					</object>
				</object>
			</object>
			<object id="T_1311732372418">
				<int id="w">2800</int>
				<int id="h">1600</int>
				<int id="z">1</int>
				<str id="name">middleplus</str>
				<object id="filtersNEW">
					<object id="saturation">
						<int id="value">-5</int>
					</object>
					<object id="brightness">
						<int id="value">-15</int>
					</object>
					<object id="contrast">
						<int id="value">-20</int>
					</object>
				</object>
				<object id="decos">
					<object id="stalagmite_1_1311895253597">
						<int id="w">77</int>
						<str id="sprite_class">stalagmite_1</str>
						<int id="r">-180</int>
						<int id="x">973</int>
						<int id="z">35</int>
						<int id="y">1039</int>
						<str id="name">stalagmite_1_1311890480642</str>
						<int id="h">274</int>
						<bool id="h_flip">true</bool>
					</object>
					<object id="heights_platform_1_1311890480592">
						<int id="w">284</int>
						<str id="sprite_class">heights_platform_1</str>
						<int id="r">-13</int>
						<int id="x">1393</int>
						<int id="y">972</int>
						<str id="name">heights_platform_1_1311790920418</str>
						<int id="h">148</int>
						<int id="z">53</int>
					</object>
					<object id="heights_mound_2_1311890480551">
						<int id="w">247</int>
						<str id="sprite_class">heights_mound_2</str>
						<int id="r">162</int>
						<int id="x">148</int>
						<int id="y">960</int>
						<str id="name">heights_mound_2_1311880512977</str>
						<int id="h">131</int>
						<int id="z">44</int>
					</object>
					<object id="heights_mound_2_1311880513023">
						<int id="w">387</int>
						<str id="sprite_class">heights_mound_2</str>
						<int id="r">180</int>
						<int id="x">2401</int>
						<int id="y">873</int>
						<str id="name">heights_mound_2_1311880512977</str>
						<int id="h">179</int>
						<int id="z">27</int>
					</object>
					<object id="crosssection_heights_pillar_2_1311880513016">
						<int id="w">250</int>
						<str id="sprite_class">crosssection_heights_pillar_2</str>
						<int id="r">5</int>
						<int id="x">2734</int>
						<int id="y">1540</int>
						<str id="name">crosssection_heights_pillar_2_1311880513014</str>
						<int id="h">618</int>
						<int id="z">23</int>
					</object>
					<object id="heights_platform_1_1311890480595">
						<int id="w">285</int>
						<str id="sprite_class">heights_platform_1</str>
						<int id="r">12</int>
						<int id="x">863</int>
						<int id="y">952</int>
						<str id="name">heights_platform_1_1311790920418</str>
						<int id="h">132</int>
						<int id="z">55</int>
					</object>
					<object id="heights_mound_2_1311880513028">
						<int id="w">296</int>
						<str id="sprite_class">heights_mound_2</str>
						<int id="r">195</int>
						<int id="x">1834</int>
						<int id="y">934</int>
						<str id="name">heights_mound_2_1311880512977</str>
						<int id="h">144</int>
						<int id="z">30</int>
					</object>
					<object id="alakol_house_big_shadow_1311874816185">
						<int id="w">257</int>
						<str id="sprite_class">alakol_house_big_shadow</str>
						<int id="r">5</int>
						<int id="x">5325</int>
						<int id="y">900</int>
						<str id="name">alakol_house_big_shadow_1311874816129</str>
						<int id="h">230</int>
						<int id="z">16</int>
					</object>
					<object id="stalagmite_1_1311895253675">
						<int id="w">91</int>
						<str id="sprite_class">stalagmite_1</str>
						<int id="r">-180</int>
						<int id="x">521</int>
						<int id="z">4</int>
						<int id="y">1028</int>
						<str id="name">stalagmite_1_1311890480642</str>
						<int id="h">154</int>
						<bool id="h_flip">true</bool>
					</object>
					<object id="stalagmite_3_1311895253618">
						<int id="w">78</int>
						<str id="sprite_class">stalagmite_3</str>
						<int id="r">-180</int>
						<int id="x">827</int>
						<int id="z">36</int>
						<int id="y">1050</int>
						<str id="name">stalagmite_3_1311880513011</str>
						<int id="h">218</int>
						<bool id="h_flip">true</bool>
					</object>
					<object id="alakol_house_big_shadow_1311895253616">
						<int id="w">1074</int>
						<str id="sprite_class">alakol_house_big_shadow</str>
						<int id="x">143</int>
						<int id="y">1782</int>
						<str id="name">alakol_house_big_shadow_1311895253614</str>
						<int id="h">671</int>
						<int id="z">15</int>
					</object>
					<object id="heights_mound_2_1311880513029">
						<int id="w">296</int>
						<str id="sprite_class">heights_mound_2</str>
						<int id="r">180</int>
						<int id="x">1575</int>
						<int id="y">940</int>
						<str id="name">heights_mound_2_1311880512977</str>
						<int id="h">144</int>
						<int id="z">31</int>
					</object>
					<object id="stalagmite_1_1311895253669">
						<int id="w">79</int>
						<str id="sprite_class">stalagmite_1</str>
						<int id="x">577</int>
						<int id="y">1456</int>
						<str id="name">stalagmite_1_1311890480642</str>
						<int id="h">140</int>
						<int id="z">8</int>
					</object>
					<object id="heights_mound_2_1311880513027">
						<int id="w">237</int>
						<str id="sprite_class">heights_mound_2</str>
						<int id="r">180</int>
						<int id="x">2014</int>
						<int id="y">910</int>
						<str id="name">heights_mound_2_1311880512977</str>
						<int id="h">175</int>
						<int id="z">29</int>
					</object>
					<object id="heights_mound_2_1311880513034">
						<int id="w">221</int>
						<str id="sprite_class">heights_mound_2</str>
						<int id="r">197</int>
						<int id="x">1452</int>
						<int id="y">917</int>
						<str id="name">heights_mound_2_1311880512977</str>
						<int id="h">178</int>
						<int id="z">32</int>
					</object>
					<object id="groddle_shadow_spot_1_1311890480575">
						<int id="w">3606</int>
						<str id="sprite_class">groddle_shadow_spot_1</str>
						<int id="x">1376</int>
						<int id="y">1616</int>
						<str id="name">groddle_shadow_spot_1_1311890480575</str>
						<int id="h">670</int>
						<int id="z">12</int>
					</object>
					<object id="crosssection_heights_underside_1311880513013">
						<int id="w">935</int>
						<str id="sprite_class">crosssection_heights_underside</str>
						<int id="r">180</int>
						<int id="x">1585</int>
						<int id="y">1527</int>
						<str id="name">crosssection_heights_underside_1311880513008</str>
						<int id="h">111</int>
						<int id="z">21</int>
					</object>
					<object id="groddle_shadow_spot_1_1311895253612">
						<int id="w">3606</int>
						<str id="sprite_class">groddle_shadow_spot_1</str>
						<int id="x">1360</int>
						<int id="y">1612</int>
						<str id="name">groddle_shadow_spot_1_1311890480575</str>
						<int id="h">742</int>
						<int id="z">13</int>
					</object>
					<object id="stalagmite_base_2_1311895253673">
						<int id="w">99</int>
						<str id="sprite_class">stalagmite_base_2</str>
						<int id="x">518</int>
						<int id="y">1458</int>
						<str id="name">stalagmite_base_2_1311890480657</str>
						<int id="h">22</int>
						<int id="z">5</int>
					</object>
					<object id="stalagmite_1_1311890480648">
						<int id="w">79</int>
						<str id="sprite_class">stalagmite_1</str>
						<int id="x">2510</int>
						<int id="y">1577</int>
						<str id="name">stalagmite_1_1311890480642</str>
						<int id="h">308</int>
						<int id="z">18</int>
					</object>
					<object id="crosssection_heights_underside_1311880513015">
						<int id="w">925</int>
						<str id="sprite_class">crosssection_heights_underside</str>
						<int id="r">173</int>
						<int id="x">2481</int>
						<int id="z">20</int>
						<int id="y">1463</int>
						<str id="name">crosssection_heights_underside_1311880513008</str>
						<int id="h">225</int>
						<bool id="h_flip">true</bool>
					</object>
					<object id="stalagmite_2_1311895253674">
						<int id="w">56</int>
						<str id="sprite_class">stalagmite_2</str>
						<int id="x">520</int>
						<int id="y">1455</int>
						<str id="name">stalagmite_2_1311880513017</str>
						<int id="h">187</int>
						<int id="z">6</int>
					</object>
					<object id="stalagmite_base_1_1311895253677">
						<int id="w">75</int>
						<str id="sprite_class">stalagmite_base_1</str>
						<int id="x">1527</int>
						<int id="y">1454</int>
						<str id="name">stalagmite_base_1_1311890480652</str>
						<int id="h">24</int>
						<int id="z">1</int>
					</object>
					<object id="heights_mound_2_1311880513021">
						<int id="w">294</int>
						<str id="sprite_class">heights_mound_2</str>
						<int id="r">180</int>
						<int id="x">2662</int>
						<int id="y">827</int>
						<str id="name">heights_mound_2_1311880512977</str>
						<int id="h">206</int>
						<int id="z">26</int>
					</object>
					<object id="alakol_house_big_shadow_1311895253615">
						<int id="w">1112</int>
						<str id="sprite_class">alakol_house_big_shadow</str>
						<int id="x">2493</int>
						<int id="y">1630</int>
						<str id="name">alakol_house_big_shadow_1311895253614</str>
						<int id="h">638</int>
						<int id="z">10</int>
					</object>
					<object id="stalagmite_2_1311880513022">
						<int id="w">98</int>
						<str id="sprite_class">stalagmite_2</str>
						<int id="r">-180</int>
						<int id="x">2568</int>
						<int id="z">24</int>
						<int id="y">984</int>
						<str id="name">stalagmite_2_1311880513017</str>
						<int id="h">185</int>
						<bool id="h_flip">true</bool>
					</object>
					<object id="stalagmite_1_1311890480649">
						<int id="w">80</int>
						<str id="sprite_class">stalagmite_1</str>
						<int id="x">2646</int>
						<int id="y">1534</int>
						<str id="name">stalagmite_1_1311890480642</str>
						<int id="h">171</int>
						<int id="z">19</int>
					</object>
					<object id="groddle_shadow_spot_1_1311895253611">
						<int id="w">3606</int>
						<str id="sprite_class">groddle_shadow_spot_1</str>
						<int id="x">1376</int>
						<int id="y">1616</int>
						<str id="name">groddle_shadow_spot_1_1311890480575</str>
						<int id="h">670</int>
						<int id="z">12</int>
					</object>
					<object id="stalagmite_base_3_1311895253668">
						<int id="w">122</int>
						<str id="sprite_class">stalagmite_base_3</str>
						<int id="r">1</int>
						<int id="x">579</int>
						<int id="y">1463</int>
						<str id="name">stalagmite_base_3_1311890480655</str>
						<int id="h">25</int>
						<int id="z">7</int>
					</object>
					<object id="heights_mound_2_1311890480549">
						<int id="w">321</int>
						<str id="sprite_class">heights_mound_2</str>
						<int id="r">167</int>
						<int id="x">474</int>
						<int id="y">948</int>
						<str id="name">heights_mound_2_1311880512977</str>
						<int id="h">151</int>
						<int id="z">42</int>
					</object>
					<object id="stalagmite_2_1311895253670">
						<int id="w">56</int>
						<str id="sprite_class">stalagmite_2</str>
						<int id="r">-180</int>
						<int id="x">581</int>
						<int id="z">3</int>
						<int id="y">1050</int>
						<str id="name">stalagmite_2_1311880513017</str>
						<int id="h">190</int>
						<bool id="h_flip">true</bool>
					</object>
					<object id="stalagmite_2_1311895253595">
						<int id="w">118</int>
						<str id="sprite_class">stalagmite_2</str>
						<int id="x">973</int>
						<int id="y">1634</int>
						<str id="name">stalagmite_2_1311880513017</str>
						<int id="h">226</int>
						<int id="z">49</int>
					</object>
					<object id="stalagmite_2_1311895253592">
						<int id="w">82</int>
						<str id="sprite_class">stalagmite_2</str>
						<int id="r">-180</int>
						<int id="x">1024</int>
						<int id="z">34</int>
						<int id="y">1027</int>
						<str id="name">stalagmite_2_1311880513017</str>
						<int id="h">179</int>
						<bool id="h_flip">true</bool>
					</object>
					<object id="stalagmite_1_1311890480644">
						<int id="w">140</int>
						<str id="sprite_class">stalagmite_1</str>
						<int id="r">-180</int>
						<int id="x">2652</int>
						<int id="z">22</int>
						<int id="y">967</int>
						<str id="name">stalagmite_1_1311890480642</str>
						<int id="h">177</int>
						<bool id="h_flip">true</bool>
					</object>
					<object id="heights_mound_2_1311880513024">
						<int id="w">387</int>
						<str id="sprite_class">heights_mound_2</str>
						<int id="r">165</int>
						<int id="x">2184</int>
						<int id="y">858</int>
						<str id="name">heights_mound_2_1311880512977</str>
						<int id="h">179</int>
						<int id="z">28</int>
					</object>
					<object id="heights_hole_cover_1311890480571">
						<int id="w">261</int>
						<str id="sprite_class">heights_hole_cover</str>
						<int id="x">1131</int>
						<int id="y">960</int>
						<str id="name">heights_hole_cover_1311890480570</str>
						<int id="h">126</int>
						<int id="z">52</int>
					</object>
					<object id="groddle_shadow_spot_1_1311895253610">
						<int id="w">3606</int>
						<str id="sprite_class">groddle_shadow_spot_1</str>
						<int id="x">1376</int>
						<int id="y">1616</int>
						<str id="name">groddle_shadow_spot_1_1311890480575</str>
						<int id="h">670</int>
						<int id="z">11</int>
					</object>
					<object id="stalagmite_3_1311895253593">
						<int id="w">84</int>
						<str id="sprite_class">stalagmite_3</str>
						<int id="x">1019</int>
						<int id="y">1582</int>
						<str id="name">stalagmite_3_1311880513011</str>
						<int id="h">252</int>
						<int id="z">47</int>
					</object>
					<object id="alakol_house_big_shadow_1311895253617">
						<int id="w">2041</int>
						<str id="sprite_class">alakol_house_big_shadow</str>
						<int id="x">1308</int>
						<int id="y">1664</int>
						<str id="name">alakol_house_big_shadow_1311895253614</str>
						<int id="h">265</int>
						<int id="z">14</int>
					</object>
					<object id="alakol_house_big_shadow_1311895253614">
						<int id="w">1112</int>
						<str id="sprite_class">alakol_house_big_shadow</str>
						<int id="x">2493</int>
						<int id="y">1630</int>
						<str id="name">alakol_house_big_shadow_1311895253614</str>
						<int id="h">638</int>
						<int id="z">9</int>
					</object>
					<object id="stalagmite_2_1311895253607">
						<int id="w">98</int>
						<str id="sprite_class">stalagmite_2</str>
						<int id="x">102</int>
						<int id="y">1526</int>
						<str id="name">stalagmite_2_1311880513017</str>
						<int id="h">184</int>
						<int id="z">45</int>
					</object>
					<object id="heights_mound_2_1311890480548">
						<int id="w">394</int>
						<str id="sprite_class">heights_mound_2</str>
						<int id="r">182</int>
						<int id="x">712</int>
						<int id="y">919</int>
						<str id="name">heights_mound_2_1311880512977</str>
						<int id="h">196</int>
						<int id="z">41</int>
					</object>
					<object id="stalagmite_1_1311890480642">
						<int id="w">88</int>
						<str id="sprite_class">stalagmite_1</str>
						<int id="r">-180</int>
						<int id="x">2510</int>
						<int id="z">25</int>
						<int id="y">988</int>
						<str id="name">stalagmite_1_1311890480642</str>
						<int id="h">134</int>
						<bool id="h_flip">true</bool>
					</object>
					<object id="stalagmite_1_1311895253603">
						<int id="w">70</int>
						<str id="sprite_class">stalagmite_1</str>
						<int id="r">-180</int>
						<int id="x">99</int>
						<int id="z">37</int>
						<int id="y">1049</int>
						<str id="name">stalagmite_1_1311890480642</str>
						<int id="h">204</int>
						<bool id="h_flip">true</bool>
					</object>
					<object id="stalagmite_3_1311895253605">
						<int id="w">52</int>
						<str id="sprite_class">stalagmite_3</str>
						<int id="x">141</int>
						<int id="y">1518</int>
						<str id="name">stalagmite_3_1311880513011</str>
						<int id="h">221</int>
						<int id="z">48</int>
					</object>
					<object id="stalagmite_3_1311890480646">
						<int id="w">64</int>
						<str id="sprite_class">stalagmite_3</str>
						<int id="x">2563</int>
						<int id="y">1558</int>
						<str id="name">stalagmite_3_1311880513011</str>
						<int id="h">175</int>
						<int id="z">17</int>
					</object>
					<object id="stalagmite_3_1311895253679">
						<int id="w">53</int>
						<str id="sprite_class">stalagmite_3</str>
						<int id="r">-180</int>
						<int id="x">1522</int>
						<int id="z">0</int>
						<int id="y">1044</int>
						<str id="name">stalagmite_3_1311880513011</str>
						<int id="h">143</int>
						<bool id="h_flip">true</bool>
					</object>
					<object id="crosssection_heights_underside_1311880513009">
						<int id="w">1043</int>
						<str id="sprite_class">crosssection_heights_underside</str>
						<int id="r">183</int>
						<int id="x">615</int>
						<int id="y">1498</int>
						<str id="name">crosssection_heights_underside_1311880513008</str>
						<int id="h">173</int>
						<int id="z">51</int>
					</object>
					<object id="crosssection_heights_pillar_1_1311880513006">
						<int id="w">225</int>
						<str id="sprite_class">crosssection_heights_pillar_1</str>
						<int id="x">41</int>
						<int id="y">1622</int>
						<str id="name">crosssection_heights_pillar_1_1311880513005</str>
						<int id="h">636</int>
						<int id="z">46</int>
					</object>
					<object id="heights_topper_stone_1_1312333734694">
						<int id="w">141</int>
						<str id="sprite_class">heights_topper_stone_1</str>
						<int id="r">-10</int>
						<int id="x">1442</int>
						<int id="y">856</int>
						<str id="name">heights_topper_stone_1_1312333734684</str>
						<int id="h">28</int>
						<int id="z">54</int>
					</object>
					<object id="heights_mound_2_1311890480550">
						<int id="w">247</int>
						<str id="sprite_class">heights_mound_2</str>
						<int id="r">187</int>
						<int id="x">325</int>
						<int id="y">968</int>
						<str id="name">heights_mound_2_1311880512977</str>
						<int id="h">131</int>
						<int id="z">43</int>
					</object>
					<object id="stalagmite_2_1311895253604">
						<int id="w">80</int>
						<str id="sprite_class">stalagmite_2</str>
						<int id="r">-180</int>
						<int id="x">145</int>
						<int id="z">38</int>
						<int id="y">1048</int>
						<str id="name">stalagmite_2_1311880513017</str>
						<int id="h">134</int>
						<bool id="h_flip">true</bool>
					</object>
					<object id="stalagmite_1_1311895253608">
						<int id="w">98</int>
						<str id="sprite_class">stalagmite_1</str>
						<int id="x">826</int>
						<int id="y">1586</int>
						<str id="name">stalagmite_1_1311890480642</str>
						<int id="h">212</int>
						<int id="z">50</int>
					</object>
					<object id="heights_mound_2_1311880513040">
						<int id="w">234</int>
						<str id="sprite_class">heights_mound_2</str>
						<int id="r">172</int>
						<int id="x">929</int>
						<int id="y">853</int>
						<str id="name">heights_mound_2_1311880512977</str>
						<int id="h">244</int>
						<int id="z">40</int>
					</object>
					<object id="heights_mound_2_1311890480590">
						<int id="w">342</int>
						<str id="sprite_class">heights_mound_2</str>
						<int id="r">172</int>
						<int id="x">1125</int>
						<int id="y">877</int>
						<str id="name">heights_mound_2_1311880512977</str>
						<int id="h">179</int>
						<int id="z">39</int>
					</object>
					<object id="heights_mound_2_1311880513038">
						<int id="w">239</int>
						<str id="sprite_class">heights_mound_2</str>
						<int id="r">177</int>
						<int id="x">1270</int>
						<int id="y">876</int>
						<str id="name">heights_mound_2_1311880512977</str>
						<int id="h">182</int>
						<int id="z">33</int>
					</object>
					<object id="stalagmite_2_1311895253678">
						<int id="w">57</int>
						<str id="sprite_class">stalagmite_2</str>
						<int id="x">1528</int>
						<int id="y">1448</int>
						<str id="name">stalagmite_2_1311880513017</str>
						<int id="h">166</int>
						<int id="z">2</int>
					</object>
				</object>
			</object>
		</object>
		<null id="img_file_versioned"/>
		<str id="swf_file_versioned">http://c2.glitch.bz/locations/groddle1/1323987260.swf</str>
		<null id="physics"/>
		<str id="tsid">LA9KL9UE1D82RFO</str>
		<null id="loading_label"/>
		<int id="ground_y">-927</int>
		<int id="rookable_type">0</int>
		<object id="gradient">
			<str id="bottom">FFE159</str>
			<str id="top">8FC9FF</str>
		</object>
		<object id="sources">
			<int id="LA9KL81E1D82ABT">1</int>
			<int id="LA93EC9GHI824JT">1</int>
			<int id="LA92VDUR8D82E3F">1</int>
			<int id="LA9KL77D1D829Q3">1</int>
		</object>
	</object>
</game_object>
