<game_object tsid="GA9MU59GB792T80" ts="1337653507444" label="Besara Community Machine Room" class_tsid="" lastUpdateTime="1337653423798" upd_gs="gs7" load_time="2012-05-21 18:14:01.138" upd_time="2012-05-21 19:24:17.717">
	<object id="dynamic">
		<int id="l">-700</int>
		<int id="r">700</int>
		<int id="t">-700</int>
		<int id="b">0</int>
		<str id="label">Besara Community Machine Room</str>
		<str id="swf_file">bldg_int_machine.swf</str>
		<object id="layers">
			<object id="T_1313198224341">
				<int id="w">6000</int>
				<int id="z">-1</int>
				<str id="name">Sky</str>
				<int id="h">1000</int>
				<object id="decos">
				</object>
			</object>
			<object id="middleground">
				<object id="doors">
					<object id="door_1313428160368">
						<str id="id">door_1</str>
						<object id="deco">
							<str id="sprite_class">door_asset_community_machine_room</str>
							<int id="w">57</int>
							<str id="name">door_asset_community_machine_room_1313428160367</str>
							<int id="h">244</int>
						</object>
						<int id="h">244</int>
						<bool id="is_locked">false</bool>
						<str id="house_number">0</str>
						<int id="requires_level">0</int>
						<int id="key_id">0</int>
						<int id="w">57</int>
						<null id="owner_label"/>
						<int id="x">636</int>
						<null id="owner_tsid"/>
						<int id="y">-144</int>
						<bool id="for_sale">false</bool>
						<object id="connect">
							<str id="swf_file_versioned">http://c2.glitch.bz/locations/groddle1/1313117930.swf</str>
							<str id="hub_id">98</str>
							<int id="x">-425</int>
							<int id="y">-90</int>
							<str id="mote_id">9</str>
							<bool id="hidden">false</bool>
							<objref id="target" tsid="LA9G6MA4P6923PH" label="Canary Send"/>
						</object>
					</object>
				</object>
				<object id="platform_lines">
					<object id="plat_1313198224342">
						<int id="platform_pc_perm">-1</int>
						<int id="platform_item_perm">-1</int>
						<object id="start">
							<int id="y">-140</int>
							<int id="x">-635</int>
						</object>
						<object id="end">
							<int id="y">-137</int>
							<int id="x">350</int>
						</object>
					</object>
					<object id="plat_1313198224345">
						<int id="platform_pc_perm">1</int>
						<int id="platform_item_perm">1</int>
						<object id="start">
							<int id="y">-574</int>
							<int id="x">-635</int>
						</object>
						<object id="end">
							<int id="y">-577</int>
							<int id="x">640</int>
						</object>
					</object>
					<object id="plat_1313198224343">
						<int id="platform_pc_perm">-1</int>
						<int id="platform_item_perm">-1</int>
						<object id="start">
							<int id="y">-137</int>
							<int id="x">350</int>
						</object>
						<object id="end">
							<int id="y">-163</int>
							<int id="x">640</int>
						</object>
					</object>
				</object>
				<object id="signposts">
				</object>
				<str id="name">middleground</str>
				<object id="targets">
				</object>
				<int id="w">1400</int>
				<object id="decos">
					<object id="door_asset_community_machine_room_1313428059125">
						<str id="sprite_class">door_asset_community_machine_room</str>
						<int id="w">57</int>
						<int id="z">2</int>
						<int id="x">636</int>
						<int id="y">-144</int>
						<str id="name">door_asset_community_machine_room_1313428059125</str>
						<int id="h">244</int>
					</object>
					<object id="sign_community_machine_room_1313198224339">
						<str id="sprite_class">sign_community_machine_room</str>
						<int id="w">417</int>
						<int id="z">1</int>
						<int id="x">-115</int>
						<int id="y">-339</int>
						<str id="name">sign_community_machine_room_1313198224339</str>
						<int id="h">118</int>
					</object>
					<object id="community_machine_room_int_1313198224338">
						<str id="sprite_class">community_machine_room_int</str>
						<int id="w">1400</int>
						<int id="z">0</int>
						<int id="x">-2</int>
						<int id="y">-9</int>
						<str id="name">community_machine_room_int_1313198224338</str>
						<int id="h">700</int>
					</object>
				</object>
				<object id="boxes">
				</object>
				<int id="z">0</int>
				<object id="platforms">
					<object id="platform_ground">
						<int id="y">-50</int>
						<int id="x">-3000</int>
						<int id="w">6000</int>
					</object>
				</object>
				<int id="h">700</int>
				<object id="ladders">
				</object>
				<object id="walls">
					<object id="wall_1313198224346">
						<int id="y">-574</int>
						<int id="w">0</int>
						<null id="pc_perm"/>
						<null id="item_perm"/>
						<int id="x">-635</int>
						<int id="h">434</int>
					</object>
					<object id="wall_1313198224344">
						<int id="y">-577</int>
						<int id="w">0</int>
						<null id="pc_perm"/>
						<null id="item_perm"/>
						<int id="x">640</int>
						<int id="h">414</int>
					</object>
				</object>
			</object>
		</object>
		<str id="music_file"></str>
		<null id="physics"/>
		<str id="swf_file_versioned">http://c2.glitch.bz/locations/groddle_interiors1/1310711838.swf</str>
		<null id="img_file_versioned"/>
		<int id="ground_y">0</int>
		<int id="rookable_type">0</int>
		<null id="loading_label"/>
		<str id="tsid">LA9MU59GB792T80</str>
		<object id="gradient">
			<str id="bottom">000000</str>
			<str id="top">000000</str>
		</object>
		<object id="sources">
			<int id="LA9G6MA4P6923PH">1</int>
		</object>
		<bool id="wall_jump">false</bool>
		<bool id="no_zoom">true</bool>
	</object>
</game_object>
