<game_object tsid="GA9Q4AL8DI82H2M" ts="1336606412148" label="Patchouli Preamble" class_tsid="" lastUpdateTime="1336606404987" upd_gs="gs7" load_time="2012-05-09 16:21:43.739" upd_time="2012-05-09 16:33:30.832">
	<object id="dynamic">
		<int id="l">-2000</int>
		<int id="r">2000</int>
		<int id="t">-1000</int>
		<int id="b">0</int>
		<str id="label">Patchouli Preamble</str>
		<str id="swf_file">groddle1.swf</str>
		<object id="layers">
			<object id="T_1311732372418">
				<object id="filtersNEW">
					<object id="saturation">
						<int id="value">-5</int>
					</object>
					<object id="brightness">
						<int id="value">-15</int>
					</object>
					<object id="contrast">
						<int id="value">-20</int>
					</object>
				</object>
				<int id="w">4320</int>
				<int id="h">1000</int>
				<int id="z">1</int>
				<str id="name">foreground</str>
				<object id="decos">
					<object id="tree_coniferous_fg_2_1311803724950">
						<int id="w">687</int>
						<int id="x">246</int>
						<str id="sprite_class">tree_coniferous_fg_2</str>
						<int id="y">1780</int>
						<int id="h">961</int>
						<int id="z">3</int>
						<str id="name">tree_coniferous_fg_2_1311790920538</str>
					</object>
					<object id="tree_coniferous_fg_4_1312497615608">
						<int id="w">716</int>
						<int id="x">2929</int>
						<str id="sprite_class">tree_coniferous_fg_4</str>
						<int id="y">1238</int>
						<int id="h">1427</int>
						<int id="z">4</int>
						<str id="name">tree_coniferous_fg_4_1311790920524</str>
					</object>
					<object id="pinecluster_1_1312497615609">
						<int id="w">841</int>
						<int id="x">4118</int>
						<str id="sprite_class">pinecluster_1</str>
						<int id="y">1328</int>
						<int id="h">613</int>
						<int id="z">5</int>
						<str id="name">pinecluster_1_1312497615609</str>
					</object>
					<object id="tree_coniferous_fg_4_1311790920524">
						<int id="w">720</int>
						<int id="x">2397</int>
						<str id="sprite_class">tree_coniferous_fg_4</str>
						<int id="y">1405</int>
						<int id="h">1435</int>
						<int id="z">1</int>
						<str id="name">tree_coniferous_fg_4_1311790920524</str>
					</object>
					<object id="tree_coniferous_fg_4_1311803724949">
						<bool id="h_flip">true</bool>
						<int id="w">920</int>
						<int id="x">2561</int>
						<str id="sprite_class">tree_coniferous_fg_4</str>
						<int id="y">1700</int>
						<int id="h">904</int>
						<int id="z">0</int>
						<str id="name">tree_coniferous_fg_4_1311790920524</str>
					</object>
					<object id="pinecluster_1_1312497615610">
						<int id="w">841</int>
						<int id="x">3690</int>
						<str id="sprite_class">pinecluster_1</str>
						<int id="y">1285</int>
						<int id="h">613</int>
						<int id="z">6</int>
						<str id="name">pinecluster_1_1312497615609</str>
					</object>
					<object id="tree_coniferous_fg_2_1311790920539">
						<int id="w">679</int>
						<int id="x">1460</int>
						<str id="sprite_class">tree_coniferous_fg_2</str>
						<int id="y">1886</int>
						<int id="h">1464</int>
						<int id="z">2</int>
						<str id="name">tree_coniferous_fg_2_1311790920538</str>
					</object>
					<object id="pinecluster_1_1312497615611">
						<int id="w">841</int>
						<int id="x">928</int>
						<str id="sprite_class">pinecluster_1</str>
						<int id="y">1344</int>
						<int id="h">613</int>
						<int id="z">7</int>
						<str id="name">pinecluster_1_1312497615609</str>
					</object>
				</object>
			</object>
			<object id="middleground">
				<object id="signposts">
					<object id="signpost_3">
						<int id="y">-255</int>
						<int id="h">200</int>
						<int id="w">100</int>
						<str id="id">signpost_3</str>
						<int id="x">951</int>
						<object id="connects">
							<object id="0">
								<str id="hub_id">97</str>
								<int id="x">2565</int>
								<int id="y">-190</int>
								<str id="swf_file_versioned">http://c2.glitch.bz/locations/groddle1/1335996172.swf,http://c2.glitch.bz/locations/alpine_landscape/1332547509.swf</str>
								<str id="mote_id">9</str>
								<objref id="target" tsid="LHVC7554ADT2VA1" label="Andaya Park"/>
							</object>
						</object>
					</object>
					<object id="signpost_1">
						<int id="y">-400</int>
						<int id="h">200</int>
						<int id="w">100</int>
						<int id="x">1750</int>
						<object id="connects">
							<object id="0">
								<str id="hub_id">97</str>
								<int id="x">-2312</int>
								<int id="y">-669</int>
								<str id="swf_file_versioned">http://c2.glitch.bz/locations/groddle1/1335996172.swf</str>
								<str id="mote_id">9</str>
								<objref id="target" tsid="LA93B4PV0I82IH7" label="Nowaa Holler"/>
							</object>
						</object>
					</object>
				</object>
				<object id="decos">
					<object id="groddle_fern_1_1312497615623">
						<int id="w">126</int>
						<int id="x">1621</int>
						<str id="sprite_class">groddle_fern_1</str>
						<int id="y">-435</int>
						<int id="h">75</int>
						<int id="z">89</int>
						<str id="name">groddle_fern_1_1312497615623</str>
					</object>
					<object id="crosssection_heights_underside_1312494033023">
						<int id="w">580</int>
						<int id="x">1787</int>
						<str id="sprite_class">crosssection_heights_underside</str>
						<int id="y">-623</int>
						<int id="h">112</int>
						<int id="z">65</int>
						<str id="name">crosssection_heights_underside_1312494033023</str>
					</object>
					<object id="heights_topper_2_1312497615630">
						<int id="w">145</int>
						<int id="x">276</int>
						<str id="sprite_class">heights_topper_2</str>
						<int id="y">-377</int>
						<int id="h">60</int>
						<int id="z">95</int>
						<str id="name">heights_topper_2_1312497615630</str>
					</object>
					<object id="patch_dirt_2a_1312497615599">
						<int id="w">286</int>
						<int id="r">10</int>
						<int id="x">1727</int>
						<str id="sprite_class">patch_dirt_2a</str>
						<int id="y">-381</int>
						<int id="h">49</int>
						<int id="z">62</int>
						<str id="name">patch_dirt_2a_1312494033033</str>
					</object>
					<object id="heights_topper_stone_1_1311790920504">
						<int id="w">120</int>
						<int id="x">-232</int>
						<str id="sprite_class">heights_topper_stone_1</str>
						<int id="y">-258</int>
						<int id="h">32</int>
						<int id="z">43</int>
						<str id="name">heights_topper_stone_1_1311790920504</str>
					</object>
					<object id="patch_dirt_2a_1312494033036">
						<int id="w">286</int>
						<int id="x">1613</int>
						<str id="sprite_class">patch_dirt_2a</str>
						<int id="y">-367</int>
						<int id="h">49</int>
						<int id="z">64</int>
						<str id="name">patch_dirt_2a_1312494033033</str>
					</object>
					<object id="heights_face_1_1311790920354">
						<int id="w">667</int>
						<int id="r">-4</int>
						<int id="x">-1249</int>
						<str id="sprite_class">heights_face_1</str>
						<int id="y">150</int>
						<int id="h">456</int>
						<int id="z">18</int>
						<str id="name">heights_face_1_1311790745748</str>
					</object>
					<object id="alakol_cliff_1_1311790920358">
						<bool id="h_flip">true</bool>
						<int id="w">1261</int>
						<int id="x">1526</int>
						<str id="sprite_class">alakol_cliff_1</str>
						<int id="y">-11</int>
						<int id="h">211</int>
						<int id="z">10</int>
						<str id="name">alakol_cliff_1_1311790920357</str>
					</object>
					<object id="patch_dirt_2a_1312497615597">
						<int id="w">286</int>
						<int id="x">1538</int>
						<str id="sprite_class">patch_dirt_2a</str>
						<int id="y">-397</int>
						<int id="h">49</int>
						<int id="z">59</int>
						<str id="name">patch_dirt_2a_1312494033033</str>
					</object>
					<object id="heights_mound_3_1312494033037">
						<int id="w">532</int>
						<int id="r">-15</int>
						<int id="x">823</int>
						<str id="sprite_class">heights_mound_3</str>
						<int id="y">-136</int>
						<int id="h">202</int>
						<int id="z">4</int>
						<str id="name">heights_mound_3_1311790920377</str>
					</object>
					<object id="heights_topper_2_1312497615632">
						<int id="w">145</int>
						<int id="x">437</int>
						<str id="sprite_class">heights_topper_2</str>
						<int id="y">-349</int>
						<int id="h">60</int>
						<int id="z">97</int>
						<str id="name">heights_topper_2_1312497615630</str>
					</object>
					<object id="heights_bandaid_3_1312494033030">
						<int id="w">146</int>
						<int id="x">1394</int>
						<str id="sprite_class">heights_bandaid_3</str>
						<int id="y">-437</int>
						<int id="h">264</int>
						<int id="z">73</int>
						<str id="name">heights_bandaid_3_1312494033030</str>
					</object>
					<object id="heights_topper_2_1312497615635">
						<int id="w">145</int>
						<int id="x">440</int>
						<str id="sprite_class">heights_topper_2</str>
						<int id="y">-395</int>
						<int id="h">49</int>
						<int id="z">100</int>
						<str id="name">heights_topper_2_1312497615630</str>
					</object>
					<object id="stalagmite_base_1_1312497615604">
						<int id="w">218</int>
						<int id="x">1162</int>
						<str id="sprite_class">stalagmite_base_1</str>
						<int id="y">-205</int>
						<int id="h">66</int>
						<int id="z">11</int>
						<str id="name">stalagmite_base_1_1312494033032</str>
					</object>
					<object id="heights_mound_3_1311790920387">
						<int id="w">532</int>
						<int id="x">1215</int>
						<str id="sprite_class">heights_mound_3</str>
						<int id="y">133</int>
						<int id="h">202</int>
						<int id="z">29</int>
						<str id="name">heights_mound_3_1311790920377</str>
					</object>
					<object id="patch_dirt_2a_1312494033034">
						<int id="w">286</int>
						<int id="x">1934</int>
						<str id="sprite_class">patch_dirt_2a</str>
						<int id="y">-359</int>
						<int id="h">49</int>
						<int id="z">81</int>
						<str id="name">patch_dirt_2a_1312494033033</str>
					</object>
					<object id="heights_topper_stone_1_1311790920514">
						<bool id="h_flip">true</bool>
						<int id="w">90</int>
						<int id="r">-6</int>
						<int id="x">-1033</int>
						<str id="sprite_class">heights_topper_stone_1</str>
						<int id="y">-186</int>
						<int id="h">24</int>
						<int id="z">48</int>
						<str id="name">heights_topper_stone_1_1311790920504</str>
					</object>
					<object id="heights_face_rock_2_1311790920432">
						<int id="w">563</int>
						<int id="r">-5</int>
						<int id="x">-445</int>
						<str id="sprite_class">heights_face_rock_2</str>
						<int id="y">-242</int>
						<int id="h">165</int>
						<int id="z">21</int>
						<str id="name">heights_face_rock_2_1311790920375</str>
					</object>
					<object id="alakol_cliff_1_1311790920357">
						<bool id="h_flip">true</bool>
						<int id="w">1261</int>
						<int id="x">1512</int>
						<str id="sprite_class">alakol_cliff_1</str>
						<int id="y">47</int>
						<int id="h">211</int>
						<int id="z">24</int>
						<str id="name">alakol_cliff_1_1311790920357</str>
					</object>
					<object id="patch_dirt_2a_1312497615637">
						<int id="w">286</int>
						<int id="x">343</int>
						<str id="sprite_class">patch_dirt_2a</str>
						<int id="y">-403</int>
						<int id="h">49</int>
						<int id="z">102</int>
						<str id="name">patch_dirt_2a_1312497615637</str>
					</object>
					<object id="heights_topper_2_1311790920414">
						<int id="w">227</int>
						<int id="r">1</int>
						<int id="x">-805</int>
						<str id="sprite_class">heights_topper_2</str>
						<int id="y">-178</int>
						<int id="h">39</int>
						<int id="z">34</int>
						<str id="name">heights_topper_2_1311790920395</str>
					</object>
					<object id="gravel_2_1311790920519">
						<bool id="h_flip">true</bool>
						<int id="w">34</int>
						<int id="x">-176</int>
						<str id="sprite_class">gravel_2</str>
						<int id="y">-277</int>
						<int id="h">19</int>
						<int id="z">55</int>
						<str id="name">gravel_2_1311790920510</str>
					</object>
					<object id="bush_3_1312497615619">
						<int id="w">264</int>
						<int id="x">1917</int>
						<str id="sprite_class">bush_3</str>
						<int id="y">-385</int>
						<int id="h">93</int>
						<int id="z">88</int>
						<str id="name">bush_3_1312497615619</str>
					</object>
					<object id="patch_dirt_2a_1312497615596">
						<int id="w">286</int>
						<int id="x">1459</int>
						<str id="sprite_class">patch_dirt_2a</str>
						<int id="y">-408</int>
						<int id="h">49</int>
						<int id="z">58</int>
						<str id="name">patch_dirt_2a_1312494033033</str>
					</object>
					<object id="heights_face_rock_2_1311790920416">
						<int id="w">532</int>
						<int id="r">2</int>
						<int id="x">-1793</int>
						<str id="sprite_class">heights_face_rock_2</str>
						<int id="y">-157</int>
						<int id="h">156</int>
						<int id="z">23</int>
						<str id="name">heights_face_rock_2_1311790920375</str>
					</object>
					<object id="heights_face_1_1311790920390">
						<int id="w">842</int>
						<int id="r">-18</int>
						<int id="x">1860</int>
						<str id="sprite_class">heights_face_1</str>
						<int id="y">-258</int>
						<int id="h">576</int>
						<int id="z">3</int>
						<str id="name">heights_face_1_1311790745748</str>
					</object>
					<object id="gravel_2_1311790920510">
						<bool id="h_flip">true</bool>
						<int id="w">98</int>
						<int id="x">-983</int>
						<str id="sprite_class">gravel_2</str>
						<int id="y">-187</int>
						<int id="h">55</int>
						<int id="z">53</int>
						<str id="name">gravel_2_1311790920510</str>
					</object>
					<object id="patch_dirt_2a_1312497615638">
						<int id="w">286</int>
						<int id="x">438</int>
						<str id="sprite_class">patch_dirt_2a</str>
						<int id="y">-394</int>
						<int id="h">49</int>
						<int id="z">103</int>
						<str id="name">patch_dirt_2a_1312497615637</str>
					</object>
					<object id="stalagmite_base_1_1312497615601">
						<int id="w">218</int>
						<int id="x">2014</int>
						<str id="sprite_class">stalagmite_base_1</str>
						<int id="y">-401</int>
						<int id="h">66</int>
						<int id="z">82</int>
						<str id="name">stalagmite_base_1_1312494033032</str>
					</object>
					<object id="heights_topper_2_1312497615633">
						<int id="w">145</int>
						<int id="x">519</int>
						<str id="sprite_class">heights_topper_2</str>
						<int id="y">-337</int>
						<int id="h">60</int>
						<int id="z">98</int>
						<str id="name">heights_topper_2_1312497615630</str>
					</object>
					<object id="heights_platform_2_1311790920417">
						<bool id="h_flip">true</bool>
						<int id="w">649</int>
						<int id="r">5</int>
						<int id="x">508</int>
						<str id="sprite_class">heights_platform_2</str>
						<int id="y">-51</int>
						<int id="h">220</int>
						<int id="z">37</int>
						<str id="name">heights_platform_2_1311790920364</str>
					</object>
					<object id="stalagmite_base_1_1312497615605">
						<int id="w">218</int>
						<int id="x">1224</int>
						<str id="sprite_class">stalagmite_base_1</str>
						<int id="y">-180</int>
						<int id="h">66</int>
						<int id="z">12</int>
						<str id="name">stalagmite_base_1_1312494033032</str>
					</object>
					<object id="patch_dirt_2a_1312497615598">
						<int id="w">286</int>
						<int id="r">10</int>
						<int id="x">1613</int>
						<str id="sprite_class">patch_dirt_2a</str>
						<int id="y">-396</int>
						<int id="h">49</int>
						<int id="z">60</int>
						<str id="name">patch_dirt_2a_1312494033033</str>
					</object>
					<object id="heights_topper_2_1312494033028">
						<int id="w">145</int>
						<int id="x">1391</int>
						<str id="sprite_class">heights_topper_2</str>
						<int id="y">-355</int>
						<int id="h">48</int>
						<int id="z">71</int>
						<str id="name">heights_topper_2_1312494033025</str>
					</object>
					<object id="heights_face_rock_2_1311790920413">
						<int id="w">730</int>
						<int id="r">-2</int>
						<int id="x">-855</int>
						<str id="sprite_class">heights_face_rock_2</str>
						<int id="y">-193</int>
						<int id="h">214</int>
						<int id="z">22</int>
						<str id="name">heights_face_rock_2_1311790920375</str>
					</object>
					<object id="heights_topper_2_1312494033027">
						<int id="w">145</int>
						<int id="x">1481</int>
						<str id="sprite_class">heights_topper_2</str>
						<int id="y">-343</int>
						<int id="h">48</int>
						<int id="z">69</int>
						<str id="name">heights_topper_2_1312494033025</str>
					</object>
					<object id="heights_topper_stone_1_1311790920505">
						<int id="w">120</int>
						<int id="r">1</int>
						<int id="x">-454</int>
						<str id="sprite_class">heights_topper_stone_1</str>
						<int id="y">-231</int>
						<int id="h">32</int>
						<int id="z">44</int>
						<str id="name">heights_topper_stone_1_1311790920504</str>
					</object>
					<object id="heights_moss_3_1312497615618">
						<int id="w">358</int>
						<int id="r">-6</int>
						<int id="x">133</int>
						<str id="sprite_class">heights_moss_3</str>
						<int id="y">-141</int>
						<int id="h">135</int>
						<int id="z">87</int>
						<str id="name">heights_moss_3_1312497615613</str>
					</object>
					<object id="heights_mound_3_1311790920386">
						<int id="w">532</int>
						<int id="r">-15</int>
						<int id="x">1075</int>
						<str id="sprite_class">heights_mound_3</str>
						<int id="y">-167</int>
						<int id="h">202</int>
						<int id="z">5</int>
						<str id="name">heights_mound_3_1311790920377</str>
					</object>
					<object id="heights_moss_3_1312497615616">
						<int id="w">358</int>
						<int id="r">-6</int>
						<int id="x">-257</int>
						<str id="sprite_class">heights_moss_3</str>
						<int id="y">-113</int>
						<int id="h">135</int>
						<int id="z">85</int>
						<str id="name">heights_moss_3_1312497615613</str>
					</object>
					<object id="stalagmite_base_1_1312494033032">
						<int id="w">220</int>
						<int id="x">1355</int>
						<str id="sprite_class">stalagmite_base_1</str>
						<int id="y">-359</int>
						<int id="h">80</int>
						<int id="z">75</int>
						<str id="name">stalagmite_base_1_1312494033032</str>
					</object>
					<object id="bush_3_1312497615622">
						<int id="w">264</int>
						<int id="x">1528</int>
						<str id="sprite_class">bush_3</str>
						<int id="y">-388</int>
						<int id="h">93</int>
						<int id="z">91</int>
						<str id="name">bush_3_1312497615619</str>
					</object>
					<object id="heights_platform_2_1311790920393">
						<int id="w">649</int>
						<int id="r">-2</int>
						<int id="x">-1710</int>
						<str id="sprite_class">heights_platform_2</str>
						<int id="y">14</int>
						<int id="h">220</int>
						<int id="z">32</int>
						<str id="name">heights_platform_2_1311790920364</str>
					</object>
					<object id="heights_moss_2_1312579165633">
						<int id="w">199</int>
						<int id="x">1765</int>
						<str id="sprite_class">heights_moss_2</str>
						<int id="y">-173</int>
						<int id="h">44</int>
						<int id="z">107</int>
						<str id="name">heights_moss_2_1312579165633</str>
					</object>
					<object id="stalagmite_base_3_1311790920543">
						<int id="w">167</int>
						<int id="r">-2</int>
						<int id="x">957</int>
						<str id="sprite_class">stalagmite_base_3</str>
						<int id="y">-238</int>
						<int id="h">34</int>
						<int id="z">42</int>
						<str id="name">stalagmite_base_3_1311790920494</str>
					</object>
					<object id="heights_mound_3_1311790920378">
						<int id="w">532</int>
						<int id="r">10</int>
						<int id="x">-1113</int>
						<str id="sprite_class">heights_mound_3</str>
						<int id="y">47</int>
						<int id="h">202</int>
						<int id="z">26</int>
						<str id="name">heights_mound_3_1311790920377</str>
					</object>
					<object id="heights_face_1_1311790920367">
						<int id="w">842</int>
						<int id="r">7</int>
						<int id="x">274</int>
						<str id="sprite_class">heights_face_1</str>
						<int id="y">141</int>
						<int id="h">576</int>
						<int id="z">6</int>
						<str id="name">heights_face_1_1311790745748</str>
					</object>
					<object id="heights_mound_3_1311790920377">
						<int id="w">532</int>
						<int id="x">-1441</int>
						<str id="sprite_class">heights_mound_3</str>
						<int id="y">18</int>
						<int id="h">202</int>
						<int id="z">25</int>
						<str id="name">heights_mound_3_1311790920377</str>
					</object>
					<object id="heights_topper_2_1312494033025">
						<int id="w">145</int>
						<int id="x">1541</int>
						<str id="sprite_class">heights_topper_2</str>
						<int id="y">-373</int>
						<int id="h">48</int>
						<int id="z">67</int>
						<str id="name">heights_topper_2_1312494033025</str>
					</object>
					<object id="heights_platform_4_1311790920397">
						<int id="w">619</int>
						<int id="x">-1181</int>
						<str id="sprite_class">heights_platform_4</str>
						<int id="y">54</int>
						<int id="h">261</int>
						<int id="z">33</int>
						<str id="name">heights_platform_4_1311790920397</str>
					</object>
					<object id="crosssection_heights_pillar_1_1312494033024">
						<int id="w">166</int>
						<int id="x">1463</int>
						<str id="sprite_class">crosssection_heights_pillar_1</str>
						<int id="y">-361</int>
						<int id="h">311</int>
						<int id="z">66</int>
						<str id="name">crosssection_heights_pillar_1_1312494033024</str>
					</object>
					<object id="heights_topper_stone_1_1311790920512">
						<int id="w">120</int>
						<int id="r">1</int>
						<int id="x">-896</int>
						<str id="sprite_class">heights_topper_stone_1</str>
						<int id="y">-134</int>
						<int id="h">32</int>
						<int id="z">47</int>
						<str id="name">heights_topper_stone_1_1311790920504</str>
					</object>
					<object id="heights_topper_stone_1_1312497615643">
						<int id="w">120</int>
						<int id="r">1</int>
						<int id="x">-299</int>
						<str id="sprite_class">heights_topper_stone_1</str>
						<int id="y">-256</int>
						<int id="h">32</int>
						<int id="z">46</int>
						<str id="name">heights_topper_stone_1_1311790920504</str>
					</object>
					<object id="patch_dirt_2a_1312497615639">
						<int id="w">286</int>
						<int id="x">426</int>
						<str id="sprite_class">patch_dirt_2a</str>
						<int id="y">-379</int>
						<int id="h">49</int>
						<int id="z">104</int>
						<str id="name">patch_dirt_2a_1312497615637</str>
					</object>
					<object id="heights_platform_1_1311790920419">
						<int id="w">211</int>
						<int id="r">-3</int>
						<int id="x">-18</int>
						<str id="sprite_class">heights_platform_1</str>
						<int id="y">-118</int>
						<int id="h">181</int>
						<int id="z">40</int>
						<str id="name">heights_platform_1_1311790920418</str>
					</object>
					<object id="stalagmite_base_1_1312497615607">
						<int id="w">218</int>
						<int id="x">1557</int>
						<str id="sprite_class">stalagmite_base_1</str>
						<int id="y">-166</int>
						<int id="h">72</int>
						<int id="z">14</int>
						<str id="name">stalagmite_base_1_1312494033032</str>
					</object>
					<object id="patch_dirt_2a_1312497615612">
						<int id="w">286</int>
						<int id="r">-4</int>
						<int id="x">1859</int>
						<str id="sprite_class">patch_dirt_2a</str>
						<int id="y">-389</int>
						<int id="h">49</int>
						<int id="z">79</int>
						<str id="name">patch_dirt_2a_1312494033033</str>
					</object>
					<object id="heights_platform_2_1311790920364">
						<int id="w">649</int>
						<int id="r">-8</int>
						<int id="x">-372</int>
						<str id="sprite_class">heights_platform_2</str>
						<int id="y">-49</int>
						<int id="h">220</int>
						<int id="z">35</int>
						<str id="name">heights_platform_2_1311790920364</str>
					</object>
					<object id="heights_bandaid_1_1312494033031">
						<int id="w">168</int>
						<int id="x">1396</int>
						<str id="sprite_class">heights_bandaid_1</str>
						<int id="y">-390</int>
						<int id="h">168</int>
						<int id="z">76</int>
						<str id="name">heights_bandaid_1_1312494033031</str>
					</object>
					<object id="heights_mound_3_1311790920389">
						<int id="w">532</int>
						<int id="r">-5</int>
						<int id="x">1935</int>
						<str id="sprite_class">heights_mound_3</str>
						<int id="y">128</int>
						<int id="h">202</int>
						<int id="z">31</int>
						<str id="name">heights_mound_3_1311790920377</str>
					</object>
					<object id="patch_dirt_2a_1312494033033">
						<int id="w">286</int>
						<int id="x">1769</int>
						<str id="sprite_class">patch_dirt_2a</str>
						<int id="y">-360</int>
						<int id="h">49</int>
						<int id="z">77</int>
						<str id="name">patch_dirt_2a_1312494033033</str>
					</object>
					<object id="heights_topper_2_1312579165635">
						<int id="w">145</int>
						<int id="x">1578</int>
						<str id="sprite_class">heights_topper_2</str>
						<int id="y">-334</int>
						<int id="h">48</int>
						<int id="z">70</int>
						<str id="name">heights_topper_2_1312494033025</str>
					</object>
					<object id="heights_topper_2_1312494033029">
						<int id="w">145</int>
						<int id="x">1339</int>
						<str id="sprite_class">heights_topper_2</str>
						<int id="y">-331</int>
						<int id="h">48</int>
						<int id="z">72</int>
						<str id="name">heights_topper_2_1312494033025</str>
					</object>
					<object id="heights_topper_2_1312494033026">
						<int id="w">145</int>
						<int id="x">1594</int>
						<str id="sprite_class">heights_topper_2</str>
						<int id="y">-358</int>
						<int id="h">48</int>
						<int id="z">68</int>
						<str id="name">heights_topper_2_1312494033025</str>
					</object>
					<object id="heights_mound_3_1311790920388">
						<int id="w">532</int>
						<int id="r">5</int>
						<int id="x">1580</int>
						<str id="sprite_class">heights_mound_3</str>
						<int id="y">143</int>
						<int id="h">202</int>
						<int id="z">30</int>
						<str id="name">heights_mound_3_1311790920377</str>
					</object>
					<object id="patch_mossy_1_1312579165632">
						<int id="w">144</int>
						<int id="x">1775</int>
						<str id="sprite_class">patch_mossy_1</str>
						<int id="y">-364</int>
						<int id="h">34</int>
						<int id="z">106</int>
						<str id="name">patch_mossy_1_1312579165632</str>
					</object>
					<object id="heights_platform_3_1311790920407">
						<int id="w">236</int>
						<int id="x">-777</int>
						<str id="sprite_class">heights_platform_3</str>
						<int id="y">-15</int>
						<int id="h">205</int>
						<int id="z">38</int>
						<str id="name">heights_platform_3_1311790920407</str>
					</object>
					<object id="heights_face_rock_1_1312497615629">
						<int id="w">266</int>
						<int id="x">460</int>
						<str id="sprite_class">heights_face_rock_1</str>
						<int id="y">-295</int>
						<int id="h">85</int>
						<int id="z">94</int>
						<str id="name">heights_face_rock_1_1312497615627</str>
					</object>
					<object id="heights_topper_stone_1_1311790920508">
						<int id="w">122</int>
						<int id="r">-1</int>
						<int id="x">-358</int>
						<str id="sprite_class">heights_topper_stone_1</str>
						<int id="y">-245</int>
						<int id="h">24</int>
						<int id="z">50</int>
						<str id="name">heights_topper_stone_1_1311790920504</str>
					</object>
					<object id="groddle_fern_1_1312497615626">
						<int id="w">126</int>
						<int id="x">1484</int>
						<str id="sprite_class">groddle_fern_1</str>
						<int id="y">-390</int>
						<int id="h">75</int>
						<int id="z">92</int>
						<str id="name">groddle_fern_1_1312497615623</str>
					</object>
					<object id="heights_moss_3_1312497615614">
						<int id="w">358</int>
						<int id="x">-1450</int>
						<str id="sprite_class">heights_moss_3</str>
						<int id="y">-58</int>
						<int id="h">135</int>
						<int id="z">83</int>
						<str id="name">heights_moss_3_1312497615613</str>
					</object>
					<object id="heights_moss_3_1312497615615">
						<int id="w">358</int>
						<int id="r">-2</int>
						<int id="x">-505</int>
						<str id="sprite_class">heights_moss_3</str>
						<int id="y">-100</int>
						<int id="h">135</int>
						<int id="z">84</int>
						<str id="name">heights_moss_3_1312497615613</str>
					</object>
					<object id="gravel_1_1311790920511">
						<int id="w">280</int>
						<int id="x">-1471</int>
						<str id="sprite_class">gravel_1</str>
						<int id="y">-148</int>
						<int id="h">51</int>
						<int id="z">54</int>
						<str id="name">gravel_1_1311790920511</str>
					</object>
					<object id="alakol_cliff_1_1311790920362">
						<int id="w">1261</int>
						<int id="r">-1</int>
						<int id="x">1799</int>
						<str id="sprite_class">alakol_cliff_1</str>
						<int id="y">-160</int>
						<int id="h">306</int>
						<int id="z">8</int>
						<str id="name">alakol_cliff_1_1311790920357</str>
					</object>
					<object id="heights_bandaid_3_1312497615621">
						<int id="w">146</int>
						<int id="x">1960</int>
						<str id="sprite_class">heights_bandaid_3</str>
						<int id="y">-435</int>
						<int id="h">264</int>
						<int id="z">74</int>
						<str id="name">heights_bandaid_3_1312494033030</str>
					</object>
					<object id="heights_topper_stone_1_1311790920507">
						<int id="w">136</int>
						<int id="r">-4</int>
						<int id="x">-313</int>
						<str id="sprite_class">heights_topper_stone_1</str>
						<int id="y">-208</int>
						<int id="h">33</int>
						<int id="z">52</int>
						<str id="name">heights_topper_stone_1_1311790920504</str>
					</object>
					<object id="heights_face_1_1311790920356">
						<int id="w">842</int>
						<int id="r">-3</int>
						<int id="x">-294</int>
						<str id="sprite_class">heights_face_1</str>
						<int id="y">79</int>
						<int id="h">576</int>
						<int id="z">19</int>
						<str id="name">heights_face_1_1311790745748</str>
					</object>
					<object id="alakol_cliff_1_1311790920359">
						<int id="w">1261</int>
						<int id="x">1755</int>
						<str id="sprite_class">alakol_cliff_1</str>
						<int id="y">-197</int>
						<int id="h">211</int>
						<int id="z">15</int>
						<str id="name">alakol_cliff_1_1311790920357</str>
					</object>
					<object id="heights_topper_2_1312497615631">
						<int id="w">145</int>
						<int id="x">361</int>
						<str id="sprite_class">heights_topper_2</str>
						<int id="y">-364</int>
						<int id="h">60</int>
						<int id="z">96</int>
						<str id="name">heights_topper_2_1312497615630</str>
					</object>
					<object id="heights_topper_1_1312582801159">
						<int id="w">269</int>
						<int id="x">-338</int>
						<str id="sprite_class">heights_topper_1</str>
						<int id="y">-159</int>
						<int id="h">69</int>
						<int id="z">36</int>
						<str id="name">heights_topper_1_1312582801158</str>
					</object>
					<object id="heights_topper_stone_1_1311790920513">
						<int id="w">120</int>
						<int id="r">-1</int>
						<int id="x">-1113</int>
						<str id="sprite_class">heights_topper_stone_1</str>
						<int id="y">-177</int>
						<int id="h">32</int>
						<int id="z">49</int>
						<str id="name">heights_topper_stone_1_1311790920504</str>
					</object>
					<object id="heights_topper_2_1312497615634">
						<int id="w">145</int>
						<int id="x">331</int>
						<str id="sprite_class">heights_topper_2</str>
						<int id="y">-399</int>
						<int id="h">49</int>
						<int id="z">99</int>
						<str id="name">heights_topper_2_1312497615630</str>
					</object>
					<object id="patch_dirt_2a_1312497615595">
						<int id="w">286</int>
						<int id="x">1995</int>
						<str id="sprite_class">patch_dirt_2a</str>
						<int id="y">-384</int>
						<int id="h">49</int>
						<int id="z">80</int>
						<str id="name">patch_dirt_2a_1312494033033</str>
					</object>
					<object id="stalagmite_1_1312497615593">
						<bool id="h_flip">true</bool>
						<int id="w">70</int>
						<int id="r">180</int>
						<int id="x">1677</int>
						<str id="sprite_class">stalagmite_1</str>
						<int id="y">-707</int>
						<int id="h">185</int>
						<int id="z">63</int>
						<str id="name">stalagmite_1_1312497615592</str>
					</object>
					<object id="heights_face_1_1311790745748">
						<int id="w">842</int>
						<int id="r">-10</int>
						<int id="x">-1812</int>
						<str id="sprite_class">heights_face_1</str>
						<int id="y">209</int>
						<int id="h">576</int>
						<int id="z">17</int>
						<str id="name">heights_face_1_1311790745748</str>
					</object>
					<object id="crosssection_heights_pillar_1_1312497615620">
						<bool id="h_flip">true</bool>
						<int id="w">166</int>
						<int id="x">1885</int>
						<str id="sprite_class">crosssection_heights_pillar_1</str>
						<int id="y">-376</int>
						<int id="h">311</int>
						<int id="z">57</int>
						<str id="name">crosssection_heights_pillar_1_1312494033024</str>
					</object>
					<object id="pampas_1_1312579165631">
						<int id="w">81</int>
						<int id="x">1351</int>
						<str id="sprite_class">pampas_1</str>
						<int id="y">-404</int>
						<int id="h">118</int>
						<int id="z">105</int>
						<str id="name">pampas_1_1312579165631</str>
					</object>
					<object id="heights_topper_stone_1_1311790920506">
						<int id="w">147</int>
						<int id="r">1</int>
						<int id="x">-383</int>
						<str id="sprite_class">heights_topper_stone_1</str>
						<int id="y">-215</int>
						<int id="h">41</int>
						<int id="z">51</int>
						<str id="name">heights_topper_stone_1_1311790920504</str>
					</object>
					<object id="heights_topper_2_1312497615636">
						<int id="w">145</int>
						<int id="x">511</int>
						<str id="sprite_class">heights_topper_2</str>
						<int id="y">-372</int>
						<int id="h">49</int>
						<int id="z">101</int>
						<str id="name">heights_topper_2_1312497615630</str>
					</object>
					<object id="heights_face_1_1312494033021">
						<int id="w">617</int>
						<int id="r">-3</int>
						<int id="x">-697</int>
						<str id="sprite_class">heights_face_1</str>
						<int id="y">-26</int>
						<int id="h">422</int>
						<int id="z">20</int>
						<str id="name">heights_face_1_1311790745748</str>
					</object>
					<object id="heights_mound_3_1311790920384">
						<int id="w">532</int>
						<int id="r">20</int>
						<int id="x">824</int>
						<str id="sprite_class">heights_mound_3</str>
						<int id="y">83</int>
						<int id="h">202</int>
						<int id="z">28</int>
						<str id="name">heights_mound_3_1311790920377</str>
					</object>
					<object id="stalagmite_base_2_1311790920546">
						<int id="w">64</int>
						<int id="x">1306</int>
						<str id="sprite_class">stalagmite_base_2</str>
						<int id="y">-131</int>
						<int id="h">13</int>
						<int id="z">41</int>
						<str id="name">stalagmite_base_2_1311790920496</str>
					</object>
					<object id="alakol_cliff_2_1311790920360">
						<bool id="h_flip">true</bool>
						<int id="w">893</int>
						<int id="x">1150</int>
						<str id="sprite_class">alakol_cliff_2</str>
						<int id="y">-4</int>
						<int id="h">248</int>
						<int id="z">9</int>
						<str id="name">alakol_cliff_2_1311790920360</str>
					</object>
					<object id="patch_dirt_2a_1312497615594">
						<int id="w">286</int>
						<int id="x">1852</int>
						<str id="sprite_class">patch_dirt_2a</str>
						<int id="y">-372</int>
						<int id="h">49</int>
						<int id="z">78</int>
						<str id="name">patch_dirt_2a_1312494033033</str>
					</object>
					<object id="heights_mound_3_1311790920379">
						<int id="w">532</int>
						<int id="r">20</int>
						<int id="x">-805</int>
						<str id="sprite_class">heights_mound_3</str>
						<int id="y">89</int>
						<int id="h">202</int>
						<int id="z">27</int>
						<str id="name">heights_mound_3_1311790920377</str>
					</object>
					<object id="heights_platform_1_1311790920418">
						<int id="w">211</int>
						<int id="r">3</int>
						<int id="x">139</int>
						<str id="sprite_class">heights_platform_1</str>
						<int id="y">-113</int>
						<int id="h">181</int>
						<int id="z">39</int>
						<str id="name">heights_platform_1_1311790920418</str>
					</object>
					<object id="heights_mound_2_1311790920385">
						<int id="w">294</int>
						<int id="r">5</int>
						<int id="x">735</int>
						<str id="sprite_class">heights_mound_2</str>
						<int id="y">-82</int>
						<int id="h">206</int>
						<int id="z">7</int>
						<str id="name">heights_mound_2_1311790920380</str>
					</object>
					<object id="heights_moss_3_1312497615617">
						<int id="w">358</int>
						<int id="r">-6</int>
						<int id="x">-70</int>
						<str id="sprite_class">heights_moss_3</str>
						<int id="y">-125</int>
						<int id="h">135</int>
						<int id="z">86</int>
						<str id="name">heights_moss_3_1312497615613</str>
					</object>
					<object id="penaltybox_cell_background_1312494033022">
						<bool id="h_flip">true</bool>
						<int id="w">955</int>
						<int id="x">1893</int>
						<str id="sprite_class">penaltybox_cell_background</str>
						<int id="y">-378</int>
						<int id="h">328</int>
						<int id="z">56</int>
						<str id="name">penaltybox_cell_background_1312494033022</str>
					</object>
					<object id="heights_mound_3_1311790920391">
						<int id="w">532</int>
						<int id="r">-23</int>
						<int id="x">1214</int>
						<str id="sprite_class">heights_mound_3</str>
						<int id="y">-357</int>
						<int id="h">202</int>
						<int id="z">2</int>
						<str id="name">heights_mound_3_1311790920377</str>
					</object>
					<object id="groddle_fern_1_1312497615624">
						<int id="w">126</int>
						<int id="x">1945</int>
						<str id="sprite_class">groddle_fern_1</str>
						<int id="y">-391</int>
						<int id="h">75</int>
						<int id="z">90</int>
						<str id="name">groddle_fern_1_1312497615623</str>
					</object>
					<object id="stalagmite_base_1_1312497615600">
						<int id="w">220</int>
						<int id="x">1441</int>
						<str id="sprite_class">stalagmite_base_1</str>
						<int id="y">-427</int>
						<int id="h">54</int>
						<int id="z">61</int>
						<str id="name">stalagmite_base_1_1312494033032</str>
					</object>
					<object id="heights_mound_3_1312494033040">
						<int id="w">532</int>
						<int id="r">-23</int>
						<int id="x">1444</int>
						<str id="sprite_class">heights_mound_3</str>
						<int id="y">-533</int>
						<int id="h">202</int>
						<int id="z">1</int>
						<str id="name">heights_mound_3_1311790920377</str>
					</object>
					<object id="heights_topper_stone_1_1312497615642">
						<int id="w">120</int>
						<int id="r">1</int>
						<int id="x">-395</int>
						<str id="sprite_class">heights_topper_stone_1</str>
						<int id="y">-245</int>
						<int id="h">32</int>
						<int id="z">45</int>
						<str id="name">heights_topper_stone_1_1311790920504</str>
					</object>
					<object id="heights_face_rock_1_1312579165634">
						<int id="w">255</int>
						<int id="x">1522</int>
						<str id="sprite_class">heights_face_rock_1</str>
						<int id="y">-276</int>
						<int id="h">81</int>
						<int id="z">16</int>
						<str id="name">heights_face_rock_1_1312579165634</str>
					</object>
					<object id="heights_mound_2_1311790920392">
						<int id="w">294</int>
						<int id="r">-35</int>
						<int id="x">1011</int>
						<str id="sprite_class">heights_mound_2</str>
						<int id="y">-259</int>
						<int id="h">206</int>
						<int id="z">0</int>
						<str id="name">heights_mound_2_1311790920380</str>
					</object>
					<object id="heights_face_rock_1_1312497615628">
						<int id="w">266</int>
						<int id="x">344</int>
						<str id="sprite_class">heights_face_rock_1</str>
						<int id="y">-321</int>
						<int id="h">85</int>
						<int id="z">93</int>
						<str id="name">heights_face_rock_1_1312497615627</str>
					</object>
					<object id="stalagmite_base_1_1312497615606">
						<int id="w">218</int>
						<int id="x">1355</int>
						<str id="sprite_class">stalagmite_base_1</str>
						<int id="y">-167</int>
						<int id="h">66</int>
						<int id="z">13</int>
						<str id="name">stalagmite_base_1_1312494033032</str>
					</object>
				</object>
				<object id="doors">
				</object>
				<object id="platform_lines">
					<object id="plat_1311790920529">
						<object id="end">
							<int id="y">-159</int>
							<int id="x">1720</int>
						</object>
						<int id="platform_pc_perm">-1</int>
						<int id="platform_item_perm">-1</int>
						<object id="start">
							<int id="y">-175</int>
							<int id="x">1567</int>
						</object>
					</object>
					<object id="plat_1312494033041">
						<object id="end">
							<int id="y">-372</int>
							<int id="x">1266</int>
						</object>
						<int id="platform_pc_perm">-1</int>
						<int id="platform_item_perm">-1</int>
						<object id="start">
							<int id="y">-365</int>
							<int id="x">1205</int>
						</object>
					</object>
					<object id="plat_1312494033045">
						<object id="end">
							<int id="y">-384</int>
							<int id="x">1469</int>
						</object>
						<int id="platform_pc_perm">-1</int>
						<int id="platform_item_perm">-1</int>
						<object id="start">
							<int id="y">-397</int>
							<int id="x">1447</int>
						</object>
					</object>
					<object id="plat_1311790920462">
						<object id="end">
							<int id="y">-258</int>
							<int id="x">335</int>
						</object>
						<int id="platform_pc_perm">-1</int>
						<int id="platform_item_perm">-1</int>
						<object id="start">
							<int id="y">-245</int>
							<int id="x">90</int>
						</object>
					</object>
					<object id="plat_1311790920456">
						<object id="end">
							<int id="y">-187</int>
							<int id="x">-766</int>
						</object>
						<int id="platform_pc_perm">-1</int>
						<int id="platform_item_perm">-1</int>
						<object id="start">
							<int id="y">-156</int>
							<int id="x">-865</int>
						</object>
					</object>
					<object id="plat_1311790920459">
						<object id="end">
							<int id="y">-212</int>
							<int id="x">-280</int>
						</object>
						<int id="platform_pc_perm">-1</int>
						<int id="platform_item_perm">-1</int>
						<object id="start">
							<int id="y">-215</int>
							<int id="x">-456</int>
						</object>
					</object>
					<object id="plat_1312494033043">
						<object id="end">
							<int id="y">-395</int>
							<int id="x">1342</int>
						</object>
						<int id="platform_pc_perm">-1</int>
						<int id="platform_item_perm">-1</int>
						<object id="start">
							<int id="y">-395</int>
							<int id="x">1293</int>
						</object>
					</object>
					<object id="plat_1311790920455">
						<object id="end">
							<int id="y">-156</int>
							<int id="x">-865</int>
						</object>
						<int id="platform_pc_perm">-1</int>
						<int id="platform_item_perm">-1</int>
						<object id="start">
							<int id="y">-153</int>
							<int id="x">-1191</int>
						</object>
					</object>
					<object id="plat_1311790920558">
						<object id="end">
							<int id="y">-175</int>
							<int id="x">1567</int>
						</object>
						<int id="platform_pc_perm">-1</int>
						<int id="platform_item_perm">-1</int>
						<object id="start">
							<int id="y">-171</int>
							<int id="x">1450</int>
						</object>
					</object>
					<object id="plat_1311790920463">
						<object id="end">
							<int id="y">-253</int>
							<int id="x">593</int>
						</object>
						<int id="platform_pc_perm">-1</int>
						<int id="platform_item_perm">-1</int>
						<object id="start">
							<int id="y">-258</int>
							<int id="x">335</int>
						</object>
					</object>
					<object id="plat_1312494033047">
						<object id="end">
							<int id="y">-387</int>
							<int id="x">1754</int>
						</object>
						<int id="platform_pc_perm">-1</int>
						<int id="platform_item_perm">-1</int>
						<object id="start">
							<int id="y">-395</int>
							<int id="x">1581</int>
						</object>
					</object>
					<object id="plat_1311790920453">
						<object id="end">
							<int id="y">-174</int>
							<int id="x">-1472</int>
						</object>
						<int id="platform_pc_perm">-1</int>
						<int id="platform_item_perm">-1</int>
						<object id="start">
							<int id="y">-156</int>
							<int id="x">-1614</int>
						</object>
					</object>
					<object id="plat_1311790920452">
						<object id="end">
							<int id="y">-156</int>
							<int id="x">-1614</int>
						</object>
						<int id="platform_pc_perm">-1</int>
						<int id="platform_item_perm">-1</int>
						<object id="start">
							<int id="y">-161</int>
							<int id="x">-1821</int>
						</object>
					</object>
					<object id="plat_1312494033046">
						<object id="end">
							<int id="y">-395</int>
							<int id="x">1581</int>
						</object>
						<int id="platform_pc_perm">-1</int>
						<int id="platform_item_perm">-1</int>
						<object id="start">
							<int id="y">-384</int>
							<int id="x">1469</int>
						</object>
					</object>
					<object id="plat_1311790920527">
						<object id="end">
							<int id="y">-187</int>
							<int id="x">1158</int>
						</object>
						<int id="platform_pc_perm">-1</int>
						<int id="platform_item_perm">-1</int>
						<object id="start">
							<int id="y">-232</int>
							<int id="x">1037</int>
						</object>
					</object>
					<object id="plat_1311790920458">
						<object id="end">
							<int id="y">-215</int>
							<int id="x">-456</int>
						</object>
						<int id="platform_pc_perm">-1</int>
						<int id="platform_item_perm">-1</int>
						<object id="start">
							<int id="y">-208</int>
							<int id="x">-614</int>
						</object>
					</object>
					<object id="plat_1311790920530">
						<object id="end">
							<int id="y">-150</int>
							<int id="x">1999</int>
						</object>
						<int id="platform_pc_perm">-1</int>
						<int id="platform_item_perm">-1</int>
						<object id="start">
							<int id="y">-159</int>
							<int id="x">1709</int>
						</object>
					</object>
					<object id="plat_1312494033042">
						<object id="end">
							<int id="y">-395</int>
							<int id="x">1293</int>
						</object>
						<int id="platform_pc_perm">-1</int>
						<int id="platform_item_perm">-1</int>
						<object id="start">
							<int id="y">-372</int>
							<int id="x">1266</int>
						</object>
					</object>
					<object id="plat_1311790920525">
						<object id="end">
							<int id="y">-232</int>
							<int id="x">1037</int>
						</object>
						<int id="platform_pc_perm">-1</int>
						<int id="platform_item_perm">-1</int>
						<object id="start">
							<int id="y">-221</int>
							<int id="x">779</int>
						</object>
					</object>
					<object id="plat_1312497615625">
						<object id="end">
							<int id="y">-370</int>
							<int id="x">1999</int>
						</object>
						<int id="platform_pc_perm">-1</int>
						<int id="platform_item_perm">-1</int>
						<object id="start">
							<int id="y">-377</int>
							<int id="x">1826</int>
						</object>
					</object>
					<object id="plat_1312579165636">
						<object id="end">
							<int id="y">-221</int>
							<int id="x">779</int>
						</object>
						<int id="platform_pc_perm">-1</int>
						<int id="platform_item_perm">-1</int>
						<object id="start">
							<int id="y">-253</int>
							<int id="x">593</int>
						</object>
					</object>
					<object id="plat_1312494033044">
						<object id="end">
							<int id="y">-397</int>
							<int id="x">1447</int>
						</object>
						<int id="platform_pc_perm">-1</int>
						<int id="platform_item_perm">-1</int>
						<object id="start">
							<int id="y">-395</int>
							<int id="x">1342</int>
						</object>
					</object>
					<object id="plat_1311790920451">
						<object id="end">
							<int id="y">-161</int>
							<int id="x">-1821</int>
						</object>
						<int id="platform_pc_perm">-1</int>
						<int id="platform_item_perm">-1</int>
						<object id="start">
							<int id="y">-157</int>
							<int id="x">-1999</int>
						</object>
					</object>
					<object id="plat_1311790920461">
						<object id="end">
							<int id="y">-245</int>
							<int id="x">90</int>
						</object>
						<int id="platform_pc_perm">-1</int>
						<int id="platform_item_perm">-1</int>
						<object id="start">
							<int id="y">-232</int>
							<int id="x">-158</int>
						</object>
					</object>
					<object id="plat_1311790920457">
						<object id="end">
							<int id="y">-208</int>
							<int id="x">-614</int>
						</object>
						<int id="platform_pc_perm">-1</int>
						<int id="platform_item_perm">-1</int>
						<object id="start">
							<int id="y">-187</int>
							<int id="x">-766</int>
						</object>
					</object>
					<object id="plat_1311790920460">
						<object id="end">
							<int id="y">-232</int>
							<int id="x">-158</int>
						</object>
						<int id="platform_pc_perm">-1</int>
						<int id="platform_item_perm">-1</int>
						<object id="start">
							<int id="y">-212</int>
							<int id="x">-280</int>
						</object>
					</object>
					<object id="plat_1311790920528">
						<object id="end">
							<int id="y">-171</int>
							<int id="x">1450</int>
						</object>
						<int id="platform_pc_perm">-1</int>
						<int id="platform_item_perm">-1</int>
						<object id="start">
							<int id="y">-174</int>
							<int id="x">1268</int>
						</object>
					</object>
					<object id="plat_1311790920454">
						<object id="end">
							<int id="y">-153</int>
							<int id="x">-1191</int>
						</object>
						<int id="platform_pc_perm">-1</int>
						<int id="platform_item_perm">-1</int>
						<object id="start">
							<int id="y">-174</int>
							<int id="x">-1472</int>
						</object>
					</object>
					<object id="plat_1312494033048">
						<object id="end">
							<int id="y">-377</int>
							<int id="x">1826</int>
						</object>
						<int id="platform_pc_perm">-1</int>
						<int id="platform_item_perm">-1</int>
						<object id="start">
							<int id="y">-387</int>
							<int id="x">1754</int>
						</object>
					</object>
					<object id="plat_1312497615640">
						<object id="end">
							<int id="y">-403</int>
							<int id="x">376</int>
						</object>
						<int id="platform_pc_perm">-1</int>
						<int id="platform_item_perm">-1</int>
						<object id="start">
							<int id="y">-410</int>
							<int id="x">212</int>
						</object>
					</object>
					<object id="plat_1312494033049">
						<object id="end">
							<int id="y">-174</int>
							<int id="x">1268</int>
						</object>
						<int id="platform_pc_perm">-1</int>
						<int id="platform_item_perm">-1</int>
						<object id="start">
							<int id="y">-187</int>
							<int id="x">1158</int>
						</object>
					</object>
					<object id="plat_1312497615641">
						<object id="end">
							<int id="y">-378</int>
							<int id="x">569</int>
						</object>
						<int id="platform_pc_perm">-1</int>
						<int id="platform_item_perm">-1</int>
						<object id="start">
							<int id="y">-403</int>
							<int id="x">376</int>
						</object>
					</object>
				</object>
				<int id="w">4000</int>
				<object id="ladders">
				</object>
				<str id="name">middleground</str>
				<object id="walls">
				</object>
				<object id="filtersNEW">
					<object id="saturation">
						<int id="value">-5</int>
					</object>
					<object id="tintAmount">
						<int id="value">0</int>
					</object>
					<object id="contrast">
						<int id="value">-20</int>
					</object>
					<object id="tintColor">
						<int id="value">0</int>
					</object>
					<object id="brightness">
						<int id="value">-15</int>
					</object>
				</object>
				<int id="h">1000</int>
				<int id="z">0</int>
				<object id="targets">
				</object>
				<object id="boxes">
				</object>
			</object>
			<object id="T_1312497615583">
				<int id="w">3680</int>
				<int id="h">1000</int>
				<int id="z">-1</int>
				<str id="name">bg 0</str>
				<object id="decos">
					<object id="pinecluster_2_1312497615586">
						<int id="w">889</int>
						<int id="x">1155</int>
						<str id="sprite_class">pinecluster_2</str>
						<int id="y">864</int>
						<int id="h">518</int>
						<int id="z">1</int>
						<str id="name">pinecluster_2_1312497615584</str>
					</object>
					<object id="tree_coniferous_fg_4_1312497615587">
						<int id="w">414</int>
						<int id="x">2674</int>
						<str id="sprite_class">tree_coniferous_fg_4</str>
						<int id="y">804</int>
						<int id="h">825</int>
						<int id="z">2</int>
						<str id="name">tree_coniferous_fg_4_1311790920524</str>
					</object>
					<object id="pinecluster_2_1312497615584">
						<int id="w">889</int>
						<int id="x">1788</int>
						<str id="sprite_class">pinecluster_2</str>
						<int id="y">716</int>
						<int id="h">518</int>
						<int id="z">0</int>
						<str id="name">pinecluster_2_1312497615584</str>
					</object>
				</object>
			</object>
			<object id="T_1311790920469">
				<object id="filtersNEW">
					<object id="saturation">
						<int id="value">-20</int>
					</object>
					<object id="brightness">
						<int id="value">15</int>
					</object>
					<object id="contrast">
						<int id="value">-30</int>
					</object>
				</object>
				<int id="w">3320</int>
				<int id="h">1000</int>
				<int id="z">-3</int>
				<str id="name">sky</str>
				<object id="decos">
					<object id="mountain_blue_1_1311790920472">
						<int id="w">1472</int>
						<int id="x">218</int>
						<str id="sprite_class">mountain_blue_1</str>
						<int id="y">568</int>
						<int id="h">145</int>
						<int id="z">3</int>
						<str id="name">mountain_blue_1_1311790920471</str>
					</object>
					<object id="mountain_trees_darker_1_1311790920473">
						<int id="w">1726</int>
						<int id="r">1</int>
						<int id="x">2023</int>
						<str id="sprite_class">mountain_trees_darker_1</str>
						<int id="y">740</int>
						<int id="h">375</int>
						<int id="z">1</int>
						<str id="name">mountain_trees_darker_1_1311790920467</str>
					</object>
				</object>
			</object>
			<object id="T_1309388549234">
				<object id="filtersNEW">
					<object id="saturation">
						<int id="value">-35</int>
					</object>
					<object id="brightness">
						<int id="value">5</int>
					</object>
					<object id="contrast">
						<int id="value">-40</int>
					</object>
				</object>
				<int id="w">3480</int>
				<int id="h">1000</int>
				<int id="z">-2</int>
				<str id="name">bg_1</str>
				<object id="decos">
					<object id="pinehills_2_1311790920484">
						<int id="w">878</int>
						<int id="x">962</int>
						<str id="sprite_class">pinehills_2</str>
						<int id="y">750</int>
						<int id="h">265</int>
						<int id="z">4</int>
						<str id="name">pinehills_2_1311790920475</str>
					</object>
					<object id="pinehills_2_1311790920475">
						<int id="w">878</int>
						<int id="x">2321</int>
						<str id="sprite_class">pinehills_2</str>
						<int id="y">704</int>
						<int id="h">265</int>
						<int id="z">1</int>
						<str id="name">pinehills_2_1311790920475</str>
					</object>
					<object id="pinehills_2_1311790920480">
						<int id="w">878</int>
						<int id="x">2922</int>
						<str id="sprite_class">pinehills_2</str>
						<int id="y">774</int>
						<int id="h">265</int>
						<int id="z">3</int>
						<str id="name">pinehills_2_1311790920475</str>
					</object>
					<object id="pinehills_2_1312494033039">
						<int id="w">878</int>
						<int id="x">443</int>
						<str id="sprite_class">pinehills_2</str>
						<int id="y">740</int>
						<int id="h">265</int>
						<int id="z">6</int>
						<str id="name">pinehills_2_1311790920475</str>
					</object>
					<object id="cloud_fluffy_1_1312497615591">
						<int id="w">1081</int>
						<int id="x">2233</int>
						<str id="sprite_class">cloud_fluffy_1</str>
						<int id="y">612</int>
						<int id="h">336</int>
						<int id="z">8</int>
						<str id="name">cloud_fluffy_1_1312497615589</str>
					</object>
					<object id="pinehills_2_1311790920481">
						<int id="w">878</int>
						<int id="x">2555</int>
						<str id="sprite_class">pinehills_2</str>
						<int id="y">668</int>
						<int id="h">265</int>
						<int id="z">0</int>
						<str id="name">pinehills_2_1311790920475</str>
					</object>
					<object id="pinehills_2_1311790920483">
						<int id="w">878</int>
						<int id="x">1853</int>
						<str id="sprite_class">pinehills_2</str>
						<int id="y">697</int>
						<int id="h">265</int>
						<int id="z">2</int>
						<str id="name">pinehills_2_1311790920475</str>
					</object>
					<object id="cloud_fluffy_1_1312497615590">
						<int id="w">1690</int>
						<int id="x">596</int>
						<str id="sprite_class">cloud_fluffy_1</str>
						<int id="y">819</int>
						<int id="h">336</int>
						<int id="z">7</int>
						<str id="name">cloud_fluffy_1_1312497615589</str>
					</object>
					<object id="pinehills_2_1312494033038">
						<int id="w">878</int>
						<int id="x">33</int>
						<str id="sprite_class">pinehills_2</str>
						<int id="y">763</int>
						<int id="h">265</int>
						<int id="z">5</int>
						<str id="name">pinehills_2_1311790920475</str>
					</object>
				</object>
			</object>
		</object>
		<null id="img_file_versioned"/>
		<str id="swf_file_versioned">http://c2.glitch.bz/locations/groddle1/1335996172.swf</str>
		<null id="physics"/>
		<str id="tsid">LA9Q4AL8DI82H2M</str>
		<null id="loading_label"/>
		<int id="ground_y">-312</int>
		<int id="rookable_type">0</int>
		<object id="gradient">
			<str id="top">8FC9FF</str>
			<str id="bottom">FFE159</str>
		</object>
		<object id="sources">
			<int id="LA93B4PV0I82IH7">1</int>
			<int id="LHVC7554ADT2VA1">1</int>
		</object>
		<null id="music_file"/>
	</object>
</game_object>
